<?xml version="1.0" encoding="UTF-8"?>
<GoodreadsResponse>
  <Request>
    <authentication>true</authentication>
      <key><![CDATA[sySok63UyYyWi2Wof1HocA]]></key>
    <method><![CDATA[author_show]]></method>
  </Request>
  <author>
  <id>10008</id>
  <name>Susan Bowden</name>
  <link><![CDATA[https://www.goodreads.com/author/show/10008.Susan_Bowden]]></link>
  <fans_count type="integer">1</fans_count>
  <author_followers_count type="integer">1</author_followers_count>
  <large_image_url><![CDATA[https://s.gr-assets.com/assets/nophoto/user/f_333x500-c8899232290ea51bb160dea14c29470b.png]]></large_image_url>
  <image_url><![CDATA[https://s.gr-assets.com/assets/nophoto/user/f_200x266-3061b784cc8e7f021c6430c9aba94587.png]]></image_url>
  <small_image_url><![CDATA[https://s.gr-assets.com/assets/nophoto/user/f_50x66-6a03a5c12233c941481992b82eea8d23.png]]></small_image_url>
  <about><![CDATA[Susan Bowden was born in 1936 in Dorset, England and currently resides in Winnipeg, Manitoba. Susan's formal university training was interrupted by a writing career. She primarily works in the genres of historical and suspense fiction, although she has written romance novels and a young adult novel. Susan has been a speaker at conferences for the Manitoba Writers' Guild and the Canadian Authors Association. She has also served as a mentor in the Manitoba Writers' Guild mentorship program. She has done several interviews with Peter Gzowski on "CBC Morningside," and on "Arts Tonight" with Eleanor Wachtel. She has appeared as a regular opera quiz panelist on CBC's "Saturday Afternoon at the Opera."]]></about>
  <influences></influences>
  <works_count>16</works_count>
  <gender>female</gender>
  <hometown>Dorset</hometown>
  <born_at>1936/01/01</born_at>
  <died_at></died_at>
  <goodreads_author></goodreads_author>

    <books>
      <book>
  <id type="integer">1860437</id>
  <isbn>0451202376</isbn>
  <isbn13>9780451202376</isbn13>
  <text_reviews_count type="integer">1</text_reviews_count>
  <title>Bitter Harvest</title>
  <title_without_series>Bitter Harvest</title_without_series>
  <image_url>https://s.gr-assets.com/assets/nophoto/book/111x148-bcc042a9c91a29c1d680899eff700a03.png</image_url>
  <small_image_url>https://s.gr-assets.com/assets/nophoto/book/50x75-a91bf249278a81aabab721ef782c4a74.png</small_image_url>
  <large_image_url/>
  <link>https://www.goodreads.com/book/show/1860437.Bitter_Harvest</link>
  <num_pages>352</num_pages>
  <format>Paperback</format>
  <edition_information/>
  <publisher>Signet</publisher>
  <publication_day>1</publication_day>
  <publication_year>2001</publication_year>
  <publication_month>2</publication_month>
  <average_rating>3.04</average_rating>
  <ratings_count>24</ratings_count>
  <description>National bestselling author Susan Bowden proves once again why she is a master of romantic suspense with this compelling drama of a young woman who comes home to a family reunion -- and stumbles blindly into a family plot...</description>
<authors>
<author>
<id>10008</id>
<name>Susan Bowden</name>
<role></role>
<image_url nophoto='true'>
<![CDATA[https://s.gr-assets.com/assets/nophoto/user/f_200x266-3061b784cc8e7f021c6430c9aba94587.png]]>
</image_url>
<small_image_url nophoto='true'>
<![CDATA[https://s.gr-assets.com/assets/nophoto/user/f_50x66-6a03a5c12233c941481992b82eea8d23.png]]>
</small_image_url>
<link><![CDATA[https://www.goodreads.com/author/show/10008.Susan_Bowden]]></link>
<average_rating>3.38</average_rating>
<ratings_count>121</ratings_count>
<text_reviews_count>18</text_reviews_count>
</author>
</authors>
  <published>2001</published>
</book>


      <book>
  <id type="integer">3350442</id>
  <isbn>0451208331</isbn>
  <isbn13>9780451208330</isbn13>
  <text_reviews_count type="integer">4</text_reviews_count>
  <title>House of Shadows</title>
  <title_without_series>House of Shadows</title_without_series>
  <image_url>https://images.gr-assets.com/books/1309201028m/3350442.jpg</image_url>
  <small_image_url>https://images.gr-assets.com/books/1309201028s/3350442.jpg</small_image_url>
  <large_image_url/>
  <link>https://www.goodreads.com/book/show/3350442-house-of-shadows</link>
  <num_pages>352</num_pages>
  <format>Paperback</format>
  <edition_information/>
  <publisher>Signet</publisher>
  <publication_day>1</publication_day>
  <publication_year>2003</publication_year>
  <publication_month>4</publication_month>
  <average_rating>3.33</average_rating>
  <ratings_count>21</ratings_count>
  <description>Susan Bowden just gets better and better and she proves it with her new novel about a beautiful photographer who ventures to Barbados-only to discover hidden family secrets, deadly desire, and a murderous past entombed in an isolated plantation.</description>
<authors>
<author>
<id>10008</id>
<name>Susan Bowden</name>
<role></role>
<image_url nophoto='true'>
<![CDATA[https://s.gr-assets.com/assets/nophoto/user/f_200x266-3061b784cc8e7f021c6430c9aba94587.png]]>
</image_url>
<small_image_url nophoto='true'>
<![CDATA[https://s.gr-assets.com/assets/nophoto/user/f_50x66-6a03a5c12233c941481992b82eea8d23.png]]>
</small_image_url>
<link><![CDATA[https://www.goodreads.com/author/show/10008.Susan_Bowden]]></link>
<average_rating>3.38</average_rating>
<ratings_count>121</ratings_count>
<text_reviews_count>18</text_reviews_count>
</author>
</authors>
  <published>2003</published>
</book>


      <book>
  <id type="integer">4461065</id>
  <isbn>1574902679</isbn>
  <isbn13>9781574902679</isbn13>
  <text_reviews_count type="integer">1</text_reviews_count>
  <title>Forget Me Not</title>
  <title_without_series>Forget Me Not</title_without_series>
  <image_url>https://s.gr-assets.com/assets/nophoto/book/111x148-bcc042a9c91a29c1d680899eff700a03.png</image_url>
  <small_image_url>https://s.gr-assets.com/assets/nophoto/book/50x75-a91bf249278a81aabab721ef782c4a74.png</small_image_url>
  <large_image_url/>
  <link>https://www.goodreads.com/book/show/4461065-forget-me-not</link>
  <num_pages></num_pages>
  <format></format>
  <edition_information>Large Print</edition_information>
  <publisher></publisher>
  <publication_day></publication_day>
  <publication_year></publication_year>
  <publication_month></publication_month>
  <average_rating>3.38</average_rating>
  <ratings_count>13</ratings_count>
  <description></description>
<authors>
<author>
<id>10008</id>
<name>Susan Bowden</name>
<role></role>
<image_url nophoto='true'>
<![CDATA[https://s.gr-assets.com/assets/nophoto/user/f_200x266-3061b784cc8e7f021c6430c9aba94587.png]]>
</image_url>
<small_image_url nophoto='true'>
<![CDATA[https://s.gr-assets.com/assets/nophoto/user/f_50x66-6a03a5c12233c941481992b82eea8d23.png]]>
</small_image_url>
<link><![CDATA[https://www.goodreads.com/author/show/10008.Susan_Bowden]]></link>
<average_rating>3.38</average_rating>
<ratings_count>121</ratings_count>
<text_reviews_count>18</text_reviews_count>
</author>
</authors>
  <published></published>
</book>


      <book>
  <id type="integer">3591820</id>
  <isbn>0385421451</isbn>
  <isbn13>9780385421454</isbn13>
  <text_reviews_count type="integer">1</text_reviews_count>
  <title>Touched by Thorns</title>
  <title_without_series>Touched by Thorns</title_without_series>
  <image_url>https://images.gr-assets.com/books/1267222426m/3591820.jpg</image_url>
  <small_image_url>https://images.gr-assets.com/books/1267222426s/3591820.jpg</small_image_url>
  <large_image_url/>
  <link>https://www.goodreads.com/book/show/3591820-touched-by-thorns</link>
  <num_pages>391</num_pages>
  <format>Hardcover</format>
  <edition_information/>
  <publisher>Doubleday</publisher>
  <publication_day>1</publication_day>
  <publication_year>1991</publication_year>
  <publication_month>9</publication_month>
  <average_rating>3.60</average_rating>
  <ratings_count>10</ratings_count>
  <description>For seventeen idyllic years, lovely, strong-willed Katherine Radcliffe had led a charmed existence on her family's estate in Yorkshire. Suddenly, in one night of shattering tragedy, her beloved Radcliff Manor is lost to her, and her betrothed betrays her. Vulnerable, frightened and devastated by sorrow, Katherine swears a solemn oath to her dying grandfather, a fateful vow that will one day threaten all she holds dear. &lt;br /&gt;&lt;br /&gt;Betrayed, then imprisoned, she is rescued by the handsome, mysterious Captain Brendan Fitgerald, a distant cousin and now rightful heir to Radcliff Manor. Mesmerized by Katherine's uncommon beauty and fiery disposition, he falls deeply in love, and strikes a marriage "bargain" to which she reluctantly agrees, determined to regain Radcliffe at any cost. Slowly, almost against her will, she finds herself succumbing to Brendan's tenderness and the fierce passions she senses lie just beneath the surface of his gallant demeanor. But, by joining their lvies, they unwittingly become pawns in a dangerous game of intrigue between Queen Elizabeth and her deposed cousin, Mary, Queen of Scots - a deadly rivalry that forces Katherine to fulfill the terrible promise that has haunted her for so many years. Only Brendan can save his wife - and with her the house and land of Radcliffe Manor he has grown to love.</description>
<authors>
<author>
<id>10008</id>
<name>Susan Bowden</name>
<role></role>
<image_url nophoto='true'>
<![CDATA[https://s.gr-assets.com/assets/nophoto/user/f_200x266-3061b784cc8e7f021c6430c9aba94587.png]]>
</image_url>
<small_image_url nophoto='true'>
<![CDATA[https://s.gr-assets.com/assets/nophoto/user/f_50x66-6a03a5c12233c941481992b82eea8d23.png]]>
</small_image_url>
<link><![CDATA[https://www.goodreads.com/author/show/10008.Susan_Bowden]]></link>
<average_rating>3.38</average_rating>
<ratings_count>121</ratings_count>
<text_reviews_count>18</text_reviews_count>
</author>
</authors>
  <published>1991</published>
</book>


      <book>
  <id type="integer">1122529</id>
  <isbn>055326852X</isbn>
  <isbn13>9780553268522</isbn13>
  <text_reviews_count type="integer">1</text_reviews_count>
  <title>In The Shadow of The Crown</title>
  <title_without_series>In The Shadow of The Crown</title_without_series>
  <image_url>https://images.gr-assets.com/books/1264731420m/1122529.jpg</image_url>
  <small_image_url>https://images.gr-assets.com/books/1264731420s/1122529.jpg</small_image_url>
  <large_image_url/>
  <link>https://www.goodreads.com/book/show/1122529.In_The_Shadow_of_The_Crown</link>
  <num_pages>423</num_pages>
  <format>Mass Market Paperback</format>
  <edition_information/>
  <publisher>Bantam</publisher>
  <publication_day>1</publication_day>
  <publication_year>1987</publication_year>
  <publication_month>10</publication_month>
  <average_rating>3.38</average_rating>
  <ratings_count>8</ratings_count>
  <description>Days of Glory, Nights of Love &lt;br /&gt;&lt;br /&gt;Torn from her family's Yorkshire estate by the death of her father, heiress Joisse Radcliffe flees by night to sanctuary in a nearby abbey. Beset by robbers, she is rescued by a brave horseman who serves Richard, Duke of Gloucester, and taken to Middleham Castle. &lt;br /&gt;&lt;br /&gt;Once Richard makes her his ward, Joisse is swept up in the tapestry of history that will place the Duke on the throne of England. But her destiny will lie with Tom Thomson, the man who will defy danger to save her. Though the world considers Tom beneath her, Joisse knows he is the only man she will ever love. Then fate forces her to choose -- between the man she cherishes above all else, and the ancestral home she cannot bear to lose. &lt;br /&gt;&lt;br /&gt;Set amid the clash of dynasties in 15th-century England, this thrilling saga of love and honor spans the tumultuous years of Richard III's reign, culminating in the shattering battle at Bosworth Field, and the ascension of the Tudors. Rich with the pageantry of court and the fierce splendor of the battlefield, IN THE SHADOW OF THE CROWN is an unforgettable tale of a time when the kingdom was in danger, and loving is the greatest risk of all. &lt;br /&gt;&lt;br /&gt;Other books in this series:&lt;br /&gt;The Divided Heart (Book 2)&lt;br /&gt;Touched by Thorns (Book 3)</description>
<authors>
<author>
<id>10008</id>
<name>Susan Bowden</name>
<role></role>
<image_url nophoto='true'>
<![CDATA[https://s.gr-assets.com/assets/nophoto/user/f_200x266-3061b784cc8e7f021c6430c9aba94587.png]]>
</image_url>
<small_image_url nophoto='true'>
<![CDATA[https://s.gr-assets.com/assets/nophoto/user/f_50x66-6a03a5c12233c941481992b82eea8d23.png]]>
</small_image_url>
<link><![CDATA[https://www.goodreads.com/author/show/10008.Susan_Bowden]]></link>
<average_rating>3.38</average_rating>
<ratings_count>121</ratings_count>
<text_reviews_count>18</text_reviews_count>
</author>
</authors>
  <published>1987</published>
</book>


      <book>
  <id type="integer">3350443</id>
  <isbn>0451188829</isbn>
  <isbn13>9780451188823</isbn13>
  <text_reviews_count type="integer">0</text_reviews_count>
  <title>Family Secrets</title>
  <title_without_series>Family Secrets</title_without_series>
  <image_url>https://s.gr-assets.com/assets/nophoto/book/111x148-bcc042a9c91a29c1d680899eff700a03.png</image_url>
  <small_image_url>https://s.gr-assets.com/assets/nophoto/book/50x75-a91bf249278a81aabab721ef782c4a74.png</small_image_url>
  <large_image_url/>
  <link>https://www.goodreads.com/book/show/3350443-family-secrets</link>
  <num_pages>368</num_pages>
  <format>Paperback</format>
  <edition_information/>
  <publisher>Signet</publisher>
  <publication_day>1</publication_day>
  <publication_year>1996</publication_year>
  <publication_month>8</publication_month>
  <average_rating>3.50</average_rating>
  <ratings_count>6</ratings_count>
  <description>A passionate novel of a woman torn by past sins and beckoning desires. At the start of World War II, a young girl is given a false name and sent from Europe's killing fields to Canada. Many years later, that girl's own daughter traces her mother's roots, only to discover a secret that could shake English society to its foundations.</description>
<authors>
<author>
<id>10008</id>
<name>Susan Bowden</name>
<role></role>
<image_url nophoto='true'>
<![CDATA[https://s.gr-assets.com/assets/nophoto/user/f_200x266-3061b784cc8e7f021c6430c9aba94587.png]]>
</image_url>
<small_image_url nophoto='true'>
<![CDATA[https://s.gr-assets.com/assets/nophoto/user/f_50x66-6a03a5c12233c941481992b82eea8d23.png]]>
</small_image_url>
<link><![CDATA[https://www.goodreads.com/author/show/10008.Susan_Bowden]]></link>
<average_rating>3.38</average_rating>
<ratings_count>121</ratings_count>
<text_reviews_count>18</text_reviews_count>
</author>
</authors>
  <published>1996</published>
</book>


      <book>
  <id type="integer">3630253</id>
  <isbn>0451185870</isbn>
  <isbn13>9780451185877</isbn13>
  <text_reviews_count type="integer">1</text_reviews_count>
  <title>Homecoming</title>
  <title_without_series>Homecoming</title_without_series>
  <image_url>https://s.gr-assets.com/assets/nophoto/book/111x148-bcc042a9c91a29c1d680899eff700a03.png</image_url>
  <small_image_url>https://s.gr-assets.com/assets/nophoto/book/50x75-a91bf249278a81aabab721ef782c4a74.png</small_image_url>
  <large_image_url/>
  <link>https://www.goodreads.com/book/show/3630253-homecoming</link>
  <num_pages>400</num_pages>
  <format>Paperback</format>
  <edition_information/>
  <publisher>Signet</publisher>
  <publication_day>1</publication_day>
  <publication_year>1995</publication_year>
  <publication_month>10</publication_month>
  <average_rating>3.17</average_rating>
  <ratings_count>6</ratings_count>
  <description>As she nears 40, Tessa Hargrave is proud of how she has lived her life. But when called to her estranged family's home in England after a 20-year absence, she must confront the agonizing memories of her past. Yet, a chance exists for reconciliation with her family, and an old love may be rekindled, if she has the strength to see it through.</description>
<authors>
<author>
<id>10008</id>
<name>Susan Bowden</name>
<role></role>
<image_url nophoto='true'>
<![CDATA[https://s.gr-assets.com/assets/nophoto/user/f_200x266-3061b784cc8e7f021c6430c9aba94587.png]]>
</image_url>
<small_image_url nophoto='true'>
<![CDATA[https://s.gr-assets.com/assets/nophoto/user/f_50x66-6a03a5c12233c941481992b82eea8d23.png]]>
</small_image_url>
<link><![CDATA[https://www.goodreads.com/author/show/10008.Susan_Bowden]]></link>
<average_rating>3.38</average_rating>
<ratings_count>121</ratings_count>
<text_reviews_count>18</text_reviews_count>
</author>
</authors>
  <published>1995</published>
</book>


      <book>
  <id type="integer">5640733</id>
  <isbn>0553284495</isbn>
  <isbn13>9780553284492</isbn13>
  <text_reviews_count type="integer">1</text_reviews_count>
  <title>The Divided Heart</title>
  <title_without_series>The Divided Heart</title_without_series>
  <image_url>https://s.gr-assets.com/assets/nophoto/book/111x148-bcc042a9c91a29c1d680899eff700a03.png</image_url>
  <small_image_url>https://s.gr-assets.com/assets/nophoto/book/50x75-a91bf249278a81aabab721ef782c4a74.png</small_image_url>
  <large_image_url/>
  <link>https://www.goodreads.com/book/show/5640733-the-divided-heart</link>
  <num_pages>464</num_pages>
  <format>Mass Market Paperback</format>
  <edition_information/>
  <publisher>Bantam</publisher>
  <publication_day>1</publication_day>
  <publication_year>1990</publication_year>
  <publication_month>4</publication_month>
  <average_rating>3.40</average_rating>
  <ratings_count>5</ratings_count>
  <description></description>
<authors>
<author>
<id>10008</id>
<name>Susan Bowden</name>
<role></role>
<image_url nophoto='true'>
<![CDATA[https://s.gr-assets.com/assets/nophoto/user/f_200x266-3061b784cc8e7f021c6430c9aba94587.png]]>
</image_url>
<small_image_url nophoto='true'>
<![CDATA[https://s.gr-assets.com/assets/nophoto/user/f_50x66-6a03a5c12233c941481992b82eea8d23.png]]>
</small_image_url>
<link><![CDATA[https://www.goodreads.com/author/show/10008.Susan_Bowden]]></link>
<average_rating>3.38</average_rating>
<ratings_count>121</ratings_count>
<text_reviews_count>18</text_reviews_count>
</author>
</authors>
  <published>1990</published>
</book>


      <book>
  <id type="integer">3350444</id>
  <isbn>0451192214</isbn>
  <isbn13>9780451192219</isbn13>
  <text_reviews_count type="integer">1</text_reviews_count>
  <title>Say Goodbye to Daddy</title>
  <title_without_series>Say Goodbye to Daddy</title_without_series>
  <image_url>https://s.gr-assets.com/assets/nophoto/book/111x148-bcc042a9c91a29c1d680899eff700a03.png</image_url>
  <small_image_url>https://s.gr-assets.com/assets/nophoto/book/50x75-a91bf249278a81aabab721ef782c4a74.png</small_image_url>
  <large_image_url/>
  <link>https://www.goodreads.com/book/show/3350444-say-goodbye-to-daddy</link>
  <num_pages>208</num_pages>
  <format>Paperback</format>
  <edition_information/>
  <publisher>Signet</publisher>
  <publication_day>1</publication_day>
  <publication_year>1998</publication_year>
  <publication_month>8</publication_month>
  <average_rating>3.25</average_rating>
  <ratings_count>4</ratings_count>
  <description>Trapped in a marriage dominated by her alcoholic husband, a mother takes her young son away from their wealthy estate in Scotland to start a new life in Canada. But her husband sends private investigators -- armed with a court order -- to find and return his son. And when a handsome stranger steps forth to help protect her boy, she finds herself irresistibly drawn to him. But who is he? And why does he keep a photograph of her son in his wallet?</description>
<authors>
<author>
<id>10008</id>
<name>Susan Bowden</name>
<role></role>
<image_url nophoto='true'>
<![CDATA[https://s.gr-assets.com/assets/nophoto/user/f_200x266-3061b784cc8e7f021c6430c9aba94587.png]]>
</image_url>
<small_image_url nophoto='true'>
<![CDATA[https://s.gr-assets.com/assets/nophoto/user/f_50x66-6a03a5c12233c941481992b82eea8d23.png]]>
</small_image_url>
<link><![CDATA[https://www.goodreads.com/author/show/10008.Susan_Bowden]]></link>
<average_rating>3.38</average_rating>
<ratings_count>121</ratings_count>
<text_reviews_count>18</text_reviews_count>
</author>
</authors>
  <published>1998</published>
</book>


      <book>
  <id type="integer">16237</id>
  <isbn>0451192206</isbn>
  <isbn13>9780451192202</isbn13>
  <text_reviews_count type="integer">0</text_reviews_count>
  <title>Sisters at Heart</title>
  <title_without_series>Sisters at Heart</title_without_series>
  <image_url>https://s.gr-assets.com/assets/nophoto/book/111x148-bcc042a9c91a29c1d680899eff700a03.png</image_url>
  <small_image_url>https://s.gr-assets.com/assets/nophoto/book/50x75-a91bf249278a81aabab721ef782c4a74.png</small_image_url>
  <large_image_url/>
  <link>https://www.goodreads.com/book/show/16237.Sisters_at_Heart</link>
  <num_pages></num_pages>
  <format>Paperback</format>
  <edition_information/>
  <publisher>Signet</publisher>
  <publication_day>1</publication_day>
  <publication_year>1997</publication_year>
  <publication_month>10</publication_month>
  <average_rating>3.25</average_rating>
  <ratings_count>4</ratings_count>
  <description>Anne Barry Dysan hasn't seen her father in almost three decades, until her request for financial assistance leads to an invitation to his English estate. When she arrives, conflict arises as she competes with her long-lost sister for the love of their father and the attention of their respective suitors. But she will also get the chance to rediscover the healing power of love, which may give them all a chance to become a family once again.</description>
<authors>
<author>
<id>10008</id>
<name>Susan Bowden</name>
<role></role>
<image_url nophoto='true'>
<![CDATA[https://s.gr-assets.com/assets/nophoto/user/f_200x266-3061b784cc8e7f021c6430c9aba94587.png]]>
</image_url>
<small_image_url nophoto='true'>
<![CDATA[https://s.gr-assets.com/assets/nophoto/user/f_50x66-6a03a5c12233c941481992b82eea8d23.png]]>
</small_image_url>
<link><![CDATA[https://www.goodreads.com/author/show/10008.Susan_Bowden]]></link>
<average_rating>3.38</average_rating>
<ratings_count>121</ratings_count>
<text_reviews_count>18</text_reviews_count>
</author>
</authors>
  <published>1997</published>
</book>


    </books>
</author>

</GoodreadsResponse>