<?xml version="1.0" encoding="UTF-8"?>
<GoodreadsResponse>
  <Request>
    <authentication>true</authentication>
      <key><![CDATA[sySok63UyYyWi2Wof1HocA]]></key>
    <method><![CDATA[author_show]]></method>
  </Request>
  <author>
  <id>1006280</id>
  <name>Eric H. Vieler</name>
  <link><![CDATA[https://www.goodreads.com/author/show/1006280.Eric_H_Vieler]]></link>
  <fans_count type="integer">0</fans_count>
  <author_followers_count type="integer">0</author_followers_count>
  <large_image_url><![CDATA[https://s.gr-assets.com/assets/nophoto/user/m_333x500-a9c67bed07ee7e10983a5d5ccc572516.png]]></large_image_url>
  <image_url><![CDATA[https://s.gr-assets.com/assets/nophoto/user/m_200x266-d279b33f8eec0f27b7272477f09806be.png]]></image_url>
  <small_image_url><![CDATA[https://s.gr-assets.com/assets/nophoto/user/m_50x66-82093808bca726cb3249a493fbd3bd0f.png]]></small_image_url>
  <about></about>
  <influences></influences>
  <works_count>4</works_count>
  <gender>male</gender>
  <hometown></hometown>
  <born_at></born_at>
  <died_at></died_at>
  <goodreads_author></goodreads_author>

    <books>
      <book>
  <id type="integer">22856080</id>
  <isbn nil="true"/>
  <isbn13 nil="true"/>
  <text_reviews_count type="integer">0</text_reviews_count>
  <title>Trust and Betrayal; Tales of Cold War Espionage</title>
  <title_without_series>Trust and Betrayal; Tales of Cold War Espionage</title_without_series>
  <image_url>https://s.gr-assets.com/assets/nophoto/book/111x148-bcc042a9c91a29c1d680899eff700a03.png</image_url>
  <small_image_url>https://s.gr-assets.com/assets/nophoto/book/50x75-a91bf249278a81aabab721ef782c4a74.png</small_image_url>
  <large_image_url/>
  <link>https://www.goodreads.com/book/show/22856080-trust-and-betrayal-tales-of-cold-war-espionage</link>
  <num_pages></num_pages>
  <format></format>
  <edition_information/>
  <publisher></publisher>
  <publication_day></publication_day>
  <publication_year></publication_year>
  <publication_month></publication_month>
  <average_rating>4.00</average_rating>
  <ratings_count>1</ratings_count>
  <description></description>
<authors>
<author>
<id>1006280</id>
<name>Eric H. Vieler</name>
<role></role>
<image_url nophoto='true'>
<![CDATA[https://s.gr-assets.com/assets/nophoto/user/m_200x266-d279b33f8eec0f27b7272477f09806be.png]]>
</image_url>
<small_image_url nophoto='true'>
<![CDATA[https://s.gr-assets.com/assets/nophoto/user/m_50x66-82093808bca726cb3249a493fbd3bd0f.png]]>
</small_image_url>
<link><![CDATA[https://www.goodreads.com/author/show/1006280.Eric_H_Vieler]]></link>
<average_rating>4.00</average_rating>
<ratings_count>1</ratings_count>
<text_reviews_count>0</text_reviews_count>
</author>
</authors>
  <published></published>
</book>


      <book>
  <id type="integer">7319735</id>
  <isbn>0761848347</isbn>
  <isbn13>9780761848349</isbn13>
  <text_reviews_count type="integer">0</text_reviews_count>
  <title>A Journey on My Own: A Youth from Hitler's Germany Strives to Claim His American Identity</title>
  <title_without_series>A Journey on My Own: A Youth from Hitler's Germany Strives to Claim His American Identity</title_without_series>
  <image_url>https://s.gr-assets.com/assets/nophoto/book/111x148-bcc042a9c91a29c1d680899eff700a03.png</image_url>
  <small_image_url>https://s.gr-assets.com/assets/nophoto/book/50x75-a91bf249278a81aabab721ef782c4a74.png</small_image_url>
  <large_image_url/>
  <link>https://www.goodreads.com/book/show/7319735-a-journey-on-my-own</link>
  <num_pages>104</num_pages>
  <format>Paperback</format>
  <edition_information/>
  <publisher>Hamilton Books</publisher>
  <publication_day>10</publication_day>
  <publication_year>2009</publication_year>
  <publication_month>11</publication_month>
  <average_rating>0.0</average_rating>
  <ratings_count>0</ratings_count>
  <description>A Journey on My Own tells the story of Eric Vieler, born in America but raised in Hitler's Germany, where he saw the persecution of Jewish neighbors and experienced the bombing of cities. After being expelled from a Nazi-run academy, he crossed battle lines to reach his home. On Easter 1945, he encountered American troops, became their interpreter, and witnessed fierce fighting. He joined British occupation forces, doing a variety of jobs for food as compensation. Vieler's quest for his American identity was fulfilled when he was repatriated to America at age fifteen, but thoughts of independence were thwarted when, due to his age, he was required to attend public school. Although he held after-school jobs, his primary support was through a New York City welfare agency. In 1950, Vieler enlisted in the Army, was commissioned at age nineteen, and went on to serve in Korea, where he was seriously wounded and twice decorated for valor.</description>
<authors>
<author>
<id>1006280</id>
<name>Eric H. Vieler</name>
<role></role>
<image_url nophoto='true'>
<![CDATA[https://s.gr-assets.com/assets/nophoto/user/m_200x266-d279b33f8eec0f27b7272477f09806be.png]]>
</image_url>
<small_image_url nophoto='true'>
<![CDATA[https://s.gr-assets.com/assets/nophoto/user/m_50x66-82093808bca726cb3249a493fbd3bd0f.png]]>
</small_image_url>
<link><![CDATA[https://www.goodreads.com/author/show/1006280.Eric_H_Vieler]]></link>
<average_rating>4.00</average_rating>
<ratings_count>1</ratings_count>
<text_reviews_count>0</text_reviews_count>
</author>
</authors>
  <published>2009</published>
</book>


      <book>
  <id type="integer">4322401</id>
  <isbn>0761829946</isbn>
  <isbn13>9780761829942</isbn13>
  <text_reviews_count type="integer">0</text_reviews_count>
  <title>Destination Evil: Remembering The Korean War</title>
  <title_without_series>Destination Evil: Remembering The Korean War</title_without_series>
  <image_url>https://s.gr-assets.com/assets/nophoto/book/111x148-bcc042a9c91a29c1d680899eff700a03.png</image_url>
  <small_image_url>https://s.gr-assets.com/assets/nophoto/book/50x75-a91bf249278a81aabab721ef782c4a74.png</small_image_url>
  <large_image_url/>
  <link>https://www.goodreads.com/book/show/4322401-destination-evil</link>
  <num_pages>134</num_pages>
  <format>Paperback</format>
  <edition_information/>
  <publisher>Hamilton Books</publisher>
  <publication_day>7</publication_day>
  <publication_year>2004</publication_year>
  <publication_month>10</publication_month>
  <average_rating>0.0</average_rating>
  <ratings_count>0</ratings_count>
  <description>This book traces the author Eric H. Vieler's experience as a rifle platoon leader during the latter part of the Korean War. Major segments of the story deal with the hazards of everyday existence on the front-line, and some unintended consequences lend humor to an otherwise daily routine. While this book focuses on the author's experiences during a few months of the war, a historical overview is provided to allow the reader a greater understanding of the overall conflict. The book is dedicated to Master Sergeant Cleo Wilson, who left an indelible impression upon the author. Sergeant Wilson was the catalyst in forming strong bonds among the men in the unit, and when the sergeant and three others failed to return from a mission, the basic trust and fabric of the unit was threatened.</description>
<authors>
<author>
<id>1006280</id>
<name>Eric H. Vieler</name>
<role></role>
<image_url nophoto='true'>
<![CDATA[https://s.gr-assets.com/assets/nophoto/user/m_200x266-d279b33f8eec0f27b7272477f09806be.png]]>
</image_url>
<small_image_url nophoto='true'>
<![CDATA[https://s.gr-assets.com/assets/nophoto/user/m_50x66-82093808bca726cb3249a493fbd3bd0f.png]]>
</small_image_url>
<link><![CDATA[https://www.goodreads.com/author/show/1006280.Eric_H_Vieler]]></link>
<average_rating>4.00</average_rating>
<ratings_count>1</ratings_count>
<text_reviews_count>0</text_reviews_count>
</author>
</authors>
  <published>2004</published>
</book>


      <book>
  <id type="integer">2225285</id>
  <isbn>0820441902</isbn>
  <isbn13>9780820441900</isbn13>
  <text_reviews_count type="integer">0</text_reviews_count>
  <title>The Ideological Roots of German National Socialism</title>
  <title_without_series>The Ideological Roots of German National Socialism</title_without_series>
  <image_url>https://images.gr-assets.com/books/1408929170m/2225285.jpg</image_url>
  <small_image_url>https://images.gr-assets.com/books/1408929170s/2225285.jpg</small_image_url>
  <large_image_url/>
  <link>https://www.goodreads.com/book/show/2225285.The_Ideological_Roots_of_German_National_Socialism</link>
  <num_pages>172</num_pages>
  <format>Hardcover</format>
  <edition_information/>
  <publisher>Peter Lang Gmbh, Internationaler Verlag Der Wissenschaften</publisher>
  <publication_day>1</publication_day>
  <publication_year>1999</publication_year>
  <publication_month>10</publication_month>
  <average_rating>0.0</average_rating>
  <ratings_count>0</ratings_count>
  <description>Political scientist Vieler grew up in Nazi Germany and later returned as a member of the US military. He finds the roots of national socialism in three interlinked strains of racist thought: mythological and intellectual, from ancient sagas proclaiming the Nordic as the ideal race and urging its regeneration; biological, based on Darwinian theory; and nationalist and conservative calling for a strong state ruled by a single individual.</description>
<authors>
<author>
<id>1006280</id>
<name>Eric H. Vieler</name>
<role></role>
<image_url nophoto='true'>
<![CDATA[https://s.gr-assets.com/assets/nophoto/user/m_200x266-d279b33f8eec0f27b7272477f09806be.png]]>
</image_url>
<small_image_url nophoto='true'>
<![CDATA[https://s.gr-assets.com/assets/nophoto/user/m_50x66-82093808bca726cb3249a493fbd3bd0f.png]]>
</small_image_url>
<link><![CDATA[https://www.goodreads.com/author/show/1006280.Eric_H_Vieler]]></link>
<average_rating>4.00</average_rating>
<ratings_count>1</ratings_count>
<text_reviews_count>0</text_reviews_count>
</author>
</authors>
  <published>1999</published>
</book>


    </books>
</author>

</GoodreadsResponse>