<?xml version="1.0" encoding="UTF-8"?>
<GoodreadsResponse>
  <Request>
    <authentication>true</authentication>
      <key><![CDATA[sySok63UyYyWi2Wof1HocA]]></key>
    <method><![CDATA[author_show]]></method>
  </Request>
  <author>
  <id>1022368</id>
  <name>John B. Duncan</name>
  <link><![CDATA[https://www.goodreads.com/author/show/1022368.John_B_Duncan]]></link>
  <fans_count type="integer">0</fans_count>
  <author_followers_count type="integer">0</author_followers_count>
  <large_image_url><![CDATA[https://s.gr-assets.com/assets/nophoto/user/m_333x500-a9c67bed07ee7e10983a5d5ccc572516.png]]></large_image_url>
  <image_url><![CDATA[https://s.gr-assets.com/assets/nophoto/user/m_200x266-d279b33f8eec0f27b7272477f09806be.png]]></image_url>
  <small_image_url><![CDATA[https://s.gr-assets.com/assets/nophoto/user/m_50x66-82093808bca726cb3249a493fbd3bd0f.png]]></small_image_url>
  <about></about>
  <influences></influences>
  <works_count>4</works_count>
  <gender>male</gender>
  <hometown></hometown>
  <born_at></born_at>
  <died_at></died_at>
  <goodreads_author></goodreads_author>

    <books>
      <book>
  <id type="integer">2267213</id>
  <isbn>0295979852</isbn>
  <isbn13>9780295979854</isbn13>
  <text_reviews_count type="integer">1</text_reviews_count>
  <title>The Origins of the Choson Dynasty</title>
  <title_without_series>The Origins of the Choson Dynasty</title_without_series>
  <image_url>https://s.gr-assets.com/assets/nophoto/book/111x148-bcc042a9c91a29c1d680899eff700a03.png</image_url>
  <small_image_url>https://s.gr-assets.com/assets/nophoto/book/50x75-a91bf249278a81aabab721ef782c4a74.png</small_image_url>
  <large_image_url/>
  <link>https://www.goodreads.com/book/show/2267213.The_Origins_of_the_Choson_Dynasty</link>
  <num_pages>400</num_pages>
  <format>Hardcover</format>
  <edition_information/>
  <publisher>University of Washington Press</publisher>
  <publication_day>1</publication_day>
  <publication_year>2000</publication_year>
  <publication_month>10</publication_month>
  <average_rating>4.00</average_rating>
  <ratings_count>3</ratings_count>
  <description>Scholars have long held that Korea's Choson dynasty (1392-1910) was established by a new socioeconomic class of scholar-officials of local-landlord origins who overthrew the capital-based aristocracy of the Koryo dynasty (918?1392). &lt;i&gt;The Origins of the Choson Dynasty&lt;/i&gt; refutes that view, showing that a key feature of the dynastic transition was continuity in the structure and composition of the central ruling class and arguing that the main force behind the establishment of the Choson was the need to revamp institutions to protect aristocratic interests. The change of dynasties thus was less a revolution than a culmination of a centuries-old effort to create a centralized bureaucratic polity.&lt;br /&gt;&lt;br /&gt;Drawing on a wealth of data compiled from primary sources and presented here in 26 tables and 10 genealogical charts, &lt;i&gt;The Origins of the Choson Dynasty&lt;/i&gt; provides an exhaustive analysis of the structure and composition of the central officialdom of the Koryo-Choson transition and offers a new interpretation of the history of traditional Korea.</description>
<authors>
<author>
<id>1022368</id>
<name>John B. Duncan</name>
<role></role>
<image_url nophoto='true'>
<![CDATA[https://s.gr-assets.com/assets/nophoto/user/m_200x266-d279b33f8eec0f27b7272477f09806be.png]]>
</image_url>
<small_image_url nophoto='true'>
<![CDATA[https://s.gr-assets.com/assets/nophoto/user/m_50x66-82093808bca726cb3249a493fbd3bd0f.png]]>
</small_image_url>
<link><![CDATA[https://www.goodreads.com/author/show/1022368.John_B_Duncan]]></link>
<average_rating>4.00</average_rating>
<ratings_count>6</ratings_count>
<text_reviews_count>1</text_reviews_count>
</author>
</authors>
  <published>2000</published>
</book>


      <book>
  <id type="integer">16233313</id>
  <isbn>8991913571</isbn>
  <isbn13>9788991913578</isbn13>
  <text_reviews_count type="integer">0</text_reviews_count>
  <title>The Institutional Basis of Civil Governance in the Choson Dynasty</title>
  <title_without_series>The Institutional Basis of Civil Governance in the Choson Dynasty</title_without_series>
  <image_url>https://images.gr-assets.com/books/1355920221m/16233313.jpg</image_url>
  <small_image_url>https://images.gr-assets.com/books/1355920221s/16233313.jpg</small_image_url>
  <large_image_url/>
  <link>https://www.goodreads.com/book/show/16233313-the-institutional-basis-of-civil-governance-in-the-choson-dynasty</link>
  <num_pages>210</num_pages>
  <format>Hardcover</format>
  <edition_information/>
  <publisher>Seoul Selection</publisher>
  <publication_day>30</publication_day>
  <publication_year>2011</publication_year>
  <publication_month>9</publication_month>
  <average_rating>5.00</average_rating>
  <ratings_count>1</ratings_count>
  <description>Before the modern concept of the state took shape, what were the methods that enabled monarchies to survive for so long as stable systems of government? Perhaps the simplest method was that of force, as found in medieval Europe. Those with large armies were victorious in war and held onto their land, while the weak saw their land and peoples snatched away. But there was a kingdom that ruled by the pen rather than the sword. This was the Choson dynasty, which reigned over the Korean peninsula for over 500 years through a system of civil governance where policy was decided through discussion between subjects and kings, based on Confucian ideology.&lt;br /&gt;&lt;br /&gt;This book introduces the Choson dynasty's ruling system, which managed to embody Confucian ideology in a political order that used elaborate systems and apparatus to prevent the concentration of power in any one center. It offers a broad examination of the Choson system of civilian governance, including the Government Service Examinations where officials were selected based on knowledge of Confucian classics, the keeping of "Choson Sillok (The Annals of Choson Dynasty)" records that kings were not even allowed to read, and a system of audits and inspections to curb the tyranny of high-ranking officers.</description>
<authors>
<author>
<id>1022368</id>
<name>John B. Duncan</name>
<role>Compilation</role>
<image_url nophoto='true'>
<![CDATA[https://s.gr-assets.com/assets/nophoto/user/m_200x266-d279b33f8eec0f27b7272477f09806be.png]]>
</image_url>
<small_image_url nophoto='true'>
<![CDATA[https://s.gr-assets.com/assets/nophoto/user/m_50x66-82093808bca726cb3249a493fbd3bd0f.png]]>
</small_image_url>
<link><![CDATA[https://www.goodreads.com/author/show/1022368.John_B_Duncan]]></link>
<average_rating>4.00</average_rating>
<ratings_count>6</ratings_count>
<text_reviews_count>1</text_reviews_count>
</author>
</authors>
  <published>2011</published>
</book>


      <book>
  <id type="integer">5451415</id>
  <isbn>8988095960</isbn>
  <isbn13>9788988095966</isbn13>
  <text_reviews_count type="integer">0</text_reviews_count>
  <title>Reform and modernity in the Taehan Empire</title>
  <title_without_series>Reform and modernity in the Taehan Empire</title_without_series>
  <image_url>https://s.gr-assets.com/assets/nophoto/book/111x148-bcc042a9c91a29c1d680899eff700a03.png</image_url>
  <small_image_url>https://s.gr-assets.com/assets/nophoto/book/50x75-a91bf249278a81aabab721ef782c4a74.png</small_image_url>
  <large_image_url/>
  <link>https://www.goodreads.com/book/show/5451415-reform-and-modernity-in-the-taehan-empire</link>
  <num_pages>341</num_pages>
  <format></format>
  <edition_information/>
  <publisher>Jimoondang</publisher>
  <publication_day>30</publication_day>
  <publication_year>2006</publication_year>
  <publication_month>12</publication_month>
  <average_rating>3.00</average_rating>
  <ratings_count>1</ratings_count>
  <description></description>
<authors>
<author>
<id>2354179</id>
<name>Dong-no Kim</name>
<role></role>
<image_url nophoto='true'>
<![CDATA[https://s.gr-assets.com/assets/nophoto/user/u_200x266-e183445fd1a1b5cc7075bb1cf7043306.png]]>
</image_url>
<small_image_url nophoto='true'>
<![CDATA[https://s.gr-assets.com/assets/nophoto/user/u_50x66-632230dc9882b4352d753eedf9396530.png]]>
</small_image_url>
<link><![CDATA[https://www.goodreads.com/author/show/2354179.Dong_no_Kim]]></link>
<average_rating>3.00</average_rating>
<ratings_count>1</ratings_count>
<text_reviews_count>0</text_reviews_count>
</author>
</authors>
  <published>2006</published>
</book>


      <book>
  <id type="integer">14717879</id>
  <isbn>9004214844</isbn>
  <isbn13>9789004214842</isbn13>
  <text_reviews_count type="integer">0</text_reviews_count>
  <title>A New History of Parhae</title>
  <title_without_series>A New History of Parhae</title_without_series>
  <image_url>https://images.gr-assets.com/books/1466400048m/14717879.jpg</image_url>
  <small_image_url>https://images.gr-assets.com/books/1466400048s/14717879.jpg</small_image_url>
  <large_image_url/>
  <link>https://www.goodreads.com/book/show/14717879-a-new-history-of-parhae</link>
  <num_pages>214</num_pages>
  <format>Hardcover</format>
  <edition_information/>
  <publisher>Global Oriental</publisher>
  <publication_day>8</publication_day>
  <publication_year>2012</publication_year>
  <publication_month>2</publication_month>
  <average_rating>0.0</average_rating>
  <ratings_count>0</ratings_count>
  <description>The national historical "ownership" of the ancient Northeast Asian kingdom of Parhae (Ch. Bohai; 669-926) has been a controversial issue over the past several decades, with scholars in China, Korea, and even Russia all claiming that Parhae belonged to their nations' history. The authors of the various chapters in this book have exhausted the textual sources and archaeological data on this kingdom in building their argument that Parhae was the succesor to the earlier Korean kingdom of Kogury . In the process, they have shed fresh light on Parhae's political development, ethnic composition, diplomatic and trade relations, and cultural aspects and have provided new insights into the nature of interactions among the states and peoples of Northeast Asia."</description>
<authors>
<author>
<id>7045145</id>
<name><![CDATA[Northeast Asian History Foundation]]></name>
<role>Manufacturer</role>
<image_url nophoto='true'>
<![CDATA[https://s.gr-assets.com/assets/nophoto/user/u_200x266-e183445fd1a1b5cc7075bb1cf7043306.png]]>
</image_url>
<small_image_url nophoto='true'>
<![CDATA[https://s.gr-assets.com/assets/nophoto/user/u_50x66-632230dc9882b4352d753eedf9396530.png]]>
</small_image_url>
<link><![CDATA[https://www.goodreads.com/author/show/7045145.Northeast_Asian_History_Foundation]]></link>
<average_rating>0.0</average_rating>
<ratings_count>0</ratings_count>
<text_reviews_count>0</text_reviews_count>
</author>
</authors>
  <published>2012</published>
</book>


    </books>
</author>

</GoodreadsResponse>