<?xml version="1.0" encoding="UTF-8"?>
<GoodreadsResponse>
  <Request>
    <authentication>true</authentication>
      <key><![CDATA[sySok63UyYyWi2Wof1HocA]]></key>
    <method><![CDATA[author_show]]></method>
  </Request>
  <author>
  <id>103318</id>
  <name>Tony Bedard</name>
  <link><![CDATA[https://www.goodreads.com/author/show/103318.Tony_Bedard]]></link>
  <fans_count type="integer">10</fans_count>
  <author_followers_count type="integer">10</author_followers_count>
  <large_image_url><![CDATA[https://s.gr-assets.com/assets/nophoto/user/m_333x500-a9c67bed07ee7e10983a5d5ccc572516.png]]></large_image_url>
  <image_url><![CDATA[https://s.gr-assets.com/assets/nophoto/user/m_200x266-d279b33f8eec0f27b7272477f09806be.png]]></image_url>
  <small_image_url><![CDATA[https://s.gr-assets.com/assets/nophoto/user/m_50x66-82093808bca726cb3249a493fbd3bd0f.png]]></small_image_url>
  <about></about>
  <influences></influences>
  <works_count>312</works_count>
  <gender>male</gender>
  <hometown></hometown>
  <born_at></born_at>
  <died_at></died_at>
  <goodreads_author></goodreads_author>

    <books>
      <book>
  <id type="integer">13497718</id>
  <isbn>140123707X</isbn>
  <isbn13>9781401237073</isbn13>
  <text_reviews_count type="integer">83</text_reviews_count>
  <title>Green Lantern: New Guardians, Volume 1: The Ring Bearer</title>
  <title_without_series>Green Lantern: New Guardians, Volume 1: The Ring Bearer</title_without_series>
  <image_url>https://images.gr-assets.com/books/1345666834m/13497718.jpg</image_url>
  <small_image_url>https://images.gr-assets.com/books/1345666834s/13497718.jpg</small_image_url>
  <large_image_url/>
  <link>https://www.goodreads.com/book/show/13497718-green-lantern</link>
  <num_pages>160</num_pages>
  <format>Hardcover</format>
  <edition_information/>
  <publisher>DC Comics</publisher>
  <publication_day>23</publication_day>
  <publication_year>2012</publication_year>
  <publication_month>10</publication_month>
  <average_rating>3.86</average_rating>
  <ratings_count>1607</ratings_count>
  <description>A &lt;i&gt;New York Times&lt;/i&gt; Best Seller!&lt;br /&gt;Green Lantern Kyle Rayner finds himself at odds with the Guardians of the Universe when rings from all the separate Lantern Corps come to claim him. But the other Corps aren't too keen on the Green Lanterns "stealing" their rings! Writer Tony Bedard (&lt;i&gt;Green Lantern Corps&lt;/i&gt;) pens a new chapter in the Green Lantern mythos with a team of renegade Lanterns consisting of members from each Corps!&lt;br /&gt;&lt;br /&gt;&lt;b&gt;Collecting&lt;/b&gt;: &lt;i&gt;Green Lantern: New Guardians&lt;/i&gt; 1-7</description>
<authors>
<author>
<id>103318</id>
<name>Tony Bedard</name>
<role>Writer</role>
<image_url nophoto='true'>
<![CDATA[https://s.gr-assets.com/assets/nophoto/user/m_200x266-d279b33f8eec0f27b7272477f09806be.png]]>
</image_url>
<small_image_url nophoto='true'>
<![CDATA[https://s.gr-assets.com/assets/nophoto/user/m_50x66-82093808bca726cb3249a493fbd3bd0f.png]]>
</small_image_url>
<link><![CDATA[https://www.goodreads.com/author/show/103318.Tony_Bedard]]></link>
<average_rating>3.71</average_rating>
<ratings_count>18245</ratings_count>
<text_reviews_count>1367</text_reviews_count>
</author>
</authors>
  <published>2012</published>
</book>


      <book>
  <id type="integer">9543444</id>
  <isbn>1401231373</isbn>
  <isbn13>9781401231378</isbn13>
  <text_reviews_count type="integer">32</text_reviews_count>
  <title>Gotham City Sirens Vol. 3: Strange Fruit</title>
  <title_without_series>Gotham City Sirens Vol. 3: Strange Fruit</title_without_series>
  <image_url>https://images.gr-assets.com/books/1344932742m/9543444.jpg</image_url>
  <small_image_url>https://images.gr-assets.com/books/1344932742s/9543444.jpg</small_image_url>
  <large_image_url/>
  <link>https://www.goodreads.com/book/show/9543444-gotham-city-sirens-vol-3</link>
  <num_pages>144</num_pages>
  <format>Hardcover</format>
  <edition_information/>
  <publisher>DC Comics</publisher>
  <publication_day>23</publication_day>
  <publication_year>2011</publication_year>
  <publication_month>8</publication_month>
  <average_rating>3.93</average_rating>
  <ratings_count>902</ratings_count>
  <description>LOVE STRUCK &amp;amp; HEART BEATEN &lt;br /&gt;&lt;br /&gt;Poison Ivy's long charmed the men of Gotham City, but now she's the one losing her mind. Captivated with a plant-based alien inside S.T.A.R. Labs, she weds her cause to his and undertakes a Plantifest Destiny that leaves no room for humans--not even her sisters-in-crime. Catwoman and Harley Quinn try to tear their friend's heart away from the alien menace, but they'll all find out how slowly the threat of love dies.&lt;br /&gt;&lt;br /&gt;An underworld plot to kidnap Catwoman and pluck her beloved Batman's identity from her mind shakes the Sirens. As the sworn enemy of Ivy and Harley's ex the Joker--whom she swears she's over--the Dark Knight will always divide the three, and Catwoman's feelings have been barely tolerated to this point. So when Talia Al Ghul and Zatanna rush in to help save Selina, it's not exactly clear who's doing the saving and who's doing the hurting.&lt;br /&gt;&lt;br /&gt;Collects GOTHAM CITY SIRENS #14-19</description>
<authors>
<author>
<id>103318</id>
<name>Tony Bedard</name>
<role></role>
<image_url nophoto='true'>
<![CDATA[https://s.gr-assets.com/assets/nophoto/user/m_200x266-d279b33f8eec0f27b7272477f09806be.png]]>
</image_url>
<small_image_url nophoto='true'>
<![CDATA[https://s.gr-assets.com/assets/nophoto/user/m_50x66-82093808bca726cb3249a493fbd3bd0f.png]]>
</small_image_url>
<link><![CDATA[https://www.goodreads.com/author/show/103318.Tony_Bedard]]></link>
<average_rating>3.71</average_rating>
<ratings_count>18245</ratings_count>
<text_reviews_count>1367</text_reviews_count>
</author>
</authors>
  <published>2011</published>
</book>


      <book>
  <id type="integer">13536299</id>
  <isbn>1401237134</isbn>
  <isbn13>9781401237134</isbn13>
  <text_reviews_count type="integer">45</text_reviews_count>
  <title>Blue Beetle, Vol. 1: Metamorphosis</title>
  <title_without_series>Blue Beetle, Vol. 1: Metamorphosis</title_without_series>
  <image_url>https://s.gr-assets.com/assets/nophoto/book/111x148-bcc042a9c91a29c1d680899eff700a03.png</image_url>
  <small_image_url>https://s.gr-assets.com/assets/nophoto/book/50x75-a91bf249278a81aabab721ef782c4a74.png</small_image_url>
  <large_image_url/>
  <link>https://www.goodreads.com/book/show/13536299-blue-beetle-vol-1</link>
  <num_pages>144</num_pages>
  <format>Paperback</format>
  <edition_information/>
  <publisher>DC Comics</publisher>
  <publication_day>20</publication_day>
  <publication_year>2012</publication_year>
  <publication_month>11</publication_month>
  <average_rating>3.61</average_rating>
  <ratings_count>633</ratings_count>
  <description>As a part of the acclaimed DC Comics - The New 52 event of September 2011, Jaime Reyes becomes the all-new Blue Beetle!It's not easy being Jaime Reyes. He has to deal with high school, family and all the drama that comes with being a teenager. Also, he's linked to a powerful scarab created by an alien race known as the Reach who seek to subjugate planets - or annihilate them. But can this teen hero turn an alien weapon of mass destruction into a force for good? And can he protect the scarab from super villains that would use it for their own nefarious purposes? Writer Tony Bedard (GREEN LANTERN CORPS, GREEN LANTERN: NEW GUARDIANS) and artist Ig Guara bring you the newest adventures of Blue Beetle!</description>
<authors>
<author>
<id>103318</id>
<name>Tony Bedard</name>
<role></role>
<image_url nophoto='true'>
<![CDATA[https://s.gr-assets.com/assets/nophoto/user/m_200x266-d279b33f8eec0f27b7272477f09806be.png]]>
</image_url>
<small_image_url nophoto='true'>
<![CDATA[https://s.gr-assets.com/assets/nophoto/user/m_50x66-82093808bca726cb3249a493fbd3bd0f.png]]>
</small_image_url>
<link><![CDATA[https://www.goodreads.com/author/show/103318.Tony_Bedard]]></link>
<average_rating>3.71</average_rating>
<ratings_count>18245</ratings_count>
<text_reviews_count>1367</text_reviews_count>
</author>
</authors>
  <published>2012</published>
</book>


      <book>
  <id type="integer">16386987</id>
  <isbn>1401240771</isbn>
  <isbn13>9781401240776</isbn13>
  <text_reviews_count type="integer">24</text_reviews_count>
  <title>Green Lantern: New Guardians, Volume 2: Beyond Hope</title>
  <title_without_series>Green Lantern: New Guardians, Volume 2: Beyond Hope</title_without_series>
  <image_url>https://images.gr-assets.com/books/1441240557m/16386987.jpg</image_url>
  <small_image_url>https://images.gr-assets.com/books/1441240557s/16386987.jpg</small_image_url>
  <large_image_url/>
  <link>https://www.goodreads.com/book/show/16386987-green-lantern</link>
  <num_pages>144</num_pages>
  <format>Hardcover</format>
  <edition_information/>
  <publisher>DC Comics</publisher>
  <publication_day>6</publication_day>
  <publication_year>2013</publication_year>
  <publication_month>8</publication_month>
  <average_rating>3.79</average_rating>
  <ratings_count>620</ratings_count>
  <description>When Green Lantern Kyle Rayner found one of each of the multi-colored Lantern rings in his possession, he found himself hunted by some of the most power, diverse and dangerous members of the other Lantern corps. Now the mystery must be put on hold as Odym, the homeworld of the Blue Lanterns, is being attacked by alien conquerors know as The Reach. But betrayed by one of their own, the New Guardians uneasy alliance teeters on the edge of destruction.&lt;br /&gt;&lt;br /&gt;&lt;b&gt;Collecting&lt;/b&gt;: &lt;i&gt;Green Lantern: New Guardians&lt;/i&gt; 8-12 &amp;amp; &lt;i&gt;Blue Beetle&lt;/i&gt; 9</description>
<authors>
<author>
<id>103318</id>
<name>Tony Bedard</name>
<role>Writer</role>
<image_url nophoto='true'>
<![CDATA[https://s.gr-assets.com/assets/nophoto/user/m_200x266-d279b33f8eec0f27b7272477f09806be.png]]>
</image_url>
<small_image_url nophoto='true'>
<![CDATA[https://s.gr-assets.com/assets/nophoto/user/m_50x66-82093808bca726cb3249a493fbd3bd0f.png]]>
</small_image_url>
<link><![CDATA[https://www.goodreads.com/author/show/103318.Tony_Bedard]]></link>
<average_rating>3.71</average_rating>
<ratings_count>18245</ratings_count>
<text_reviews_count>1367</text_reviews_count>
</author>
</authors>
  <published>2013</published>
</book>


      <book>
  <id type="integer">9834785</id>
  <isbn>140123139X</isbn>
  <isbn13>9781401231392</isbn13>
  <text_reviews_count type="integer">26</text_reviews_count>
  <title>Green Lantern Corps, Volume 7: Revolt of the Alpha-Lanterns</title>
  <title_without_series>Green Lantern Corps, Volume 7: Revolt of the Alpha-Lanterns</title_without_series>
  <image_url>https://images.gr-assets.com/books/1341803903m/9834785.jpg</image_url>
  <small_image_url>https://images.gr-assets.com/books/1341803903s/9834785.jpg</small_image_url>
  <large_image_url/>
  <link>https://www.goodreads.com/book/show/9834785-green-lantern-corps-volume-7</link>
  <num_pages>176</num_pages>
  <format>Hardcover</format>
  <edition_information/>
  <publisher>DC Comics</publisher>
  <publication_day>31</publication_day>
  <publication_year>2011</publication_year>
  <publication_month>5</publication_month>
  <average_rating>3.62</average_rating>
  <ratings_count>445</ratings_count>
  <description>In the wake of &lt;i&gt;Blackest Night&lt;/i&gt; and the dawn of &lt;i&gt;Brightest Day&lt;/i&gt;, the Alpha Lanterns seek to force Green Lanterns John Stewart, Kyle Rayner and former Guardian Ganthet into their ranks. Will they be able to resist, stop the revolt of the Alpha Lanterns led by their evil mastermind, Cyborg Superman, and discover his sinister new secret agenda?&lt;br /&gt;&lt;br /&gt;&lt;b&gt;Collecting&lt;/b&gt;: &lt;i&gt;Green Lantern Corps&lt;/i&gt; 21-22, 48-52</description>
<authors>
<author>
<id>103318</id>
<name>Tony Bedard</name>
<role>Writer</role>
<image_url nophoto='true'>
<![CDATA[https://s.gr-assets.com/assets/nophoto/user/m_200x266-d279b33f8eec0f27b7272477f09806be.png]]>
</image_url>
<small_image_url nophoto='true'>
<![CDATA[https://s.gr-assets.com/assets/nophoto/user/m_50x66-82093808bca726cb3249a493fbd3bd0f.png]]>
</small_image_url>
<link><![CDATA[https://www.goodreads.com/author/show/103318.Tony_Bedard]]></link>
<average_rating>3.71</average_rating>
<ratings_count>18245</ratings_count>
<text_reviews_count>1367</text_reviews_count>
</author>
</authors>
  <published>2011</published>
</book>


      <book>
  <id type="integer">11025097</id>
  <isbn>1401232817</isbn>
  <isbn13>9781401232818</isbn13>
  <text_reviews_count type="integer">24</text_reviews_count>
  <title>Green Lantern Corps, Volume 8: The Weaponer</title>
  <title_without_series>Green Lantern Corps, Volume 8: The Weaponer</title_without_series>
  <image_url>https://images.gr-assets.com/books/1341804136m/11025097.jpg</image_url>
  <small_image_url>https://images.gr-assets.com/books/1341804136s/11025097.jpg</small_image_url>
  <large_image_url/>
  <link>https://www.goodreads.com/book/show/11025097-green-lantern-corps-volume-8</link>
  <num_pages>128</num_pages>
  <format>Hardcover</format>
  <edition_information/>
  <publisher>DC Comics</publisher>
  <publication_day>4</publication_day>
  <publication_year>2011</publication_year>
  <publication_month>10</publication_month>
  <average_rating>3.62</average_rating>
  <ratings_count>381</ratings_count>
  <description>The Qwardian known as The Weaponer has been constructing a shield from the remaining traces of the White Lantern Energy and has a mean vendetta against Sinestro - and the reason why will shock you! For his retribution, The Weaponer's targeting Sinestro's daughter, Soranik Natu. But first he'll have to get through Kyle Rayner.In this volume the Green Lantern Corps is caught in the middle of all out war between Sinestro and his fear mongrels, the Sinestro Corps, against the Weaponer and the Thunderers of Qward. Can Kyle Rayner, John Stewart and the rest of the GL Honor Guard prevent the destruction of a world and save Soranik Natu at the same time? Learn why no one in the universe messes with Sinestro and lives to tell the tale.&lt;br /&gt;&lt;br /&gt;&lt;b&gt;Collecting&lt;/b&gt;: &lt;i&gt;Green Lantern Corps&lt;/i&gt; 53-57</description>
<authors>
<author>
<id>103318</id>
<name>Tony Bedard</name>
<role>Writer</role>
<image_url nophoto='true'>
<![CDATA[https://s.gr-assets.com/assets/nophoto/user/m_200x266-d279b33f8eec0f27b7272477f09806be.png]]>
</image_url>
<small_image_url nophoto='true'>
<![CDATA[https://s.gr-assets.com/assets/nophoto/user/m_50x66-82093808bca726cb3249a493fbd3bd0f.png]]>
</small_image_url>
<link><![CDATA[https://www.goodreads.com/author/show/103318.Tony_Bedard]]></link>
<average_rating>3.71</average_rating>
<ratings_count>18245</ratings_count>
<text_reviews_count>1367</text_reviews_count>
</author>
</authors>
  <published>2011</published>
</book>


      <book>
  <id type="integer">3321535</id>
  <isbn>1401218636</isbn>
  <isbn13>9781401218638</isbn13>
  <text_reviews_count type="integer">12</text_reviews_count>
  <title>Green Arrow/Black Canary: Road to the Altar</title>
  <title_without_series>Green Arrow/Black Canary: Road to the Altar</title_without_series>
  <image_url>https://s.gr-assets.com/assets/nophoto/book/111x148-bcc042a9c91a29c1d680899eff700a03.png</image_url>
  <small_image_url>https://s.gr-assets.com/assets/nophoto/book/50x75-a91bf249278a81aabab721ef782c4a74.png</small_image_url>
  <large_image_url/>
  <link>https://www.goodreads.com/book/show/3321535-green-arrow-black-canary</link>
  <num_pages>144</num_pages>
  <format>Paperback</format>
  <edition_information/>
  <publisher>DC Comics</publisher>
  <publication_day>5</publication_day>
  <publication_year>2008</publication_year>
  <publication_month>8</publication_month>
  <average_rating>3.79</average_rating>
  <ratings_count>325</ratings_count>
  <description></description>
<authors>
<author>
<id>103318</id>
<name>Tony Bedard</name>
<role></role>
<image_url nophoto='true'>
<![CDATA[https://s.gr-assets.com/assets/nophoto/user/m_200x266-d279b33f8eec0f27b7272477f09806be.png]]>
</image_url>
<small_image_url nophoto='true'>
<![CDATA[https://s.gr-assets.com/assets/nophoto/user/m_50x66-82093808bca726cb3249a493fbd3bd0f.png]]>
</small_image_url>
<link><![CDATA[https://www.goodreads.com/author/show/103318.Tony_Bedard]]></link>
<average_rating>3.71</average_rating>
<ratings_count>18245</ratings_count>
<text_reviews_count>1367</text_reviews_count>
</author>
</authors>
  <published>2008</published>
</book>


      <book>
  <id type="integer">5320748</id>
  <isbn>1401222935</isbn>
  <isbn13>9781401222932</isbn13>
  <text_reviews_count type="integer">9</text_reviews_count>
  <title>Birds of Prey, Vol. 12: Platinum Flats</title>
  <title_without_series>Birds of Prey, Vol. 12: Platinum Flats</title_without_series>
  <image_url>https://images.gr-assets.com/books/1320431426m/5320748.jpg</image_url>
  <small_image_url>https://images.gr-assets.com/books/1320431426s/5320748.jpg</small_image_url>
  <large_image_url/>
  <link>https://www.goodreads.com/book/show/5320748-birds-of-prey-vol-12</link>
  <num_pages>144</num_pages>
  <format>Paperback</format>
  <edition_information/>
  <publisher>DC Comics</publisher>
  <publication_day>4</publication_day>
  <publication_year>2009</publication_year>
  <publication_month>8</publication_month>
  <average_rating>3.75</average_rating>
  <ratings_count>309</ratings_count>
  <description>After an attack by the Joker left former Batgirl Barbara Gordon in a wheelchair, she took on the mantle of Oracle, the premiere computer hacker in the DCU. Now, she kicks tail as the leader of a covert ops team populated by the world's top heroines, including the Huntress and Lady Blackhawk.&lt;br /&gt;&lt;br /&gt;The all-female team hits the road and find a new home in a place called Platinum Flats. But the move brings them into direct conflict with former teammate Black Canary! Then the past comes back to haunt Oracle as Joker makes a deadly move against her squad. Can she find the courage she needs to face the madman?</description>
<authors>
<author>
<id>103318</id>
<name>Tony Bedard</name>
<role></role>
<image_url nophoto='true'>
<![CDATA[https://s.gr-assets.com/assets/nophoto/user/m_200x266-d279b33f8eec0f27b7272477f09806be.png]]>
</image_url>
<small_image_url nophoto='true'>
<![CDATA[https://s.gr-assets.com/assets/nophoto/user/m_50x66-82093808bca726cb3249a493fbd3bd0f.png]]>
</small_image_url>
<link><![CDATA[https://www.goodreads.com/author/show/103318.Tony_Bedard]]></link>
<average_rating>3.71</average_rating>
<ratings_count>18245</ratings_count>
<text_reviews_count>1367</text_reviews_count>
</author>
</authors>
  <published>2009</published>
</book>


      <book>
  <id type="integer">22055264</id>
  <isbn>1401250513</isbn>
  <isbn13>9781401250515</isbn13>
  <text_reviews_count type="integer">40</text_reviews_count>
  <title>Supergirl, Vol. 5: Red Daughter of Krypton</title>
  <title_without_series>Supergirl, Vol. 5: Red Daughter of Krypton</title_without_series>
  <image_url>https://images.gr-assets.com/books/1419179465m/22055264.jpg</image_url>
  <small_image_url>https://images.gr-assets.com/books/1419179465s/22055264.jpg</small_image_url>
  <large_image_url/>
  <link>https://www.goodreads.com/book/show/22055264-supergirl-vol-5</link>
  <num_pages>256</num_pages>
  <format>Paperback</format>
  <edition_information/>
  <publisher>DC Comics</publisher>
  <publication_day>20</publication_day>
  <publication_year>2015</publication_year>
  <publication_month>1</publication_month>
  <average_rating>3.68</average_rating>
  <ratings_count>282</ratings_count>
  <description></description>
<authors>
<author>
<id>103318</id>
<name>Tony Bedard</name>
<role>Writer</role>
<image_url nophoto='true'>
<![CDATA[https://s.gr-assets.com/assets/nophoto/user/m_200x266-d279b33f8eec0f27b7272477f09806be.png]]>
</image_url>
<small_image_url nophoto='true'>
<![CDATA[https://s.gr-assets.com/assets/nophoto/user/m_50x66-82093808bca726cb3249a493fbd3bd0f.png]]>
</small_image_url>
<link><![CDATA[https://www.goodreads.com/author/show/103318.Tony_Bedard]]></link>
<average_rating>3.71</average_rating>
<ratings_count>18245</ratings_count>
<text_reviews_count>1367</text_reviews_count>
</author>
</authors>
  <published>2015</published>
</book>


      <book>
  <id type="integer">12257276</id>
  <isbn>1401233430</isbn>
  <isbn13>9781401233433</isbn13>
  <text_reviews_count type="integer">27</text_reviews_count>
  <title>War of the Green Lanterns: Aftermath</title>
  <title_without_series>War of the Green Lanterns: Aftermath</title_without_series>
  <image_url>https://images.gr-assets.com/books/1328151517m/12257276.jpg</image_url>
  <small_image_url>https://images.gr-assets.com/books/1328151517s/12257276.jpg</small_image_url>
  <large_image_url/>
  <link>https://www.goodreads.com/book/show/12257276-war-of-the-green-lanterns</link>
  <num_pages>208</num_pages>
  <format>Hardcover</format>
  <edition_information/>
  <publisher>DC Comics</publisher>
  <publication_day>24</publication_day>
  <publication_year>2012</publication_year>
  <publication_month>1</publication_month>
  <average_rating>3.40</average_rating>
  <ratings_count>333</ratings_count>
  <description>In the aftermath to &lt;i&gt;War of the Green Lanterns&lt;/i&gt;, The Green Lantern Corps must pull themselves together in order to resume policing the universe. But the Green Lanterns find that doing so is more difficult than they ever imagined.&lt;br /&gt;&lt;br /&gt;&lt;b&gt;Collecting&lt;/b&gt;: &lt;i&gt;War of the Green Lanterns: Aftermath&lt;/i&gt; 1-2, &lt;i&gt;Green Lantern Corps&lt;/i&gt; 61-63, &lt;i&gt;Green Lantern: Emerald Warriors&lt;/i&gt; 11-13</description>
<authors>
<author>
<id>103318</id>
<name>Tony Bedard</name>
<role>Writer</role>
<image_url nophoto='true'>
<![CDATA[https://s.gr-assets.com/assets/nophoto/user/m_200x266-d279b33f8eec0f27b7272477f09806be.png]]>
</image_url>
<small_image_url nophoto='true'>
<![CDATA[https://s.gr-assets.com/assets/nophoto/user/m_50x66-82093808bca726cb3249a493fbd3bd0f.png]]>
</small_image_url>
<link><![CDATA[https://www.goodreads.com/author/show/103318.Tony_Bedard]]></link>
<average_rating>3.71</average_rating>
<ratings_count>18245</ratings_count>
<text_reviews_count>1367</text_reviews_count>
</author>
</authors>
  <published>2012</published>
</book>


    </books>
</author>

</GoodreadsResponse>