<?xml version="1.0" encoding="UTF-8"?>
<GoodreadsResponse>
  <Request>
    <authentication>true</authentication>
      <key><![CDATA[sySok63UyYyWi2Wof1HocA]]></key>
    <method><![CDATA[author_show]]></method>
  </Request>
  <author>
  <id>1036203</id>
  <name>Roger W. Andersen</name>
  <link><![CDATA[https://www.goodreads.com/author/show/1036203.Roger_W_Andersen]]></link>
  <fans_count type="integer">0</fans_count>
  <author_followers_count type="integer">0</author_followers_count>
  <large_image_url><![CDATA[https://s.gr-assets.com/assets/nophoto/user/m_333x500-a9c67bed07ee7e10983a5d5ccc572516.png]]></large_image_url>
  <image_url><![CDATA[https://s.gr-assets.com/assets/nophoto/user/m_200x266-d279b33f8eec0f27b7272477f09806be.png]]></image_url>
  <small_image_url><![CDATA[https://s.gr-assets.com/assets/nophoto/user/m_50x66-82093808bca726cb3249a493fbd3bd0f.png]]></small_image_url>
  <about><![CDATA[Professor Roger W. Andersen, a faculty member since 1979, is a graduate of Knox College (BA), the University of Iowa (JD), and the University of Illinois (LLM). Prior to joining the faculty, Professor Andersen worked in a bank trust department in Michigan, was in private practice in Seattle and taught at Oklahoma City University School of Law. He assumed Emeritus status in December, 2004 and currently teaches Legal Drafting.<br /><br />Professor Andersen has written in the fields of estate planning, disability law, environmental law and real property. He has also published a book for the general public on Disability Planning.]]></about>
  <influences></influences>
  <works_count>6</works_count>
  <gender>male</gender>
  <hometown></hometown>
  <born_at></born_at>
  <died_at></died_at>
  <goodreads_author></goodreads_author>

    <books>
      <book>
  <id type="integer">2303746</id>
  <isbn>0820557269</isbn>
  <isbn13>9780820557267</isbn13>
  <text_reviews_count type="integer">0</text_reviews_count>
  <title>Understanding Trusts and Estates</title>
  <title_without_series>Understanding Trusts and Estates</title_without_series>
  <image_url>https://s.gr-assets.com/assets/nophoto/book/111x148-bcc042a9c91a29c1d680899eff700a03.png</image_url>
  <small_image_url>https://s.gr-assets.com/assets/nophoto/book/50x75-a91bf249278a81aabab721ef782c4a74.png</small_image_url>
  <large_image_url/>
  <link>https://www.goodreads.com/book/show/2303746.Understanding_Trusts_and_Estates</link>
  <num_pages></num_pages>
  <format></format>
  <edition_information/>
  <publisher></publisher>
  <publication_day></publication_day>
  <publication_year></publication_year>
  <publication_month></publication_month>
  <average_rating>3.75</average_rating>
  <ratings_count>4</ratings_count>
  <description></description>
<authors>
<author>
<id>1036203</id>
<name>Roger W. Andersen</name>
<role></role>
<image_url nophoto='true'>
<![CDATA[https://s.gr-assets.com/assets/nophoto/user/m_200x266-d279b33f8eec0f27b7272477f09806be.png]]>
</image_url>
<small_image_url nophoto='true'>
<![CDATA[https://s.gr-assets.com/assets/nophoto/user/m_50x66-82093808bca726cb3249a493fbd3bd0f.png]]>
</small_image_url>
<link><![CDATA[https://www.goodreads.com/author/show/1036203.Roger_W_Andersen]]></link>
<average_rating>3.67</average_rating>
<ratings_count>6</ratings_count>
<text_reviews_count>0</text_reviews_count>
</author>
</authors>
  <published></published>
</book>


      <book>
  <id type="integer">15936432</id>
  <isbn>0769847293</isbn>
  <isbn13>9780769847290</isbn13>
  <text_reviews_count type="integer">0</text_reviews_count>
  <title>Fundamentals of Trusts and Estates</title>
  <title_without_series>Fundamentals of Trusts and Estates</title_without_series>
  <image_url>https://s.gr-assets.com/assets/nophoto/book/111x148-bcc042a9c91a29c1d680899eff700a03.png</image_url>
  <small_image_url>https://s.gr-assets.com/assets/nophoto/book/50x75-a91bf249278a81aabab721ef782c4a74.png</small_image_url>
  <large_image_url/>
  <link>https://www.goodreads.com/book/show/15936432-fundamentals-of-trusts-and-estates</link>
  <num_pages>700</num_pages>
  <format>Hardcover</format>
  <edition_information/>
  <publisher>LexisNexis</publisher>
  <publication_day>30</publication_day>
  <publication_year>2012</publication_year>
  <publication_month>11</publication_month>
  <average_rating>4.00</average_rating>
  <ratings_count>1</ratings_count>
  <description></description>
<authors>
<author>
<id>1036203</id>
<name>Roger W. Andersen</name>
<role></role>
<image_url nophoto='true'>
<![CDATA[https://s.gr-assets.com/assets/nophoto/user/m_200x266-d279b33f8eec0f27b7272477f09806be.png]]>
</image_url>
<small_image_url nophoto='true'>
<![CDATA[https://s.gr-assets.com/assets/nophoto/user/m_50x66-82093808bca726cb3249a493fbd3bd0f.png]]>
</small_image_url>
<link><![CDATA[https://www.goodreads.com/author/show/1036203.Roger_W_Andersen]]></link>
<average_rating>3.67</average_rating>
<ratings_count>6</ratings_count>
<text_reviews_count>0</text_reviews_count>
</author>
</authors>
  <published>2012</published>
</book>


      <book>
  <id type="integer">2362721</id>
  <isbn>0932174418</isbn>
  <isbn13>9780932174413</isbn13>
  <text_reviews_count type="integer">0</text_reviews_count>
  <title>Some Days You're the Pigeon</title>
  <title_without_series>Some Days You're the Pigeon</title_without_series>
  <image_url>https://s.gr-assets.com/assets/nophoto/book/111x148-bcc042a9c91a29c1d680899eff700a03.png</image_url>
  <small_image_url>https://s.gr-assets.com/assets/nophoto/book/50x75-a91bf249278a81aabab721ef782c4a74.png</small_image_url>
  <large_image_url/>
  <link>https://www.goodreads.com/book/show/2362721.Some_Days_You_re_the_Pigeon</link>
  <num_pages></num_pages>
  <format>Paperback</format>
  <edition_information/>
  <publisher>Humor Project</publisher>
  <publication_day>1</publication_day>
  <publication_year>1993</publication_year>
  <publication_month>12</publication_month>
  <average_rating>3.00</average_rating>
  <ratings_count>1</ratings_count>
  <description></description>
<authors>
<author>
<id>1036203</id>
<name>Roger W. Andersen</name>
<role></role>
<image_url nophoto='true'>
<![CDATA[https://s.gr-assets.com/assets/nophoto/user/m_200x266-d279b33f8eec0f27b7272477f09806be.png]]>
</image_url>
<small_image_url nophoto='true'>
<![CDATA[https://s.gr-assets.com/assets/nophoto/user/m_50x66-82093808bca726cb3249a493fbd3bd0f.png]]>
</small_image_url>
<link><![CDATA[https://www.goodreads.com/author/show/1036203.Roger_W_Andersen]]></link>
<average_rating>3.67</average_rating>
<ratings_count>6</ratings_count>
<text_reviews_count>0</text_reviews_count>
</author>
</authors>
  <published>1993</published>
</book>


      <book>
  <id type="integer">14948853</id>
  <isbn>142242698X</isbn>
  <isbn13>9781422426982</isbn13>
  <text_reviews_count type="integer">0</text_reviews_count>
  <title>Skills &amp; Values: Trusts and Estates</title>
  <title_without_series>Skills &amp; Values: Trusts and Estates</title_without_series>
  <image_url>https://s.gr-assets.com/assets/nophoto/book/111x148-bcc042a9c91a29c1d680899eff700a03.png</image_url>
  <small_image_url>https://s.gr-assets.com/assets/nophoto/book/50x75-a91bf249278a81aabab721ef782c4a74.png</small_image_url>
  <large_image_url/>
  <link>https://www.goodreads.com/book/show/14948853-skills-values</link>
  <num_pages>142</num_pages>
  <format>Hardcover</format>
  <edition_information/>
  <publisher>LexisNexis/Matthew Bender</publisher>
  <publication_day>1</publication_day>
  <publication_year>2009</publication_year>
  <publication_month>1</publication_month>
  <average_rating>0.0</average_rating>
  <ratings_count>0</ratings_count>
  <description></description>
<authors>
<author>
<id>1036203</id>
<name>Roger W. Andersen</name>
<role></role>
<image_url nophoto='true'>
<![CDATA[https://s.gr-assets.com/assets/nophoto/user/m_200x266-d279b33f8eec0f27b7272477f09806be.png]]>
</image_url>
<small_image_url nophoto='true'>
<![CDATA[https://s.gr-assets.com/assets/nophoto/user/m_50x66-82093808bca726cb3249a493fbd3bd0f.png]]>
</small_image_url>
<link><![CDATA[https://www.goodreads.com/author/show/1036203.Roger_W_Andersen]]></link>
<average_rating>3.67</average_rating>
<ratings_count>6</ratings_count>
<text_reviews_count>0</text_reviews_count>
</author>
</authors>
  <published>2009</published>
</book>


      <book>
  <id type="integer">4237329</id>
  <isbn>1410764869</isbn>
  <isbn13>9781410764867</isbn13>
  <text_reviews_count type="integer">0</text_reviews_count>
  <title>Plan While You Can: Legal Solutions for Facing Disability</title>
  <title_without_series>Plan While You Can: Legal Solutions for Facing Disability</title_without_series>
  <image_url>https://s.gr-assets.com/assets/nophoto/book/111x148-bcc042a9c91a29c1d680899eff700a03.png</image_url>
  <small_image_url>https://s.gr-assets.com/assets/nophoto/book/50x75-a91bf249278a81aabab721ef782c4a74.png</small_image_url>
  <large_image_url/>
  <link>https://www.goodreads.com/book/show/4237329-plan-while-you-can</link>
  <num_pages></num_pages>
  <format></format>
  <edition_information/>
  <publisher></publisher>
  <publication_day></publication_day>
  <publication_year></publication_year>
  <publication_month></publication_month>
  <average_rating>0.0</average_rating>
  <ratings_count>0</ratings_count>
  <description></description>
<authors>
<author>
<id>1036203</id>
<name>Roger W. Andersen</name>
<role></role>
<image_url nophoto='true'>
<![CDATA[https://s.gr-assets.com/assets/nophoto/user/m_200x266-d279b33f8eec0f27b7272477f09806be.png]]>
</image_url>
<small_image_url nophoto='true'>
<![CDATA[https://s.gr-assets.com/assets/nophoto/user/m_50x66-82093808bca726cb3249a493fbd3bd0f.png]]>
</small_image_url>
<link><![CDATA[https://www.goodreads.com/author/show/1036203.Roger_W_Andersen]]></link>
<average_rating>3.67</average_rating>
<ratings_count>6</ratings_count>
<text_reviews_count>0</text_reviews_count>
</author>
</authors>
  <published></published>
</book>


      <book>
  <id type="integer">4237327</id>
  <isbn>0586085130</isbn>
  <isbn13>9780586085134</isbn13>
  <text_reviews_count type="integer">0</text_reviews_count>
  <title>The Power And The Word: Language, Power And Change</title>
  <title_without_series>The Power And The Word: Language, Power And Change</title_without_series>
  <image_url>https://images.gr-assets.com/books/1307024121m/4237327.jpg</image_url>
  <small_image_url>https://images.gr-assets.com/books/1307024121s/4237327.jpg</small_image_url>
  <large_image_url/>
  <link>https://www.goodreads.com/book/show/4237327-the-power-and-the-word</link>
  <num_pages></num_pages>
  <format></format>
  <edition_information/>
  <publisher></publisher>
  <publication_day></publication_day>
  <publication_year></publication_year>
  <publication_month></publication_month>
  <average_rating>0.0</average_rating>
  <ratings_count>0</ratings_count>
  <description>In recent years the relatively new disciplines of ethnography, psycho- and socio-linguistics have muschroomed, and many language-related studies have been published. The previously dominant structural approach based on Chomsky's transformational grammar has given way to a more interactive view which examines language in its social and cultural contexts.&lt;br /&gt;&lt;br /&gt;&lt;b&gt;The Power and the Word&lt;/b&gt; embraces the latter view, studying the relation of language to power and change in society. Following a detailed examination of current theories of the origins of language, the author goes on to look at the role of language in a variety of social contexts: the official language of law and bureaucracy, the use of jargon, styles of persuasion in the media and propaganda, class usage, and the relation between language and gender.&lt;br /&gt;&lt;br /&gt;In conclusion the book examines the role of the individual in drawing attention through language to a range of problems and conflicts in society and thus, perhaps, opening the way to change.</description>
<authors>
<author>
<id>1036203</id>
<name>Roger W. Andersen</name>
<role></role>
<image_url nophoto='true'>
<![CDATA[https://s.gr-assets.com/assets/nophoto/user/m_200x266-d279b33f8eec0f27b7272477f09806be.png]]>
</image_url>
<small_image_url nophoto='true'>
<![CDATA[https://s.gr-assets.com/assets/nophoto/user/m_50x66-82093808bca726cb3249a493fbd3bd0f.png]]>
</small_image_url>
<link><![CDATA[https://www.goodreads.com/author/show/1036203.Roger_W_Andersen]]></link>
<average_rating>3.67</average_rating>
<ratings_count>6</ratings_count>
<text_reviews_count>0</text_reviews_count>
</author>
</authors>
  <published></published>
</book>


    </books>
</author>

</GoodreadsResponse>