<?xml version="1.0" encoding="UTF-8"?>
<GoodreadsResponse>
  <Request>
    <authentication>true</authentication>
      <key><![CDATA[sySok63UyYyWi2Wof1HocA]]></key>
    <method><![CDATA[author_show]]></method>
  </Request>
  <author>
  <id>104018</id>
  <name>Jay A. Parry</name>
  <link><![CDATA[https://www.goodreads.com/author/show/104018.Jay_A_Parry]]></link>
  <fans_count type="integer">5</fans_count>
  <author_followers_count type="integer">5</author_followers_count>
  <large_image_url><![CDATA[https://s.gr-assets.com/assets/nophoto/user/m_333x500-a9c67bed07ee7e10983a5d5ccc572516.png]]></large_image_url>
  <image_url><![CDATA[https://s.gr-assets.com/assets/nophoto/user/m_200x266-d279b33f8eec0f27b7272477f09806be.png]]></image_url>
  <small_image_url><![CDATA[https://s.gr-assets.com/assets/nophoto/user/m_50x66-82093808bca726cb3249a493fbd3bd0f.png]]></small_image_url>
  <about></about>
  <influences></influences>
  <works_count>53</works_count>
  <gender>male</gender>
  <hometown></hometown>
  <born_at></born_at>
  <died_at></died_at>
  <goodreads_author>true</goodreads_author>
    <user>
  <id type="integer">3780582</id>
</user>


    <books>
      <book>
  <id type="integer">178578</id>
  <isbn>0880800143</isbn>
  <isbn13>9780880800143</isbn13>
  <text_reviews_count type="integer">161</text_reviews_count>
  <title>The Real George Washington</title>
  <title_without_series>The Real George Washington</title_without_series>
  <image_url>https://images.gr-assets.com/books/1319153614m/178578.jpg</image_url>
  <small_image_url>https://images.gr-assets.com/books/1319153614s/178578.jpg</small_image_url>
  <large_image_url/>
  <link>https://www.goodreads.com/book/show/178578.The_Real_George_Washington</link>
  <num_pages>928</num_pages>
  <format>Paperback</format>
  <edition_information/>
  <publisher>National Center for Constitutional Studies</publisher>
  <publication_day>1</publication_day>
  <publication_year>1991</publication_year>
  <publication_month>12</publication_month>
  <average_rating>4.38</average_rating>
  <ratings_count>1501</ratings_count>
  <description></description>
<authors>
<author>
<id>104018</id>
<name>Jay A. Parry</name>
<role></role>
<image_url nophoto='true'>
<![CDATA[https://s.gr-assets.com/assets/nophoto/user/m_200x266-d279b33f8eec0f27b7272477f09806be.png]]>
</image_url>
<small_image_url nophoto='true'>
<![CDATA[https://s.gr-assets.com/assets/nophoto/user/m_50x66-82093808bca726cb3249a493fbd3bd0f.png]]>
</small_image_url>
<link><![CDATA[https://www.goodreads.com/author/show/104018.Jay_A_Parry]]></link>
<average_rating>4.29</average_rating>
<ratings_count>2168</ratings_count>
<text_reviews_count>293</text_reviews_count>
</author>
</authors>
  <published>1991</published>
</book>


      <book>
  <id type="integer">2465520</id>
  <isbn>1590387627</isbn>
  <isbn13>9781590387627</isbn13>
  <text_reviews_count type="integer">7</text_reviews_count>
  <title>Understanding the Book of Revelation</title>
  <title_without_series>Understanding the Book of Revelation</title_without_series>
  <image_url>https://s.gr-assets.com/assets/nophoto/book/111x148-bcc042a9c91a29c1d680899eff700a03.png</image_url>
  <small_image_url>https://s.gr-assets.com/assets/nophoto/book/50x75-a91bf249278a81aabab721ef782c4a74.png</small_image_url>
  <large_image_url/>
  <link>https://www.goodreads.com/book/show/2465520.Understanding_the_Book_of_Revelation</link>
  <num_pages></num_pages>
  <format></format>
  <edition_information/>
  <publisher></publisher>
  <publication_day></publication_day>
  <publication_year></publication_year>
  <publication_month></publication_month>
  <average_rating>4.06</average_rating>
  <ratings_count>66</ratings_count>
  <description></description>
<authors>
<author>
<id>104018</id>
<name>Jay A. Parry</name>
<role></role>
<image_url nophoto='true'>
<![CDATA[https://s.gr-assets.com/assets/nophoto/user/m_200x266-d279b33f8eec0f27b7272477f09806be.png]]>
</image_url>
<small_image_url nophoto='true'>
<![CDATA[https://s.gr-assets.com/assets/nophoto/user/m_50x66-82093808bca726cb3249a493fbd3bd0f.png]]>
</small_image_url>
<link><![CDATA[https://www.goodreads.com/author/show/104018.Jay_A_Parry]]></link>
<average_rating>4.29</average_rating>
<ratings_count>2168</ratings_count>
<text_reviews_count>293</text_reviews_count>
</author>
</authors>
  <published></published>
</book>


      <book>
  <id type="integer">2074030</id>
  <isbn>1590386264</isbn>
  <isbn13>9781590386262</isbn13>
  <text_reviews_count type="integer">8</text_reviews_count>
  <title>Understanding the Parables of Jesus Christ</title>
  <title_without_series>Understanding the Parables of Jesus Christ</title_without_series>
  <image_url>https://s.gr-assets.com/assets/nophoto/book/111x148-bcc042a9c91a29c1d680899eff700a03.png</image_url>
  <small_image_url>https://s.gr-assets.com/assets/nophoto/book/50x75-a91bf249278a81aabab721ef782c4a74.png</small_image_url>
  <large_image_url/>
  <link>https://www.goodreads.com/book/show/2074030.Understanding_the_Parables_of_Jesus_Christ</link>
  <num_pages></num_pages>
  <format></format>
  <edition_information/>
  <publisher></publisher>
  <publication_day></publication_day>
  <publication_year></publication_year>
  <publication_month></publication_month>
  <average_rating>4.32</average_rating>
  <ratings_count>37</ratings_count>
  <description></description>
<authors>
<author>
<id>104018</id>
<name>Jay A. Parry</name>
<role></role>
<image_url nophoto='true'>
<![CDATA[https://s.gr-assets.com/assets/nophoto/user/m_200x266-d279b33f8eec0f27b7272477f09806be.png]]>
</image_url>
<small_image_url nophoto='true'>
<![CDATA[https://s.gr-assets.com/assets/nophoto/user/m_50x66-82093808bca726cb3249a493fbd3bd0f.png]]>
</small_image_url>
<link><![CDATA[https://www.goodreads.com/author/show/104018.Jay_A_Parry]]></link>
<average_rating>4.29</average_rating>
<ratings_count>2168</ratings_count>
<text_reviews_count>293</text_reviews_count>
</author>
</authors>
  <published></published>
</book>


      <book>
  <id type="integer">1757941</id>
  <isbn>1573455741</isbn>
  <isbn13>9781573455749</isbn13>
  <text_reviews_count type="integer">2</text_reviews_count>
  <title>Best-Loved Stories Of The LDS People</title>
  <title_without_series>Best-Loved Stories Of The LDS People</title_without_series>
  <image_url>https://s.gr-assets.com/assets/nophoto/book/111x148-bcc042a9c91a29c1d680899eff700a03.png</image_url>
  <small_image_url>https://s.gr-assets.com/assets/nophoto/book/50x75-a91bf249278a81aabab721ef782c4a74.png</small_image_url>
  <large_image_url/>
  <link>https://www.goodreads.com/book/show/1757941.Best_Loved_Stories_Of_The_LDS_People</link>
  <num_pages></num_pages>
  <format></format>
  <edition_information/>
  <publisher></publisher>
  <publication_day></publication_day>
  <publication_year></publication_year>
  <publication_month></publication_month>
  <average_rating>4.00</average_rating>
  <ratings_count>49</ratings_count>
  <description></description>
<authors>
<author>
<id>104018</id>
<name>Jay A. Parry</name>
<role>Editor</role>
<image_url nophoto='true'>
<![CDATA[https://s.gr-assets.com/assets/nophoto/user/m_200x266-d279b33f8eec0f27b7272477f09806be.png]]>
</image_url>
<small_image_url nophoto='true'>
<![CDATA[https://s.gr-assets.com/assets/nophoto/user/m_50x66-82093808bca726cb3249a493fbd3bd0f.png]]>
</small_image_url>
<link><![CDATA[https://www.goodreads.com/author/show/104018.Jay_A_Parry]]></link>
<average_rating>4.29</average_rating>
<ratings_count>2168</ratings_count>
<text_reviews_count>293</text_reviews_count>
</author>
</authors>
  <published></published>
</book>


      <book>
  <id type="integer">1351106</id>
  <isbn nil="true"/>
  <isbn13 nil="true"/>
  <text_reviews_count type="integer">1</text_reviews_count>
  <title>Best-Loved Humor of the LDS People</title>
  <title_without_series>Best-Loved Humor of the LDS People</title_without_series>
  <image_url>https://s.gr-assets.com/assets/nophoto/book/111x148-bcc042a9c91a29c1d680899eff700a03.png</image_url>
  <small_image_url>https://s.gr-assets.com/assets/nophoto/book/50x75-a91bf249278a81aabab721ef782c4a74.png</small_image_url>
  <large_image_url/>
  <link>https://www.goodreads.com/book/show/1351106.Best_Loved_Humor_of_the_LDS_People</link>
  <num_pages/>
  <format>Paperback</format>
  <edition_information/>
  <publisher>Deseret Book Company</publisher>
  <publication_day/>
  <publication_year/>
  <publication_month/>
  <average_rating>3.56</average_rating>
  <ratings_count>34</ratings_count>
  <description></description>
<authors>
<author>
<id>104018</id>
<name>Jay A. Parry</name>
<role></role>
<image_url nophoto='true'>
<![CDATA[https://s.gr-assets.com/assets/nophoto/user/m_200x266-d279b33f8eec0f27b7272477f09806be.png]]>
</image_url>
<small_image_url nophoto='true'>
<![CDATA[https://s.gr-assets.com/assets/nophoto/user/m_50x66-82093808bca726cb3249a493fbd3bd0f.png]]>
</small_image_url>
<link><![CDATA[https://www.goodreads.com/author/show/104018.Jay_A_Parry]]></link>
<average_rating>4.29</average_rating>
<ratings_count>2168</ratings_count>
<text_reviews_count>293</text_reviews_count>
</author>
</authors>
  <published/>
</book>


      <book>
  <id type="integer">455582</id>
  <isbn>159038444X</isbn>
  <isbn13>9781590384442</isbn13>
  <text_reviews_count type="integer">7</text_reviews_count>
  <title>The 12 Purposes of Life: A Down-To-Earth Guide for the Mortal Traveler</title>
  <title_without_series>The 12 Purposes of Life: A Down-To-Earth Guide for the Mortal Traveler</title_without_series>
  <image_url>https://s.gr-assets.com/assets/nophoto/book/111x148-bcc042a9c91a29c1d680899eff700a03.png</image_url>
  <small_image_url>https://s.gr-assets.com/assets/nophoto/book/50x75-a91bf249278a81aabab721ef782c4a74.png</small_image_url>
  <large_image_url/>
  <link>https://www.goodreads.com/book/show/455582.The_12_Purposes_of_Life</link>
  <num_pages>279</num_pages>
  <format></format>
  <edition_information/>
  <publisher></publisher>
  <publication_day></publication_day>
  <publication_year></publication_year>
  <publication_month></publication_month>
  <average_rating>3.72</average_rating>
  <ratings_count>25</ratings_count>
  <description></description>
<authors>
<author>
<id>104018</id>
<name>Jay A. Parry</name>
<role></role>
<image_url nophoto='true'>
<![CDATA[https://s.gr-assets.com/assets/nophoto/user/m_200x266-d279b33f8eec0f27b7272477f09806be.png]]>
</image_url>
<small_image_url nophoto='true'>
<![CDATA[https://s.gr-assets.com/assets/nophoto/user/m_50x66-82093808bca726cb3249a493fbd3bd0f.png]]>
</small_image_url>
<link><![CDATA[https://www.goodreads.com/author/show/104018.Jay_A_Parry]]></link>
<average_rating>4.29</average_rating>
<ratings_count>2168</ratings_count>
<text_reviews_count>293</text_reviews_count>
</author>
</authors>
  <published></published>
</book>


      <book>
  <id type="integer">1952285</id>
  <isbn>1570087776</isbn>
  <isbn13>9781570087776</isbn13>
  <text_reviews_count type="integer">3</text_reviews_count>
  <title>Everyday Miracles</title>
  <title_without_series>Everyday Miracles</title_without_series>
  <image_url>https://images.gr-assets.com/books/1386832843m/1952285.jpg</image_url>
  <small_image_url>https://images.gr-assets.com/books/1386832843s/1952285.jpg</small_image_url>
  <large_image_url/>
  <link>https://www.goodreads.com/book/show/1952285.Everyday_Miracles</link>
  <num_pages></num_pages>
  <format></format>
  <edition_information/>
  <publisher></publisher>
  <publication_day></publication_day>
  <publication_year></publication_year>
  <publication_month></publication_month>
  <average_rating>3.83</average_rating>
  <ratings_count>24</ratings_count>
  <description>God grants to us, His children, special blessings to help us face, and conquer, the challenges of mortal life. Everyday Miracles is a collection of inspirational stories that represent the kind of miracles that occur daily in our lives. There are true stories of spiritual promptings, warnings and protection, strengthening and healing, solace and sustenance. Each story offers a message of hope and encouragement that will help the reader to cope with difficulties and discouragement, as well as reach out to others with an understanding heart. This wonderful book is undeniable evidence that miracles have not ceased and that God is aware of our daily lives, gently reminding us that He is near and that He loves us.</description>
<authors>
<author>
<id>104018</id>
<name>Jay A. Parry</name>
<role></role>
<image_url nophoto='true'>
<![CDATA[https://s.gr-assets.com/assets/nophoto/user/m_200x266-d279b33f8eec0f27b7272477f09806be.png]]>
</image_url>
<small_image_url nophoto='true'>
<![CDATA[https://s.gr-assets.com/assets/nophoto/user/m_50x66-82093808bca726cb3249a493fbd3bd0f.png]]>
</small_image_url>
<link><![CDATA[https://www.goodreads.com/author/show/104018.Jay_A_Parry]]></link>
<average_rating>4.29</average_rating>
<ratings_count>2168</ratings_count>
<text_reviews_count>293</text_reviews_count>
</author>
</authors>
  <published></published>
</book>


      <book>
  <id type="integer">1945809</id>
  <isbn>1570088268</isbn>
  <isbn13>9781570088261</isbn13>
  <text_reviews_count type="integer">4</text_reviews_count>
  <title>Understanding Death and the Resurrection</title>
  <title_without_series>Understanding Death and the Resurrection</title_without_series>
  <image_url>https://s.gr-assets.com/assets/nophoto/book/111x148-bcc042a9c91a29c1d680899eff700a03.png</image_url>
  <small_image_url>https://s.gr-assets.com/assets/nophoto/book/50x75-a91bf249278a81aabab721ef782c4a74.png</small_image_url>
  <large_image_url/>
  <link>https://www.goodreads.com/book/show/1945809.Understanding_Death_and_the_Resurrection</link>
  <num_pages>387</num_pages>
  <format>Hardcover</format>
  <edition_information/>
  <publisher>Shadow Mountain</publisher>
  <publication_day>14</publication_day>
  <publication_year>2003</publication_year>
  <publication_month>11</publication_month>
  <average_rating>4.14</average_rating>
  <ratings_count>21</ratings_count>
  <description></description>
<authors>
<author>
<id>104018</id>
<name>Jay A. Parry</name>
<role></role>
<image_url nophoto='true'>
<![CDATA[https://s.gr-assets.com/assets/nophoto/user/m_200x266-d279b33f8eec0f27b7272477f09806be.png]]>
</image_url>
<small_image_url nophoto='true'>
<![CDATA[https://s.gr-assets.com/assets/nophoto/user/m_50x66-82093808bca726cb3249a493fbd3bd0f.png]]>
</small_image_url>
<link><![CDATA[https://www.goodreads.com/author/show/104018.Jay_A_Parry]]></link>
<average_rating>4.29</average_rating>
<ratings_count>2168</ratings_count>
<text_reviews_count>293</text_reviews_count>
</author>
</authors>
  <published>2003</published>
</book>


      <book>
  <id type="integer">1570560</id>
  <isbn>1570089825</isbn>
  <isbn13>9781570089824</isbn13>
  <text_reviews_count type="integer">6</text_reviews_count>
  <title>Everyday Answers: True Stories about God's Presence in Our Lives</title>
  <title_without_series>Everyday Answers: True Stories about God's Presence in Our Lives</title_without_series>
  <image_url>https://s.gr-assets.com/assets/nophoto/book/111x148-bcc042a9c91a29c1d680899eff700a03.png</image_url>
  <small_image_url>https://s.gr-assets.com/assets/nophoto/book/50x75-a91bf249278a81aabab721ef782c4a74.png</small_image_url>
  <large_image_url/>
  <link>https://www.goodreads.com/book/show/1570560.Everyday_Answers</link>
  <num_pages>246</num_pages>
  <format>Paperback</format>
  <edition_information/>
  <publisher>Shadow Mountain</publisher>
  <publication_day>1</publication_day>
  <publication_year>2003</publication_year>
  <publication_month>1</publication_month>
  <average_rating>4.62</average_rating>
  <ratings_count>16</ratings_count>
  <description></description>
<authors>
<author>
<id>104018</id>
<name>Jay A. Parry</name>
<role>Contributor</role>
<image_url nophoto='true'>
<![CDATA[https://s.gr-assets.com/assets/nophoto/user/m_200x266-d279b33f8eec0f27b7272477f09806be.png]]>
</image_url>
<small_image_url nophoto='true'>
<![CDATA[https://s.gr-assets.com/assets/nophoto/user/m_50x66-82093808bca726cb3249a493fbd3bd0f.png]]>
</small_image_url>
<link><![CDATA[https://www.goodreads.com/author/show/104018.Jay_A_Parry]]></link>
<average_rating>4.29</average_rating>
<ratings_count>2168</ratings_count>
<text_reviews_count>293</text_reviews_count>
</author>
</authors>
  <published>2003</published>
</book>


      <book>
  <id type="integer">668175</id>
  <isbn>1570088551</isbn>
  <isbn13>9781570088551</isbn13>
  <text_reviews_count type="integer">4</text_reviews_count>
  <title>Everyday Heroes: True Stories of Ordinary People Who Made a Difference</title>
  <title_without_series>Everyday Heroes: True Stories of Ordinary People Who Made a Difference</title_without_series>
  <image_url>https://images.gr-assets.com/books/1290111972m/668175.jpg</image_url>
  <small_image_url>https://images.gr-assets.com/books/1290111972s/668175.jpg</small_image_url>
  <large_image_url/>
  <link>https://www.goodreads.com/book/show/668175.Everyday_Heroes</link>
  <num_pages>207</num_pages>
  <format>Unknown Binding</format>
  <edition_information/>
  <publisher>Eagle Gate Publishers</publisher>
  <publication_day>1</publication_day>
  <publication_year>2002</publication_year>
  <publication_month>1</publication_month>
  <average_rating>4.36</average_rating>
  <ratings_count>11</ratings_count>
  <description></description>
<authors>
<author>
<id>104018</id>
<name>Jay A. Parry</name>
<role></role>
<image_url nophoto='true'>
<![CDATA[https://s.gr-assets.com/assets/nophoto/user/m_200x266-d279b33f8eec0f27b7272477f09806be.png]]>
</image_url>
<small_image_url nophoto='true'>
<![CDATA[https://s.gr-assets.com/assets/nophoto/user/m_50x66-82093808bca726cb3249a493fbd3bd0f.png]]>
</small_image_url>
<link><![CDATA[https://www.goodreads.com/author/show/104018.Jay_A_Parry]]></link>
<average_rating>4.29</average_rating>
<ratings_count>2168</ratings_count>
<text_reviews_count>293</text_reviews_count>
</author>
</authors>
  <published>2002</published>
</book>


    </books>
</author>

</GoodreadsResponse>