<?xml version="1.0" encoding="UTF-8"?>
<GoodreadsResponse>
  <Request>
    <authentication>true</authentication>
      <key><![CDATA[sySok63UyYyWi2Wof1HocA]]></key>
    <method><![CDATA[author_show]]></method>
  </Request>
  <author>
  <id>1070959</id>
  <name>Vincent Eri</name>
  <link><![CDATA[https://www.goodreads.com/author/show/1070959.Vincent_Eri]]></link>
  <fans_count type="integer">1</fans_count>
  <author_followers_count type="integer">1</author_followers_count>
  <large_image_url><![CDATA[https://s.gr-assets.com/assets/nophoto/user/m_333x500-a9c67bed07ee7e10983a5d5ccc572516.png]]></large_image_url>
  <image_url><![CDATA[https://s.gr-assets.com/assets/nophoto/user/m_200x266-d279b33f8eec0f27b7272477f09806be.png]]></image_url>
  <small_image_url><![CDATA[https://s.gr-assets.com/assets/nophoto/user/m_50x66-82093808bca726cb3249a493fbd3bd0f.png]]></small_image_url>
  <about>Sir Vincent Serei Eri</about>
  <influences></influences>
  <works_count>1</works_count>
  <gender>male</gender>
  <hometown>Moveave</hometown>
  <born_at>1936/09/12</born_at>
  <died_at>1993/05/25</died_at>
  <goodreads_author></goodreads_author>

    <books>
      <book>
  <id type="integer">2397104</id>
  <isbn>070168125X</isbn>
  <isbn13>9780701681258</isbn13>
  <text_reviews_count type="integer">4</text_reviews_count>
  <title>The Crocodile</title>
  <title_without_series>The Crocodile</title_without_series>
  <image_url>https://images.gr-assets.com/books/1277646678m/2397104.jpg</image_url>
  <small_image_url>https://images.gr-assets.com/books/1277646678s/2397104.jpg</small_image_url>
  <large_image_url/>
  <link>https://www.goodreads.com/book/show/2397104.The_Crocodile</link>
  <num_pages>178</num_pages>
  <format></format>
  <edition_information/>
  <publisher>Jacaranda Press</publisher>
  <publication_day/>
  <publication_year>1970</publication_year>
  <publication_month/>
  <average_rating>3.50</average_rating>
  <ratings_count>20</ratings_count>
  <description></description>
<authors>
<author>
<id>1070959</id>
<name>Vincent Eri</name>
<role></role>
<image_url nophoto='true'>
<![CDATA[https://s.gr-assets.com/assets/nophoto/user/m_200x266-d279b33f8eec0f27b7272477f09806be.png]]>
</image_url>
<small_image_url nophoto='true'>
<![CDATA[https://s.gr-assets.com/assets/nophoto/user/m_50x66-82093808bca726cb3249a493fbd3bd0f.png]]>
</small_image_url>
<link><![CDATA[https://www.goodreads.com/author/show/1070959.Vincent_Eri]]></link>
<average_rating>3.50</average_rating>
<ratings_count>20</ratings_count>
<text_reviews_count>5</text_reviews_count>
</author>
</authors>
  <published>1970</published>
</book>


    </books>
</author>

</GoodreadsResponse>