<?xml version="1.0" encoding="UTF-8"?>
<GoodreadsResponse>
  <Request>
    <authentication>true</authentication>
      <key><![CDATA[sySok63UyYyWi2Wof1HocA]]></key>
    <method><![CDATA[author_show]]></method>
  </Request>
  <author>
  <id>1071828</id>
  <name>Charles A. Frazee</name>
  <link><![CDATA[https://www.goodreads.com/author/show/1071828.Charles_A_Frazee]]></link>
  <fans_count type="integer">0</fans_count>
  <author_followers_count type="integer">0</author_followers_count>
  <large_image_url><![CDATA[https://s.gr-assets.com/assets/nophoto/user/m_333x500-a9c67bed07ee7e10983a5d5ccc572516.png]]></large_image_url>
  <image_url><![CDATA[https://s.gr-assets.com/assets/nophoto/user/m_200x266-d279b33f8eec0f27b7272477f09806be.png]]></image_url>
  <small_image_url><![CDATA[https://s.gr-assets.com/assets/nophoto/user/m_50x66-82093808bca726cb3249a493fbd3bd0f.png]]></small_image_url>
  <about></about>
  <influences></influences>
  <works_count>9</works_count>
  <gender>male</gender>
  <hometown></hometown>
  <born_at></born_at>
  <died_at></died_at>
  <goodreads_author></goodreads_author>

    <books>
      <book>
  <id type="integer">2399341</id>
  <isbn>0802848052</isbn>
  <isbn13>9780802848055</isbn13>
  <text_reviews_count type="integer">3</text_reviews_count>
  <title>Two Thousand Years Ago: The World at the Time of Jesus</title>
  <title_without_series>Two Thousand Years Ago: The World at the Time of Jesus</title_without_series>
  <image_url>https://s.gr-assets.com/assets/nophoto/book/111x148-bcc042a9c91a29c1d680899eff700a03.png</image_url>
  <small_image_url>https://s.gr-assets.com/assets/nophoto/book/50x75-a91bf249278a81aabab721ef782c4a74.png</small_image_url>
  <large_image_url/>
  <link>https://www.goodreads.com/book/show/2399341.Two_Thousand_Years_Ago</link>
  <num_pages>248</num_pages>
  <format>Hardcover</format>
  <edition_information/>
  <publisher>William B. Eerdmans Publishing Company</publisher>
  <publication_day>6</publication_day>
  <publication_year>2002</publication_year>
  <publication_month>11</publication_month>
  <average_rating>3.53</average_rating>
  <ratings_count>17</ratings_count>
  <description>This text for the general reader provides a broad overview of what life was like in places all around the world during the first century. Each of 15 chapters is devoted to a particular region, providing a short background of its history and culture at the time that Jesus lived. The volume is illustr</description>
<authors>
<author>
<id>1071828</id>
<name>Charles A. Frazee</name>
<role></role>
<image_url nophoto='true'>
<![CDATA[https://s.gr-assets.com/assets/nophoto/user/m_200x266-d279b33f8eec0f27b7272477f09806be.png]]>
</image_url>
<small_image_url nophoto='true'>
<![CDATA[https://s.gr-assets.com/assets/nophoto/user/m_50x66-82093808bca726cb3249a493fbd3bd0f.png]]>
</small_image_url>
<link><![CDATA[https://www.goodreads.com/author/show/1071828.Charles_A_Frazee]]></link>
<average_rating>3.40</average_rating>
<ratings_count>43</ratings_count>
<text_reviews_count>5</text_reviews_count>
</author>
</authors>
  <published>2002</published>
</book>


      <book>
  <id type="integer">2828120</id>
  <isbn>0812097653</isbn>
  <isbn13>9780812097658</isbn13>
  <text_reviews_count type="integer">1</text_reviews_count>
  <title>World History the Easy Way Volume One</title>
  <title_without_series>World History the Easy Way Volume One</title_without_series>
  <image_url>https://s.gr-assets.com/assets/nophoto/book/111x148-bcc042a9c91a29c1d680899eff700a03.png</image_url>
  <small_image_url>https://s.gr-assets.com/assets/nophoto/book/50x75-a91bf249278a81aabab721ef782c4a74.png</small_image_url>
  <large_image_url/>
  <link>https://www.goodreads.com/book/show/2828120-world-history-the-easy-way-volume-one</link>
  <num_pages>512</num_pages>
  <format>Paperback</format>
  <edition_information/>
  <publisher>Barron's Educational Series</publisher>
  <publication_day>1</publication_day>
  <publication_year>1997</publication_year>
  <publication_month>8</publication_month>
  <average_rating>3.09</average_rating>
  <ratings_count>11</ratings_count>
  <description>This volume offers a survey and overview of world history, starting with the earliest-known human settlements and concluding in 1500--the early years of Europe's Renaissance, and in the Americas, the era of the Aztec and Inca empires. Following a summary of prehistoric cultures, the author covers the civilizations of the Fertile Crescent, ancient Egypt, civilization in the Indus and Yellow River valleys, early Mediterranean cultures, India's classical age, the rise of China's dynasties, classical Greek and Roman civilizations, the Islamic world, African kingdoms of the first millenium, Europe's middle ages, the Holy Roman Empire, the Crusaders and their clash with Turks, the Mongol invasion, and the humanism of the early European Renaissance</description>
<authors>
<author>
<id>1071828</id>
<name>Charles A. Frazee</name>
<role></role>
<image_url nophoto='true'>
<![CDATA[https://s.gr-assets.com/assets/nophoto/user/m_200x266-d279b33f8eec0f27b7272477f09806be.png]]>
</image_url>
<small_image_url nophoto='true'>
<![CDATA[https://s.gr-assets.com/assets/nophoto/user/m_50x66-82093808bca726cb3249a493fbd3bd0f.png]]>
</small_image_url>
<link><![CDATA[https://www.goodreads.com/author/show/1071828.Charles_A_Frazee]]></link>
<average_rating>3.40</average_rating>
<ratings_count>43</ratings_count>
<text_reviews_count>5</text_reviews_count>
</author>
</authors>
  <published>1997</published>
</book>


      <book>
  <id type="integer">3300839</id>
  <isbn>0812097661</isbn>
  <isbn13>9780812097665</isbn13>
  <text_reviews_count type="integer">1</text_reviews_count>
  <title>World History the Easy Way Volume Two</title>
  <title_without_series>World History the Easy Way Volume Two</title_without_series>
  <image_url>https://s.gr-assets.com/assets/nophoto/book/111x148-bcc042a9c91a29c1d680899eff700a03.png</image_url>
  <small_image_url>https://s.gr-assets.com/assets/nophoto/book/50x75-a91bf249278a81aabab721ef782c4a74.png</small_image_url>
  <large_image_url/>
  <link>https://www.goodreads.com/book/show/3300839-world-history-the-easy-way-volume-two</link>
  <num_pages></num_pages>
  <format></format>
  <edition_information/>
  <publisher></publisher>
  <publication_day></publication_day>
  <publication_year></publication_year>
  <publication_month></publication_month>
  <average_rating>2.75</average_rating>
  <ratings_count>8</ratings_count>
  <description></description>
<authors>
<author>
<id>1071828</id>
<name>Charles A. Frazee</name>
<role></role>
<image_url nophoto='true'>
<![CDATA[https://s.gr-assets.com/assets/nophoto/user/m_200x266-d279b33f8eec0f27b7272477f09806be.png]]>
</image_url>
<small_image_url nophoto='true'>
<![CDATA[https://s.gr-assets.com/assets/nophoto/user/m_50x66-82093808bca726cb3249a493fbd3bd0f.png]]>
</small_image_url>
<link><![CDATA[https://www.goodreads.com/author/show/1071828.Charles_A_Frazee]]></link>
<average_rating>3.40</average_rating>
<ratings_count>43</ratings_count>
<text_reviews_count>5</text_reviews_count>
</author>
</authors>
  <published></published>
</book>


      <book>
  <id type="integer">7304999</id>
  <isbn>1565109848</isbn>
  <isbn13>9781565109841</isbn13>
  <text_reviews_count type="integer">0</text_reviews_count>
  <title>World History: Original And Secondary Source Readings:  From The Stone Age To 1500</title>
  <title_without_series>World History: Original And Secondary Source Readings:  From The Stone Age To 1500</title_without_series>
  <image_url>https://s.gr-assets.com/assets/nophoto/book/111x148-bcc042a9c91a29c1d680899eff700a03.png</image_url>
  <small_image_url>https://s.gr-assets.com/assets/nophoto/book/50x75-a91bf249278a81aabab721ef782c4a74.png</small_image_url>
  <large_image_url/>
  <link>https://www.goodreads.com/book/show/7304999-world-history</link>
  <num_pages>256</num_pages>
  <format>Paperback</format>
  <edition_information/>
  <publisher>Greenhaven Pr</publisher>
  <publication_day></publication_day>
  <publication_year></publication_year>
  <publication_month></publication_month>
  <average_rating>4.33</average_rating>
  <ratings_count>3</ratings_count>
  <description>Fulfills some or all of the national high school curriculum standards for world history, U.S. history, English, and social studies.</description>
<authors>
<author>
<id>1071828</id>
<name>Charles A. Frazee</name>
<role>Editor</role>
<image_url nophoto='true'>
<![CDATA[https://s.gr-assets.com/assets/nophoto/user/m_200x266-d279b33f8eec0f27b7272477f09806be.png]]>
</image_url>
<small_image_url nophoto='true'>
<![CDATA[https://s.gr-assets.com/assets/nophoto/user/m_50x66-82093808bca726cb3249a493fbd3bd0f.png]]>
</small_image_url>
<link><![CDATA[https://www.goodreads.com/author/show/1071828.Charles_A_Frazee]]></link>
<average_rating>3.40</average_rating>
<ratings_count>43</ratings_count>
<text_reviews_count>5</text_reviews_count>
</author>
</authors>
  <published></published>
</book>


      <book>
  <id type="integer">9006207</id>
  <isbn>1565109872</isbn>
  <isbn13>9781565109872</isbn13>
  <text_reviews_count type="integer">0</text_reviews_count>
  <title>World History: Original And Secondary Source Readings:  From A. D. 1500 To The Present</title>
  <title_without_series>World History: Original And Secondary Source Readings:  From A. D. 1500 To The Present</title_without_series>
  <image_url>https://s.gr-assets.com/assets/nophoto/book/111x148-bcc042a9c91a29c1d680899eff700a03.png</image_url>
  <small_image_url>https://s.gr-assets.com/assets/nophoto/book/50x75-a91bf249278a81aabab721ef782c4a74.png</small_image_url>
  <large_image_url/>
  <link>https://www.goodreads.com/book/show/9006207-world-history</link>
  <num_pages></num_pages>
  <format></format>
  <edition_information/>
  <publisher></publisher>
  <publication_day></publication_day>
  <publication_year></publication_year>
  <publication_month></publication_month>
  <average_rating>5.00</average_rating>
  <ratings_count>2</ratings_count>
  <description></description>
<authors>
<author>
<id>1071828</id>
<name>Charles A. Frazee</name>
<role></role>
<image_url nophoto='true'>
<![CDATA[https://s.gr-assets.com/assets/nophoto/user/m_200x266-d279b33f8eec0f27b7272477f09806be.png]]>
</image_url>
<small_image_url nophoto='true'>
<![CDATA[https://s.gr-assets.com/assets/nophoto/user/m_50x66-82093808bca726cb3249a493fbd3bd0f.png]]>
</small_image_url>
<link><![CDATA[https://www.goodreads.com/author/show/1071828.Charles_A_Frazee]]></link>
<average_rating>3.40</average_rating>
<ratings_count>43</ratings_count>
<text_reviews_count>5</text_reviews_count>
</author>
</authors>
  <published></published>
</book>


      <book>
  <id type="integer">5167629</id>
  <isbn>0521246768</isbn>
  <isbn13>9780521246767</isbn13>
  <text_reviews_count type="integer">0</text_reviews_count>
  <title>Catholics and Sultans: The Church and the Ottoman Empire 1453 1923</title>
  <title_without_series>Catholics and Sultans: The Church and the Ottoman Empire 1453 1923</title_without_series>
  <image_url>https://s.gr-assets.com/assets/nophoto/book/111x148-bcc042a9c91a29c1d680899eff700a03.png</image_url>
  <small_image_url>https://s.gr-assets.com/assets/nophoto/book/50x75-a91bf249278a81aabab721ef782c4a74.png</small_image_url>
  <large_image_url/>
  <link>https://www.goodreads.com/book/show/5167629-catholics-and-sultans</link>
  <num_pages>396</num_pages>
  <format>Hardcover</format>
  <edition_information/>
  <publisher>Cambridge University Press</publisher>
  <publication_day>31</publication_day>
  <publication_year>1983</publication_year>
  <publication_month>5</publication_month>
  <average_rating>3.50</average_rating>
  <ratings_count>2</ratings_count>
  <description>This book surveys the relations between Catholics outside and inside the Ottoman Empire from 1453 to 1923. After the fall of Constantinople the only large Latin Catholic group to be incorporated into the sultan's domain were the Genoese who lived in Galata, across the Golden Horn from the Byzantine capital. Over the next few decades Turkish armies pushed into the Balkans, overrunning the Catholic population of Albania, Bosnia and Hungary. In the Orient, the sixteenth century saw the Maronites of Lebanon, the Latins of Palestine and most of the Greek islands, which once held Latin Catholic communities, come under Turkish rule. Papal response to the loss of these communities was initially a call to the crusade, but response from West European monarchs was disappointing. Their concerns were closer to home. French interest, however, lay in an alliance with the Turks against the Habsburgs. As a bonus, the Catholics of the Ottoman world received a protector at the Porte in the person of the French ambassador. The book traces the subsequent history of the Latin Catholics and each of the Eastern Catholic churches in the Ottoman Empire until its dissolution in 1923.</description>
<authors>
<author>
<id>1071828</id>
<name>Charles A. Frazee</name>
<role></role>
<image_url nophoto='true'>
<![CDATA[https://s.gr-assets.com/assets/nophoto/user/m_200x266-d279b33f8eec0f27b7272477f09806be.png]]>
</image_url>
<small_image_url nophoto='true'>
<![CDATA[https://s.gr-assets.com/assets/nophoto/user/m_50x66-82093808bca726cb3249a493fbd3bd0f.png]]>
</small_image_url>
<link><![CDATA[https://www.goodreads.com/author/show/1071828.Charles_A_Frazee]]></link>
<average_rating>3.40</average_rating>
<ratings_count>43</ratings_count>
<text_reviews_count>5</text_reviews_count>
</author>
</authors>
  <published>1983</published>
</book>


      <book>
  <id type="integer">18357883</id>
  <isbn>1935317423</isbn>
  <isbn13>9781935317425</isbn13>
  <text_reviews_count type="integer">0</text_reviews_count>
  <title>Constantinople, Rome and the Churches of Greece</title>
  <title_without_series>Constantinople, Rome and the Churches of Greece</title_without_series>
  <image_url>https://s.gr-assets.com/assets/nophoto/book/111x148-bcc042a9c91a29c1d680899eff700a03.png</image_url>
  <small_image_url>https://s.gr-assets.com/assets/nophoto/book/50x75-a91bf249278a81aabab721ef782c4a74.png</small_image_url>
  <large_image_url/>
  <link>https://www.goodreads.com/book/show/18357883-constantinople-rome-and-the-churches-of-greece</link>
  <num_pages>335</num_pages>
  <format>Hardcover</format>
  <edition_information/>
  <publisher>Holy Cross Orthodox Press</publisher>
  <publication_day>1</publication_day>
  <publication_year>2014</publication_year>
  <publication_month>8</publication_month>
  <average_rating>0.0</average_rating>
  <ratings_count>0</ratings_count>
  <description></description>
<authors>
<author>
<id>1071828</id>
<name>Charles A. Frazee</name>
<role></role>
<image_url nophoto='true'>
<![CDATA[https://s.gr-assets.com/assets/nophoto/user/m_200x266-d279b33f8eec0f27b7272477f09806be.png]]>
</image_url>
<small_image_url nophoto='true'>
<![CDATA[https://s.gr-assets.com/assets/nophoto/user/m_50x66-82093808bca726cb3249a493fbd3bd0f.png]]>
</small_image_url>
<link><![CDATA[https://www.goodreads.com/author/show/1071828.Charles_A_Frazee]]></link>
<average_rating>3.40</average_rating>
<ratings_count>43</ratings_count>
<text_reviews_count>5</text_reviews_count>
</author>
</authors>
  <published>2014</published>
</book>


      <book>
  <id type="integer">3669773</id>
  <isbn>0521072476</isbn>
  <isbn13>9780521072472</isbn13>
  <text_reviews_count type="integer">0</text_reviews_count>
  <title>The Orthodox Church and independent Greece, 1821-1852</title>
  <title_without_series>The Orthodox Church and independent Greece, 1821-1852</title_without_series>
  <image_url>https://s.gr-assets.com/assets/nophoto/book/111x148-bcc042a9c91a29c1d680899eff700a03.png</image_url>
  <small_image_url>https://s.gr-assets.com/assets/nophoto/book/50x75-a91bf249278a81aabab721ef782c4a74.png</small_image_url>
  <large_image_url/>
  <link>https://www.goodreads.com/book/show/3669773-the-orthodox-church-and-independent-greece-1821-1852</link>
  <num_pages>228</num_pages>
  <format>Hardcover</format>
  <edition_information/>
  <publisher>Cambridge University Press</publisher>
  <publication_day>1</publication_day>
  <publication_year>1969</publication_year>
  <publication_month>2</publication_month>
  <average_rating>0.0</average_rating>
  <ratings_count>0</ratings_count>
  <description>Tracing the political history of the Greek Orthodox Church as it emerged from the Ottoman period in a newly independent Greece, the author of this 1969 edition focuses on the period of revolution from 1821 to 1852. It was during this era that the Orthodox Church as it presently exists was formed. The author begins with a brief history of the Church from 1453 under the rule of the sultans and then traces its history under the various revolutionary governments during the War of Independence. He considers the breakdown of relations between the Church and the Patriarchate of Constantinople and describes the regency of King Otho and the establishment of the autocephalous Greek Church. He concludes with an account of the reunification of the Churches in 1852 and the reception of the Synodal Tomos by the government in Athens.</description>
<authors>
<author>
<id>1071828</id>
<name>Charles A. Frazee</name>
<role></role>
<image_url nophoto='true'>
<![CDATA[https://s.gr-assets.com/assets/nophoto/user/m_200x266-d279b33f8eec0f27b7272477f09806be.png]]>
</image_url>
<small_image_url nophoto='true'>
<![CDATA[https://s.gr-assets.com/assets/nophoto/user/m_50x66-82093808bca726cb3249a493fbd3bd0f.png]]>
</small_image_url>
<link><![CDATA[https://www.goodreads.com/author/show/1071828.Charles_A_Frazee]]></link>
<average_rating>3.40</average_rating>
<ratings_count>43</ratings_count>
<text_reviews_count>5</text_reviews_count>
</author>
</authors>
  <published>1969</published>
</book>


      <book>
  <id type="integer">2828122</id>
  <isbn>1565109864</isbn>
  <isbn13>9781565109865</isbn13>
  <text_reviews_count type="integer">0</text_reviews_count>
  <title>World History Original and Secondary Source Readings: Original and Secondary Source Readings</title>
  <title_without_series>World History Original and Secondary Source Readings: Original and Secondary Source Readings</title_without_series>
  <image_url>https://s.gr-assets.com/assets/nophoto/book/111x148-bcc042a9c91a29c1d680899eff700a03.png</image_url>
  <small_image_url>https://s.gr-assets.com/assets/nophoto/book/50x75-a91bf249278a81aabab721ef782c4a74.png</small_image_url>
  <large_image_url/>
  <link>https://www.goodreads.com/book/show/2828122-world-history-original-and-secondary-source-readings</link>
  <num_pages>256</num_pages>
  <format>Paperback</format>
  <edition_information/>
  <publisher>Greenhaven Pr</publisher>
  <publication_day>1</publication_day>
  <publication_year>1998</publication_year>
  <publication_month>10</publication_month>
  <average_rating>0.0</average_rating>
  <ratings_count>0</ratings_count>
  <description></description>
<authors>
<author>
<id>1071828</id>
<name>Charles A. Frazee</name>
<role></role>
<image_url nophoto='true'>
<![CDATA[https://s.gr-assets.com/assets/nophoto/user/m_200x266-d279b33f8eec0f27b7272477f09806be.png]]>
</image_url>
<small_image_url nophoto='true'>
<![CDATA[https://s.gr-assets.com/assets/nophoto/user/m_50x66-82093808bca726cb3249a493fbd3bd0f.png]]>
</small_image_url>
<link><![CDATA[https://www.goodreads.com/author/show/1071828.Charles_A_Frazee]]></link>
<average_rating>3.40</average_rating>
<ratings_count>43</ratings_count>
<text_reviews_count>5</text_reviews_count>
</author>
</authors>
  <published>1998</published>
</book>


    </books>
</author>

</GoodreadsResponse>