<?xml version="1.0" encoding="UTF-8"?>
<GoodreadsResponse>
  <Request>
    <authentication>true</authentication>
      <key><![CDATA[sySok63UyYyWi2Wof1HocA]]></key>
    <method><![CDATA[author_show]]></method>
  </Request>
  <author>
  <id>1124726</id>
  <name>E.C.R. Lorac</name>
  <link><![CDATA[https://www.goodreads.com/author/show/1124726.E_C_R_Lorac]]></link>
  <fans_count type="integer">1</fans_count>
  <author_followers_count type="integer">1</author_followers_count>
  <large_image_url><![CDATA[https://s.gr-assets.com/assets/nophoto/user/f_333x500-c8899232290ea51bb160dea14c29470b.png]]></large_image_url>
  <image_url><![CDATA[https://s.gr-assets.com/assets/nophoto/user/f_200x266-3061b784cc8e7f021c6430c9aba94587.png]]></image_url>
  <small_image_url><![CDATA[https://s.gr-assets.com/assets/nophoto/user/f_50x66-6a03a5c12233c941481992b82eea8d23.png]]></small_image_url>
  <about><![CDATA[Edith Caroline Rivett (who wrote under the pseudonyms E.C.R. Lorac and <a href="https://www.goodreads.com/author/show/3002820.Carol_Carnac" title="Carol Carnac" rel="nofollow">Carol Carnac</a>, Carol Rivett, Mary le Bourne.) was a British crime writer. She was born in Hendon, Middlesex (now London). She attended the South Hampstead High School, and the Central School of Arts and Crafts in London. She was a member of the Detection Club. She was a very prolific writer, having written forty-eight mysteries under her first pen name, and twenty-three under her second. She was an important author of the Golden Age of Detective Fiction.]]></about>
  <influences></influences>
  <works_count>51</works_count>
  <gender>female</gender>
  <hometown>Hendon, Middlesex</hometown>
  <born_at>1894/06/13</born_at>
  <died_at>1958/07/02</died_at>
  <goodreads_author></goodreads_author>

    <books>
      <book>
  <id type="integer">25700403</id>
  <isbn nil="true"/>
  <isbn13 nil="true"/>
  <text_reviews_count type="integer">10</text_reviews_count>
  <title>Murder by Matchlight (Robert MacDonald, #25)</title>
  <title_without_series>Murder by Matchlight</title_without_series>
  <image_url>https://s.gr-assets.com/assets/nophoto/book/111x148-bcc042a9c91a29c1d680899eff700a03.png</image_url>
  <small_image_url>https://s.gr-assets.com/assets/nophoto/book/50x75-a91bf249278a81aabab721ef782c4a74.png</small_image_url>
  <large_image_url/>
  <link>https://www.goodreads.com/book/show/25700403-murder-by-matchlight</link>
  <num_pages></num_pages>
  <format></format>
  <edition_information/>
  <publisher></publisher>
  <publication_day></publication_day>
  <publication_year></publication_year>
  <publication_month></publication_month>
  <average_rating>3.75</average_rating>
  <ratings_count>24</ratings_count>
  <description></description>
<authors>
<author>
<id>1124726</id>
<name>E.C.R. Lorac</name>
<role></role>
<image_url nophoto='true'>
<![CDATA[https://s.gr-assets.com/assets/nophoto/user/f_200x266-3061b784cc8e7f021c6430c9aba94587.png]]>
</image_url>
<small_image_url nophoto='true'>
<![CDATA[https://s.gr-assets.com/assets/nophoto/user/f_50x66-6a03a5c12233c941481992b82eea8d23.png]]>
</small_image_url>
<link><![CDATA[https://www.goodreads.com/author/show/1124726.E_C_R_Lorac]]></link>
<average_rating>3.64</average_rating>
<ratings_count>88</ratings_count>
<text_reviews_count>36</text_reviews_count>
</author>
</authors>
  <published></published>
</book>


      <book>
  <id type="integer">10729354</id>
  <isbn nil="true"/>
  <isbn13 nil="true"/>
  <text_reviews_count type="integer">2</text_reviews_count>
  <title>Shroud of Darkness (Robert MacDonald, #39)</title>
  <title_without_series>Shroud of Darkness</title_without_series>
  <image_url>https://images.gr-assets.com/books/1299807268m/10729354.jpg</image_url>
  <small_image_url>https://images.gr-assets.com/books/1299807268s/10729354.jpg</small_image_url>
  <large_image_url/>
  <link>https://www.goodreads.com/book/show/10729354-shroud-of-darkness</link>
  <num_pages>221</num_pages>
  <format>Hardcover</format>
  <edition_information/>
  <publisher>Doubleday &amp; Company</publisher>
  <publication_day/>
  <publication_year>1954</publication_year>
  <publication_month/>
  <average_rating>3.86</average_rating>
  <ratings_count>7</ratings_count>
  <description>They were five strangers on a fogbound train--&lt;br /&gt;a psychiatrist's pretty secretary,&lt;br /&gt;an agitated young man,&lt;br /&gt;a tweedy lady with a deep voice,&lt;br /&gt;a stockbrockerish businessman,&lt;br /&gt;and an eel-like "spiv."&lt;br /&gt;&lt;br /&gt;One was brutally attacked in the choking black fog in Paddington Station. Attempted murder became bona fide manslaughter, and examination of the intimate lives of the passengers involved Chief Inspector MacDonald in a macabre game of hide-and-seek in which one man tried to find his identity and another was ready to kill to preserve the shourd of darkness that obscured his.</description>
<authors>
<author>
<id>1124726</id>
<name>E.C.R. Lorac</name>
<role></role>
<image_url nophoto='true'>
<![CDATA[https://s.gr-assets.com/assets/nophoto/user/f_200x266-3061b784cc8e7f021c6430c9aba94587.png]]>
</image_url>
<small_image_url nophoto='true'>
<![CDATA[https://s.gr-assets.com/assets/nophoto/user/f_50x66-6a03a5c12233c941481992b82eea8d23.png]]>
</small_image_url>
<link><![CDATA[https://www.goodreads.com/author/show/1124726.E_C_R_Lorac]]></link>
<average_rating>3.64</average_rating>
<ratings_count>88</ratings_count>
<text_reviews_count>36</text_reviews_count>
</author>
</authors>
  <published>1954</published>
</book>


      <book>
  <id type="integer">10638917</id>
  <isbn>1903400007</isbn>
  <isbn13>9781903400005</isbn13>
  <text_reviews_count type="integer">1</text_reviews_count>
  <title>Death On The Oxford Road (Robert MacDonald, #4)</title>
  <title_without_series>Death On The Oxford Road</title_without_series>
  <image_url>https://images.gr-assets.com/books/1332198909m/10638917.jpg</image_url>
  <small_image_url>https://images.gr-assets.com/books/1332198909s/10638917.jpg</small_image_url>
  <large_image_url/>
  <link>https://www.goodreads.com/book/show/10638917-death-on-the-oxford-road</link>
  <num_pages></num_pages>
  <format>Paperback</format>
  <edition_information/>
  <publisher></publisher>
  <publication_day></publication_day>
  <publication_year></publication_year>
  <publication_month></publication_month>
  <average_rating>3.17</average_rating>
  <ratings_count>6</ratings_count>
  <description></description>
<authors>
<author>
<id>1124726</id>
<name>E.C.R. Lorac</name>
<role></role>
<image_url nophoto='true'>
<![CDATA[https://s.gr-assets.com/assets/nophoto/user/f_200x266-3061b784cc8e7f021c6430c9aba94587.png]]>
</image_url>
<small_image_url nophoto='true'>
<![CDATA[https://s.gr-assets.com/assets/nophoto/user/f_50x66-6a03a5c12233c941481992b82eea8d23.png]]>
</small_image_url>
<link><![CDATA[https://www.goodreads.com/author/show/1124726.E_C_R_Lorac]]></link>
<average_rating>3.64</average_rating>
<ratings_count>88</ratings_count>
<text_reviews_count>36</text_reviews_count>
</author>
</authors>
  <published></published>
</book>


      <book>
  <id type="integer">13563689</id>
  <isbn nil="true"/>
  <isbn13 nil="true"/>
  <text_reviews_count type="integer">3</text_reviews_count>
  <title>I Could Murder Her (Robert MacDonald, #34)</title>
  <title_without_series>I Could Murder Her</title_without_series>
  <image_url>https://images.gr-assets.com/books/1362863424m/13563689.jpg</image_url>
  <small_image_url>https://images.gr-assets.com/books/1362863424s/13563689.jpg</small_image_url>
  <large_image_url/>
  <link>https://www.goodreads.com/book/show/13563689-i-could-murder-her</link>
  <num_pages>191</num_pages>
  <format>Paperback</format>
  <edition_information>1st Paperback</edition_information>
  <publisher>Popular Library</publisher>
  <publication_day/>
  <publication_year>1968</publication_year>
  <publication_month/>
  <average_rating>3.50</average_rating>
  <ratings_count>6</ratings_count>
  <description>Muriel Farrington deserved to die. She was a domineering, selfish old woman who smashed lives the way other people kill flies. Everyone talked about doing her in, but no one dared--with one notable exception.&lt;br /&gt;&lt;br /&gt;When Muriel was found murdered in her bed, many people panicked, for they all had perfect motives. But only one among them had killed--and would kill again and again....</description>
<authors>
<author>
<id>1124726</id>
<name>E.C.R. Lorac</name>
<role></role>
<image_url nophoto='true'>
<![CDATA[https://s.gr-assets.com/assets/nophoto/user/f_200x266-3061b784cc8e7f021c6430c9aba94587.png]]>
</image_url>
<small_image_url nophoto='true'>
<![CDATA[https://s.gr-assets.com/assets/nophoto/user/f_50x66-6a03a5c12233c941481992b82eea8d23.png]]>
</small_image_url>
<link><![CDATA[https://www.goodreads.com/author/show/1124726.E_C_R_Lorac]]></link>
<average_rating>3.64</average_rating>
<ratings_count>88</ratings_count>
<text_reviews_count>36</text_reviews_count>
</author>
</authors>
  <published>1968</published>
</book>


      <book>
  <id type="integer">10713685</id>
  <isbn nil="true"/>
  <isbn13 nil="true"/>
  <text_reviews_count type="integer">2</text_reviews_count>
  <title>Rope's End, Rogue's End (Robert MacDonald, #21)</title>
  <title_without_series>Rope's End, Rogue's End</title_without_series>
  <image_url>https://images.gr-assets.com/books/1332200662m/10713685.jpg</image_url>
  <small_image_url>https://images.gr-assets.com/books/1332200662s/10713685.jpg</small_image_url>
  <large_image_url/>
  <link>https://www.goodreads.com/book/show/10713685-rope-s-end-rogue-s-end</link>
  <num_pages>192</num_pages>
  <format>Hardcover</format>
  <edition_information/>
  <publisher>Collins Crime Club</publisher>
  <publication_day/>
  <publication_year>1951</publication_year>
  <publication_month/>
  <average_rating>3.00</average_rating>
  <ratings_count>5</ratings_count>
  <description>From the dust jacket: Wulfstane Manor, a rambling old country house with many unused rooms, winding staircases and a maze of cellars, had been bequeathed to Veronica Mallowood and her brother Martin. the last time the large family of Mallowoods had all foregathered under the ancestral roof was on the occasion of their father's funeral, and there had been one of those unholy rows which not infrequently follow the reading of a will. That was some years ago, and as Veronica found it increasinly difficult to go on paying for the upkeep of Wulfstane, she summoned another family conference--a conference in which Death took a hand--Rope's End, Rogue's End is, of course, an Inspector MacDonald case, in which that popular detective plys a brilliant part.</description>
<authors>
<author>
<id>1124726</id>
<name>E.C.R. Lorac</name>
<role></role>
<image_url nophoto='true'>
<![CDATA[https://s.gr-assets.com/assets/nophoto/user/f_200x266-3061b784cc8e7f021c6430c9aba94587.png]]>
</image_url>
<small_image_url nophoto='true'>
<![CDATA[https://s.gr-assets.com/assets/nophoto/user/f_50x66-6a03a5c12233c941481992b82eea8d23.png]]>
</small_image_url>
<link><![CDATA[https://www.goodreads.com/author/show/1124726.E_C_R_Lorac]]></link>
<average_rating>3.64</average_rating>
<ratings_count>88</ratings_count>
<text_reviews_count>36</text_reviews_count>
</author>
</authors>
  <published>1951</published>
</book>


      <book>
  <id type="integer">16075651</id>
  <isbn nil="true"/>
  <isbn13 nil="true"/>
  <text_reviews_count type="integer">1</text_reviews_count>
  <title>The Sixteenth Stair (Robert MacDonald, #22)</title>
  <title_without_series>The Sixteenth Stair</title_without_series>
  <image_url>https://images.gr-assets.com/books/1450305437m/16075651.jpg</image_url>
  <small_image_url>https://images.gr-assets.com/books/1450305437s/16075651.jpg</small_image_url>
  <large_image_url/>
  <link>https://www.goodreads.com/book/show/16075651-the-sixteenth-stair</link>
  <num_pages>192</num_pages>
  <format>Hardcover</format>
  <edition_information/>
  <publisher>Collins Clear-Type Press</publisher>
  <publication_day/>
  <publication_year>1952</publication_year>
  <publication_month/>
  <average_rating>4.00</average_rating>
  <ratings_count>3</ratings_count>
  <description></description>
<authors>
<author>
<id>1124726</id>
<name>E.C.R. Lorac</name>
<role></role>
<image_url nophoto='true'>
<![CDATA[https://s.gr-assets.com/assets/nophoto/user/f_200x266-3061b784cc8e7f021c6430c9aba94587.png]]>
</image_url>
<small_image_url nophoto='true'>
<![CDATA[https://s.gr-assets.com/assets/nophoto/user/f_50x66-6a03a5c12233c941481992b82eea8d23.png]]>
</small_image_url>
<link><![CDATA[https://www.goodreads.com/author/show/1124726.E_C_R_Lorac]]></link>
<average_rating>3.64</average_rating>
<ratings_count>88</ratings_count>
<text_reviews_count>36</text_reviews_count>
</author>
</authors>
  <published>1952</published>
</book>


      <book>
  <id type="integer">17313190</id>
  <isbn nil="true"/>
  <isbn13 nil="true"/>
  <text_reviews_count type="integer">0</text_reviews_count>
  <title>Speak Justly of the Dead (Robert MacDonald, #36)</title>
  <title_without_series>Speak Justly of the Dead</title_without_series>
  <image_url>https://images.gr-assets.com/books/1450312655m/17313190.jpg</image_url>
  <small_image_url>https://images.gr-assets.com/books/1450312655s/17313190.jpg</small_image_url>
  <large_image_url/>
  <link>https://www.goodreads.com/book/show/17313190-speak-justly-of-the-dead</link>
  <num_pages>189</num_pages>
  <format>Hardcover</format>
  <edition_information>First Edition</edition_information>
  <publisher>Doubleday &amp; Co. Crime Club</publisher>
  <publication_day/>
  <publication_year>1953</publication_year>
  <publication_month/>
  <average_rating>3.50</average_rating>
  <ratings_count>2</ratings_count>
  <description></description>
<authors>
<author>
<id>1124726</id>
<name>E.C.R. Lorac</name>
<role></role>
<image_url nophoto='true'>
<![CDATA[https://s.gr-assets.com/assets/nophoto/user/f_200x266-3061b784cc8e7f021c6430c9aba94587.png]]>
</image_url>
<small_image_url nophoto='true'>
<![CDATA[https://s.gr-assets.com/assets/nophoto/user/f_50x66-6a03a5c12233c941481992b82eea8d23.png]]>
</small_image_url>
<link><![CDATA[https://www.goodreads.com/author/show/1124726.E_C_R_Lorac]]></link>
<average_rating>3.64</average_rating>
<ratings_count>88</ratings_count>
<text_reviews_count>36</text_reviews_count>
</author>
</authors>
  <published>1953</published>
</book>


      <book>
  <id type="integer">13553872</id>
  <isbn nil="true"/>
  <isbn13 nil="true"/>
  <text_reviews_count type="integer">1</text_reviews_count>
  <title>Murderer's Mistake</title>
  <title_without_series>Murderer's Mistake</title_without_series>
  <image_url>https://images.gr-assets.com/books/1332248684m/13553872.jpg</image_url>
  <small_image_url>https://images.gr-assets.com/books/1332248684s/13553872.jpg</small_image_url>
  <large_image_url/>
  <link>https://www.goodreads.com/book/show/13553872-murderer-s-mistake</link>
  <num_pages>189</num_pages>
  <format>Paperback</format>
  <edition_information/>
  <publisher>White Circle Collins</publisher>
  <publication_day/>
  <publication_year>1949</publication_year>
  <publication_month/>
  <average_rating>3.00</average_rating>
  <ratings_count>2</ratings_count>
  <description></description>
<authors>
<author>
<id>1124726</id>
<name>E.C.R. Lorac</name>
<role></role>
<image_url nophoto='true'>
<![CDATA[https://s.gr-assets.com/assets/nophoto/user/f_200x266-3061b784cc8e7f021c6430c9aba94587.png]]>
</image_url>
<small_image_url nophoto='true'>
<![CDATA[https://s.gr-assets.com/assets/nophoto/user/f_50x66-6a03a5c12233c941481992b82eea8d23.png]]>
</small_image_url>
<link><![CDATA[https://www.goodreads.com/author/show/1124726.E_C_R_Lorac]]></link>
<average_rating>3.64</average_rating>
<ratings_count>88</ratings_count>
<text_reviews_count>36</text_reviews_count>
</author>
</authors>
  <published>1949</published>
</book>


      <book>
  <id type="integer">13553356</id>
  <isbn nil="true"/>
  <isbn13 nil="true"/>
  <text_reviews_count type="integer">0</text_reviews_count>
  <title>Checkmate to Murder (Robert MacDonald, #24)</title>
  <title_without_series>Checkmate to Murder</title_without_series>
  <image_url>https://images.gr-assets.com/books/1332198097m/13553356.jpg</image_url>
  <small_image_url>https://images.gr-assets.com/books/1332198097s/13553356.jpg</small_image_url>
  <large_image_url/>
  <link>https://www.goodreads.com/book/show/13553356-checkmate-to-murder</link>
  <num_pages></num_pages>
  <format>Hardcover</format>
  <edition_information/>
  <publisher>Mystery House</publisher>
  <publication_day/>
  <publication_year>1944</publication_year>
  <publication_month/>
  <average_rating>3.33</average_rating>
  <ratings_count>3</ratings_count>
  <description>Who fired the fatal shot that snuffed out the life of miserly old Folliner during a London blackout? Was it the beautiful artist Rosanne who lived next door, the old man's Canadian soldier nephew or bumptious Special Constable Verraby, whose eyes registered deadly fear?</description>
<authors>
<author>
<id>1124726</id>
<name>E.C.R. Lorac</name>
<role></role>
<image_url nophoto='true'>
<![CDATA[https://s.gr-assets.com/assets/nophoto/user/f_200x266-3061b784cc8e7f021c6430c9aba94587.png]]>
</image_url>
<small_image_url nophoto='true'>
<![CDATA[https://s.gr-assets.com/assets/nophoto/user/f_50x66-6a03a5c12233c941481992b82eea8d23.png]]>
</small_image_url>
<link><![CDATA[https://www.goodreads.com/author/show/1124726.E_C_R_Lorac]]></link>
<average_rating>3.64</average_rating>
<ratings_count>88</ratings_count>
<text_reviews_count>36</text_reviews_count>
</author>
</authors>
  <published>1944</published>
</book>


      <book>
  <id type="integer">17838965</id>
  <isbn nil="true"/>
  <isbn13 nil="true"/>
  <text_reviews_count type="integer">1</text_reviews_count>
  <title>Shepherd's Crook (Robert MacDonald, #37)</title>
  <title_without_series>Shepherd's Crook</title_without_series>
  <image_url>https://images.gr-assets.com/books/1450305780m/17838965.jpg</image_url>
  <small_image_url>https://images.gr-assets.com/books/1450305780s/17838965.jpg</small_image_url>
  <large_image_url/>
  <link>https://www.goodreads.com/book/show/17838965-shepherd-s-crook</link>
  <num_pages>192</num_pages>
  <format>Hardcover</format>
  <edition_information>first</edition_information>
  <publisher>Doubleday &amp; Company</publisher>
  <publication_day/>
  <publication_year>1953</publication_year>
  <publication_month/>
  <average_rating>5.00</average_rating>
  <ratings_count>1</ratings_count>
  <description>A mystery, with mysterious happenings and a suspicious death that all seem to center on Aikengill, a stone farmhouse in Lancashire, England, dating from the 1700s. &lt;br /&gt;series character: Chief Inspector MacDonald</description>
<authors>
<author>
<id>1124726</id>
<name>E.C.R. Lorac</name>
<role></role>
<image_url nophoto='true'>
<![CDATA[https://s.gr-assets.com/assets/nophoto/user/f_200x266-3061b784cc8e7f021c6430c9aba94587.png]]>
</image_url>
<small_image_url nophoto='true'>
<![CDATA[https://s.gr-assets.com/assets/nophoto/user/f_50x66-6a03a5c12233c941481992b82eea8d23.png]]>
</small_image_url>
<link><![CDATA[https://www.goodreads.com/author/show/1124726.E_C_R_Lorac]]></link>
<average_rating>3.64</average_rating>
<ratings_count>88</ratings_count>
<text_reviews_count>36</text_reviews_count>
</author>
</authors>
  <published>1953</published>
</book>


    </books>
</author>

</GoodreadsResponse>