<?xml version="1.0" encoding="UTF-8"?>
<GoodreadsResponse>
  <Request>
    <authentication>true</authentication>
      <key><![CDATA[sySok63UyYyWi2Wof1HocA]]></key>
    <method><![CDATA[author_show]]></method>
  </Request>
  <author>
  <id>1139931</id>
  <name>R. Castro</name>
  <link><![CDATA[https://www.goodreads.com/author/show/1139931.R_Castro]]></link>
  <fans_count type="integer">5</fans_count>
  <author_followers_count type="integer">5</author_followers_count>
  <large_image_url><![CDATA[https://images.gr-assets.com/authors/1482124977p7/1139931.jpg]]></large_image_url>
  <image_url><![CDATA[https://images.gr-assets.com/authors/1482124977p5/1139931.jpg]]></image_url>
  <small_image_url><![CDATA[https://images.gr-assets.com/authors/1482124977p2/1139931.jpg]]></small_image_url>
  <about></about>
  <influences></influences>
  <works_count>3</works_count>
  <gender>female</gender>
  <hometown></hometown>
  <born_at></born_at>
  <died_at></died_at>
  <goodreads_author>true</goodreads_author>
    <user>
  <id type="integer">23160601</id>
</user>


    <books>
      <book>
  <id type="integer">33287127</id>
  <isbn nil="true"/>
  <isbn13 nil="true"/>
  <text_reviews_count type="integer">8</text_reviews_count>
  <title>A Shining Star</title>
  <title_without_series>A Shining Star</title_without_series>
  <image_url>https://s.gr-assets.com/assets/nophoto/book/111x148-bcc042a9c91a29c1d680899eff700a03.png</image_url>
  <small_image_url>https://s.gr-assets.com/assets/nophoto/book/50x75-a91bf249278a81aabab721ef782c4a74.png</small_image_url>
  <large_image_url/>
  <link>https://www.goodreads.com/book/show/33287127-a-shining-star</link>
  <num_pages></num_pages>
  <format></format>
  <edition_information/>
  <publisher></publisher>
  <publication_day></publication_day>
  <publication_year></publication_year>
  <publication_month></publication_month>
  <average_rating>4.22</average_rating>
  <ratings_count>18</ratings_count>
  <description></description>
<authors>
<author>
<id>1139931</id>
<name>R. Castro</name>
<role></role>
<image_url nophoto='false'>
<![CDATA[https://images.gr-assets.com/authors/1482124977p5/1139931.jpg]]>
</image_url>
<small_image_url nophoto='false'>
<![CDATA[https://images.gr-assets.com/authors/1482124977p2/1139931.jpg]]>
</small_image_url>
<link><![CDATA[https://www.goodreads.com/author/show/1139931.R_Castro]]></link>
<average_rating>4.35</average_rating>
<ratings_count>23</ratings_count>
<text_reviews_count>12</text_reviews_count>
</author>
</authors>
  <published></published>
</book>


      <book>
  <id type="integer">34622425</id>
  <isbn nil="true"/>
  <isbn13 nil="true"/>
  <text_reviews_count type="integer">4</text_reviews_count>
  <title>Elemental Link</title>
  <title_without_series>Elemental Link</title_without_series>
  <image_url>https://s.gr-assets.com/assets/nophoto/book/111x148-bcc042a9c91a29c1d680899eff700a03.png</image_url>
  <small_image_url>https://s.gr-assets.com/assets/nophoto/book/50x75-a91bf249278a81aabab721ef782c4a74.png</small_image_url>
  <large_image_url/>
  <link>https://www.goodreads.com/book/show/34622425-elemental-link</link>
  <num_pages></num_pages>
  <format></format>
  <edition_information/>
  <publisher></publisher>
  <publication_day></publication_day>
  <publication_year></publication_year>
  <publication_month></publication_month>
  <average_rating>4.75</average_rating>
  <ratings_count>4</ratings_count>
  <description></description>
<authors>
<author>
<id>1139931</id>
<name>R. Castro</name>
<role></role>
<image_url nophoto='false'>
<![CDATA[https://images.gr-assets.com/authors/1482124977p5/1139931.jpg]]>
</image_url>
<small_image_url nophoto='false'>
<![CDATA[https://images.gr-assets.com/authors/1482124977p2/1139931.jpg]]>
</small_image_url>
<link><![CDATA[https://www.goodreads.com/author/show/1139931.R_Castro]]></link>
<average_rating>4.35</average_rating>
<ratings_count>23</ratings_count>
<text_reviews_count>12</text_reviews_count>
</author>
</authors>
  <published></published>
</book>


      <book>
  <id type="integer">4922266</id>
  <isbn>0521204313</isbn>
  <isbn13>9780521204316</isbn13>
  <text_reviews_count type="integer">0</text_reviews_count>
  <title>Welding Metallurgy Of Stainless And Heat Resisting Steels</title>
  <title_without_series>Welding Metallurgy Of Stainless And Heat Resisting Steels</title_without_series>
  <image_url>https://s.gr-assets.com/assets/nophoto/book/111x148-bcc042a9c91a29c1d680899eff700a03.png</image_url>
  <small_image_url>https://s.gr-assets.com/assets/nophoto/book/50x75-a91bf249278a81aabab721ef782c4a74.png</small_image_url>
  <large_image_url/>
  <link>https://www.goodreads.com/book/show/4922266-welding-metallurgy-of-stainless-and-heat-resisting-steels</link>
  <num_pages>190</num_pages>
  <format>Hardcover</format>
  <edition_information/>
  <publisher>Cambridge University Press</publisher>
  <publication_day>22</publication_day>
  <publication_year>1975</publication_year>
  <publication_month>5</publication_month>
  <average_rating>0.0</average_rating>
  <ratings_count>0</ratings_count>
  <description></description>
<authors>
<author>
<id>1139931</id>
<name>R. Castro</name>
<role></role>
<image_url nophoto='false'>
<![CDATA[https://images.gr-assets.com/authors/1482124977p5/1139931.jpg]]>
</image_url>
<small_image_url nophoto='false'>
<![CDATA[https://images.gr-assets.com/authors/1482124977p2/1139931.jpg]]>
</small_image_url>
<link><![CDATA[https://www.goodreads.com/author/show/1139931.R_Castro]]></link>
<average_rating>4.35</average_rating>
<ratings_count>23</ratings_count>
<text_reviews_count>12</text_reviews_count>
</author>
</authors>
  <published>1975</published>
</book>


    </books>
</author>

</GoodreadsResponse>