<?xml version="1.0" encoding="UTF-8"?>
<GoodreadsResponse>
  <Request>
    <authentication>true</authentication>
      <key><![CDATA[sySok63UyYyWi2Wof1HocA]]></key>
    <method><![CDATA[author_show]]></method>
  </Request>
  <author>
  <id>1150177</id>
  <name>Louis Maistros</name>
  <link><![CDATA[https://www.goodreads.com/author/show/1150177.Louis_Maistros]]></link>
  <fans_count type="integer">27</fans_count>
  <author_followers_count type="integer">27</author_followers_count>
  <large_image_url><![CDATA[https://images.gr-assets.com/authors/1317699594p7/1150177.jpg]]></large_image_url>
  <image_url><![CDATA[https://images.gr-assets.com/authors/1317699594p5/1150177.jpg]]></image_url>
  <small_image_url><![CDATA[https://images.gr-assets.com/authors/1317699594p2/1150177.jpg]]></small_image_url>
  <about></about>
  <influences></influences>
  <works_count>6</works_count>
  <gender>male</gender>
  <hometown></hometown>
  <born_at></born_at>
  <died_at></died_at>
  <goodreads_author>true</goodreads_author>
    <user>
  <id type="integer">1108917</id>
</user>


    <books>
      <book>
  <id type="integer">5967548</id>
  <isbn>1592642551</isbn>
  <isbn13>9781592642557</isbn13>
  <text_reviews_count type="integer">63</text_reviews_count>
  <title>The Sound of Building Coffins</title>
  <title_without_series>The Sound of Building Coffins</title_without_series>
  <image_url>https://s.gr-assets.com/assets/nophoto/book/111x148-bcc042a9c91a29c1d680899eff700a03.png</image_url>
  <small_image_url>https://s.gr-assets.com/assets/nophoto/book/50x75-a91bf249278a81aabab721ef782c4a74.png</small_image_url>
  <large_image_url/>
  <link>https://www.goodreads.com/book/show/5967548-the-sound-of-building-coffins</link>
  <num_pages>358</num_pages>
  <format>Hardcover</format>
  <edition_information/>
  <publisher>Toby Press</publisher>
  <publication_day>1</publication_day>
  <publication_year>2009</publication_year>
  <publication_month>2</publication_month>
  <average_rating>3.95</average_rating>
  <ratings_count>344</ratings_count>
  <description>Meticulously-drawn in lyrical prose, this tale of death and rebirth, devastation and redemption, will draw you into a world of beauty and pain, as alluring as it is dangerous.</description>
<authors>
<author>
<id>1150177</id>
<name>Louis Maistros</name>
<role></role>
<image_url nophoto='false'>
<![CDATA[https://images.gr-assets.com/authors/1317699594p5/1150177.jpg]]>
</image_url>
<small_image_url nophoto='false'>
<![CDATA[https://images.gr-assets.com/authors/1317699594p2/1150177.jpg]]>
</small_image_url>
<link><![CDATA[https://www.goodreads.com/author/show/1150177.Louis_Maistros]]></link>
<average_rating>3.88</average_rating>
<ratings_count>521</ratings_count>
<text_reviews_count>97</text_reviews_count>
</author>
</authors>
  <published>2009</published>
</book>


      <book>
  <id type="integer">8266069</id>
  <isbn nil="true"/>
  <isbn13 nil="true"/>
  <text_reviews_count type="integer">16</text_reviews_count>
  <title>Anti-requiem: New Orleans Stories</title>
  <title_without_series>Anti-requiem: New Orleans Stories</title_without_series>
  <image_url>https://s.gr-assets.com/assets/nophoto/book/111x148-bcc042a9c91a29c1d680899eff700a03.png</image_url>
  <small_image_url>https://s.gr-assets.com/assets/nophoto/book/50x75-a91bf249278a81aabab721ef782c4a74.png</small_image_url>
  <large_image_url/>
  <link>https://www.goodreads.com/book/show/8266069-anti-requiem</link>
  <num_pages>264</num_pages>
  <format></format>
  <edition_information/>
  <publisher></publisher>
  <publication_day>6</publication_day>
  <publication_year>2010</publication_year>
  <publication_month>2</publication_month>
  <average_rating>3.61</average_rating>
  <ratings_count>134</ratings_count>
  <description>A collection of short fiction and essays from the author of the critically acclaimed New Orleans novel, "The Sound of Building Coffins." These stories are assembled here for the first time, including one that is previously unpublished.&lt;br /&gt;&lt;br /&gt;Expanded with full-color illustrations as of October 2012, with two special preview chapters from the novel-in-progress, "Holy Meaux," seen here for the first time, as well as several new essays not included in the previous edition, and a sampling of letters and private journal entries that chronicle the author's personal journey through the City of New Orleans in the last 18 years. This collection is also now fully illustrated with unusual and original photographic images of the city taken by the author. The images will appear in black and white for users of "e-ink technology" Kindles, but full color for users of the Kindle Fire, Kindle Fire HD or any of the Kindle apps (Kindle for PC, iPad, iPhone, etc..) that support color graphics. This edition also includes an interactive table of contents.</description>
<authors>
<author>
<id>1150177</id>
<name>Louis Maistros</name>
<role></role>
<image_url nophoto='false'>
<![CDATA[https://images.gr-assets.com/authors/1317699594p5/1150177.jpg]]>
</image_url>
<small_image_url nophoto='false'>
<![CDATA[https://images.gr-assets.com/authors/1317699594p2/1150177.jpg]]>
</small_image_url>
<link><![CDATA[https://www.goodreads.com/author/show/1150177.Louis_Maistros]]></link>
<average_rating>3.88</average_rating>
<ratings_count>521</ratings_count>
<text_reviews_count>97</text_reviews_count>
</author>
</authors>
  <published>2010</published>
</book>


      <book>
  <id type="integer">2606345</id>
  <isbn>0738825212</isbn>
  <isbn13>9780738825212</isbn13>
  <text_reviews_count type="integer">1</text_reviews_count>
  <title>The Big Punch</title>
  <title_without_series>The Big Punch</title_without_series>
  <image_url>https://s.gr-assets.com/assets/nophoto/book/111x148-bcc042a9c91a29c1d680899eff700a03.png</image_url>
  <small_image_url>https://s.gr-assets.com/assets/nophoto/book/50x75-a91bf249278a81aabab721ef782c4a74.png</small_image_url>
  <large_image_url/>
  <link>https://www.goodreads.com/book/show/2606345-the-big-punch</link>
  <num_pages></num_pages>
  <format>Paperback</format>
  <edition_information/>
  <publisher>Xlibris Corporation</publisher>
  <publication_day>1</publication_day>
  <publication_year>2000</publication_year>
  <publication_month>11</publication_month>
  <average_rating>3.80</average_rating>
  <ratings_count>15</ratings_count>
  <description></description>
<authors>
<author>
<id>1150177</id>
<name>Louis Maistros</name>
<role></role>
<image_url nophoto='false'>
<![CDATA[https://images.gr-assets.com/authors/1317699594p5/1150177.jpg]]>
</image_url>
<small_image_url nophoto='false'>
<![CDATA[https://images.gr-assets.com/authors/1317699594p2/1150177.jpg]]>
</small_image_url>
<link><![CDATA[https://www.goodreads.com/author/show/1150177.Louis_Maistros]]></link>
<average_rating>3.88</average_rating>
<ratings_count>521</ratings_count>
<text_reviews_count>97</text_reviews_count>
</author>
</authors>
  <published>2000</published>
</book>


      <book>
  <id type="integer">20336475</id>
  <isbn nil="true"/>
  <isbn13 nil="true"/>
  <text_reviews_count type="integer">2</text_reviews_count>
  <title>Anti-requiem Redux: New Orleans Stories</title>
  <title_without_series>Anti-requiem Redux: New Orleans Stories</title_without_series>
  <image_url>https://s.gr-assets.com/assets/nophoto/book/111x148-bcc042a9c91a29c1d680899eff700a03.png</image_url>
  <small_image_url>https://s.gr-assets.com/assets/nophoto/book/50x75-a91bf249278a81aabab721ef782c4a74.png</small_image_url>
  <large_image_url/>
  <link>https://www.goodreads.com/book/show/20336475-anti-requiem-redux</link>
  <num_pages></num_pages>
  <format></format>
  <edition_information/>
  <publisher></publisher>
  <publication_day></publication_day>
  <publication_year></publication_year>
  <publication_month></publication_month>
  <average_rating>4.12</average_rating>
  <ratings_count>8</ratings_count>
  <description></description>
<authors>
<author>
<id>1150177</id>
<name>Louis Maistros</name>
<role></role>
<image_url nophoto='false'>
<![CDATA[https://images.gr-assets.com/authors/1317699594p5/1150177.jpg]]>
</image_url>
<small_image_url nophoto='false'>
<![CDATA[https://images.gr-assets.com/authors/1317699594p2/1150177.jpg]]>
</small_image_url>
<link><![CDATA[https://www.goodreads.com/author/show/1150177.Louis_Maistros]]></link>
<average_rating>3.88</average_rating>
<ratings_count>521</ratings_count>
<text_reviews_count>97</text_reviews_count>
</author>
</authors>
  <published></published>
</book>


      <book>
  <id type="integer">9207940</id>
  <isbn>1935754009</isbn>
  <isbn13>9781935754008</isbn13>
  <text_reviews_count type="integer">4</text_reviews_count>
  <title>New Orleans: What Can't Be Lost: 88 Stories and Traditions from the Sacred City</title>
  <title_without_series>New Orleans: What Can't Be Lost: 88 Stories and Traditions from the Sacred City</title_without_series>
  <image_url>https://s.gr-assets.com/assets/nophoto/book/111x148-bcc042a9c91a29c1d680899eff700a03.png</image_url>
  <small_image_url>https://s.gr-assets.com/assets/nophoto/book/50x75-a91bf249278a81aabab721ef782c4a74.png</small_image_url>
  <large_image_url/>
  <link>https://www.goodreads.com/book/show/9207940-new-orleans</link>
  <num_pages>269</num_pages>
  <format>Hardcover</format>
  <edition_information/>
  <publisher>University of Louisiana</publisher>
  <publication_day>24</publication_day>
  <publication_year>2010</publication_year>
  <publication_month>8</publication_month>
  <average_rating>4.46</average_rating>
  <ratings_count>13</ratings_count>
  <description>The eighty-eight stories and traditions in New Orleans: What Can't Be Lost are the piano keys in a love song to the city. Alongside Christopher Porche West's alluring black-and-white photographs, New Orleans' culture bearers pay tribute to the city they call home.</description>
<authors>
<author>
<id>4322349</id>
<name>Lee Barclay</name>
<role>Editor</role>
<image_url nophoto='true'>
<![CDATA[https://s.gr-assets.com/assets/nophoto/user/u_200x266-e183445fd1a1b5cc7075bb1cf7043306.png]]>
</image_url>
<small_image_url nophoto='true'>
<![CDATA[https://s.gr-assets.com/assets/nophoto/user/u_50x66-632230dc9882b4352d753eedf9396530.png]]>
</small_image_url>
<link><![CDATA[https://www.goodreads.com/author/show/4322349.Lee_Barclay]]></link>
<average_rating>4.46</average_rating>
<ratings_count>13</ratings_count>
<text_reviews_count>4</text_reviews_count>
</author>
</authors>
  <published>2010</published>
</book>


      <book>
  <id type="integer">2232931</id>
  <isbn>B000R9GMMO</isbn>
  <isbn13 nil="true"/>
  <text_reviews_count type="integer">0</text_reviews_count>
  <title>Brainbox II: Son of Brainbox</title>
  <title_without_series>Brainbox II: Son of Brainbox</title_without_series>
  <image_url>https://s.gr-assets.com/assets/nophoto/book/111x148-bcc042a9c91a29c1d680899eff700a03.png</image_url>
  <small_image_url>https://s.gr-assets.com/assets/nophoto/book/50x75-a91bf249278a81aabab721ef782c4a74.png</small_image_url>
  <large_image_url/>
  <link>https://www.goodreads.com/book/show/2232931.Brainbox_II</link>
  <num_pages>222</num_pages>
  <format>Softcover</format>
  <edition_information/>
  <publisher>Irrational Press</publisher>
  <publication_day/>
  <publication_year>2001</publication_year>
  <publication_month/>
  <average_rating>4.29</average_rating>
  <ratings_count>7</ratings_count>
  <description></description>
<authors>
<author>
<id>1009175</id>
<name>Steve Eller</name>
<role>Editor</role>
<image_url nophoto='true'>
<![CDATA[https://s.gr-assets.com/assets/nophoto/user/u_200x266-e183445fd1a1b5cc7075bb1cf7043306.png]]>
</image_url>
<small_image_url nophoto='true'>
<![CDATA[https://s.gr-assets.com/assets/nophoto/user/u_50x66-632230dc9882b4352d753eedf9396530.png]]>
</small_image_url>
<link><![CDATA[https://www.goodreads.com/author/show/1009175.Steve_Eller]]></link>
<average_rating>3.73</average_rating>
<ratings_count>542</ratings_count>
<text_reviews_count>62</text_reviews_count>
</author>
</authors>
  <published>2001</published>
</book>


    </books>
</author>

</GoodreadsResponse>