<?xml version="1.0" encoding="UTF-8"?>
<GoodreadsResponse>
  <Request>
    <authentication>true</authentication>
      <key><![CDATA[sySok63UyYyWi2Wof1HocA]]></key>
    <method><![CDATA[author_show]]></method>
  </Request>
  <author>
  <id>1170814</id>
  <name>Caroline L. Herzenberg</name>
  <link><![CDATA[https://www.goodreads.com/author/show/1170814.Caroline_L_Herzenberg]]></link>
  <fans_count type="integer">0</fans_count>
  <author_followers_count type="integer">0</author_followers_count>
  <large_image_url><![CDATA[https://s.gr-assets.com/assets/nophoto/user/f_333x500-c8899232290ea51bb160dea14c29470b.png]]></large_image_url>
  <image_url><![CDATA[https://s.gr-assets.com/assets/nophoto/user/f_200x266-3061b784cc8e7f021c6430c9aba94587.png]]></image_url>
  <small_image_url><![CDATA[https://s.gr-assets.com/assets/nophoto/user/f_50x66-6a03a5c12233c941481992b82eea8d23.png]]></small_image_url>
  <about><![CDATA[A physicist at Argonne National Laboratory in Illinois, Caroline L. Herzenberg is past president of the Association for Women in Science.]]></about>
  <influences></influences>
  <works_count>2</works_count>
  <gender>female</gender>
  <hometown></hometown>
  <born_at></born_at>
  <died_at></died_at>
  <goodreads_author></goodreads_author>

    <books>
      <book>
  <id type="integer">3309965</id>
  <isbn>0933951019</isbn>
  <isbn13>9780933951013</isbn13>
  <text_reviews_count type="integer">0</text_reviews_count>
  <title>Women Scientists from Antiquity to the Present: An Index : An International Reference Listing and Biographical Directory of Some Notable Women Scien</title>
  <title_without_series>Women Scientists from Antiquity to the Present: An Index : An International Reference Listing and Biographical Directory of Some Notable Women Scien</title_without_series>
  <image_url>https://s.gr-assets.com/assets/nophoto/book/111x148-bcc042a9c91a29c1d680899eff700a03.png</image_url>
  <small_image_url>https://s.gr-assets.com/assets/nophoto/book/50x75-a91bf249278a81aabab721ef782c4a74.png</small_image_url>
  <large_image_url/>
  <link>https://www.goodreads.com/book/show/3309965-women-scientists-from-antiquity-to-the-present</link>
  <num_pages></num_pages>
  <format></format>
  <edition_information/>
  <publisher></publisher>
  <publication_day></publication_day>
  <publication_year></publication_year>
  <publication_month></publication_month>
  <average_rating>0.0</average_rating>
  <ratings_count>0</ratings_count>
  <description></description>
<authors>
<author>
<id>1170814</id>
<name>Caroline L. Herzenberg</name>
<role></role>
<image_url nophoto='true'>
<![CDATA[https://s.gr-assets.com/assets/nophoto/user/f_200x266-3061b784cc8e7f021c6430c9aba94587.png]]>
</image_url>
<small_image_url nophoto='true'>
<![CDATA[https://s.gr-assets.com/assets/nophoto/user/f_50x66-6a03a5c12233c941481992b82eea8d23.png]]>
</small_image_url>
<link><![CDATA[https://www.goodreads.com/author/show/1170814.Caroline_L_Herzenberg]]></link>
<average_rating>3.29</average_rating>
<ratings_count>7</ratings_count>
<text_reviews_count>0</text_reviews_count>
</author>
</authors>
  <published></published>
</book>


      <book>
  <id type="integer">877194</id>
  <isbn>1592131921</isbn>
  <isbn13>9781592131921</isbn13>
  <text_reviews_count type="integer">0</text_reviews_count>
  <title>Their Day tn the Sun: Women of the Manhattan Project</title>
  <title_without_series>Their Day tn the Sun: Women of the Manhattan Project</title_without_series>
  <image_url>https://s.gr-assets.com/assets/nophoto/book/111x148-bcc042a9c91a29c1d680899eff700a03.png</image_url>
  <small_image_url>https://s.gr-assets.com/assets/nophoto/book/50x75-a91bf249278a81aabab721ef782c4a74.png</small_image_url>
  <large_image_url/>
  <link>https://www.goodreads.com/book/show/877194.Their_Day_tn_the_Sun</link>
  <num_pages>264</num_pages>
  <format>Paperback</format>
  <edition_information/>
  <publisher>Temple University Press</publisher>
  <publication_day>23</publication_day>
  <publication_year>2003</publication_year>
  <publication_month>5</publication_month>
  <average_rating>3.54</average_rating>
  <ratings_count>13</ratings_count>
  <description>The public perception of the making of the atomic bomb is yet an image of the dramatic efforts of a few brilliant male scientists. However, the Manhattan Project was not just the work of a few and it was not just in Los Alamos. It was, in fact, a sprawling research and industrial enterprise that spanned the country from Hanford in Washington State to Oak Ridge in Tennessee, and the Met labs in Illinois.&lt;br /&gt;&lt;br /&gt;The Manhattan Project also included women in every capacity. During World War II the manpower shortages opened the laboratory doors to women and they embraced the opportunity to demonstrate that they, too, could do "creative science." Although women participated in all aspects of the Manhattan Project, their contributions are either omitted or only mentioned briefly in most histories of the project. It is this hidden story that is presented in Their Day in the Sun through interviews, written records, and photographs of the women who were physicists, chemists, mathematicians, biologists, and technicians in the labs.&lt;br /&gt;&lt;br /&gt;Authors Ruth H. Howes and Caroline L. Herzenberg have uncovered accounts of the scientific problems the women helped solve as well as the opportunities and discrimination they faced. Their Day in the Sun describes their abrupt recruitment for the war effort and includes anecdotes about everyday life in these clandestine improvised communities. A chapter about what happened to the women after the war and about their attitudes now, so many years later, toward the work they did on the bomb is included.</description>
<authors>
<author>
<id>451733</id>
<name>Ruth H. Howes</name>
<role></role>
<image_url nophoto='true'>
<![CDATA[https://s.gr-assets.com/assets/nophoto/user/u_200x266-e183445fd1a1b5cc7075bb1cf7043306.png]]>
</image_url>
<small_image_url nophoto='true'>
<![CDATA[https://s.gr-assets.com/assets/nophoto/user/u_50x66-632230dc9882b4352d753eedf9396530.png]]>
</small_image_url>
<link><![CDATA[https://www.goodreads.com/author/show/451733.Ruth_H_Howes]]></link>
<average_rating>3.54</average_rating>
<ratings_count>13</ratings_count>
<text_reviews_count>1</text_reviews_count>
</author>
</authors>
  <published>2003</published>
</book>


    </books>
</author>

</GoodreadsResponse>