<?xml version="1.0" encoding="UTF-8"?>
<GoodreadsResponse>
  <Request>
    <authentication>true</authentication>
      <key><![CDATA[sySok63UyYyWi2Wof1HocA]]></key>
    <method><![CDATA[author_show]]></method>
  </Request>
  <author>
  <id>1234812</id>
  <name>George Steele</name>
  <link><![CDATA[https://www.goodreads.com/author/show/1234812.George_Steele]]></link>
  <fans_count type="integer">0</fans_count>
  <author_followers_count type="integer">0</author_followers_count>
  <large_image_url><![CDATA[https://s.gr-assets.com/assets/nophoto/user/m_333x500-a9c67bed07ee7e10983a5d5ccc572516.png]]></large_image_url>
  <image_url><![CDATA[https://s.gr-assets.com/assets/nophoto/user/m_200x266-d279b33f8eec0f27b7272477f09806be.png]]></image_url>
  <small_image_url><![CDATA[https://s.gr-assets.com/assets/nophoto/user/m_50x66-82093808bca726cb3249a493fbd3bd0f.png]]></small_image_url>
  <about></about>
  <influences></influences>
  <works_count>4</works_count>
  <gender>male</gender>
  <hometown></hometown>
  <born_at></born_at>
  <died_at></died_at>
  <goodreads_author></goodreads_author>

    <books>
      <book>
  <id type="integer">17871662</id>
  <isbn>1623682088</isbn>
  <isbn13>9781623682088</isbn13>
  <text_reviews_count type="integer">5</text_reviews_count>
  <title>Animal</title>
  <title_without_series>Animal</title_without_series>
  <image_url>https://images.gr-assets.com/books/1384024081m/17871662.jpg</image_url>
  <small_image_url>https://images.gr-assets.com/books/1384024081s/17871662.jpg</small_image_url>
  <large_image_url/>
  <link>https://www.goodreads.com/book/show/17871662-animal</link>
  <num_pages>224</num_pages>
  <format>ebook</format>
  <edition_information/>
  <publisher>Triumph Books (IL)</publisher>
  <publication_day>1</publication_day>
  <publication_year>2013</publication_year>
  <publication_month>6</publication_month>
  <average_rating>3.37</average_rating>
  <ratings_count>41</ratings_count>
  <description>A stand-out character in an entertainment industry where persona is everything, George "The Animal" Steele shares how he balanced his real life as Jim Myers, a highly respected high school teacher and coach, with the green tongued, hairy backed, turnbuckle eating wrestling icon he was in the ring. The memoir delves into the golden era of wrestling in the 1970s and 1980s and his entry into the World Wrestling Federation where he earned a spot in professional wrestling history despite only speaking in animal-like grunts. In reality, the educated man that overcame his struggles with dyslexia and Crohn's Disease was a father and an inspiration to many of his students and players, and the dichotomous personalities that marked this much-loved man's life are explored in his own words. The book is filled with nostalgic and humorous anecdotes about the whirlwind life of wrestling alongside such notables as Hulk Hogan and Bruno Sammartino, both in and out of the ring.</description>
<authors>
<author>
<id>1234812</id>
<name>George Steele</name>
<role></role>
<image_url nophoto='true'>
<![CDATA[https://s.gr-assets.com/assets/nophoto/user/m_200x266-d279b33f8eec0f27b7272477f09806be.png]]>
</image_url>
<small_image_url nophoto='true'>
<![CDATA[https://s.gr-assets.com/assets/nophoto/user/m_50x66-82093808bca726cb3249a493fbd3bd0f.png]]>
</small_image_url>
<link><![CDATA[https://www.goodreads.com/author/show/1234812.George_Steele]]></link>
<average_rating>3.66</average_rating>
<ratings_count>50</ratings_count>
<text_reviews_count>10</text_reviews_count>
</author>
</authors>
  <published>2013</published>
</book>


      <book>
  <id type="integer">21391421</id>
  <isbn>0408014040</isbn>
  <isbn13>9780408014045</isbn13>
  <text_reviews_count type="integer">0</text_reviews_count>
  <title>Central Heating: A Design and Installation Manual</title>
  <title_without_series>Central Heating: A Design and Installation Manual</title_without_series>
  <image_url>https://s.gr-assets.com/assets/nophoto/book/111x148-bcc042a9c91a29c1d680899eff700a03.png</image_url>
  <small_image_url>https://s.gr-assets.com/assets/nophoto/book/50x75-a91bf249278a81aabab721ef782c4a74.png</small_image_url>
  <large_image_url/>
  <link>https://www.goodreads.com/book/show/21391421-central-heating</link>
  <num_pages></num_pages>
  <format></format>
  <edition_information/>
  <publisher></publisher>
  <publication_day></publication_day>
  <publication_year></publication_year>
  <publication_month></publication_month>
  <average_rating>0.0</average_rating>
  <ratings_count>0</ratings_count>
  <description></description>
<authors>
<author>
<id>1234812</id>
<name>George Steele</name>
<role></role>
<image_url nophoto='true'>
<![CDATA[https://s.gr-assets.com/assets/nophoto/user/m_200x266-d279b33f8eec0f27b7272477f09806be.png]]>
</image_url>
<small_image_url nophoto='true'>
<![CDATA[https://s.gr-assets.com/assets/nophoto/user/m_50x66-82093808bca726cb3249a493fbd3bd0f.png]]>
</small_image_url>
<link><![CDATA[https://www.goodreads.com/author/show/1234812.George_Steele]]></link>
<average_rating>3.66</average_rating>
<ratings_count>50</ratings_count>
<text_reviews_count>10</text_reviews_count>
</author>
</authors>
  <published></published>
</book>


      <book>
  <id type="integer">2841510</id>
  <isbn>141161352X</isbn>
  <isbn13>9781411613522</isbn13>
  <text_reviews_count type="integer">0</text_reviews_count>
  <title>The Best Way to Stay Healthy; Volume 2: Healing Body, Mind and Spirit</title>
  <title_without_series>The Best Way to Stay Healthy; Volume 2: Healing Body, Mind and Spirit</title_without_series>
  <image_url>https://s.gr-assets.com/assets/nophoto/book/111x148-bcc042a9c91a29c1d680899eff700a03.png</image_url>
  <small_image_url>https://s.gr-assets.com/assets/nophoto/book/50x75-a91bf249278a81aabab721ef782c4a74.png</small_image_url>
  <large_image_url/>
  <link>https://www.goodreads.com/book/show/2841510-the-best-way-to-stay-healthy-volume-2</link>
  <num_pages>188</num_pages>
  <format>Paperback</format>
  <edition_information/>
  <publisher>Lulu.com</publisher>
  <publication_day>23</publication_day>
  <publication_year>2004</publication_year>
  <publication_month>9</publication_month>
  <average_rating>0.0</average_rating>
  <ratings_count>0</ratings_count>
  <description>Do you want to avoid disease and early death? Yes, we all do. Volume 2 presents tools for healing diabetes and heart disease, as well as how to avoid fear and guilt that promote cancer and early death.</description>
<authors>
<author>
<id>1234812</id>
<name>George Steele</name>
<role></role>
<image_url nophoto='true'>
<![CDATA[https://s.gr-assets.com/assets/nophoto/user/m_200x266-d279b33f8eec0f27b7272477f09806be.png]]>
</image_url>
<small_image_url nophoto='true'>
<![CDATA[https://s.gr-assets.com/assets/nophoto/user/m_50x66-82093808bca726cb3249a493fbd3bd0f.png]]>
</small_image_url>
<link><![CDATA[https://www.goodreads.com/author/show/1234812.George_Steele]]></link>
<average_rating>3.66</average_rating>
<ratings_count>50</ratings_count>
<text_reviews_count>10</text_reviews_count>
</author>
</authors>
  <published>2004</published>
</book>


      <book>
  <id type="integer">7082236</id>
  <isbn>0974244708</isbn>
  <isbn13>9780974244709</isbn13>
  <text_reviews_count type="integer">0</text_reviews_count>
  <title>DeathGrip: It Came From the Cinema</title>
  <title_without_series>DeathGrip: It Came From the Cinema</title_without_series>
  <image_url>https://s.gr-assets.com/assets/nophoto/book/111x148-bcc042a9c91a29c1d680899eff700a03.png</image_url>
  <small_image_url>https://s.gr-assets.com/assets/nophoto/book/50x75-a91bf249278a81aabab721ef782c4a74.png</small_image_url>
  <large_image_url/>
  <link>https://www.goodreads.com/book/show/7082236-deathgrip</link>
  <num_pages></num_pages>
  <format></format>
  <edition_information/>
  <publisher></publisher>
  <publication_day></publication_day>
  <publication_year></publication_year>
  <publication_month></publication_month>
  <average_rating>5.00</average_rating>
  <ratings_count>9</ratings_count>
  <description>Some of the best horror stories ever told have been on the silver screen-from Nosferatu to The Exorcist to Cabin Fever-many of today's best authors have been terrifyingly inspired by the horror movie. &lt;p&gt;&lt;br /&gt;A collection of short horror stories inspired by some of the most terrifying films ever committed to celluloid by some of today's most chilling authors, edited by Terry "Horns" Erwin.&lt;/p&gt;</description>
<authors>
<author>
<id>3935222</id>
<name>Terry Erwin</name>
<role>Editor</role>
<image_url nophoto='true'>
<![CDATA[https://s.gr-assets.com/assets/nophoto/user/u_200x266-e183445fd1a1b5cc7075bb1cf7043306.png]]>
</image_url>
<small_image_url nophoto='true'>
<![CDATA[https://s.gr-assets.com/assets/nophoto/user/u_50x66-632230dc9882b4352d753eedf9396530.png]]>
</small_image_url>
<link><![CDATA[https://www.goodreads.com/author/show/3935222.Terry_Erwin]]></link>
<average_rating>4.69</average_rating>
<ratings_count>13</ratings_count>
<text_reviews_count>3</text_reviews_count>
</author>
</authors>
  <published></published>
</book>


    </books>
</author>

</GoodreadsResponse>