<?xml version="1.0" encoding="UTF-8"?>
<GoodreadsResponse>
  <Request>
    <authentication>true</authentication>
      <key><![CDATA[sySok63UyYyWi2Wof1HocA]]></key>
    <method><![CDATA[author_show]]></method>
  </Request>
  <author>
  <id>1288779</id>
  <name>S.E.    Smith</name>
  <link><![CDATA[https://www.goodreads.com/author/show/1288779.S_E_Smith]]></link>
  <fans_count type="integer">0</fans_count>
  <author_followers_count type="integer">0</author_followers_count>
  <large_image_url><![CDATA[https://s.gr-assets.com/assets/nophoto/user/f_333x500-c8899232290ea51bb160dea14c29470b.png]]></large_image_url>
  <image_url><![CDATA[https://s.gr-assets.com/assets/nophoto/user/f_200x266-3061b784cc8e7f021c6430c9aba94587.png]]></image_url>
  <small_image_url><![CDATA[https://s.gr-assets.com/assets/nophoto/user/f_50x66-6a03a5c12233c941481992b82eea8d23.png]]></small_image_url>
  <about><![CDATA[(Professor) Also published under 'Sally E. Smith'.]]></about>
  <influences></influences>
  <works_count>4</works_count>
  <gender>female</gender>
  <hometown></hometown>
  <born_at></born_at>
  <died_at></died_at>
  <goodreads_author></goodreads_author>

    <books>
      <book>
  <id type="integer">20019583</id>
  <isbn nil="true"/>
  <isbn13 nil="true"/>
  <text_reviews_count type="integer">0</text_reviews_count>
  <title>Diversity and Integration in Mycorrhizas</title>
  <title_without_series>Diversity and Integration in Mycorrhizas</title_without_series>
  <image_url>https://s.gr-assets.com/assets/nophoto/book/111x148-bcc042a9c91a29c1d680899eff700a03.png</image_url>
  <small_image_url>https://s.gr-assets.com/assets/nophoto/book/50x75-a91bf249278a81aabab721ef782c4a74.png</small_image_url>
  <large_image_url/>
  <link>https://www.goodreads.com/book/show/20019583-diversity-and-integration-in-mycorrhizas</link>
  <num_pages></num_pages>
  <format></format>
  <edition_information/>
  <publisher></publisher>
  <publication_day></publication_day>
  <publication_year></publication_year>
  <publication_month></publication_month>
  <average_rating>0.0</average_rating>
  <ratings_count>0</ratings_count>
  <description></description>
<authors>
<author>
<id>1288779</id>
<name>S.E.    Smith</name>
<role></role>
<image_url nophoto='true'>
<![CDATA[https://s.gr-assets.com/assets/nophoto/user/f_200x266-3061b784cc8e7f021c6430c9aba94587.png]]>
</image_url>
<small_image_url nophoto='true'>
<![CDATA[https://s.gr-assets.com/assets/nophoto/user/f_50x66-6a03a5c12233c941481992b82eea8d23.png]]>
</small_image_url>
<link><![CDATA[https://www.goodreads.com/author/show/1288779.S_E_Smith]]></link>
<average_rating>4.33</average_rating>
<ratings_count>6</ratings_count>
<text_reviews_count>0</text_reviews_count>
</author>
</authors>
  <published></published>
</book>


      <book>
  <id type="integer">3461204</id>
  <isbn>0123705266</isbn>
  <isbn13>9780123705266</isbn13>
  <text_reviews_count type="integer">0</text_reviews_count>
  <title>Mycorrhizal Symbiosis</title>
  <title_without_series>Mycorrhizal Symbiosis</title_without_series>
  <image_url>https://s.gr-assets.com/assets/nophoto/book/111x148-bcc042a9c91a29c1d680899eff700a03.png</image_url>
  <small_image_url>https://s.gr-assets.com/assets/nophoto/book/50x75-a91bf249278a81aabab721ef782c4a74.png</small_image_url>
  <large_image_url/>
  <link>https://www.goodreads.com/book/show/3461204-mycorrhizal-symbiosis</link>
  <num_pages>787</num_pages>
  <format>Hardcover</format>
  <edition_information>Third Edition</edition_information>
  <publisher>Academic Press</publisher>
  <publication_day>1</publication_day>
  <publication_year>2007</publication_year>
  <publication_month>11</publication_month>
  <average_rating>4.33</average_rating>
  <ratings_count>6</ratings_count>
  <description>The roots of most plants are colonized by symbiotic fungi to form mycorrhiza, which play a critical role in the capture of nutrients from the soil and therefore in plant nutrition. &lt;i&gt;Mycorrhizal Symbiosis&lt;/i&gt; is recognized as the definitive work in this area. Since the last edition was published there have been major advances in the field, particularly in the area of molecular biology, and the new edition has been fully revised and updated to incorporate these exciting new developments. &lt;br /&gt;-Over 50% new material&lt;br /&gt;-Includes expanded color plate section&lt;br /&gt;-Covers all aspects of mycorrhiza&lt;br /&gt;-Presents new taxonomy&lt;br /&gt;-Discusses the impact of proteomics and genomics on research in this area</description>
<authors>
<author>
<id>1270979</id>
<name>J.L. Harley</name>
<role></role>
<image_url nophoto='true'>
<![CDATA[https://s.gr-assets.com/assets/nophoto/user/u_200x266-e183445fd1a1b5cc7075bb1cf7043306.png]]>
</image_url>
<small_image_url nophoto='true'>
<![CDATA[https://s.gr-assets.com/assets/nophoto/user/u_50x66-632230dc9882b4352d753eedf9396530.png]]>
</small_image_url>
<link><![CDATA[https://www.goodreads.com/author/show/1270979.J_L_Harley]]></link>
<average_rating>4.43</average_rating>
<ratings_count>7</ratings_count>
<text_reviews_count>0</text_reviews_count>
</author>
</authors>
  <published>2007</published>
</book>


      <book>
  <id type="integer">4455185</id>
  <isbn>1402002696</isbn>
  <isbn13>9781402002694</isbn13>
  <text_reviews_count type="integer">0</text_reviews_count>
  <title>Diversity and Integration in Mycorrhizas: Proceedings of the 3rd International Conference on Mycorrhizas (Icom3) Adelaide, Australia, 8 13 July 2001</title>
  <title_without_series>Diversity and Integration in Mycorrhizas: Proceedings of the 3rd International Conference on Mycorrhizas (Icom3) Adelaide, Australia, 8 13 July 2001</title_without_series>
  <image_url>https://images.gr-assets.com/books/1406505566m/4455185.jpg</image_url>
  <small_image_url>https://images.gr-assets.com/books/1406505566s/4455185.jpg</small_image_url>
  <large_image_url/>
  <link>https://www.goodreads.com/book/show/4455185-diversity-and-integration-in-mycorrhizas</link>
  <num_pages>337</num_pages>
  <format>Hardcover</format>
  <edition_information/>
  <publisher>Springer</publisher>
  <publication_day>30</publication_day>
  <publication_year>2002</publication_year>
  <publication_month>9</publication_month>
  <average_rating>0.0</average_rating>
  <ratings_count>0</ratings_count>
  <description>This book is highly recommended on the basis of the following points: - The editors are highly regarded in the field of mycorrhizal biology and one is co-author of the most comprehensive textbook on mycorrhizas; &lt;br /&gt;- Chapters by international experts based on invited presentations at the 3rd International Conference on Mycorrhizas, supplemented by invited chapters on special topics; &lt;br /&gt;- Mycorrhizas are being increasingly recognised as ubiquitous plant/fungal symbioses, with the potential to influence the function and ecology of around 90% of all land plants; perhaps the most common and also ancient terrestrial symbioses in existence; &lt;br /&gt;- This book has a broad coverage of biology of symbioses between mycorrhizal fungi and plants, especially ecto- and arbuscular mycorrhizas (other recent texts have focused mainly on arbuscular mycorrhizal symbioses); &lt;br /&gt;- Forward-looking review chapters by keynote speakers including an overview of research challenges for the future; &lt;br /&gt;- Up-to-date research focus; &lt;br /&gt;- Coverage includes: molecular diversity and detection of mycorrhizal fungi; cellular and molecular interactions between the symbionts; physiology of the interactions; implications of the symbioses for ecosystem processes, including agriculture; &lt;br /&gt;- Several complementary chapters on some topics, ensuring that different perspectives are presented (recent edited volumes have had a smaller group of authors and hence narrower focus); &lt;br /&gt;- Readership from advanced undergraduate students in biology (particularly plant science), postgraduate students and researchers in universities and government agencies.</description>
<authors>
<author>
<id>1288779</id>
<name>S.E.    Smith</name>
<role>Editor</role>
<image_url nophoto='true'>
<![CDATA[https://s.gr-assets.com/assets/nophoto/user/f_200x266-3061b784cc8e7f021c6430c9aba94587.png]]>
</image_url>
<small_image_url nophoto='true'>
<![CDATA[https://s.gr-assets.com/assets/nophoto/user/f_50x66-6a03a5c12233c941481992b82eea8d23.png]]>
</small_image_url>
<link><![CDATA[https://www.goodreads.com/author/show/1288779.S_E_Smith]]></link>
<average_rating>4.33</average_rating>
<ratings_count>6</ratings_count>
<text_reviews_count>0</text_reviews_count>
</author>
</authors>
  <published>2002</published>
</book>


      <book>
  <id type="integer">2672635</id>
  <isbn>0643049878</isbn>
  <isbn13>9780643049871</isbn13>
  <text_reviews_count type="integer">0</text_reviews_count>
  <title>Plant Microbe Interface Structure And Function</title>
  <title_without_series>Plant Microbe Interface Structure And Function</title_without_series>
  <image_url>https://s.gr-assets.com/assets/nophoto/book/111x148-bcc042a9c91a29c1d680899eff700a03.png</image_url>
  <small_image_url>https://s.gr-assets.com/assets/nophoto/book/50x75-a91bf249278a81aabab721ef782c4a74.png</small_image_url>
  <large_image_url/>
  <link>https://www.goodreads.com/book/show/2672635-plant-microbe-interface-structure-and-function</link>
  <num_pages>160</num_pages>
  <format>Paperback</format>
  <edition_information/>
  <publisher>Australian Government Publishing Service</publisher>
  <publication_day>1</publication_day>
  <publication_year>1991</publication_year>
  <publication_month>12</publication_month>
  <average_rating>0.0</average_rating>
  <ratings_count>0</ratings_count>
  <description></description>
<authors>
<author>
<id>1288779</id>
<name>S.E.    Smith</name>
<role>Editor</role>
<image_url nophoto='true'>
<![CDATA[https://s.gr-assets.com/assets/nophoto/user/f_200x266-3061b784cc8e7f021c6430c9aba94587.png]]>
</image_url>
<small_image_url nophoto='true'>
<![CDATA[https://s.gr-assets.com/assets/nophoto/user/f_50x66-6a03a5c12233c941481992b82eea8d23.png]]>
</small_image_url>
<link><![CDATA[https://www.goodreads.com/author/show/1288779.S_E_Smith]]></link>
<average_rating>4.33</average_rating>
<ratings_count>6</ratings_count>
<text_reviews_count>0</text_reviews_count>
</author>
</authors>
  <published>1991</published>
</book>


    </books>
</author>

</GoodreadsResponse>