<?xml version="1.0" encoding="UTF-8"?>
<GoodreadsResponse>
  <Request>
    <authentication>true</authentication>
      <key><![CDATA[sySok63UyYyWi2Wof1HocA]]></key>
    <method><![CDATA[author_show]]></method>
  </Request>
  <author>
  <id>1318939</id>
  <name>Mark A. Putch</name>
  <link><![CDATA[https://www.goodreads.com/author/show/1318939.Mark_A_Putch]]></link>
  <fans_count type="integer">0</fans_count>
  <author_followers_count type="integer">0</author_followers_count>
  <large_image_url><![CDATA[https://s.gr-assets.com/assets/nophoto/user/m_333x500-a9c67bed07ee7e10983a5d5ccc572516.png]]></large_image_url>
  <image_url><![CDATA[https://s.gr-assets.com/assets/nophoto/user/m_200x266-d279b33f8eec0f27b7272477f09806be.png]]></image_url>
  <small_image_url><![CDATA[https://s.gr-assets.com/assets/nophoto/user/m_50x66-82093808bca726cb3249a493fbd3bd0f.png]]></small_image_url>
  <about><![CDATA[As an artist I believe in practicing multiple complimentary mediums. My artistic endeavors to date include the study and creation of fiction, drama, and music. I have written Pacific Passages, an aviation adventure novel, and Crashpad, a stage play, examining 9/11 from the pilot and fight attendant perspectives. My musical contributions include A Wedding Song and Lovely, both piano, voice, and flute trios, and the piano Prelude #1 in g minor. I am currently working on an opus of 24 piano preludes, each one written in one of the 24 major and minor keys. Each medium I work in informs the other. My study of literature inform my music and drama, and conversely music informs my practice of fiction and dramatic writing. ]]></about>
  <influences><![CDATA[Homer, Hemingway, Faulkner, Dostoevsky, Tolstoy, Dickens, Virgil, Milton, Sir Thomas More, Orwell, Thoreau, Dickenson, Hugo, Zola, Makin, Beethoven, Bach, Brahms, Mozart, Chopin, Rachmaninov, Gershwin, and Debussy. ]]></influences>
  <works_count>1</works_count>
  <gender>male</gender>
  <hometown></hometown>
  <born_at></born_at>
  <died_at></died_at>
  <goodreads_author>true</goodreads_author>
    <user>
  <id type="integer">1016919</id>
</user>


    <books>
      <book>
  <id type="integer">3081941</id>
  <isbn>1403314616</isbn>
  <isbn13>9781403314611</isbn13>
  <text_reviews_count type="integer">0</text_reviews_count>
  <title>Pacific Passages</title>
  <title_without_series>Pacific Passages</title_without_series>
  <image_url>https://s.gr-assets.com/assets/nophoto/book/111x148-bcc042a9c91a29c1d680899eff700a03.png</image_url>
  <small_image_url>https://s.gr-assets.com/assets/nophoto/book/50x75-a91bf249278a81aabab721ef782c4a74.png</small_image_url>
  <large_image_url/>
  <link>https://www.goodreads.com/book/show/3081941-pacific-passages</link>
  <num_pages>336</num_pages>
  <format>Paperback</format>
  <edition_information/>
  <publisher>Authorhouse</publisher>
  <publication_day>24</publication_day>
  <publication_year>2002</publication_year>
  <publication_month>7</publication_month>
  <average_rating>0.0</average_rating>
  <ratings_count>0</ratings_count>
  <description></description>
<authors>
<author>
<id>1318939</id>
<name>Mark A. Putch</name>
<role></role>
<image_url nophoto='true'>
<![CDATA[https://s.gr-assets.com/assets/nophoto/user/m_200x266-d279b33f8eec0f27b7272477f09806be.png]]>
</image_url>
<small_image_url nophoto='true'>
<![CDATA[https://s.gr-assets.com/assets/nophoto/user/m_50x66-82093808bca726cb3249a493fbd3bd0f.png]]>
</small_image_url>
<link><![CDATA[https://www.goodreads.com/author/show/1318939.Mark_A_Putch]]></link>
<average_rating>0.0</average_rating>
<ratings_count>0</ratings_count>
<text_reviews_count>0</text_reviews_count>
</author>
</authors>
  <published>2002</published>
</book>


    </books>
</author>

</GoodreadsResponse>