<?xml version="1.0" encoding="UTF-8"?>
<GoodreadsResponse>
  <Request>
    <authentication>true</authentication>
      <key><![CDATA[sySok63UyYyWi2Wof1HocA]]></key>
    <method><![CDATA[author_show]]></method>
  </Request>
  <author>
  <id>133773</id>
  <name>Sarah Bolme</name>
  <link><![CDATA[https://www.goodreads.com/author/show/133773.Sarah_Bolme]]></link>
  <fans_count type="integer">5</fans_count>
  <author_followers_count type="integer">5</author_followers_count>
  <large_image_url><![CDATA[https://images.gr-assets.com/authors/1476364437p7/133773.jpg]]></large_image_url>
  <image_url><![CDATA[https://images.gr-assets.com/authors/1476364437p5/133773.jpg]]></image_url>
  <small_image_url><![CDATA[https://images.gr-assets.com/authors/1476364437p2/133773.jpg]]></small_image_url>
  <about><![CDATA[Sarah Bolme is the Director of Christian Small Publishers Association (CSPA), the owner of Crest Publications, and the author of 7 books including the award-winning "Your Guide to Marketing Books in the Christian Marketplace" and numerous articles. ]]></about>
  <influences></influences>
  <works_count>10</works_count>
  <gender>female</gender>
  <hometown></hometown>
  <born_at></born_at>
  <died_at></died_at>
  <goodreads_author>true</goodreads_author>
    <user>
  <id type="integer">3367494</id>
</user>


    <books>
      <book>
  <id type="integer">7811382</id>
  <isbn>0972554688</isbn>
  <isbn13>9780972554688</isbn13>
  <text_reviews_count type="integer">2</text_reviews_count>
  <title>Your Guide to Marketing Books in the Christian Marketplace</title>
  <title_without_series>Your Guide to Marketing Books in the Christian Marketplace</title_without_series>
  <image_url>https://s.gr-assets.com/assets/nophoto/book/111x148-bcc042a9c91a29c1d680899eff700a03.png</image_url>
  <small_image_url>https://s.gr-assets.com/assets/nophoto/book/50x75-a91bf249278a81aabab721ef782c4a74.png</small_image_url>
  <large_image_url/>
  <link>https://www.goodreads.com/book/show/7811382-your-guide-to-marketing-books-in-the-christian-marketplace</link>
  <num_pages>242</num_pages>
  <format>Paperback</format>
  <edition_information>Second Edition</edition_information>
  <publisher>Crest Publications</publisher>
  <publication_day>1</publication_day>
  <publication_year>2009</publication_year>
  <publication_month>7</publication_month>
  <average_rating>4.30</average_rating>
  <ratings_count>10</ratings_count>
  <description>Packed with valuable information on promoting books in the Christian marketplace, this book is the perfect resource for publishers and authors. Chalk full of specific resources with contact information, Your Guide to Marketing Books in the Christian Marketplace walks you step-by-step through the various aspects of book promotion. This second edition has been updated and expanded. This new addition includes chapters on leveraging social networking and the Urban market. This is the essential resource for anyone involved in producing and promoting Christian books.</description>
<authors>
<author>
<id>133773</id>
<name>Sarah Bolme</name>
<role></role>
<image_url nophoto='false'>
<![CDATA[https://images.gr-assets.com/authors/1476364437p5/133773.jpg]]>
</image_url>
<small_image_url nophoto='false'>
<![CDATA[https://images.gr-assets.com/authors/1476364437p2/133773.jpg]]>
</small_image_url>
<link><![CDATA[https://www.goodreads.com/author/show/133773.Sarah_Bolme]]></link>
<average_rating>4.53</average_rating>
<ratings_count>19</ratings_count>
<text_reviews_count>7</text_reviews_count>
</author>
</authors>
  <published>2009</published>
</book>


      <book>
  <id type="integer">22764813</id>
  <isbn nil="true"/>
  <isbn13 nil="true"/>
  <text_reviews_count type="integer">2</text_reviews_count>
  <title>Your Guide to Marketing Books in the Christian Marketplace: Third Edition</title>
  <title_without_series>Your Guide to Marketing Books in the Christian Marketplace: Third Edition</title_without_series>
  <image_url>https://s.gr-assets.com/assets/nophoto/book/111x148-bcc042a9c91a29c1d680899eff700a03.png</image_url>
  <small_image_url>https://s.gr-assets.com/assets/nophoto/book/50x75-a91bf249278a81aabab721ef782c4a74.png</small_image_url>
  <large_image_url/>
  <link>https://www.goodreads.com/book/show/22764813-your-guide-to-marketing-books-in-the-christian-marketplace</link>
  <num_pages></num_pages>
  <format></format>
  <edition_information/>
  <publisher></publisher>
  <publication_day></publication_day>
  <publication_year></publication_year>
  <publication_month></publication_month>
  <average_rating>4.75</average_rating>
  <ratings_count>4</ratings_count>
  <description></description>
<authors>
<author>
<id>133773</id>
<name>Sarah Bolme</name>
<role></role>
<image_url nophoto='false'>
<![CDATA[https://images.gr-assets.com/authors/1476364437p5/133773.jpg]]>
</image_url>
<small_image_url nophoto='false'>
<![CDATA[https://images.gr-assets.com/authors/1476364437p2/133773.jpg]]>
</small_image_url>
<link><![CDATA[https://www.goodreads.com/author/show/133773.Sarah_Bolme]]></link>
<average_rating>4.53</average_rating>
<ratings_count>19</ratings_count>
<text_reviews_count>7</text_reviews_count>
</author>
</authors>
  <published></published>
</book>


      <book>
  <id type="integer">2395984</id>
  <isbn>1591650216</isbn>
  <isbn13>9781591650218</isbn13>
  <text_reviews_count type="integer">0</text_reviews_count>
  <title>The Adoption Option</title>
  <title_without_series>The Adoption Option</title_without_series>
  <image_url>https://s.gr-assets.com/assets/nophoto/book/111x148-bcc042a9c91a29c1d680899eff700a03.png</image_url>
  <small_image_url>https://s.gr-assets.com/assets/nophoto/book/50x75-a91bf249278a81aabab721ef782c4a74.png</small_image_url>
  <large_image_url/>
  <link>https://www.goodreads.com/book/show/2395984.The_Adoption_Option</link>
  <num_pages></num_pages>
  <format></format>
  <edition_information/>
  <publisher></publisher>
  <publication_day></publication_day>
  <publication_year></publication_year>
  <publication_month></publication_month>
  <average_rating>0.0</average_rating>
  <ratings_count>0</ratings_count>
  <description></description>
<authors>
<author>
<id>133773</id>
<name>Sarah Bolme</name>
<role></role>
<image_url nophoto='false'>
<![CDATA[https://images.gr-assets.com/authors/1476364437p5/133773.jpg]]>
</image_url>
<small_image_url nophoto='false'>
<![CDATA[https://images.gr-assets.com/authors/1476364437p2/133773.jpg]]>
</small_image_url>
<link><![CDATA[https://www.goodreads.com/author/show/133773.Sarah_Bolme]]></link>
<average_rating>4.53</average_rating>
<ratings_count>19</ratings_count>
<text_reviews_count>7</text_reviews_count>
</author>
</authors>
  <published></published>
</book>


      <book>
  <id type="integer">2395983</id>
  <isbn>1591650100</isbn>
  <isbn13>9781591650102</isbn13>
  <text_reviews_count type="integer">0</text_reviews_count>
  <title>Keep Your Cool! Control Your Anger Before It Controls You!</title>
  <title_without_series>Keep Your Cool! Control Your Anger Before It Controls You!</title_without_series>
  <image_url>https://s.gr-assets.com/assets/nophoto/book/111x148-bcc042a9c91a29c1d680899eff700a03.png</image_url>
  <small_image_url>https://s.gr-assets.com/assets/nophoto/book/50x75-a91bf249278a81aabab721ef782c4a74.png</small_image_url>
  <large_image_url/>
  <link>https://www.goodreads.com/book/show/2395983.Keep_Your_Cool_Control_Your_Anger_Before_It_Controls_You_</link>
  <num_pages></num_pages>
  <format></format>
  <edition_information/>
  <publisher></publisher>
  <publication_day></publication_day>
  <publication_year></publication_year>
  <publication_month></publication_month>
  <average_rating>0.0</average_rating>
  <ratings_count>0</ratings_count>
  <description></description>
<authors>
<author>
<id>133773</id>
<name>Sarah Bolme</name>
<role></role>
<image_url nophoto='false'>
<![CDATA[https://images.gr-assets.com/authors/1476364437p5/133773.jpg]]>
</image_url>
<small_image_url nophoto='false'>
<![CDATA[https://images.gr-assets.com/authors/1476364437p2/133773.jpg]]>
</small_image_url>
<link><![CDATA[https://www.goodreads.com/author/show/133773.Sarah_Bolme]]></link>
<average_rating>4.53</average_rating>
<ratings_count>19</ratings_count>
<text_reviews_count>7</text_reviews_count>
</author>
</authors>
  <published></published>
</book>


      <book>
  <id type="integer">2395982</id>
  <isbn>0972554661</isbn>
  <isbn13>9780972554664</isbn13>
  <text_reviews_count type="integer">0</text_reviews_count>
  <title>The Adoption Option: A Solution for an Unplanned Pregnancy</title>
  <title_without_series>The Adoption Option: A Solution for an Unplanned Pregnancy</title_without_series>
  <image_url>https://s.gr-assets.com/assets/nophoto/book/111x148-bcc042a9c91a29c1d680899eff700a03.png</image_url>
  <small_image_url>https://s.gr-assets.com/assets/nophoto/book/50x75-a91bf249278a81aabab721ef782c4a74.png</small_image_url>
  <large_image_url/>
  <link>https://www.goodreads.com/book/show/2395982.The_Adoption_Option</link>
  <num_pages></num_pages>
  <format></format>
  <edition_information/>
  <publisher></publisher>
  <publication_day></publication_day>
  <publication_year></publication_year>
  <publication_month></publication_month>
  <average_rating>0.0</average_rating>
  <ratings_count>0</ratings_count>
  <description></description>
<authors>
<author>
<id>133773</id>
<name>Sarah Bolme</name>
<role></role>
<image_url nophoto='false'>
<![CDATA[https://images.gr-assets.com/authors/1476364437p5/133773.jpg]]>
</image_url>
<small_image_url nophoto='false'>
<![CDATA[https://images.gr-assets.com/authors/1476364437p2/133773.jpg]]>
</small_image_url>
<link><![CDATA[https://www.goodreads.com/author/show/133773.Sarah_Bolme]]></link>
<average_rating>4.53</average_rating>
<ratings_count>19</ratings_count>
<text_reviews_count>7</text_reviews_count>
</author>
</authors>
  <published></published>
</book>


      <book>
  <id type="integer">228757</id>
  <isbn>0972554645</isbn>
  <isbn13>9780972554640</isbn13>
  <text_reviews_count type="integer">1</text_reviews_count>
  <title>Stories of Jesus (Baby Bible Board Books Collection #1)</title>
  <title_without_series>Stories of Jesus</title_without_series>
  <image_url>https://s.gr-assets.com/assets/nophoto/book/111x148-bcc042a9c91a29c1d680899eff700a03.png</image_url>
  <small_image_url>https://s.gr-assets.com/assets/nophoto/book/50x75-a91bf249278a81aabab721ef782c4a74.png</small_image_url>
  <large_image_url/>
  <link>https://www.goodreads.com/book/show/228757.Stories_of_Jesus</link>
  <num_pages></num_pages>
  <format></format>
  <edition_information/>
  <publisher>Crest Publications</publisher>
  <publication_day>1</publication_day>
  <publication_year>2003</publication_year>
  <publication_month>4</publication_month>
  <average_rating>5.00</average_rating>
  <ratings_count>2</ratings_count>
  <description>Four books in one fun collection: **Jesus Feeds the People **Jesus Heals a Little Girl **Jesus Helps a Blind Man **Jesus Stops a Storm</description>
<authors>
<author>
<id>133774</id>
<name>Edward Bolme</name>
<role></role>
<image_url nophoto='true'>
<![CDATA[https://s.gr-assets.com/assets/nophoto/user/u_200x266-e183445fd1a1b5cc7075bb1cf7043306.png]]>
</image_url>
<small_image_url nophoto='true'>
<![CDATA[https://s.gr-assets.com/assets/nophoto/user/u_50x66-632230dc9882b4352d753eedf9396530.png]]>
</small_image_url>
<link><![CDATA[https://www.goodreads.com/author/show/133774.Edward_Bolme]]></link>
<average_rating>3.64</average_rating>
<ratings_count>1408</ratings_count>
<text_reviews_count>40</text_reviews_count>
</author>
</authors>
  <published>2003</published>
</book>


      <book>
  <id type="integer">1242384</id>
  <isbn>0972554602</isbn>
  <isbn13>9780972554602</isbn13>
  <text_reviews_count type="integer">1</text_reviews_count>
  <title>Jesus Feeds the People</title>
  <title_without_series>Jesus Feeds the People</title_without_series>
  <image_url>https://s.gr-assets.com/assets/nophoto/book/111x148-bcc042a9c91a29c1d680899eff700a03.png</image_url>
  <small_image_url>https://s.gr-assets.com/assets/nophoto/book/50x75-a91bf249278a81aabab721ef782c4a74.png</small_image_url>
  <large_image_url/>
  <link>https://www.goodreads.com/book/show/1242384.Jesus_Feeds_the_People</link>
  <num_pages></num_pages>
  <format></format>
  <edition_information/>
  <publisher></publisher>
  <publication_day></publication_day>
  <publication_year></publication_year>
  <publication_month></publication_month>
  <average_rating>4.50</average_rating>
  <ratings_count>2</ratings_count>
  <description></description>
<authors>
<author>
<id>133774</id>
<name>Edward Bolme</name>
<role>Text</role>
<image_url nophoto='true'>
<![CDATA[https://s.gr-assets.com/assets/nophoto/user/u_200x266-e183445fd1a1b5cc7075bb1cf7043306.png]]>
</image_url>
<small_image_url nophoto='true'>
<![CDATA[https://s.gr-assets.com/assets/nophoto/user/u_50x66-632230dc9882b4352d753eedf9396530.png]]>
</small_image_url>
<link><![CDATA[https://www.goodreads.com/author/show/133774.Edward_Bolme]]></link>
<average_rating>3.64</average_rating>
<ratings_count>1408</ratings_count>
<text_reviews_count>40</text_reviews_count>
</author>
</authors>
  <published></published>
</book>


      <book>
  <id type="integer">1242387</id>
  <isbn>0972554610</isbn>
  <isbn13>9780972554619</isbn13>
  <text_reviews_count type="integer">0</text_reviews_count>
  <title>Jesus Heals A Little Girl</title>
  <title_without_series>Jesus Heals A Little Girl</title_without_series>
  <image_url>https://s.gr-assets.com/assets/nophoto/book/111x148-bcc042a9c91a29c1d680899eff700a03.png</image_url>
  <small_image_url>https://s.gr-assets.com/assets/nophoto/book/50x75-a91bf249278a81aabab721ef782c4a74.png</small_image_url>
  <large_image_url/>
  <link>https://www.goodreads.com/book/show/1242387.Jesus_Heals_A_Little_Girl</link>
  <num_pages>20</num_pages>
  <format></format>
  <edition_information/>
  <publisher></publisher>
  <publication_day></publication_day>
  <publication_year></publication_year>
  <publication_month></publication_month>
  <average_rating>5.00</average_rating>
  <ratings_count>1</ratings_count>
  <description></description>
<authors>
<author>
<id>133774</id>
<name>Edward Bolme</name>
<role>Text</role>
<image_url nophoto='true'>
<![CDATA[https://s.gr-assets.com/assets/nophoto/user/u_200x266-e183445fd1a1b5cc7075bb1cf7043306.png]]>
</image_url>
<small_image_url nophoto='true'>
<![CDATA[https://s.gr-assets.com/assets/nophoto/user/u_50x66-632230dc9882b4352d753eedf9396530.png]]>
</small_image_url>
<link><![CDATA[https://www.goodreads.com/author/show/133774.Edward_Bolme]]></link>
<average_rating>3.64</average_rating>
<ratings_count>1408</ratings_count>
<text_reviews_count>40</text_reviews_count>
</author>
</authors>
  <published></published>
</book>


      <book>
  <id type="integer">1242388</id>
  <isbn>0972554637</isbn>
  <isbn13>9780972554633</isbn13>
  <text_reviews_count type="integer">0</text_reviews_count>
  <title>Jesus Stops a Storm</title>
  <title_without_series>Jesus Stops a Storm</title_without_series>
  <image_url>https://s.gr-assets.com/assets/nophoto/book/111x148-bcc042a9c91a29c1d680899eff700a03.png</image_url>
  <small_image_url>https://s.gr-assets.com/assets/nophoto/book/50x75-a91bf249278a81aabab721ef782c4a74.png</small_image_url>
  <large_image_url/>
  <link>https://www.goodreads.com/book/show/1242388.Jesus_Stops_a_Storm</link>
  <num_pages></num_pages>
  <format></format>
  <edition_information/>
  <publisher></publisher>
  <publication_day></publication_day>
  <publication_year></publication_year>
  <publication_month></publication_month>
  <average_rating>0.0</average_rating>
  <ratings_count>0</ratings_count>
  <description></description>
<authors>
<author>
<id>133774</id>
<name>Edward Bolme</name>
<role>Text</role>
<image_url nophoto='true'>
<![CDATA[https://s.gr-assets.com/assets/nophoto/user/u_200x266-e183445fd1a1b5cc7075bb1cf7043306.png]]>
</image_url>
<small_image_url nophoto='true'>
<![CDATA[https://s.gr-assets.com/assets/nophoto/user/u_50x66-632230dc9882b4352d753eedf9396530.png]]>
</small_image_url>
<link><![CDATA[https://www.goodreads.com/author/show/133774.Edward_Bolme]]></link>
<average_rating>3.64</average_rating>
<ratings_count>1408</ratings_count>
<text_reviews_count>40</text_reviews_count>
</author>
</authors>
  <published></published>
</book>


      <book>
  <id type="integer">2395981</id>
  <isbn>0972554629</isbn>
  <isbn13>9780972554626</isbn13>
  <text_reviews_count type="integer">0</text_reviews_count>
  <title>Jesus Helps a Blind Man</title>
  <title_without_series>Jesus Helps a Blind Man</title_without_series>
  <image_url>https://s.gr-assets.com/assets/nophoto/book/111x148-bcc042a9c91a29c1d680899eff700a03.png</image_url>
  <small_image_url>https://s.gr-assets.com/assets/nophoto/book/50x75-a91bf249278a81aabab721ef782c4a74.png</small_image_url>
  <large_image_url/>
  <link>https://www.goodreads.com/book/show/2395981.Jesus_Helps_a_Blind_Man</link>
  <num_pages></num_pages>
  <format></format>
  <edition_information/>
  <publisher></publisher>
  <publication_day></publication_day>
  <publication_year></publication_year>
  <publication_month></publication_month>
  <average_rating>0.0</average_rating>
  <ratings_count>0</ratings_count>
  <description></description>
<authors>
<author>
<id>133774</id>
<name>Edward Bolme</name>
<role>Text</role>
<image_url nophoto='true'>
<![CDATA[https://s.gr-assets.com/assets/nophoto/user/u_200x266-e183445fd1a1b5cc7075bb1cf7043306.png]]>
</image_url>
<small_image_url nophoto='true'>
<![CDATA[https://s.gr-assets.com/assets/nophoto/user/u_50x66-632230dc9882b4352d753eedf9396530.png]]>
</small_image_url>
<link><![CDATA[https://www.goodreads.com/author/show/133774.Edward_Bolme]]></link>
<average_rating>3.64</average_rating>
<ratings_count>1408</ratings_count>
<text_reviews_count>40</text_reviews_count>
</author>
</authors>
  <published></published>
</book>


    </books>
</author>

</GoodreadsResponse>