<?xml version="1.0" encoding="UTF-8"?>
<GoodreadsResponse>
  <Request>
    <authentication>true</authentication>
      <key><![CDATA[sySok63UyYyWi2Wof1HocA]]></key>
    <method><![CDATA[author_show]]></method>
  </Request>
  <author>
  <id>13385</id>
  <name>Laurence Senelick</name>
  <link><![CDATA[https://www.goodreads.com/author/show/13385.Laurence_Senelick]]></link>
  <fans_count type="integer">1</fans_count>
  <author_followers_count type="integer">1</author_followers_count>
  <large_image_url><![CDATA[https://images.gr-assets.com/authors/1239068519p7/13385.jpg]]></large_image_url>
  <image_url><![CDATA[https://images.gr-assets.com/authors/1239068519p5/13385.jpg]]></image_url>
  <small_image_url><![CDATA[https://images.gr-assets.com/authors/1239068519p2/13385.jpg]]></small_image_url>
  <about><![CDATA[See <i>Contemporary Authors, New Revision Series</i> Volume 91, pg. 371-372 for an excellent overview.<br /><br />See also for an interview: <a target="_blank" href="http://www.tufts.edu/alumni/magazine/spring2005/departments/profRow.html" rel="nofollow">http://www.tufts.edu/alumni/magazine/...</a>.]]></about>
  <influences></influences>
  <works_count>58</works_count>
  <gender>male</gender>
  <hometown>Chicago, Illinois</hometown>
  <born_at>1942/10/12</born_at>
  <died_at></died_at>
  <goodreads_author></goodreads_author>

    <books>
      <book>
  <id type="integer">440653</id>
  <isbn>0415159865</isbn>
  <isbn13>9780415159869</isbn13>
  <text_reviews_count type="integer">3</text_reviews_count>
  <title>The Changing Room: Sex, Drag and Theatre</title>
  <title_without_series>The Changing Room: Sex, Drag and Theatre</title_without_series>
  <image_url>https://images.gr-assets.com/books/1356448879m/440653.jpg</image_url>
  <small_image_url>https://images.gr-assets.com/books/1356448879s/440653.jpg</small_image_url>
  <large_image_url/>
  <link>https://www.goodreads.com/book/show/440653.The_Changing_Room</link>
  <num_pages>540</num_pages>
  <format>Paperback</format>
  <edition_information/>
  <publisher>Routledge</publisher>
  <publication_day>11</publication_day>
  <publication_year>2000</publication_year>
  <publication_month>7</publication_month>
  <average_rating>4.28</average_rating>
  <ratings_count>18</ratings_count>
  <description>This work traces the origins and variations of theatrical cross-dressing through the ages and across cultures. It examines: tribal rituals and shamanic practices in the Balkans and Chinese-Tibet; the gender-bending elements of Greek and early Christian religion; the sodomitic appeal of the boy actor on the traditional stage of China, Japan and England; and the origins of the dame comedian, the principal boy, the glamour drag artiste and the male impersonator.</description>
<authors>
<author>
<id>13385</id>
<name>Laurence Senelick</name>
<role></role>
<image_url nophoto='false'>
<![CDATA[https://images.gr-assets.com/authors/1239068519p5/13385.jpg]]>
</image_url>
<small_image_url nophoto='false'>
<![CDATA[https://images.gr-assets.com/authors/1239068519p2/13385.jpg]]>
</small_image_url>
<link><![CDATA[https://www.goodreads.com/author/show/13385.Laurence_Senelick]]></link>
<average_rating>4.10</average_rating>
<ratings_count>545</ratings_count>
<text_reviews_count>49</text_reviews_count>
</author>
</authors>
  <published>2000</published>
</book>


      <book>
  <id type="integer">803663</id>
  <isbn>0313224951</isbn>
  <isbn13>9780313224959</isbn13>
  <text_reviews_count type="integer">0</text_reviews_count>
  <title>Gordon Craig's Moscow Hamlet: A Reconstruction</title>
  <title_without_series>Gordon Craig's Moscow Hamlet: A Reconstruction</title_without_series>
  <image_url>https://s.gr-assets.com/assets/nophoto/book/111x148-bcc042a9c91a29c1d680899eff700a03.png</image_url>
  <small_image_url>https://s.gr-assets.com/assets/nophoto/book/50x75-a91bf249278a81aabab721ef782c4a74.png</small_image_url>
  <large_image_url/>
  <link>https://www.goodreads.com/book/show/803663.Gordon_Craig_s_Moscow_Hamlet</link>
  <num_pages>234</num_pages>
  <format>Hardcover</format>
  <edition_information/>
  <publisher>Greenwood Press</publisher>
  <publication_day>28</publication_day>
  <publication_year>1982</publication_year>
  <publication_month>9</publication_month>
  <average_rating>4.67</average_rating>
  <ratings_count>3</ratings_count>
  <description></description>
<authors>
<author>
<id>13385</id>
<name>Laurence Senelick</name>
<role></role>
<image_url nophoto='false'>
<![CDATA[https://images.gr-assets.com/authors/1239068519p5/13385.jpg]]>
</image_url>
<small_image_url nophoto='false'>
<![CDATA[https://images.gr-assets.com/authors/1239068519p2/13385.jpg]]>
</small_image_url>
<link><![CDATA[https://www.goodreads.com/author/show/13385.Laurence_Senelick]]></link>
<average_rating>4.10</average_rating>
<ratings_count>545</ratings_count>
<text_reviews_count>49</text_reviews_count>
</author>
</authors>
  <published>1982</published>
</book>


      <book>
  <id type="integer">2167800</id>
  <isbn>1555540430</isbn>
  <isbn13>9781555540432</isbn13>
  <text_reviews_count type="integer">1</text_reviews_count>
  <title>Cabaret Performance: Europe, 1890-1920. Volume 1: Sketches, Songs, Monologues, Memoirs</title>
  <title_without_series>Cabaret Performance: Europe, 1890-1920. Volume 1: Sketches, Songs, Monologues, Memoirs</title_without_series>
  <image_url>https://images.gr-assets.com/books/1344908362m/2167800.jpg</image_url>
  <small_image_url>https://images.gr-assets.com/books/1344908362s/2167800.jpg</small_image_url>
  <large_image_url/>
  <link>https://www.goodreads.com/book/show/2167800.Cabaret_Performance</link>
  <num_pages>224</num_pages>
  <format>Paperback</format>
  <edition_information/>
  <publisher>PAJ Publications</publisher>
  <publication_day>1</publication_day>
  <publication_year>2001</publication_year>
  <publication_month>7</publication_month>
  <average_rating>3.00</average_rating>
  <ratings_count>4</ratings_count>
  <description>A splendid introduction to the world of the European cabaret in the first period of its meteoric rise as a form of artistic creativity."--Harold Segel, author of &lt;i&gt;Turn-of-the-Century Cabaret.&lt;/i&gt;</description>
<authors>
<author>
<id>13385</id>
<name>Laurence Senelick</name>
<role>Editor</role>
<image_url nophoto='false'>
<![CDATA[https://images.gr-assets.com/authors/1239068519p5/13385.jpg]]>
</image_url>
<small_image_url nophoto='false'>
<![CDATA[https://images.gr-assets.com/authors/1239068519p2/13385.jpg]]>
</small_image_url>
<link><![CDATA[https://www.goodreads.com/author/show/13385.Laurence_Senelick]]></link>
<average_rating>4.10</average_rating>
<ratings_count>545</ratings_count>
<text_reviews_count>49</text_reviews_count>
</author>
</authors>
  <published>2001</published>
</book>


      <book>
  <id type="integer">803661</id>
  <isbn>0415185572</isbn>
  <isbn13>9780415185578</isbn13>
  <text_reviews_count type="integer">0</text_reviews_count>
  <title>Lovesick</title>
  <title_without_series>Lovesick</title_without_series>
  <image_url>https://s.gr-assets.com/assets/nophoto/book/111x148-bcc042a9c91a29c1d680899eff700a03.png</image_url>
  <small_image_url>https://s.gr-assets.com/assets/nophoto/book/50x75-a91bf249278a81aabab721ef782c4a74.png</small_image_url>
  <large_image_url/>
  <link>https://www.goodreads.com/book/show/803661.Lovesick</link>
  <num_pages>216</num_pages>
  <format>Paperback</format>
  <edition_information/>
  <publisher>Taylor &amp; Francis</publisher>
  <publication_day>17</publication_day>
  <publication_year>1998</publication_year>
  <publication_month>12</publication_month>
  <average_rating>5.00</average_rating>
  <ratings_count>2</ratings_count>
  <description>This volume makes available an international collection of plays, from Britain, the US, Germany, France and Russia, providing an essential and fascinating resource for anyone interested in the theatre culture of this period.&lt;br /&gt;&lt;em&gt;Lovesick&lt;/em&gt; brings together six plays, each with individual introductions, including an author biography and a production history. The editor provides a contextual introduction to the volume offering valuable information about the ancestry of gay theatre and queer performance.&lt;br /&gt; The anthology reveals how 'sexual deviance' made its way into the drama of this time, and also how homosexual playwrights used comic or lyrical devices in order to celebrate a 'superior sensibility'.</description>
<authors>
<author>
<id>13385</id>
<name>Laurence Senelick</name>
<role></role>
<image_url nophoto='false'>
<![CDATA[https://images.gr-assets.com/authors/1239068519p5/13385.jpg]]>
</image_url>
<small_image_url nophoto='false'>
<![CDATA[https://images.gr-assets.com/authors/1239068519p2/13385.jpg]]>
</small_image_url>
<link><![CDATA[https://www.goodreads.com/author/show/13385.Laurence_Senelick]]></link>
<average_rating>4.10</average_rating>
<ratings_count>545</ratings_count>
<text_reviews_count>49</text_reviews_count>
</author>
</authors>
  <published>1998</published>
</book>


      <book>
  <id type="integer">130409</id>
  <isbn>052178395X</isbn>
  <isbn13>9780521783958</isbn13>
  <text_reviews_count type="integer">1</text_reviews_count>
  <title>The Chekhov Theatre: A Century of the Plays in Performance</title>
  <title_without_series>The Chekhov Theatre: A Century of the Plays in Performance</title_without_series>
  <image_url>https://s.gr-assets.com/assets/nophoto/book/111x148-bcc042a9c91a29c1d680899eff700a03.png</image_url>
  <small_image_url>https://s.gr-assets.com/assets/nophoto/book/50x75-a91bf249278a81aabab721ef782c4a74.png</small_image_url>
  <large_image_url/>
  <link>https://www.goodreads.com/book/show/130409.The_Chekhov_Theatre</link>
  <num_pages>460</num_pages>
  <format>Paperback</format>
  <edition_information/>
  <publisher>Cambridge University Press</publisher>
  <publication_day>10</publication_day>
  <publication_year>2005</publication_year>
  <publication_month>12</publication_month>
  <average_rating>3.75</average_rating>
  <ratings_count>4</ratings_count>
  <description>This is the first cross-cultural study of Chekhov's plays in production. Many now consider Chekhov a playwright equal to Shakespeare, and this book studies how the reputation evolved, and how the presentation of his plays varied and altered from their initial productions in Russia to the most recent postmodern deconstructions of them. Particular attention is given to the staging of Chekhov in Russia before and after the Revolution, and under different regimes; in the English-speaking world, in Western and Eastern Europe, as well as in Japan.</description>
<authors>
<author>
<id>13385</id>
<name>Laurence Senelick</name>
<role></role>
<image_url nophoto='false'>
<![CDATA[https://images.gr-assets.com/authors/1239068519p5/13385.jpg]]>
</image_url>
<small_image_url nophoto='false'>
<![CDATA[https://images.gr-assets.com/authors/1239068519p2/13385.jpg]]>
</small_image_url>
<link><![CDATA[https://www.goodreads.com/author/show/13385.Laurence_Senelick]]></link>
<average_rating>4.10</average_rating>
<ratings_count>545</ratings_count>
<text_reviews_count>49</text_reviews_count>
</author>
</authors>
  <published>2005</published>
</book>


      <book>
  <id type="integer">371523</id>
  <isbn>0874516048</isbn>
  <isbn13>9780874516043</isbn13>
  <text_reviews_count type="integer">0</text_reviews_count>
  <title>Gender in Perfomance: The Presentation of Difference in the Performing Arts</title>
  <title_without_series>Gender in Perfomance: The Presentation of Difference in the Performing Arts</title_without_series>
  <image_url>https://s.gr-assets.com/assets/nophoto/book/111x148-bcc042a9c91a29c1d680899eff700a03.png</image_url>
  <small_image_url>https://s.gr-assets.com/assets/nophoto/book/50x75-a91bf249278a81aabab721ef782c4a74.png</small_image_url>
  <large_image_url/>
  <link>https://www.goodreads.com/book/show/371523.Gender_in_Perfomance</link>
  <num_pages>372</num_pages>
  <format>Paperback</format>
  <edition_information/>
  <publisher>Tufts University</publisher>
  <publication_day>1</publication_day>
  <publication_year>1992</publication_year>
  <publication_month>10</publication_month>
  <average_rating>4.00</average_rating>
  <ratings_count>2</ratings_count>
  <description>Contents:&lt;br /&gt;Gender impersonation onstage: destroying or maintaining the mirror of gender roles? / Jill Dolan --&lt;br /&gt;Mimesis and travesty in Iranian traditional theatre / William O. Beeman --&lt;br /&gt;Lady and the tramp: drag differentials in the progressive era / Laurence Senelick --&lt;br /&gt;The "magic if": conflicting performances of gender in the Takarazuka Revue of Japan / Jennifer Robertson --&lt;br /&gt;Unveiling the word: science and narrative in transsexual striptease / Moe Meyer --&lt;br /&gt;Between difference and indifference: Marianne Hoppe in Robert Wilson's Lear / Erika Fischer-Lichte --&lt;br /&gt;Les Filles Errantes: emancipated women at the Comedie-Italienne, 1683-1691 / Virginia Scott --&lt;br /&gt;Women in the victorian theatre: images, illusions, realities / Joseph Donohue --&lt;br /&gt;Shotgun wedlock: Annie Oakley's power politics in the wild west / Tracy C. Davis. Revolutionizing Galatea: iconic woman in early Soviet culture / Spencer Golub --&lt;br /&gt;The Orient, the feminine: the use of interculturalism by the Theatre du Soleil / Adrian Kiernander --&lt;br /&gt;Gender bending in Balinese performance / John Emigh and Jamer Hunt --&lt;br /&gt;Tradition, challenge, and the backlash: gender education through dance / Judith Lynne Hanna --&lt;br /&gt;Dance history and feminist theory: reconsidering Isadora Duncan and the male gaze / Ann Daly --&lt;br /&gt;Speech and sexual difference in Mary Wigman's dance aesthetic / Karl Toepfer --&lt;br /&gt;Freeing up: politics, gender, and theatrical form in the anglophone Caribbean / Elaine Savory Fido --&lt;br /&gt;Gender is attitude / Megan Terry, Jo Ann Schmidman, Sora Kimberlain --&lt;br /&gt;Kate Bornstein's gender and genre bending / Noreen C. Barnes --&lt;br /&gt;The theatre of sexual initiation / John Preston.</description>
<authors>
<author>
<id>13385</id>
<name>Laurence Senelick</name>
<role>Editor</role>
<image_url nophoto='false'>
<![CDATA[https://images.gr-assets.com/authors/1239068519p5/13385.jpg]]>
</image_url>
<small_image_url nophoto='false'>
<![CDATA[https://images.gr-assets.com/authors/1239068519p2/13385.jpg]]>
</small_image_url>
<link><![CDATA[https://www.goodreads.com/author/show/13385.Laurence_Senelick]]></link>
<average_rating>4.10</average_rating>
<ratings_count>545</ratings_count>
<text_reviews_count>49</text_reviews_count>
</author>
</authors>
  <published>1992</published>
</book>


      <book>
  <id type="integer">17394027</id>
  <isbn>0415862671</isbn>
  <isbn13>9780415862677</isbn13>
  <text_reviews_count type="integer">0</text_reviews_count>
  <title>Lovesick: Modernist Plays of Same-Sex Love, 1894-1925</title>
  <title_without_series>Lovesick: Modernist Plays of Same-Sex Love, 1894-1925</title_without_series>
  <image_url>https://images.gr-assets.com/books/1415582907m/17394027.jpg</image_url>
  <small_image_url>https://images.gr-assets.com/books/1415582907s/17394027.jpg</small_image_url>
  <large_image_url/>
  <link>https://www.goodreads.com/book/show/17394027-lovesick</link>
  <num_pages>216</num_pages>
  <format>Paperback</format>
  <edition_information/>
  <publisher>Routledge</publisher>
  <publication_day>31</publication_day>
  <publication_year>2015</publication_year>
  <publication_month>7</publication_month>
  <average_rating>3.50</average_rating>
  <ratings_count>2</ratings_count>
  <description>This volume makes available an international collection of plays, from Britain, the US, Germany, France and Russia, providing an essential and fascinating resource for anyone interested in the theatre culture of this period.&lt;br /&gt;&lt;em&gt;Lovesick&lt;/em&gt; brings together six plays, each with individual introductions, including an author biography and a production history. The editor provides a contextual introduction to the volume offering valuable information about the ancestry of gay theatre and queer performance.&lt;br /&gt; The anthology reveals how 'sexual deviance' made its way into the drama of this time, and also how homosexual playwrights used comic or lyrical devices in order to celebrate a 'superior sensibility'.</description>
<authors>
<author>
<id>13385</id>
<name>Laurence Senelick</name>
<role>Editor</role>
<image_url nophoto='false'>
<![CDATA[https://images.gr-assets.com/authors/1239068519p5/13385.jpg]]>
</image_url>
<small_image_url nophoto='false'>
<![CDATA[https://images.gr-assets.com/authors/1239068519p2/13385.jpg]]>
</small_image_url>
<link><![CDATA[https://www.goodreads.com/author/show/13385.Laurence_Senelick]]></link>
<average_rating>4.10</average_rating>
<ratings_count>545</ratings_count>
<text_reviews_count>49</text_reviews_count>
</author>
</authors>
  <published>2015</published>
</book>


      <book>
  <id type="integer">807455</id>
  <isbn>0333308824</isbn>
  <isbn13>9780333308820</isbn13>
  <text_reviews_count type="integer">0</text_reviews_count>
  <title>Anton Chekhov</title>
  <title_without_series>Anton Chekhov</title_without_series>
  <image_url>https://images.gr-assets.com/books/1454878596m/807455.jpg</image_url>
  <small_image_url>https://images.gr-assets.com/books/1454878596s/807455.jpg</small_image_url>
  <large_image_url/>
  <link>https://www.goodreads.com/book/show/807455.Anton_Chekhov</link>
  <num_pages>192</num_pages>
  <format>Paperback</format>
  <edition_information/>
  <publisher>Palgrave</publisher>
  <publication_day>18</publication_day>
  <publication_year>1985</publication_year>
  <publication_month>10</publication_month>
  <average_rating>3.00</average_rating>
  <ratings_count>2</ratings_count>
  <description></description>
<authors>
<author>
<id>13385</id>
<name>Laurence Senelick</name>
<role></role>
<image_url nophoto='false'>
<![CDATA[https://images.gr-assets.com/authors/1239068519p5/13385.jpg]]>
</image_url>
<small_image_url nophoto='false'>
<![CDATA[https://images.gr-assets.com/authors/1239068519p2/13385.jpg]]>
</small_image_url>
<link><![CDATA[https://www.goodreads.com/author/show/13385.Laurence_Senelick]]></link>
<average_rating>4.10</average_rating>
<ratings_count>545</ratings_count>
<text_reviews_count>49</text_reviews_count>
</author>
</authors>
  <published>1985</published>
</book>


      <book>
  <id type="integer">20406056</id>
  <isbn nil="true"/>
  <isbn13 nil="true"/>
  <text_reviews_count type="integer">1</text_reviews_count>
  <title>The American Stage: Writing on Theater from Washington Irving to Tony Kushner (Library of America, No. 203)</title>
  <title_without_series>The American Stage: Writing on Theater from Washington Irving to Tony Kushner</title_without_series>
  <image_url>https://s.gr-assets.com/assets/nophoto/book/111x148-bcc042a9c91a29c1d680899eff700a03.png</image_url>
  <small_image_url>https://s.gr-assets.com/assets/nophoto/book/50x75-a91bf249278a81aabab721ef782c4a74.png</small_image_url>
  <large_image_url/>
  <link>https://www.goodreads.com/book/show/20406056-the-american-stage</link>
  <num_pages></num_pages>
  <format></format>
  <edition_information/>
  <publisher></publisher>
  <publication_day></publication_day>
  <publication_year></publication_year>
  <publication_month></publication_month>
  <average_rating>5.00</average_rating>
  <ratings_count>1</ratings_count>
  <description></description>
<authors>
<author>
<id>13385</id>
<name>Laurence Senelick</name>
<role>Editor</role>
<image_url nophoto='false'>
<![CDATA[https://images.gr-assets.com/authors/1239068519p5/13385.jpg]]>
</image_url>
<small_image_url nophoto='false'>
<![CDATA[https://images.gr-assets.com/authors/1239068519p2/13385.jpg]]>
</small_image_url>
<link><![CDATA[https://www.goodreads.com/author/show/13385.Laurence_Senelick]]></link>
<average_rating>4.10</average_rating>
<ratings_count>545</ratings_count>
<text_reviews_count>49</text_reviews_count>
</author>
</authors>
  <published></published>
</book>


      <book>
  <id type="integer">6262162</id>
  <isbn>0933826532</isbn>
  <isbn13>9780933826533</isbn13>
  <text_reviews_count type="integer">0</text_reviews_count>
  <title>Russian Satiric Comedy</title>
  <title_without_series>Russian Satiric Comedy</title_without_series>
  <image_url>https://images.gr-assets.com/books/1328767199m/6262162.jpg</image_url>
  <small_image_url>https://images.gr-assets.com/books/1328767199s/6262162.jpg</small_image_url>
  <large_image_url/>
  <link>https://www.goodreads.com/book/show/6262162-russian-satiric-comedy</link>
  <num_pages>198</num_pages>
  <format>Paperback</format>
  <edition_information/>
  <publisher>PAJ Publications</publisher>
  <publication_day>1</publication_day>
  <publication_year>2001</publication_year>
  <publication_month>7</publication_month>
  <average_rating>4.00</average_rating>
  <ratings_count>1</ratings_count>
  <description>Highly recommended for all serious drama programs." --Choice 8.75 6 Trade Paper 14.95 CUSA 200 Original y</description>
<authors>
<author>
<id>13385</id>
<name>Laurence Senelick</name>
<role>Editor</role>
<image_url nophoto='false'>
<![CDATA[https://images.gr-assets.com/authors/1239068519p5/13385.jpg]]>
</image_url>
<small_image_url nophoto='false'>
<![CDATA[https://images.gr-assets.com/authors/1239068519p2/13385.jpg]]>
</small_image_url>
<link><![CDATA[https://www.goodreads.com/author/show/13385.Laurence_Senelick]]></link>
<average_rating>4.10</average_rating>
<ratings_count>545</ratings_count>
<text_reviews_count>49</text_reviews_count>
</author>
</authors>
  <published>2001</published>
</book>


    </books>
</author>

</GoodreadsResponse>