<?xml version="1.0" encoding="UTF-8"?>
<GoodreadsResponse>
  <Request>
    <authentication>true</authentication>
      <key><![CDATA[sySok63UyYyWi2Wof1HocA]]></key>
    <method><![CDATA[author_show]]></method>
  </Request>
  <author>
  <id>1387538</id>
  <name>Susan Deacy</name>
  <link><![CDATA[https://www.goodreads.com/author/show/1387538.Susan_Deacy]]></link>
  <fans_count type="integer">0</fans_count>
  <author_followers_count type="integer">0</author_followers_count>
  <large_image_url><![CDATA[https://s.gr-assets.com/assets/nophoto/user/f_333x500-c8899232290ea51bb160dea14c29470b.png]]></large_image_url>
  <image_url><![CDATA[https://s.gr-assets.com/assets/nophoto/user/f_200x266-3061b784cc8e7f021c6430c9aba94587.png]]></image_url>
  <small_image_url><![CDATA[https://s.gr-assets.com/assets/nophoto/user/f_50x66-6a03a5c12233c941481992b82eea8d23.png]]></small_image_url>
  <about><![CDATA[Dr Susan Deacy is a Principal Lecturer in the Department of Humanities at the University of Roehampton, England.<br /><br />She was previously an Honorary Research Fellow at the University of Manchester, England.]]></about>
  <influences></influences>
  <works_count>5</works_count>
  <gender>female</gender>
  <hometown></hometown>
  <born_at></born_at>
  <died_at></died_at>
  <goodreads_author></goodreads_author>

    <books>
      <book>
  <id type="integer">3272844</id>
  <isbn>0415300665</isbn>
  <isbn13>9780415300667</isbn13>
  <text_reviews_count type="integer">0</text_reviews_count>
  <title>Athena</title>
  <title_without_series>Athena</title_without_series>
  <image_url>https://s.gr-assets.com/assets/nophoto/book/111x148-bcc042a9c91a29c1d680899eff700a03.png</image_url>
  <small_image_url>https://s.gr-assets.com/assets/nophoto/book/50x75-a91bf249278a81aabab721ef782c4a74.png</small_image_url>
  <large_image_url/>
  <link>https://www.goodreads.com/book/show/3272844-athena</link>
  <num_pages>175</num_pages>
  <format>Paperback</format>
  <edition_information/>
  <publisher>Routledge</publisher>
  <publication_day>8</publication_day>
  <publication_year>2008</publication_year>
  <publication_month>2</publication_month>
  <average_rating>3.82</average_rating>
  <ratings_count>17</ratings_count>
  <description>In this definitive assessment of the various representations and approaches to Athena, Susan Deacy does what no other has done before and brings all the aspects of this legendary figure into one, outstanding study.&lt;br /&gt;&lt;br /&gt;A survey of one of the most enduringly popular of ancient deities, the book introduces Athena's myth, cult and reception, while directing the reader to detailed discussion as and when it is appropriate.&lt;br /&gt;&lt;br /&gt;Students will find it a great help in their studies, and for the general reader with an interest in the ancient world and for those from related disciplines such as literature, art history and religion, it provides a mine of information and insight into this fascinating classical figure.</description>
<authors>
<author>
<id>1387538</id>
<name>Susan Deacy</name>
<role></role>
<image_url nophoto='true'>
<![CDATA[https://s.gr-assets.com/assets/nophoto/user/f_200x266-3061b784cc8e7f021c6430c9aba94587.png]]>
</image_url>
<small_image_url nophoto='true'>
<![CDATA[https://s.gr-assets.com/assets/nophoto/user/f_50x66-6a03a5c12233c941481992b82eea8d23.png]]>
</small_image_url>
<link><![CDATA[https://www.goodreads.com/author/show/1387538.Susan_Deacy]]></link>
<average_rating>3.96</average_rating>
<ratings_count>28</ratings_count>
<text_reviews_count>0</text_reviews_count>
</author>
</authors>
  <published>2008</published>
</book>


      <book>
  <id type="integer">3149851</id>
  <isbn>0715631470</isbn>
  <isbn13>9780715631478</isbn13>
  <text_reviews_count type="integer">0</text_reviews_count>
  <title>Rape in Antiquity: Sexual Violence in the Greek and Roman Worlds</title>
  <title_without_series>Rape in Antiquity: Sexual Violence in the Greek and Roman Worlds</title_without_series>
  <image_url>https://s.gr-assets.com/assets/nophoto/book/111x148-bcc042a9c91a29c1d680899eff700a03.png</image_url>
  <small_image_url>https://s.gr-assets.com/assets/nophoto/book/50x75-a91bf249278a81aabab721ef782c4a74.png</small_image_url>
  <large_image_url/>
  <link>https://www.goodreads.com/book/show/3149851-rape-in-antiquity</link>
  <num_pages>288</num_pages>
  <format>Paperback</format>
  <edition_information/>
  <publisher>Bristol Classical Press</publisher>
  <publication_day>31</publication_day>
  <publication_year>2002</publication_year>
  <publication_month>7</publication_month>
  <average_rating>4.22</average_rating>
  <ratings_count>9</ratings_count>
  <description>This collection of 12 original essays provides an overview of how Greeks and Romans perceived the phenomenon of rape. Using the numerous references to rape in Greek legal speeches, comedy, tragedy, visual art and myth, the authors assess the degree of seriousness with which rape was taken and who was seen as its main victims. They also consider whether the numerous Greek and Roman myths that involve rape reflect real-life behaviour and attitudes. Modern readers, used to a discourse which focuses on the question of woman's (or man's) consent to sexual activity, and which treats an unwilling partner as a sympathetic victim, may find in ancient attitudes much that is disturbing. The book should be of interest to students of women's history, ancient history and classical myth. The contributors are: Karim Arafat, James Arieti, Lucy Byrne, Susan Deacy, Thomas Harrison, Keith Hopwood, Martin Kilmer, Daniel Ogden, Rosanna Omitowoju, Karen F. Pierce, James Robson and Corinne Saunders.</description>
<authors>
<author>
<id>1387538</id>
<name>Susan Deacy</name>
<role>Editor</role>
<image_url nophoto='true'>
<![CDATA[https://s.gr-assets.com/assets/nophoto/user/f_200x266-3061b784cc8e7f021c6430c9aba94587.png]]>
</image_url>
<small_image_url nophoto='true'>
<![CDATA[https://s.gr-assets.com/assets/nophoto/user/f_50x66-6a03a5c12233c941481992b82eea8d23.png]]>
</small_image_url>
<link><![CDATA[https://www.goodreads.com/author/show/1387538.Susan_Deacy]]></link>
<average_rating>3.96</average_rating>
<ratings_count>28</ratings_count>
<text_reviews_count>0</text_reviews_count>
</author>
</authors>
  <published>2002</published>
</book>


      <book>
  <id type="integer">3272845</id>
  <isbn>9004121420</isbn>
  <isbn13>9789004121423</isbn13>
  <text_reviews_count type="integer">0</text_reviews_count>
  <title>Athena In The Classical World</title>
  <title_without_series>Athena In The Classical World</title_without_series>
  <image_url>https://s.gr-assets.com/assets/nophoto/book/111x148-bcc042a9c91a29c1d680899eff700a03.png</image_url>
  <small_image_url>https://s.gr-assets.com/assets/nophoto/book/50x75-a91bf249278a81aabab721ef782c4a74.png</small_image_url>
  <large_image_url/>
  <link>https://www.goodreads.com/book/show/3272845-athena-in-the-classical-world</link>
  <num_pages>462</num_pages>
  <format>Hardcover</format>
  <edition_information/>
  <publisher>Brill</publisher>
  <publication_day>28</publication_day>
  <publication_year>2001</publication_year>
  <publication_month>6</publication_month>
  <average_rating>4.00</average_rating>
  <ratings_count>2</ratings_count>
  <description>Among ancient Greek deities, none has enjoyed as rich a life as Athena - goddess of war, wisdom and the arts - and she continues to fascinate and challenge today. This volume sheds light on the goddess more comprehensively than has previously been attempted. It brings together the latest research, centring on Greek and Roman religion, literature and archaeology, yet also encompassing ancient Near Eastern, Indo-European, and modern interpretations. Cults and myths are explored, as are political, social, and gendered roles, and art historical and etymological developments. Recurrent themes are investigated, as are the many dividing lines and contradictory aspects which characterise representations of the goddess. The volume will enhance our understanding of Athena, and will be a source of inspiration for new ideas and interpretations for years to come.</description>
<authors>
<author>
<id>1387538</id>
<name>Susan Deacy</name>
<role>Editor</role>
<image_url nophoto='true'>
<![CDATA[https://s.gr-assets.com/assets/nophoto/user/f_200x266-3061b784cc8e7f021c6430c9aba94587.png]]>
</image_url>
<small_image_url nophoto='true'>
<![CDATA[https://s.gr-assets.com/assets/nophoto/user/f_50x66-6a03a5c12233c941481992b82eea8d23.png]]>
</small_image_url>
<link><![CDATA[https://www.goodreads.com/author/show/1387538.Susan_Deacy]]></link>
<average_rating>3.96</average_rating>
<ratings_count>28</ratings_count>
<text_reviews_count>0</text_reviews_count>
</author>
</authors>
  <published>2001</published>
</book>


      <book>
  <id type="integer">22539899</id>
  <isbn>1472532570</isbn>
  <isbn13>9781472532572</isbn13>
  <text_reviews_count type="integer">0</text_reviews_count>
  <title>Gender Violence in Ancient Greece</title>
  <title_without_series>Gender Violence in Ancient Greece</title_without_series>
  <image_url>https://images.gr-assets.com/books/1466369059m/22539899.jpg</image_url>
  <small_image_url>https://images.gr-assets.com/books/1466369059s/22539899.jpg</small_image_url>
  <large_image_url/>
  <link>https://www.goodreads.com/book/show/22539899-gender-violence-in-ancient-greece</link>
  <num_pages>208</num_pages>
  <format>Hardcover</format>
  <edition_information/>
  <publisher>Bloomsbury Academic</publisher>
  <publication_day>9</publication_day>
  <publication_year>2016</publication_year>
  <publication_month>6</publication_month>
  <average_rating>0.0</average_rating>
  <ratings_count>0</ratings_count>
  <description>At the heart of this study is the violent crime committed in ancient Greek society against women and by women. These themes, intensely debated and increasingly the focus of current research, have grown in importance within the wider study of gender and sexuality in the ancient world. The authors examine the portrayal of violence across a range of sources to develop a picture of gender and crime in ancient Greek law, literature, myth and society.&lt;br /&gt;&lt;br /&gt;The volume breaks new ground because it adopts an evolutionary biological approach to the subject, in particular by examining the research of psychologists Margo Wilson and Martin Daly, who in their studies of contemporary sexual crime mooted that sexual jealousy is at the root of the majority of violent acts including murder. Deacy and McHardy explore how this modern study can be brought to bear on Classical scholarship around the same themes in antiquity. They also provide a methodological approach that combines 'grand' theory with an exploration of cultural contexts and historical development, considering the critiques from recent decades of the universalist premises that grew out of second wave feminism.&lt;br /&gt;&lt;br /&gt;Exploring such theoretical issues in the first two chapters, each subsequent, thematic, chapter will examine evidence from a range of sources and conclude with a case study.</description>
<authors>
<author>
<id>1387538</id>
<name>Susan Deacy</name>
<role></role>
<image_url nophoto='true'>
<![CDATA[https://s.gr-assets.com/assets/nophoto/user/f_200x266-3061b784cc8e7f021c6430c9aba94587.png]]>
</image_url>
<small_image_url nophoto='true'>
<![CDATA[https://s.gr-assets.com/assets/nophoto/user/f_50x66-6a03a5c12233c941481992b82eea8d23.png]]>
</small_image_url>
<link><![CDATA[https://www.goodreads.com/author/show/1387538.Susan_Deacy]]></link>
<average_rating>3.96</average_rating>
<ratings_count>28</ratings_count>
<text_reviews_count>0</text_reviews_count>
</author>
</authors>
  <published>2016</published>
</book>


      <book>
  <id type="integer">14872332</id>
  <isbn>0415675952</isbn>
  <isbn13>9780415675956</isbn13>
  <text_reviews_count type="integer">0</text_reviews_count>
  <title>Classical Mythology</title>
  <title_without_series>Classical Mythology</title_without_series>
  <image_url>https://s.gr-assets.com/assets/nophoto/book/111x148-bcc042a9c91a29c1d680899eff700a03.png</image_url>
  <small_image_url>https://s.gr-assets.com/assets/nophoto/book/50x75-a91bf249278a81aabab721ef782c4a74.png</small_image_url>
  <large_image_url/>
  <link>https://www.goodreads.com/book/show/14872332-classical-mythology</link>
  <num_pages></num_pages>
  <format>Hardcover</format>
  <edition_information/>
  <publisher>Routledge</publisher>
  <publication_day>31</publication_day>
  <publication_year>2016</publication_year>
  <publication_month>12</publication_month>
  <average_rating>0.0</average_rating>
  <ratings_count>0</ratings_count>
  <description>Classical myth provides an ever continuing source of knowledge and fascination about the ancient world. It is an interest that has resonated through the past to the present day where the reinterpretation of classical myth still plays a part in modern thought.&lt;br /&gt;&lt;br /&gt;Classical Mythology" provides a wealth of information on classical myth and its study, from information on the gods, goddesses, heroes and heroines of the ancient world, important themes that are commonly used to understand and teach myth, past and current theory used to understand myth, the authors of myth, myth in its specific context such as Athens, to the post-classical reception of myth.&lt;br /&gt;&lt;br /&gt;As well as providing a guide to the study of classical myth the book introduces the controversies and problems in studying myth with many contributions from scholars engaging in the field in different ways. With Susan Deacy as a guide students are able to understand the richness of classical mythology and its post-classical heritage.&lt;br /&gt;&lt;br /&gt;The book is accompanied by an extensive website that comprises materials which are vital to the study of mythology: extra texts, images, quizzes, secondary reading, podcasts of important myths, maps, genealogies and more. "Classical Mythology" is essential reading for Classics and non-Classics students studying undergraduate level mythology courses together with those in other disciplines e.g. English Literature, Theology and Religious Studies where myth forms a vital part of the curriculum</description>
<authors>
<author>
<id>1387538</id>
<name>Susan Deacy</name>
<role></role>
<image_url nophoto='true'>
<![CDATA[https://s.gr-assets.com/assets/nophoto/user/f_200x266-3061b784cc8e7f021c6430c9aba94587.png]]>
</image_url>
<small_image_url nophoto='true'>
<![CDATA[https://s.gr-assets.com/assets/nophoto/user/f_50x66-6a03a5c12233c941481992b82eea8d23.png]]>
</small_image_url>
<link><![CDATA[https://www.goodreads.com/author/show/1387538.Susan_Deacy]]></link>
<average_rating>3.96</average_rating>
<ratings_count>28</ratings_count>
<text_reviews_count>0</text_reviews_count>
</author>
</authors>
  <published>2016</published>
</book>


    </books>
</author>

</GoodreadsResponse>