<?xml version="1.0" encoding="UTF-8"?>
<GoodreadsResponse>
  <Request>
    <authentication>true</authentication>
      <key><![CDATA[sySok63UyYyWi2Wof1HocA]]></key>
    <method><![CDATA[author_show]]></method>
  </Request>
  <author>
  <id>144700</id>
  <name>Rick Shelley</name>
  <link><![CDATA[https://www.goodreads.com/author/show/144700.Rick_Shelley]]></link>
  <fans_count type="integer">20</fans_count>
  <author_followers_count type="integer">20</author_followers_count>
  <large_image_url><![CDATA[https://s.gr-assets.com/assets/nophoto/user/m_333x500-a9c67bed07ee7e10983a5d5ccc572516.png]]></large_image_url>
  <image_url><![CDATA[https://s.gr-assets.com/assets/nophoto/user/m_200x266-d279b33f8eec0f27b7272477f09806be.png]]></image_url>
  <small_image_url><![CDATA[https://s.gr-assets.com/assets/nophoto/user/m_50x66-82093808bca726cb3249a493fbd3bd0f.png]]></small_image_url>
  <about></about>
  <influences></influences>
  <works_count>29</works_count>
  <gender>male</gender>
  <hometown>Kankakee, Illinois</hometown>
  <born_at>1947/01/01</born_at>
  <died_at>2001/01/27</died_at>
  <goodreads_author></goodreads_author>

    <books>
      <book>
  <id type="integer">247659</id>
  <isbn>0441005268</isbn>
  <isbn13>9780441005260</isbn13>
  <text_reviews_count type="integer">9</text_reviews_count>
  <title>Officer-cadet</title>
  <title_without_series>Officer-cadet</title_without_series>
  <image_url>https://s.gr-assets.com/assets/nophoto/book/111x148-bcc042a9c91a29c1d680899eff700a03.png</image_url>
  <small_image_url>https://s.gr-assets.com/assets/nophoto/book/50x75-a91bf249278a81aabab721ef782c4a74.png</small_image_url>
  <large_image_url/>
  <link>https://www.goodreads.com/book/show/247659.Officer_cadet</link>
  <num_pages>288</num_pages>
  <format>Paperback</format>
  <edition_information/>
  <publisher>Ace</publisher>
  <publication_day>1</publication_day>
  <publication_year>1998</publication_year>
  <publication_month>5</publication_month>
  <average_rating>3.60</average_rating>
  <ratings_count>264</ratings_count>
  <description>National bestselling author Rick Shelley has thrilled a legion of fans with his tales of future warfare among the stars.In Shelley's newest novel, Lon Nolan, a young soldier expelled from Earth's prestigious North American Military Academy on trumped-up charges, is seeking to prove his worthiness in the Dirigent Mercenary Corps, where the bloody craft of battle had been refined into an art...</description>
<authors>
<author>
<id>144700</id>
<name>Rick Shelley</name>
<role></role>
<image_url nophoto='true'>
<![CDATA[https://s.gr-assets.com/assets/nophoto/user/m_200x266-d279b33f8eec0f27b7272477f09806be.png]]>
</image_url>
<small_image_url nophoto='true'>
<![CDATA[https://s.gr-assets.com/assets/nophoto/user/m_50x66-82093808bca726cb3249a493fbd3bd0f.png]]>
</small_image_url>
<link><![CDATA[https://www.goodreads.com/author/show/144700.Rick_Shelley]]></link>
<average_rating>3.74</average_rating>
<ratings_count>2103</ratings_count>
<text_reviews_count>86</text_reviews_count>
</author>
</authors>
  <published>1998</published>
</book>


      <book>
  <id type="integer">247657</id>
  <isbn>0441005683</isbn>
  <isbn13>9780441005680</isbn13>
  <text_reviews_count type="integer">5</text_reviews_count>
  <title>Lieutenant</title>
  <title_without_series>Lieutenant</title_without_series>
  <image_url>https://s.gr-assets.com/assets/nophoto/book/111x148-bcc042a9c91a29c1d680899eff700a03.png</image_url>
  <small_image_url>https://s.gr-assets.com/assets/nophoto/book/50x75-a91bf249278a81aabab721ef782c4a74.png</small_image_url>
  <large_image_url/>
  <link>https://www.goodreads.com/book/show/247657.Lieutenant</link>
  <num_pages></num_pages>
  <format></format>
  <edition_information/>
  <publisher></publisher>
  <publication_day></publication_day>
  <publication_year></publication_year>
  <publication_month></publication_month>
  <average_rating>3.64</average_rating>
  <ratings_count>220</ratings_count>
  <description></description>
<authors>
<author>
<id>144700</id>
<name>Rick Shelley</name>
<role></role>
<image_url nophoto='true'>
<![CDATA[https://s.gr-assets.com/assets/nophoto/user/m_200x266-d279b33f8eec0f27b7272477f09806be.png]]>
</image_url>
<small_image_url nophoto='true'>
<![CDATA[https://s.gr-assets.com/assets/nophoto/user/m_50x66-82093808bca726cb3249a493fbd3bd0f.png]]>
</small_image_url>
<link><![CDATA[https://www.goodreads.com/author/show/144700.Rick_Shelley]]></link>
<average_rating>3.74</average_rating>
<ratings_count>2103</ratings_count>
<text_reviews_count>86</text_reviews_count>
</author>
</authors>
  <published></published>
</book>


      <book>
  <id type="integer">247656</id>
  <isbn>0441006051</isbn>
  <isbn13>9780441006052</isbn13>
  <text_reviews_count type="integer">6</text_reviews_count>
  <title>Captain</title>
  <title_without_series>Captain</title_without_series>
  <image_url>https://s.gr-assets.com/assets/nophoto/book/111x148-bcc042a9c91a29c1d680899eff700a03.png</image_url>
  <small_image_url>https://s.gr-assets.com/assets/nophoto/book/50x75-a91bf249278a81aabab721ef782c4a74.png</small_image_url>
  <large_image_url/>
  <link>https://www.goodreads.com/book/show/247656.Captain</link>
  <num_pages>281</num_pages>
  <format>Paperback</format>
  <edition_information/>
  <publisher>Ace</publisher>
  <publication_day>1</publication_day>
  <publication_year>1999</publication_year>
  <publication_month>3</publication_month>
  <average_rating>3.67</average_rating>
  <ratings_count>189</ratings_count>
  <description>On Aldrin, where a fierce civil war has broken out, Lon Nolan and his men are caught between two warring colonies, only to learn that the side that hired the DMC has deceived them. With casualties mounting, Lon must lead like never before, or his men may not make it out alive...</description>
<authors>
<author>
<id>144700</id>
<name>Rick Shelley</name>
<role></role>
<image_url nophoto='true'>
<![CDATA[https://s.gr-assets.com/assets/nophoto/user/m_200x266-d279b33f8eec0f27b7272477f09806be.png]]>
</image_url>
<small_image_url nophoto='true'>
<![CDATA[https://s.gr-assets.com/assets/nophoto/user/m_50x66-82093808bca726cb3249a493fbd3bd0f.png]]>
</small_image_url>
<link><![CDATA[https://www.goodreads.com/author/show/144700.Rick_Shelley]]></link>
<average_rating>3.74</average_rating>
<ratings_count>2103</ratings_count>
<text_reviews_count>86</text_reviews_count>
</author>
</authors>
  <published>1999</published>
</book>


      <book>
  <id type="integer">247655</id>
  <isbn>0441006809</isbn>
  <isbn13>9780441006809</isbn13>
  <text_reviews_count type="integer">4</text_reviews_count>
  <title>Major</title>
  <title_without_series>Major</title_without_series>
  <image_url>https://s.gr-assets.com/assets/nophoto/book/111x148-bcc042a9c91a29c1d680899eff700a03.png</image_url>
  <small_image_url>https://s.gr-assets.com/assets/nophoto/book/50x75-a91bf249278a81aabab721ef782c4a74.png</small_image_url>
  <large_image_url/>
  <link>https://www.goodreads.com/book/show/247655.Major</link>
  <num_pages>260</num_pages>
  <format>Paperback</format>
  <edition_information/>
  <publisher>Ace</publisher>
  <publication_day>1</publication_day>
  <publication_year>1999</publication_year>
  <publication_month>12</publication_month>
  <average_rating>3.72</average_rating>
  <ratings_count>169</ratings_count>
  <description>The latest assignment of Lon Nolan, hero of Lieutenant and Captain, takes him to the remote mining planet of Bancroft, where his platoon comes face to face with an enemy army who is mercilessly raiding the outlying settlements -- and anyone who gets in their way...</description>
<authors>
<author>
<id>144700</id>
<name>Rick Shelley</name>
<role></role>
<image_url nophoto='true'>
<![CDATA[https://s.gr-assets.com/assets/nophoto/user/m_200x266-d279b33f8eec0f27b7272477f09806be.png]]>
</image_url>
<small_image_url nophoto='true'>
<![CDATA[https://s.gr-assets.com/assets/nophoto/user/m_50x66-82093808bca726cb3249a493fbd3bd0f.png]]>
</small_image_url>
<link><![CDATA[https://www.goodreads.com/author/show/144700.Rick_Shelley]]></link>
<average_rating>3.74</average_rating>
<ratings_count>2103</ratings_count>
<text_reviews_count>86</text_reviews_count>
</author>
</authors>
  <published>1999</published>
</book>


      <book>
  <id type="integer">247654</id>
  <isbn>0441007228</isbn>
  <isbn13>9780441007226</isbn13>
  <text_reviews_count type="integer">6</text_reviews_count>
  <title>Lieutenant Colonel</title>
  <title_without_series>Lieutenant Colonel</title_without_series>
  <image_url>https://s.gr-assets.com/assets/nophoto/book/111x148-bcc042a9c91a29c1d680899eff700a03.png</image_url>
  <small_image_url>https://s.gr-assets.com/assets/nophoto/book/50x75-a91bf249278a81aabab721ef782c4a74.png</small_image_url>
  <large_image_url/>
  <link>https://www.goodreads.com/book/show/247654.Lieutenant_Colonel</link>
  <num_pages>279</num_pages>
  <format>Paperback</format>
  <edition_information/>
  <publisher>Ace</publisher>
  <publication_day>1</publication_day>
  <publication_year>2000</publication_year>
  <publication_month>5</publication_month>
  <average_rating>3.69</average_rating>
  <ratings_count>167</ratings_count>
  <description>Lon Nolan, the newly appointed Lieutenant Colonel, prepares to lead the Corps into a savage war on a frontier mining planet. But once he plunges into the heart of combat, can he bring his men out alive?</description>
<authors>
<author>
<id>144700</id>
<name>Rick Shelley</name>
<role></role>
<image_url nophoto='true'>
<![CDATA[https://s.gr-assets.com/assets/nophoto/user/m_200x266-d279b33f8eec0f27b7272477f09806be.png]]>
</image_url>
<small_image_url nophoto='true'>
<![CDATA[https://s.gr-assets.com/assets/nophoto/user/m_50x66-82093808bca726cb3249a493fbd3bd0f.png]]>
</small_image_url>
<link><![CDATA[https://www.goodreads.com/author/show/144700.Rick_Shelley]]></link>
<average_rating>3.74</average_rating>
<ratings_count>2103</ratings_count>
<text_reviews_count>86</text_reviews_count>
</author>
</authors>
  <published>2000</published>
</book>


      <book>
  <id type="integer">247660</id>
  <isbn>0441007821</isbn>
  <isbn13>9780441007820</isbn13>
  <text_reviews_count type="integer">3</text_reviews_count>
  <title>Colonel</title>
  <title_without_series>Colonel</title_without_series>
  <image_url>https://s.gr-assets.com/assets/nophoto/book/111x148-bcc042a9c91a29c1d680899eff700a03.png</image_url>
  <small_image_url>https://s.gr-assets.com/assets/nophoto/book/50x75-a91bf249278a81aabab721ef782c4a74.png</small_image_url>
  <large_image_url/>
  <link>https://www.goodreads.com/book/show/247660.Colonel</link>
  <num_pages>272</num_pages>
  <format>Paperback</format>
  <edition_information/>
  <publisher>Ace</publisher>
  <publication_day>1</publication_day>
  <publication_year>2000</publication_year>
  <publication_month>11</publication_month>
  <average_rating>3.78</average_rating>
  <ratings_count>161</ratings_count>
  <description>The adventures of the Dirigent Mercenary Corps continue... Colonel Lon Nolan can command legions of men in combat, but can he put his own son in the front lines?</description>
<authors>
<author>
<id>144700</id>
<name>Rick Shelley</name>
<role></role>
<image_url nophoto='true'>
<![CDATA[https://s.gr-assets.com/assets/nophoto/user/m_200x266-d279b33f8eec0f27b7272477f09806be.png]]>
</image_url>
<small_image_url nophoto='true'>
<![CDATA[https://s.gr-assets.com/assets/nophoto/user/m_50x66-82093808bca726cb3249a493fbd3bd0f.png]]>
</small_image_url>
<link><![CDATA[https://www.goodreads.com/author/show/144700.Rick_Shelley]]></link>
<average_rating>3.74</average_rating>
<ratings_count>2103</ratings_count>
<text_reviews_count>86</text_reviews_count>
</author>
</authors>
  <published>2000</published>
</book>


      <book>
  <id type="integer">247670</id>
  <isbn>0441002927</isbn>
  <isbn13>9780441002924</isbn13>
  <text_reviews_count type="integer">6</text_reviews_count>
  <title>The Buchanan Campaign  (The Federation War, #1)</title>
  <title_without_series>The Buchanan Campaign</title_without_series>
  <image_url>https://images.gr-assets.com/books/1309284563m/247670.jpg</image_url>
  <small_image_url>https://images.gr-assets.com/books/1309284563s/247670.jpg</small_image_url>
  <large_image_url/>
  <link>https://www.goodreads.com/book/show/247670.The_Buchanan_Campaign</link>
  <num_pages>384</num_pages>
  <format>Paperback</format>
  <edition_information/>
  <publisher>Ace</publisher>
  <publication_day>1</publication_day>
  <publication_year>1995</publication_year>
  <publication_month>12</publication_month>
  <average_rating>3.89</average_rating>
  <ratings_count>83</ratings_count>
  <description>For years, the planet Buchanan was a peaceful place where hardworking colonists could carve a life for themselves. So far they have managed to stay out of the conflict between the Federation and the Second Common-wealth--until now. At 3:00 a.m. a sonic boom roars across the night sky. Weapons blaze in the starport. And the news echoes across Buchanan--the troops have landed.</description>
<authors>
<author>
<id>144700</id>
<name>Rick Shelley</name>
<role></role>
<image_url nophoto='true'>
<![CDATA[https://s.gr-assets.com/assets/nophoto/user/m_200x266-d279b33f8eec0f27b7272477f09806be.png]]>
</image_url>
<small_image_url nophoto='true'>
<![CDATA[https://s.gr-assets.com/assets/nophoto/user/m_50x66-82093808bca726cb3249a493fbd3bd0f.png]]>
</small_image_url>
<link><![CDATA[https://www.goodreads.com/author/show/144700.Rick_Shelley]]></link>
<average_rating>3.74</average_rating>
<ratings_count>2103</ratings_count>
<text_reviews_count>86</text_reviews_count>
</author>
</authors>
  <published>1995</published>
</book>


      <book>
  <id type="integer">247647</id>
  <isbn>0451450264</isbn>
  <isbn13>9780451450265</isbn13>
  <text_reviews_count type="integer">7</text_reviews_count>
  <title>Son of the Hero</title>
  <title_without_series>Son of the Hero</title_without_series>
  <image_url>https://images.gr-assets.com/books/1297286874m/247647.jpg</image_url>
  <small_image_url>https://images.gr-assets.com/books/1297286874s/247647.jpg</small_image_url>
  <large_image_url/>
  <link>https://www.goodreads.com/book/show/247647.Son_of_the_Hero</link>
  <num_pages>256</num_pages>
  <format>Paperback</format>
  <edition_information/>
  <publisher>Roc</publisher>
  <publication_day>7</publication_day>
  <publication_year>1990</publication_year>
  <publication_month>8</publication_month>
  <average_rating>3.90</average_rating>
  <ratings_count>80</ratings_count>
  <description>The Buffer Zone--that was what the seven kingdoms standing between mortal Earth and the realm of the immortal elves was called. When Gil Tyner planned to celebrate his 21st birthday with his parents, he didnt have any idea that he was about to spend not only his birthday but possibly the rest of his life in this zone. Original.</description>
<authors>
<author>
<id>144700</id>
<name>Rick Shelley</name>
<role></role>
<image_url nophoto='true'>
<![CDATA[https://s.gr-assets.com/assets/nophoto/user/m_200x266-d279b33f8eec0f27b7272477f09806be.png]]>
</image_url>
<small_image_url nophoto='true'>
<![CDATA[https://s.gr-assets.com/assets/nophoto/user/m_50x66-82093808bca726cb3249a493fbd3bd0f.png]]>
</small_image_url>
<link><![CDATA[https://www.goodreads.com/author/show/144700.Rick_Shelley]]></link>
<average_rating>3.74</average_rating>
<ratings_count>2103</ratings_count>
<text_reviews_count>86</text_reviews_count>
</author>
</authors>
  <published>1990</published>
</book>


      <book>
  <id type="integer">247665</id>
  <isbn>0441000193</isbn>
  <isbn13>9780441000197</isbn13>
  <text_reviews_count type="integer">4</text_reviews_count>
  <title>Until Relieved (The Lucky 13th, #1)</title>
  <title_without_series>Until Relieved</title_without_series>
  <image_url>https://images.gr-assets.com/books/1309203238m/247665.jpg</image_url>
  <small_image_url>https://images.gr-assets.com/books/1309203238s/247665.jpg</small_image_url>
  <large_image_url/>
  <link>https://www.goodreads.com/book/show/247665.Until_Relieved</link>
  <num_pages>240</num_pages>
  <format>Paperback</format>
  <edition_information/>
  <publisher>"Ace"</publisher>
  <publication_day>1</publication_day>
  <publication_year>1994</publication_year>
  <publication_month>3</publication_month>
  <average_rating>3.56</average_rating>
  <ratings_count>73</ratings_count>
  <description>World War II had the Dirty Dozen.&lt;br /&gt; The war in space has The Lucky 13th. &lt;br /&gt; The 13th Spaceborne is the elite fighting force of the Accord of Free Worlds. Their do-or-die mission is to stop two enemy empires from poaching free worlds. As usual, they're on their own...</description>
<authors>
<author>
<id>144700</id>
<name>Rick Shelley</name>
<role></role>
<image_url nophoto='true'>
<![CDATA[https://s.gr-assets.com/assets/nophoto/user/m_200x266-d279b33f8eec0f27b7272477f09806be.png]]>
</image_url>
<small_image_url nophoto='true'>
<![CDATA[https://s.gr-assets.com/assets/nophoto/user/m_50x66-82093808bca726cb3249a493fbd3bd0f.png]]>
</small_image_url>
<link><![CDATA[https://www.goodreads.com/author/show/144700.Rick_Shelley]]></link>
<average_rating>3.74</average_rating>
<ratings_count>2103</ratings_count>
<text_reviews_count>86</text_reviews_count>
</author>
</authors>
  <published>1994</published>
</book>


      <book>
  <id type="integer">247661</id>
  <isbn>0451450914</isbn>
  <isbn13>9780451450913</isbn13>
  <text_reviews_count type="integer">3</text_reviews_count>
  <title>The Hero of Varay</title>
  <title_without_series>The Hero of Varay</title_without_series>
  <image_url>https://images.gr-assets.com/books/1329675931m/247661.jpg</image_url>
  <small_image_url>https://images.gr-assets.com/books/1329675931s/247661.jpg</small_image_url>
  <large_image_url/>
  <link>https://www.goodreads.com/book/show/247661.The_Hero_of_Varay</link>
  <num_pages>256</num_pages>
  <format>Paperback</format>
  <edition_information/>
  <publisher>Roc</publisher>
  <publication_day>2</publication_day>
  <publication_year>1991</publication_year>
  <publication_month>7</publication_month>
  <average_rating>3.87</average_rating>
  <ratings_count>69</ratings_count>
  <description></description>
<authors>
<author>
<id>144700</id>
<name>Rick Shelley</name>
<role></role>
<image_url nophoto='true'>
<![CDATA[https://s.gr-assets.com/assets/nophoto/user/m_200x266-d279b33f8eec0f27b7272477f09806be.png]]>
</image_url>
<small_image_url nophoto='true'>
<![CDATA[https://s.gr-assets.com/assets/nophoto/user/m_50x66-82093808bca726cb3249a493fbd3bd0f.png]]>
</small_image_url>
<link><![CDATA[https://www.goodreads.com/author/show/144700.Rick_Shelley]]></link>
<average_rating>3.74</average_rating>
<ratings_count>2103</ratings_count>
<text_reviews_count>86</text_reviews_count>
</author>
</authors>
  <published>1991</published>
</book>


    </books>
</author>

</GoodreadsResponse>