<?xml version="1.0" encoding="UTF-8"?>
<GoodreadsResponse>
  <Request>
    <authentication>true</authentication>
      <key><![CDATA[sySok63UyYyWi2Wof1HocA]]></key>
    <method><![CDATA[author_show]]></method>
  </Request>
  <author>
  <id>1563853</id>
  <name>Glenn McGrath</name>
  <link><![CDATA[https://www.goodreads.com/author/show/1563853.Glenn_McGrath]]></link>
  <fans_count type="integer">1</fans_count>
  <author_followers_count type="integer">1</author_followers_count>
  <large_image_url><![CDATA[https://s.gr-assets.com/assets/nophoto/user/m_333x500-a9c67bed07ee7e10983a5d5ccc572516.png]]></large_image_url>
  <image_url><![CDATA[https://s.gr-assets.com/assets/nophoto/user/m_200x266-d279b33f8eec0f27b7272477f09806be.png]]></image_url>
  <small_image_url><![CDATA[https://s.gr-assets.com/assets/nophoto/user/m_50x66-82093808bca726cb3249a493fbd3bd0f.png]]></small_image_url>
  <about></about>
  <influences></influences>
  <works_count>5</works_count>
  <gender>male</gender>
  <hometown>Dubbo, New South Wales</hometown>
  <born_at>1970/02/09</born_at>
  <died_at></died_at>
  <goodreads_author></goodreads_author>

    <books>
      <book>
  <id type="integer">6078917</id>
  <isbn>1741667194</isbn>
  <isbn13>9781741667196</isbn13>
  <text_reviews_count type="integer">5</text_reviews_count>
  <title>Line &amp; Strength: The Complete Story</title>
  <title_without_series>Line &amp; Strength: The Complete Story</title_without_series>
  <image_url>https://images.gr-assets.com/books/1263183186m/6078917.jpg</image_url>
  <small_image_url>https://images.gr-assets.com/books/1263183186s/6078917.jpg</small_image_url>
  <large_image_url/>
  <link>https://www.goodreads.com/book/show/6078917-line-strength</link>
  <num_pages>428</num_pages>
  <format></format>
  <edition_information/>
  <publisher>Random House</publisher>
  <publication_day>1</publication_day>
  <publication_year>2008</publication_year>
  <publication_month>8</publication_month>
  <average_rating>3.69</average_rating>
  <ratings_count>52</ratings_count>
  <description>Glenn McGrath is one of the most highly regarded fast-medium pace bowlers in cricketing history, and was a leading contributor to Australia's domination of world cricket from the mid-1990s to 2007. He holds the world record for Test wickets by a fast bowler. He retired from Test cricket after the fifth Ashes Test in Sydney 2007, whilst the World Cup that year marked the end of his one-day career. McGrath was named One Day International Player of the Year and Wisden Cricketer of the year on more than one occasion.&lt;br /&gt;&lt;br /&gt;Glenn McGrath's achievements off the field are just as admirable. With his wife, Jane, he established the McGrath Foundation, a major fundraiser and supporter of women with breast cancer. He supported Jane through her own 11-year battle with breast cancer that sadly ended in June 2008. Glenn McGrath: Line and Strength is more than just a sporting biography and will have broad appeal to men and women.</description>
<authors>
<author>
<id>1563853</id>
<name>Glenn McGrath</name>
<role></role>
<image_url nophoto='true'>
<![CDATA[https://s.gr-assets.com/assets/nophoto/user/m_200x266-d279b33f8eec0f27b7272477f09806be.png]]>
</image_url>
<small_image_url nophoto='true'>
<![CDATA[https://s.gr-assets.com/assets/nophoto/user/m_50x66-82093808bca726cb3249a493fbd3bd0f.png]]>
</small_image_url>
<link><![CDATA[https://www.goodreads.com/author/show/1563853.Glenn_McGrath]]></link>
<average_rating>3.78</average_rating>
<ratings_count>69</ratings_count>
<text_reviews_count>7</text_reviews_count>
</author>
</authors>
  <published>2008</published>
</book>


      <book>
  <id type="integer">27738140</id>
  <isbn nil="true"/>
  <isbn13 nil="true"/>
  <text_reviews_count type="integer">0</text_reviews_count>
  <title>Test of Will: What I've learned from cricket and life</title>
  <title_without_series>Test of Will: What I've learned from cricket and life</title_without_series>
  <image_url>https://s.gr-assets.com/assets/nophoto/book/111x148-bcc042a9c91a29c1d680899eff700a03.png</image_url>
  <small_image_url>https://s.gr-assets.com/assets/nophoto/book/50x75-a91bf249278a81aabab721ef782c4a74.png</small_image_url>
  <large_image_url/>
  <link>https://www.goodreads.com/book/show/27738140-test-of-will</link>
  <num_pages></num_pages>
  <format></format>
  <edition_information/>
  <publisher></publisher>
  <publication_day></publication_day>
  <publication_year></publication_year>
  <publication_month></publication_month>
  <average_rating>4.57</average_rating>
  <ratings_count>7</ratings_count>
  <description>Glenn McGrath is an Australian cricket great - a fast bowler both feared and admired by top-level cricketers around the world. Off the field, his life was touched by tragedy with the death of his first wife, Jane, from breast cancer, yet has also been marked by a determination to celebrate her life and make sure her legacy helps thousands of others through the McGrath Foundation - now one of Australia's biggest and most effective breast cancer charities.&lt;br /&gt;&lt;br /&gt;In &lt;i&gt;Test of Will&lt;/i&gt; Glenn gives us an insight into the things that have shaped him both in and out of cricket. He writes about his classic cricketing duels, bowling against master batsmen like Tendulkar and Lara. He shares his great moments, and describes the influence of such legends of the game as Steve Waugh and Shane Warne, and what he learned from them. And away from cricket he writes candidly about finding love with Sara after the tragedy of losing Jane. He relates his experiences starting the McGrath Foundation and the enormous impact it's had on many peoples' lives. He writes about the annual Pink Test in Sydney, how it came about and what it means to him. And he expresses his thoughts on fatherhood, and the joy and responsibilities of raising his three children.&lt;br /&gt;&lt;br /&gt;This is Glenn reflecting on the lessons learned from his career and his life in a way that's open, honest and utterly fascinating.&lt;br /&gt;&lt;br /&gt;</description>
<authors>
<author>
<id>1563853</id>
<name>Glenn McGrath</name>
<role></role>
<image_url nophoto='true'>
<![CDATA[https://s.gr-assets.com/assets/nophoto/user/m_200x266-d279b33f8eec0f27b7272477f09806be.png]]>
</image_url>
<small_image_url nophoto='true'>
<![CDATA[https://s.gr-assets.com/assets/nophoto/user/m_50x66-82093808bca726cb3249a493fbd3bd0f.png]]>
</small_image_url>
<link><![CDATA[https://www.goodreads.com/author/show/1563853.Glenn_McGrath]]></link>
<average_rating>3.78</average_rating>
<ratings_count>69</ratings_count>
<text_reviews_count>7</text_reviews_count>
</author>
</authors>
  <published></published>
</book>


      <book>
  <id type="integer">3680490</id>
  <isbn>1740512499</isbn>
  <isbn13>9781740512497</isbn13>
  <text_reviews_count type="integer">1</text_reviews_count>
  <title>World Cup Diary</title>
  <title_without_series>World Cup Diary</title_without_series>
  <image_url>https://images.gr-assets.com/books/1300607635m/3680490.jpg</image_url>
  <small_image_url>https://images.gr-assets.com/books/1300607635s/3680490.jpg</small_image_url>
  <large_image_url/>
  <link>https://www.goodreads.com/book/show/3680490-world-cup-diary</link>
  <num_pages>226</num_pages>
  <format>Paperback</format>
  <edition_information/>
  <publisher>Random House</publisher>
  <publication_day/>
  <publication_year>2003</publication_year>
  <publication_month/>
  <average_rating>3.17</average_rating>
  <ratings_count>6</ratings_count>
  <description></description>
<authors>
<author>
<id>1563853</id>
<name>Glenn McGrath</name>
<role></role>
<image_url nophoto='true'>
<![CDATA[https://s.gr-assets.com/assets/nophoto/user/m_200x266-d279b33f8eec0f27b7272477f09806be.png]]>
</image_url>
<small_image_url nophoto='true'>
<![CDATA[https://s.gr-assets.com/assets/nophoto/user/m_50x66-82093808bca726cb3249a493fbd3bd0f.png]]>
</small_image_url>
<link><![CDATA[https://www.goodreads.com/author/show/1563853.Glenn_McGrath]]></link>
<average_rating>3.78</average_rating>
<ratings_count>69</ratings_count>
<text_reviews_count>7</text_reviews_count>
</author>
</authors>
  <published>2003</published>
</book>


      <book>
  <id type="integer">13519456</id>
  <isbn>0330360930</isbn>
  <isbn13>9780330360937</isbn13>
  <text_reviews_count type="integer">0</text_reviews_count>
  <title>Pacemaker: The inner thoughts of Glenn McGrath</title>
  <title_without_series>Pacemaker: The inner thoughts of Glenn McGrath</title_without_series>
  <image_url>https://s.gr-assets.com/assets/nophoto/book/111x148-bcc042a9c91a29c1d680899eff700a03.png</image_url>
  <small_image_url>https://s.gr-assets.com/assets/nophoto/book/50x75-a91bf249278a81aabab721ef782c4a74.png</small_image_url>
  <large_image_url/>
  <link>https://www.goodreads.com/book/show/13519456-pacemaker</link>
  <num_pages>294</num_pages>
  <format>Paperback</format>
  <edition_information/>
  <publisher>Pan Macmillan</publisher>
  <publication_day/>
  <publication_year>1998</publication_year>
  <publication_month/>
  <average_rating>4.50</average_rating>
  <ratings_count>2</ratings_count>
  <description></description>
<authors>
<author>
<id>1563853</id>
<name>Glenn McGrath</name>
<role></role>
<image_url nophoto='true'>
<![CDATA[https://s.gr-assets.com/assets/nophoto/user/m_200x266-d279b33f8eec0f27b7272477f09806be.png]]>
</image_url>
<small_image_url nophoto='true'>
<![CDATA[https://s.gr-assets.com/assets/nophoto/user/m_50x66-82093808bca726cb3249a493fbd3bd0f.png]]>
</small_image_url>
<link><![CDATA[https://www.goodreads.com/author/show/1563853.Glenn_McGrath]]></link>
<average_rating>3.78</average_rating>
<ratings_count>69</ratings_count>
<text_reviews_count>7</text_reviews_count>
</author>
</authors>
  <published>1998</published>
</book>


      <book>
  <id type="integer">20074942</id>
  <isbn nil="true"/>
  <isbn13 nil="true"/>
  <text_reviews_count type="integer">0</text_reviews_count>
  <title>A Love For Life</title>
  <title_without_series>A Love For Life</title_without_series>
  <image_url>https://s.gr-assets.com/assets/nophoto/book/111x148-bcc042a9c91a29c1d680899eff700a03.png</image_url>
  <small_image_url>https://s.gr-assets.com/assets/nophoto/book/50x75-a91bf249278a81aabab721ef782c4a74.png</small_image_url>
  <large_image_url/>
  <link>https://www.goodreads.com/book/show/20074942-a-love-for-life</link>
  <num_pages></num_pages>
  <format></format>
  <edition_information/>
  <publisher></publisher>
  <publication_day></publication_day>
  <publication_year></publication_year>
  <publication_month></publication_month>
  <average_rating>4.57</average_rating>
  <ratings_count>7</ratings_count>
  <description></description>
<authors>
<author>
<id>1670799</id>
<name>Jane McGrath</name>
<role></role>
<image_url nophoto='true'>
<![CDATA[https://s.gr-assets.com/assets/nophoto/user/u_200x266-e183445fd1a1b5cc7075bb1cf7043306.png]]>
</image_url>
<small_image_url nophoto='true'>
<![CDATA[https://s.gr-assets.com/assets/nophoto/user/u_50x66-632230dc9882b4352d753eedf9396530.png]]>
</small_image_url>
<link><![CDATA[https://www.goodreads.com/author/show/1670799.Jane_McGrath]]></link>
<average_rating>4.44</average_rating>
<ratings_count>9</ratings_count>
<text_reviews_count>1</text_reviews_count>
</author>
</authors>
  <published></published>
</book>


    </books>
</author>

</GoodreadsResponse>