<?xml version="1.0" encoding="UTF-8"?>
<GoodreadsResponse>
  <Request>
    <authentication>true</authentication>
      <key><![CDATA[sySok63UyYyWi2Wof1HocA]]></key>
    <method><![CDATA[author_show]]></method>
  </Request>
  <author>
  <id>1607875</id>
  <name>Armand Denis</name>
  <link><![CDATA[https://www.goodreads.com/author/show/1607875.Armand_Denis]]></link>
  <fans_count type="integer">0</fans_count>
  <author_followers_count type="integer">0</author_followers_count>
  <large_image_url><![CDATA[https://images.gr-assets.com/authors/1472160287p7/1607875.jpg]]></large_image_url>
  <image_url><![CDATA[https://images.gr-assets.com/authors/1472160287p5/1607875.jpg]]></image_url>
  <small_image_url><![CDATA[https://images.gr-assets.com/authors/1472160287p2/1607875.jpg]]></small_image_url>
  <about><![CDATA[<br />Husband of wildlife and documentary film-maker <br /><br /><a href="https://www.goodreads.com/author/show/3095800.Michaela_Denis" rel="nofollow">Michaela Denis</a><br /><br />]]></about>
  <influences></influences>
  <works_count>4</works_count>
  <gender>male</gender>
  <hometown>Brussels</hometown>
  <born_at>1896/12/02</born_at>
  <died_at>1971/04/15</died_at>
  <goodreads_author></goodreads_author>

    <books>
      <book>
  <id type="integer">3772667</id>
  <isbn nil="true"/>
  <isbn13 nil="true"/>
  <text_reviews_count type="integer">0</text_reviews_count>
  <title>On Safari: The Story Of My Life</title>
  <title_without_series>On Safari: The Story Of My Life</title_without_series>
  <image_url>https://images.gr-assets.com/books/1287870584m/3772667.jpg</image_url>
  <small_image_url>https://images.gr-assets.com/books/1287870584s/3772667.jpg</small_image_url>
  <large_image_url/>
  <link>https://www.goodreads.com/book/show/3772667-on-safari</link>
  <num_pages>320</num_pages>
  <format>Hardcover</format>
  <edition_information/>
  <publisher>Collins</publisher>
  <publication_day/>
  <publication_year>1963</publication_year>
  <publication_month/>
  <average_rating>3.90</average_rating>
  <ratings_count>10</ratings_count>
  <description></description>
<authors>
<author>
<id>1607875</id>
<name>Armand Denis</name>
<role></role>
<image_url nophoto='false'>
<![CDATA[https://images.gr-assets.com/authors/1472160287p5/1607875.jpg]]>
</image_url>
<small_image_url nophoto='false'>
<![CDATA[https://images.gr-assets.com/authors/1472160287p2/1607875.jpg]]>
</small_image_url>
<link><![CDATA[https://www.goodreads.com/author/show/1607875.Armand_Denis]]></link>
<average_rating>3.92</average_rating>
<ratings_count>13</ratings_count>
<text_reviews_count>1</text_reviews_count>
</author>
</authors>
  <published>1963</published>
</book>


      <book>
  <id type="integer">9727344</id>
  <isbn nil="true"/>
  <isbn13 nil="true"/>
  <text_reviews_count type="integer">1</text_reviews_count>
  <title>Taboo</title>
  <title_without_series>Taboo</title_without_series>
  <image_url>https://images.gr-assets.com/books/1296012760m/9727344.jpg</image_url>
  <small_image_url>https://images.gr-assets.com/books/1296012760s/9727344.jpg</small_image_url>
  <large_image_url/>
  <link>https://www.goodreads.com/book/show/9727344-taboo</link>
  <num_pages>160</num_pages>
  <format>Paperback</format>
  <edition_information/>
  <publisher>Four Square</publisher>
  <publication_day/>
  <publication_year>1966</publication_year>
  <publication_month/>
  <average_rating>3.50</average_rating>
  <ratings_count>2</ratings_count>
  <description>Taboo: Sex And Morality Around The World&lt;br /&gt;&lt;br /&gt;The name of Armand Dennis is synonymous with travel and adventure in rare and exotic places of the world. In TABOO he explores a different sort of territory - that of sex in primitive and not so primitive societies.&lt;br /&gt;&lt;br /&gt;In Algeria - where young girls of the Oubd Nail tribe are groomed for prostitution and earn their dowries in desert oasis villages.&lt;br /&gt;&lt;br /&gt;In Tahiti - where Denis found a unique world of straightforward hedonism, a land of pleasure for the young.&lt;br /&gt;&lt;br /&gt;In Japan - where ancient traditions of family and patriotism conflict with modern tastes for Western license and excitement.&lt;br /&gt;&lt;br /&gt;Famous as a film-maker and naturalist, Armand Denis tells frankly and informatively how "people in country after country have begun to claim that last great freedom - the freedom from sexual taboo."</description>
<authors>
<author>
<id>1607875</id>
<name>Armand Denis</name>
<role></role>
<image_url nophoto='false'>
<![CDATA[https://images.gr-assets.com/authors/1472160287p5/1607875.jpg]]>
</image_url>
<small_image_url nophoto='false'>
<![CDATA[https://images.gr-assets.com/authors/1472160287p2/1607875.jpg]]>
</small_image_url>
<link><![CDATA[https://www.goodreads.com/author/show/1607875.Armand_Denis]]></link>
<average_rating>3.92</average_rating>
<ratings_count>13</ratings_count>
<text_reviews_count>1</text_reviews_count>
</author>
</authors>
  <published>1966</published>
</book>


      <book>
  <id type="integer">28807036</id>
  <isbn nil="true"/>
  <isbn13 nil="true"/>
  <text_reviews_count type="integer">0</text_reviews_count>
  <title>Cats of the world</title>
  <title_without_series>Cats of the world</title_without_series>
  <image_url>https://s.gr-assets.com/assets/nophoto/book/111x148-bcc042a9c91a29c1d680899eff700a03.png</image_url>
  <small_image_url>https://s.gr-assets.com/assets/nophoto/book/50x75-a91bf249278a81aabab721ef782c4a74.png</small_image_url>
  <large_image_url/>
  <link>https://www.goodreads.com/book/show/28807036-cats-of-the-world</link>
  <num_pages></num_pages>
  <format></format>
  <edition_information/>
  <publisher>Constable</publisher>
  <publication_day/>
  <publication_year>1964</publication_year>
  <publication_month/>
  <average_rating>5.00</average_rating>
  <ratings_count>1</ratings_count>
  <description></description>
<authors>
<author>
<id>1607875</id>
<name>Armand Denis</name>
<role></role>
<image_url nophoto='false'>
<![CDATA[https://images.gr-assets.com/authors/1472160287p5/1607875.jpg]]>
</image_url>
<small_image_url nophoto='false'>
<![CDATA[https://images.gr-assets.com/authors/1472160287p2/1607875.jpg]]>
</small_image_url>
<link><![CDATA[https://www.goodreads.com/author/show/1607875.Armand_Denis]]></link>
<average_rating>3.92</average_rating>
<ratings_count>13</ratings_count>
<text_reviews_count>1</text_reviews_count>
</author>
</authors>
  <published>1964</published>
</book>


      <book>
  <id type="integer">34464072</id>
  <isbn>0002116030</isbn>
  <isbn13>9780002116039</isbn13>
  <text_reviews_count type="integer">0</text_reviews_count>
  <title>On Safari: The Story of My Life</title>
  <title_without_series>On Safari: The Story of My Life</title_without_series>
  <image_url>https://s.gr-assets.com/assets/nophoto/book/111x148-bcc042a9c91a29c1d680899eff700a03.png</image_url>
  <small_image_url>https://s.gr-assets.com/assets/nophoto/book/50x75-a91bf249278a81aabab721ef782c4a74.png</small_image_url>
  <large_image_url/>
  <link>https://www.goodreads.com/book/show/34464072-on-safari</link>
  <num_pages></num_pages>
  <format></format>
  <edition_information/>
  <publisher></publisher>
  <publication_day></publication_day>
  <publication_year></publication_year>
  <publication_month></publication_month>
  <average_rating>0.0</average_rating>
  <ratings_count>0</ratings_count>
  <description></description>
<authors>
<author>
<id>1607875</id>
<name>Armand Denis</name>
<role></role>
<image_url nophoto='false'>
<![CDATA[https://images.gr-assets.com/authors/1472160287p5/1607875.jpg]]>
</image_url>
<small_image_url nophoto='false'>
<![CDATA[https://images.gr-assets.com/authors/1472160287p2/1607875.jpg]]>
</small_image_url>
<link><![CDATA[https://www.goodreads.com/author/show/1607875.Armand_Denis]]></link>
<average_rating>3.92</average_rating>
<ratings_count>13</ratings_count>
<text_reviews_count>1</text_reviews_count>
</author>
</authors>
  <published></published>
</book>


    </books>
</author>

</GoodreadsResponse>