<?xml version="1.0" encoding="UTF-8"?>
<GoodreadsResponse>
  <Request>
    <authentication>true</authentication>
      <key><![CDATA[sySok63UyYyWi2Wof1HocA]]></key>
    <method><![CDATA[author_show]]></method>
  </Request>
  <author>
  <id>1639596</id>
  <name>Sidney H. Asch</name>
  <link><![CDATA[https://www.goodreads.com/author/show/1639596.Sidney_H_Asch]]></link>
  <fans_count type="integer">0</fans_count>
  <author_followers_count type="integer">0</author_followers_count>
  <large_image_url><![CDATA[https://s.gr-assets.com/assets/nophoto/user/m_333x500-a9c67bed07ee7e10983a5d5ccc572516.png]]></large_image_url>
  <image_url><![CDATA[https://s.gr-assets.com/assets/nophoto/user/m_200x266-d279b33f8eec0f27b7272477f09806be.png]]></image_url>
  <small_image_url><![CDATA[https://s.gr-assets.com/assets/nophoto/user/m_50x66-82093808bca726cb3249a493fbd3bd0f.png]]></small_image_url>
  <about><![CDATA[Sidney H. Asch was a Justice of the New York State Supreme Court and a member of the graduate faculties of the City University of New York, Mount Sinai Medical School and New York Law School. He holds a Ph.D. in sociology and was a member of the New York State Legislature for ten years. He is author of several books, including Civil Rights and Responsibilities Under the Constitution and Police Authority and the Rights of the Individual.]]></about>
  <influences></influences>
  <works_count>3</works_count>
  <gender>male</gender>
  <hometown></hometown>
  <born_at></born_at>
  <died_at></died_at>
  <goodreads_author></goodreads_author>

    <books>
      <book>
  <id type="integer">3845114</id>
  <isbn>0668023724</isbn>
  <isbn13>9780668023726</isbn13>
  <text_reviews_count type="integer">1</text_reviews_count>
  <title>The Supreme Court and Its Great Justices</title>
  <title_without_series>The Supreme Court and Its Great Justices</title_without_series>
  <image_url>https://images.gr-assets.com/books/1310475323m/3845114.jpg</image_url>
  <small_image_url>https://images.gr-assets.com/books/1310475323s/3845114.jpg</small_image_url>
  <large_image_url/>
  <link>https://www.goodreads.com/book/show/3845114-the-supreme-court-and-its-great-justices</link>
  <num_pages></num_pages>
  <format></format>
  <edition_information/>
  <publisher></publisher>
  <publication_day></publication_day>
  <publication_year></publication_year>
  <publication_month></publication_month>
  <average_rating>4.00</average_rating>
  <ratings_count>2</ratings_count>
  <description>Author Asch, a former Justice of the New York State Supreme Court, examines with great insight the personalities of sixteen justices and their decisions - controversial decisions that have affected the lives of their own and succeeding generations - decisions that have affected the lives of their own and succeeding generations - decisions that are woven into the very framework of American life today. These include John Jay, John Marshall, Roger Taney, Samuel Miller, John Harlan, Oliver Wendall Holmes, Louis Brandeis, Charles Evan Hughes, Harlan Stone, Benjamin Cardozo, Felix Frankfurter, Robert H. Jackson, Hugo Black, William O. Douglas, Earl Warren, and Warren Burger.</description>
<authors>
<author>
<id>1639596</id>
<name>Sidney H. Asch</name>
<role></role>
<image_url nophoto='true'>
<![CDATA[https://s.gr-assets.com/assets/nophoto/user/m_200x266-d279b33f8eec0f27b7272477f09806be.png]]>
</image_url>
<small_image_url nophoto='true'>
<![CDATA[https://s.gr-assets.com/assets/nophoto/user/m_50x66-82093808bca726cb3249a493fbd3bd0f.png]]>
</small_image_url>
<link><![CDATA[https://www.goodreads.com/author/show/1639596.Sidney_H_Asch]]></link>
<average_rating>4.00</average_rating>
<ratings_count>2</ratings_count>
<text_reviews_count>1</text_reviews_count>
</author>
</authors>
  <published></published>
</book>


      <book>
  <id type="integer">3845116</id>
  <isbn>0668024267</isbn>
  <isbn13>9780668024266</isbn13>
  <text_reviews_count type="integer">0</text_reviews_count>
  <title>Police Authority And The Rights Of The Individual</title>
  <title_without_series>Police Authority And The Rights Of The Individual</title_without_series>
  <image_url>https://s.gr-assets.com/assets/nophoto/book/111x148-bcc042a9c91a29c1d680899eff700a03.png</image_url>
  <small_image_url>https://s.gr-assets.com/assets/nophoto/book/50x75-a91bf249278a81aabab721ef782c4a74.png</small_image_url>
  <large_image_url/>
  <link>https://www.goodreads.com/book/show/3845116-police-authority-and-the-rights-of-the-individual</link>
  <num_pages></num_pages>
  <format></format>
  <edition_information/>
  <publisher></publisher>
  <publication_day></publication_day>
  <publication_year></publication_year>
  <publication_month></publication_month>
  <average_rating>0.0</average_rating>
  <ratings_count>0</ratings_count>
  <description></description>
<authors>
<author>
<id>1639596</id>
<name>Sidney H. Asch</name>
<role></role>
<image_url nophoto='true'>
<![CDATA[https://s.gr-assets.com/assets/nophoto/user/m_200x266-d279b33f8eec0f27b7272477f09806be.png]]>
</image_url>
<small_image_url nophoto='true'>
<![CDATA[https://s.gr-assets.com/assets/nophoto/user/m_50x66-82093808bca726cb3249a493fbd3bd0f.png]]>
</small_image_url>
<link><![CDATA[https://www.goodreads.com/author/show/1639596.Sidney_H_Asch]]></link>
<average_rating>4.00</average_rating>
<ratings_count>2</ratings_count>
<text_reviews_count>1</text_reviews_count>
</author>
</authors>
  <published></published>
</book>


      <book>
  <id type="integer">3845115</id>
  <isbn>0668017619</isbn>
  <isbn13>9780668017619</isbn13>
  <text_reviews_count type="integer">0</text_reviews_count>
  <title>Civil rights &amp; responsibilities under the Constitution (Know your law)</title>
  <title_without_series>Civil rights &amp; responsibilities under the Constitution</title_without_series>
  <image_url>https://s.gr-assets.com/assets/nophoto/book/111x148-bcc042a9c91a29c1d680899eff700a03.png</image_url>
  <small_image_url>https://s.gr-assets.com/assets/nophoto/book/50x75-a91bf249278a81aabab721ef782c4a74.png</small_image_url>
  <large_image_url/>
  <link>https://www.goodreads.com/book/show/3845115-civil-rights-responsibilities-under-the-constitution</link>
  <num_pages></num_pages>
  <format></format>
  <edition_information/>
  <publisher></publisher>
  <publication_day></publication_day>
  <publication_year></publication_year>
  <publication_month></publication_month>
  <average_rating>0.0</average_rating>
  <ratings_count>0</ratings_count>
  <description></description>
<authors>
<author>
<id>1639596</id>
<name>Sidney H. Asch</name>
<role></role>
<image_url nophoto='true'>
<![CDATA[https://s.gr-assets.com/assets/nophoto/user/m_200x266-d279b33f8eec0f27b7272477f09806be.png]]>
</image_url>
<small_image_url nophoto='true'>
<![CDATA[https://s.gr-assets.com/assets/nophoto/user/m_50x66-82093808bca726cb3249a493fbd3bd0f.png]]>
</small_image_url>
<link><![CDATA[https://www.goodreads.com/author/show/1639596.Sidney_H_Asch]]></link>
<average_rating>4.00</average_rating>
<ratings_count>2</ratings_count>
<text_reviews_count>1</text_reviews_count>
</author>
</authors>
  <published></published>
</book>


    </books>
</author>

</GoodreadsResponse>