<?xml version="1.0" encoding="UTF-8"?>
<GoodreadsResponse>
  <Request>
    <authentication>true</authentication>
      <key><![CDATA[sySok63UyYyWi2Wof1HocA]]></key>
    <method><![CDATA[author_show]]></method>
  </Request>
  <author>
  <id>1652047</id>
  <name>Aidan Foster-Carter</name>
  <link><![CDATA[https://www.goodreads.com/author/show/1652047.Aidan_Foster_Carter]]></link>
  <fans_count type="integer">1</fans_count>
  <author_followers_count type="integer">1</author_followers_count>
  <large_image_url><![CDATA[https://s.gr-assets.com/assets/nophoto/user/m_333x500-a9c67bed07ee7e10983a5d5ccc572516.png]]></large_image_url>
  <image_url><![CDATA[https://s.gr-assets.com/assets/nophoto/user/m_200x266-d279b33f8eec0f27b7272477f09806be.png]]></image_url>
  <small_image_url><![CDATA[https://s.gr-assets.com/assets/nophoto/user/m_50x66-82093808bca726cb3249a493fbd3bd0f.png]]></small_image_url>
  <about></about>
  <influences><![CDATA[<a href="https://www.goodreads.com/author/show/7084.Karl_Marx" title="Karl Marx" rel="nofollow">Karl Marx</a>]]></influences>
  <works_count>3</works_count>
  <gender>male</gender>
  <hometown></hometown>
  <born_at>1947/01/01</born_at>
  <died_at></died_at>
  <goodreads_author></goodreads_author>

    <books>
      <book>
  <id type="integer">5644467</id>
  <isbn>0850588278</isbn>
  <isbn13>9780850588279</isbn13>
  <text_reviews_count type="integer">0</text_reviews_count>
  <title>North Korea After Kim Il Sung: Controlled Collapse?</title>
  <title_without_series>North Korea After Kim Il Sung: Controlled Collapse?</title_without_series>
  <image_url>https://s.gr-assets.com/assets/nophoto/book/111x148-bcc042a9c91a29c1d680899eff700a03.png</image_url>
  <small_image_url>https://s.gr-assets.com/assets/nophoto/book/50x75-a91bf249278a81aabab721ef782c4a74.png</small_image_url>
  <large_image_url/>
  <link>https://www.goodreads.com/book/show/5644467-north-korea-after-kim-il-sung</link>
  <num_pages></num_pages>
  <format></format>
  <edition_information/>
  <publisher>Economist Intelligence Unit</publisher>
  <publication_day/>
  <publication_year>1994</publication_year>
  <publication_month>9</publication_month>
  <average_rating>2.00</average_rating>
  <ratings_count>1</ratings_count>
  <description></description>
<authors>
<author>
<id>1652047</id>
<name>Aidan Foster-Carter</name>
<role></role>
<image_url nophoto='true'>
<![CDATA[https://s.gr-assets.com/assets/nophoto/user/m_200x266-d279b33f8eec0f27b7272477f09806be.png]]>
</image_url>
<small_image_url nophoto='true'>
<![CDATA[https://s.gr-assets.com/assets/nophoto/user/m_50x66-82093808bca726cb3249a493fbd3bd0f.png]]>
</small_image_url>
<link><![CDATA[https://www.goodreads.com/author/show/1652047.Aidan_Foster_Carter]]></link>
<average_rating>2.00</average_rating>
<ratings_count>1</ratings_count>
<text_reviews_count>0</text_reviews_count>
</author>
</authors>
  <published>1994</published>
</book>


      <book>
  <id type="integer">5644466</id>
  <isbn>0850586259</isbn>
  <isbn13>9780850586251</isbn13>
  <text_reviews_count type="integer">0</text_reviews_count>
  <title>Korea's Coming Reunification: Another East Asian Superpower?</title>
  <title_without_series>Korea's Coming Reunification: Another East Asian Superpower?</title_without_series>
  <image_url>https://s.gr-assets.com/assets/nophoto/book/111x148-bcc042a9c91a29c1d680899eff700a03.png</image_url>
  <small_image_url>https://s.gr-assets.com/assets/nophoto/book/50x75-a91bf249278a81aabab721ef782c4a74.png</small_image_url>
  <large_image_url/>
  <link>https://www.goodreads.com/book/show/5644466-korea-s-coming-reunification</link>
  <num_pages></num_pages>
  <format></format>
  <edition_information/>
  <publisher></publisher>
  <publication_day></publication_day>
  <publication_year></publication_year>
  <publication_month></publication_month>
  <average_rating>0.0</average_rating>
  <ratings_count>0</ratings_count>
  <description></description>
<authors>
<author>
<id>1652047</id>
<name>Aidan Foster-Carter</name>
<role></role>
<image_url nophoto='true'>
<![CDATA[https://s.gr-assets.com/assets/nophoto/user/m_200x266-d279b33f8eec0f27b7272477f09806be.png]]>
</image_url>
<small_image_url nophoto='true'>
<![CDATA[https://s.gr-assets.com/assets/nophoto/user/m_50x66-82093808bca726cb3249a493fbd3bd0f.png]]>
</small_image_url>
<link><![CDATA[https://www.goodreads.com/author/show/1652047.Aidan_Foster_Carter]]></link>
<average_rating>2.00</average_rating>
<ratings_count>1</ratings_count>
<text_reviews_count>0</text_reviews_count>
</author>
</authors>
  <published></published>
</book>


      <book>
  <id type="integer">5644464</id>
  <isbn>0946183082</isbn>
  <isbn13>9780946183081</isbn13>
  <text_reviews_count type="integer">0</text_reviews_count>
  <title>The Sociology of Development</title>
  <title_without_series>The Sociology of Development</title_without_series>
  <image_url>https://s.gr-assets.com/assets/nophoto/book/111x148-bcc042a9c91a29c1d680899eff700a03.png</image_url>
  <small_image_url>https://s.gr-assets.com/assets/nophoto/book/50x75-a91bf249278a81aabab721ef782c4a74.png</small_image_url>
  <large_image_url/>
  <link>https://www.goodreads.com/book/show/5644464-the-sociology-of-development</link>
  <num_pages></num_pages>
  <format></format>
  <edition_information/>
  <publisher></publisher>
  <publication_day></publication_day>
  <publication_year></publication_year>
  <publication_month></publication_month>
  <average_rating>0.0</average_rating>
  <ratings_count>0</ratings_count>
  <description></description>
<authors>
<author>
<id>1652047</id>
<name>Aidan Foster-Carter</name>
<role></role>
<image_url nophoto='true'>
<![CDATA[https://s.gr-assets.com/assets/nophoto/user/m_200x266-d279b33f8eec0f27b7272477f09806be.png]]>
</image_url>
<small_image_url nophoto='true'>
<![CDATA[https://s.gr-assets.com/assets/nophoto/user/m_50x66-82093808bca726cb3249a493fbd3bd0f.png]]>
</small_image_url>
<link><![CDATA[https://www.goodreads.com/author/show/1652047.Aidan_Foster_Carter]]></link>
<average_rating>2.00</average_rating>
<ratings_count>1</ratings_count>
<text_reviews_count>0</text_reviews_count>
</author>
</authors>
  <published></published>
</book>


    </books>
</author>

</GoodreadsResponse>