<?xml version="1.0" encoding="UTF-8"?>
<GoodreadsResponse>
  <Request>
    <authentication>true</authentication>
      <key><![CDATA[sySok63UyYyWi2Wof1HocA]]></key>
    <method><![CDATA[author_show]]></method>
  </Request>
  <author>
  <id>16808</id>
  <name>Peace Pilgrim</name>
  <link><![CDATA[https://www.goodreads.com/author/show/16808.Peace_Pilgrim]]></link>
  <fans_count type="integer">13</fans_count>
  <author_followers_count type="integer">13</author_followers_count>
  <large_image_url><![CDATA[https://images.gr-assets.com/authors/1235124397p7/16808.jpg]]></large_image_url>
  <image_url><![CDATA[https://images.gr-assets.com/authors/1235124397p5/16808.jpg]]></image_url>
  <small_image_url><![CDATA[https://images.gr-assets.com/authors/1235124397p2/16808.jpg]]></small_image_url>
  <about><![CDATA[Peace Pilgrim - born Mildred Lisette Norman, was an American pacifist, vegetarian, and peace activist. In 1952, she became the first woman to walk the entire length of the Appalachian Trail in one season.[1] Starting on January 1, 1953, in Pasadena, California, she adopted the name "Peace Pilgrim" and walked across the United States for 28 years.<br />A transcript of a 1964 conversation with Peace Pilgrim from a broadcast on KPFK radio in Los Angeles, California, was published as "Steps Toward Inner Peace". She stopped counting miles in that year, having walked more than 40,000 km (25,000 miles) for peace]]></about>
  <influences></influences>
  <works_count>4</works_count>
  <gender>female</gender>
  <hometown></hometown>
  <born_at>1908/07/18</born_at>
  <died_at>1981/07/07</died_at>
  <goodreads_author></goodreads_author>

    <books>
      <book>
  <id type="integer">29804</id>
  <isbn>0943734290</isbn>
  <isbn13>9780943734293</isbn13>
  <text_reviews_count type="integer">72</text_reviews_count>
  <title>Peace Pilgrim: Her Life and Work in Her Own Words</title>
  <title_without_series>Peace Pilgrim: Her Life and Work in Her Own Words</title_without_series>
  <image_url>https://s.gr-assets.com/assets/nophoto/book/111x148-bcc042a9c91a29c1d680899eff700a03.png</image_url>
  <small_image_url>https://s.gr-assets.com/assets/nophoto/book/50x75-a91bf249278a81aabab721ef782c4a74.png</small_image_url>
  <large_image_url/>
  <link>https://www.goodreads.com/book/show/29804.Peace_Pilgrim</link>
  <num_pages>206</num_pages>
  <format>Paperback</format>
  <edition_information/>
  <publisher>Ocean Tree Books</publisher>
  <publication_day>1</publication_day>
  <publication_year>1992</publication_year>
  <publication_month>4</publication_month>
  <average_rating>4.25</average_rating>
  <ratings_count>471</ratings_count>
  <description>The silver-haired woman walked away from her name and vowed to "remain a wanderer until mankind has learned the way of peace". On New Year's Day, 1953, she walked ahead of the Tournament of Roses parade handing out peace messages. It was the beginning of a pilgrimage that would last eighteen years. Traveling on foot without money or possessions, with only the food and shelter offered by well-wishers, she carried her simple yet compelling message throughout the United States and Canada. After the first 25,000 miles she stopped counting.Peace Pilgrim's account of her journeys across America and her spiritual discoveries along the way continues to inspire growing numbers of readers worldwide.</description>
<authors>
<author>
<id>16808</id>
<name>Peace Pilgrim</name>
<role></role>
<image_url nophoto='false'>
<![CDATA[https://images.gr-assets.com/authors/1235124397p5/16808.jpg]]>
</image_url>
<small_image_url nophoto='false'>
<![CDATA[https://images.gr-assets.com/authors/1235124397p2/16808.jpg]]>
</small_image_url>
<link><![CDATA[https://www.goodreads.com/author/show/16808.Peace_Pilgrim]]></link>
<average_rating>4.26</average_rating>
<ratings_count>499</ratings_count>
<text_reviews_count>77</text_reviews_count>
</author>
</authors>
  <published>1992</published>
</book>


      <book>
  <id type="integer">15991649</id>
  <isbn nil="true"/>
  <isbn13 nil="true"/>
  <text_reviews_count type="integer">4</text_reviews_count>
  <title>Steps Toward Inner Peace</title>
  <title_without_series>Steps Toward Inner Peace</title_without_series>
  <image_url>https://images.gr-assets.com/books/1346882203m/15991649.jpg</image_url>
  <small_image_url>https://images.gr-assets.com/books/1346882203s/15991649.jpg</small_image_url>
  <large_image_url/>
  <link>https://www.goodreads.com/book/show/15991649-steps-toward-inner-peace</link>
  <num_pages>33</num_pages>
  <format>Paperback</format>
  <edition_information/>
  <publisher></publisher>
  <publication_day></publication_day>
  <publication_year></publication_year>
  <publication_month></publication_month>
  <average_rating>4.38</average_rating>
  <ratings_count>26</ratings_count>
  <description></description>
<authors>
<author>
<id>16808</id>
<name>Peace Pilgrim</name>
<role></role>
<image_url nophoto='false'>
<![CDATA[https://images.gr-assets.com/authors/1235124397p5/16808.jpg]]>
</image_url>
<small_image_url nophoto='false'>
<![CDATA[https://images.gr-assets.com/authors/1235124397p2/16808.jpg]]>
</small_image_url>
<link><![CDATA[https://www.goodreads.com/author/show/16808.Peace_Pilgrim]]></link>
<average_rating>4.26</average_rating>
<ratings_count>499</ratings_count>
<text_reviews_count>77</text_reviews_count>
</author>
</authors>
  <published></published>
</book>


      <book>
  <id type="integer">21207843</id>
  <isbn nil="true"/>
  <isbn13 nil="true"/>
  <text_reviews_count type="integer">0</text_reviews_count>
  <title>Enjoying the Journey: The Adventures, Travels, and Teachings of Peace Pilgrim II</title>
  <title_without_series>Enjoying the Journey: The Adventures, Travels, and Teachings of Peace Pilgrim II</title_without_series>
  <image_url>https://s.gr-assets.com/assets/nophoto/book/111x148-bcc042a9c91a29c1d680899eff700a03.png</image_url>
  <small_image_url>https://s.gr-assets.com/assets/nophoto/book/50x75-a91bf249278a81aabab721ef782c4a74.png</small_image_url>
  <large_image_url/>
  <link>https://www.goodreads.com/book/show/21207843-enjoying-the-journey</link>
  <num_pages></num_pages>
  <format></format>
  <edition_information/>
  <publisher></publisher>
  <publication_day></publication_day>
  <publication_year></publication_year>
  <publication_month></publication_month>
  <average_rating>0.0</average_rating>
  <ratings_count>0</ratings_count>
  <description></description>
<authors>
<author>
<id>16808</id>
<name>Peace Pilgrim</name>
<role></role>
<image_url nophoto='false'>
<![CDATA[https://images.gr-assets.com/authors/1235124397p5/16808.jpg]]>
</image_url>
<small_image_url nophoto='false'>
<![CDATA[https://images.gr-assets.com/authors/1235124397p2/16808.jpg]]>
</small_image_url>
<link><![CDATA[https://www.goodreads.com/author/show/16808.Peace_Pilgrim]]></link>
<average_rating>4.26</average_rating>
<ratings_count>499</ratings_count>
<text_reviews_count>77</text_reviews_count>
</author>
</authors>
  <published></published>
</book>


      <book>
  <id type="integer">27070612</id>
  <isbn>087486691X</isbn>
  <isbn13>9780874866919</isbn13>
  <text_reviews_count type="integer">0</text_reviews_count>
  <title>Plough Quarterly No. 5: Peacemakers</title>
  <title_without_series>Plough Quarterly No. 5: Peacemakers</title_without_series>
  <image_url>https://s.gr-assets.com/assets/nophoto/book/111x148-bcc042a9c91a29c1d680899eff700a03.png</image_url>
  <small_image_url>https://s.gr-assets.com/assets/nophoto/book/50x75-a91bf249278a81aabab721ef782c4a74.png</small_image_url>
  <large_image_url/>
  <link>https://www.goodreads.com/book/show/27070612-plough-quarterly-no-5</link>
  <num_pages>72</num_pages>
  <format>Paperback</format>
  <edition_information/>
  <publisher>Plough Publishing House</publisher>
  <publication_day>28</publication_day>
  <publication_year>2015</publication_year>
  <publication_month>5</publication_month>
  <average_rating>4.00</average_rating>
  <ratings_count>1</ratings_count>
  <description>The diverse contributors to this issue of "Plough Quarterly" focus on what it means to be a peacemaker. Peacemaking, they show, is a riskier and more ambitious undertaking than we may have imagined. Today we must wage peace where thousands of children are being murdered by militias or forced to fight as soldiers. We need peacemakers in divided cities from Paris to Baltimore, peacemakers in a culture with little tolerance for Christian witness, and peacemakers in churches riven by ideological fights and petty grudges, not to mention making peace with our spouses, and with ourselves. Hear from active peacemakers on the frontlines of these battles and explore insights on peacemaking from Thomas Merton, Dorothy Day, Badshah Khan, Jeannette Rankin, Charles Spurgeon, Andre Trocme, Peace Pilgrim, Albert Schweitzer, Dietrich Bonhoeffer, and Eberhard Arnold. And as always, "Plough Quarterly" includes world-class art by the likes of Marc Chagall, Egon Schiele, Lisa Toth, Carl Larsson, Ben Shahn, Mikalojus Konstantinas iurlionis, Paul Klee, Antonello da Messina, and others. &lt;br /&gt;"Plough Quarterly" features stories, ideas, and culture for people eager to put their faith into action. Each issue brings you in-depth articles, interviews, fiction, poetry, book reviews, and art to help you put Jesus message into practice and find common cause with others."</description>
<authors>
<author>
<id>1711</id>
<name>Thomas Merton</name>
<role></role>
<image_url nophoto='false'>
<![CDATA[https://images.gr-assets.com/authors/1201097624p5/1711.jpg]]>
</image_url>
<small_image_url nophoto='false'>
<![CDATA[https://images.gr-assets.com/authors/1201097624p2/1711.jpg]]>
</small_image_url>
<link><![CDATA[https://www.goodreads.com/author/show/1711.Thomas_Merton]]></link>
<average_rating>4.20</average_rating>
<ratings_count>36368</ratings_count>
<text_reviews_count>2455</text_reviews_count>
</author>
</authors>
  <published>2015</published>
</book>


    </books>
</author>

</GoodreadsResponse>