<?xml version="1.0" encoding="UTF-8"?>
<GoodreadsResponse>
  <Request>
    <authentication>true</authentication>
      <key><![CDATA[sySok63UyYyWi2Wof1HocA]]></key>
    <method><![CDATA[author_show]]></method>
  </Request>
  <author>
  <id>1696023</id>
  <name>Edward Tyas Cook</name>
  <link><![CDATA[https://www.goodreads.com/author/show/1696023.Edward_Tyas_Cook]]></link>
  <fans_count type="integer">0</fans_count>
  <author_followers_count type="integer">0</author_followers_count>
  <large_image_url><![CDATA[https://images.gr-assets.com/authors/1263045033p7/1696023.jpg]]></large_image_url>
  <image_url><![CDATA[https://images.gr-assets.com/authors/1263045033p5/1696023.jpg]]></image_url>
  <small_image_url><![CDATA[https://images.gr-assets.com/authors/1263045033p2/1696023.jpg]]></small_image_url>
  <about><![CDATA[Sir Edward Tyas Cook was an English journalist, biographer, and man of letters.]]></about>
  <influences></influences>
  <works_count>155</works_count>
  <gender>male</gender>
  <hometown></hometown>
  <born_at>1857/05/12</born_at>
  <died_at>1919/09/30</died_at>
  <goodreads_author></goodreads_author>

    <books>
      <book>
  <id type="integer">19483168</id>
  <isbn nil="true"/>
  <isbn13 nil="true"/>
  <text_reviews_count type="integer">1</text_reviews_count>
  <title>The Life of Florence Nightingale vol. 1 of 2</title>
  <title_without_series>The Life of Florence Nightingale vol. 1 of 2</title_without_series>
  <image_url>https://s.gr-assets.com/assets/nophoto/book/111x148-bcc042a9c91a29c1d680899eff700a03.png</image_url>
  <small_image_url>https://s.gr-assets.com/assets/nophoto/book/50x75-a91bf249278a81aabab721ef782c4a74.png</small_image_url>
  <large_image_url/>
  <link>https://www.goodreads.com/book/show/19483168-the-life-of-florence-nightingale-vol-1-of-2</link>
  <num_pages></num_pages>
  <format></format>
  <edition_information/>
  <publisher></publisher>
  <publication_day></publication_day>
  <publication_year></publication_year>
  <publication_month></publication_month>
  <average_rating>4.46</average_rating>
  <ratings_count>13</ratings_count>
  <description></description>
<authors>
<author>
<id>1696023</id>
<name>Edward Tyas Cook</name>
<role></role>
<image_url nophoto='false'>
<![CDATA[https://images.gr-assets.com/authors/1263045033p5/1696023.jpg]]>
</image_url>
<small_image_url nophoto='false'>
<![CDATA[https://images.gr-assets.com/authors/1263045033p2/1696023.jpg]]>
</small_image_url>
<link><![CDATA[https://www.goodreads.com/author/show/1696023.Edward_Tyas_Cook]]></link>
<average_rating>4.12</average_rating>
<ratings_count>34</ratings_count>
<text_reviews_count>2</text_reviews_count>
</author>
</authors>
  <published></published>
</book>


      <book>
  <id type="integer">20408008</id>
  <isbn nil="true"/>
  <isbn13 nil="true"/>
  <text_reviews_count type="integer">1</text_reviews_count>
  <title>The Life of Florence Nightingale vol. 2 of 2</title>
  <title_without_series>The Life of Florence Nightingale vol. 2 of 2</title_without_series>
  <image_url>https://s.gr-assets.com/assets/nophoto/book/111x148-bcc042a9c91a29c1d680899eff700a03.png</image_url>
  <small_image_url>https://s.gr-assets.com/assets/nophoto/book/50x75-a91bf249278a81aabab721ef782c4a74.png</small_image_url>
  <large_image_url/>
  <link>https://www.goodreads.com/book/show/20408008-the-life-of-florence-nightingale-vol-2-of-2</link>
  <num_pages></num_pages>
  <format></format>
  <edition_information/>
  <publisher></publisher>
  <publication_day></publication_day>
  <publication_year></publication_year>
  <publication_month></publication_month>
  <average_rating>4.67</average_rating>
  <ratings_count>6</ratings_count>
  <description></description>
<authors>
<author>
<id>1696023</id>
<name>Edward Tyas Cook</name>
<role></role>
<image_url nophoto='false'>
<![CDATA[https://images.gr-assets.com/authors/1263045033p5/1696023.jpg]]>
</image_url>
<small_image_url nophoto='false'>
<![CDATA[https://images.gr-assets.com/authors/1263045033p2/1696023.jpg]]>
</small_image_url>
<link><![CDATA[https://www.goodreads.com/author/show/1696023.Edward_Tyas_Cook]]></link>
<average_rating>4.12</average_rating>
<ratings_count>34</ratings_count>
<text_reviews_count>2</text_reviews_count>
</author>
</authors>
  <published></published>
</book>


      <book>
  <id type="integer">33999551</id>
  <isbn>0511707495</isbn>
  <isbn13>9780511707490</isbn13>
  <text_reviews_count type="integer">0</text_reviews_count>
  <title>The Life of John Ruskin: Volume 2, 1860-1900</title>
  <title_without_series>The Life of John Ruskin: Volume 2, 1860-1900</title_without_series>
  <image_url>https://s.gr-assets.com/assets/nophoto/book/111x148-bcc042a9c91a29c1d680899eff700a03.png</image_url>
  <small_image_url>https://s.gr-assets.com/assets/nophoto/book/50x75-a91bf249278a81aabab721ef782c4a74.png</small_image_url>
  <large_image_url/>
  <link>https://www.goodreads.com/book/show/33999551-the-life-of-john-ruskin</link>
  <num_pages></num_pages>
  <format>ebook</format>
  <edition_information/>
  <publisher>Cambridge University Press</publisher>
  <publication_day>7</publication_day>
  <publication_year>2011</publication_year>
  <publication_month>9</publication_month>
  <average_rating>0.0</average_rating>
  <ratings_count>0</ratings_count>
  <description>In 1911, the New York Times alerted its readers to the forthcoming 'authoritative' biography of Ruskin with the words 'out of a life's devotion to Ruskin and the Herculean task of editing the definitive Ruskin, Mr E. T. Cook is to give us a definitive Ruskin biography also. It will have the authority of a brilliant Oxford scholar, combined with the charm and lightness of a style which makes Mr Cook one of the first of English journalists'. Cook had been given complete access to Ruskin's diaries, notebooks and letters by his literary executors, and Ruskin's family and friends co-operated fully with him. His depth of knowledge of, and sympathy for, his subject make Cook's biography a vital tool for anyone wishing to understand Ruskin's extraordinary achievements in so many fields. Volume 2 covers the period from 1860 to Ruskin's death in 1900, and includes an index to both volumes.</description>
<authors>
<author>
<id>1696023</id>
<name>Edward Tyas Cook</name>
<role></role>
<image_url nophoto='false'>
<![CDATA[https://images.gr-assets.com/authors/1263045033p5/1696023.jpg]]>
</image_url>
<small_image_url nophoto='false'>
<![CDATA[https://images.gr-assets.com/authors/1263045033p2/1696023.jpg]]>
</small_image_url>
<link><![CDATA[https://www.goodreads.com/author/show/1696023.Edward_Tyas_Cook]]></link>
<average_rating>4.12</average_rating>
<ratings_count>34</ratings_count>
<text_reviews_count>2</text_reviews_count>
</author>
</authors>
  <published>2011</published>
</book>


      <book>
  <id type="integer">33999550</id>
  <isbn>0511707487</isbn>
  <isbn13>9780511707483</isbn13>
  <text_reviews_count type="integer">0</text_reviews_count>
  <title>The Life of John Ruskin: Volume 1, 1819-1860</title>
  <title_without_series>The Life of John Ruskin: Volume 1, 1819-1860</title_without_series>
  <image_url>https://s.gr-assets.com/assets/nophoto/book/111x148-bcc042a9c91a29c1d680899eff700a03.png</image_url>
  <small_image_url>https://s.gr-assets.com/assets/nophoto/book/50x75-a91bf249278a81aabab721ef782c4a74.png</small_image_url>
  <large_image_url/>
  <link>https://www.goodreads.com/book/show/33999550-the-life-of-john-ruskin</link>
  <num_pages></num_pages>
  <format>ebook</format>
  <edition_information/>
  <publisher>Cambridge University Press</publisher>
  <publication_day>5</publication_day>
  <publication_year>2012</publication_year>
  <publication_month>3</publication_month>
  <average_rating>0.0</average_rating>
  <ratings_count>0</ratings_count>
  <description>In 1911, the New York Times alerted its readers to the forthcoming 'authoritative' biography of Ruskin with the words 'out of a life's devotion to Ruskin and the Herculean task of editing the definitive Ruskin, Mr E. T. Cook is to give us a definitive Ruskin biography also. It will have the authority of a brilliant Oxford scholar, combined with the charm and lightness of a style which makes Mr Cook one of the first of English journalists'. Cook had been given complete access to Ruskin's diaries, notebooks and letters by his literary executors, and Ruskin's family and friends co-operated fully with him. His depth of knowledge of, and sympathy for, his subject make Cook's biography a vital tool for anyone wishing to understand Ruskin's extraordinary achievements in so many fields. Volume 1 covers the period to 1860, the year in which the final volume of Modern Painters was published.</description>
<authors>
<author>
<id>1696023</id>
<name>Edward Tyas Cook</name>
<role></role>
<image_url nophoto='false'>
<![CDATA[https://images.gr-assets.com/authors/1263045033p5/1696023.jpg]]>
</image_url>
<small_image_url nophoto='false'>
<![CDATA[https://images.gr-assets.com/authors/1263045033p2/1696023.jpg]]>
</small_image_url>
<link><![CDATA[https://www.goodreads.com/author/show/1696023.Edward_Tyas_Cook]]></link>
<average_rating>4.12</average_rating>
<ratings_count>34</ratings_count>
<text_reviews_count>2</text_reviews_count>
</author>
</authors>
  <published>2012</published>
</book>


      <book>
  <id type="integer">27331631</id>
  <isbn>1341679799</isbn>
  <isbn13>9781341679797</isbn13>
  <text_reviews_count type="integer">0</text_reviews_count>
  <title>Rights and Wrongs of the Transvaal War</title>
  <title_without_series>Rights and Wrongs of the Transvaal War</title_without_series>
  <image_url>https://s.gr-assets.com/assets/nophoto/book/111x148-bcc042a9c91a29c1d680899eff700a03.png</image_url>
  <small_image_url>https://s.gr-assets.com/assets/nophoto/book/50x75-a91bf249278a81aabab721ef782c4a74.png</small_image_url>
  <large_image_url/>
  <link>https://www.goodreads.com/book/show/27331631-rights-and-wrongs-of-the-transvaal-war</link>
  <num_pages>400</num_pages>
  <format>Hardcover</format>
  <edition_information/>
  <publisher>Palala Press</publisher>
  <publication_day>5</publication_day>
  <publication_year>2015</publication_year>
  <publication_month>9</publication_month>
  <average_rating>0.0</average_rating>
  <ratings_count>0</ratings_count>
  <description>This work has been selected by scholars as being culturally important, and is part of the knowledge base of civilization as we know it. This work was reproduced from the original artifact, and remains as true to the original work as possible. Therefore, you will see the original copyright references, library stamps (as most of these works have been housed in our most important libraries around the world), and other notations in the work. This work is in the public domain in the United States of America, and possibly other nations. Within the United States, you may freely copy and distribute this work, as no entity (individual or corporate) has a copyright on the body of the work.As a reproduction of a historical artifact, this work may contain missing or blurred pages, poor pictures, errant marks, etc. Scholars believe, and we concur, that this work is important enough to be preserved, reproduced, and made generally available to the public. We appreciate your support of the preservation process, and thank you for being an important part of keeping this knowledge alive and relevant.</description>
<authors>
<author>
<id>1696023</id>
<name>Edward Tyas Cook</name>
<role></role>
<image_url nophoto='false'>
<![CDATA[https://images.gr-assets.com/authors/1263045033p5/1696023.jpg]]>
</image_url>
<small_image_url nophoto='false'>
<![CDATA[https://images.gr-assets.com/authors/1263045033p2/1696023.jpg]]>
</small_image_url>
<link><![CDATA[https://www.goodreads.com/author/show/1696023.Edward_Tyas_Cook]]></link>
<average_rating>4.12</average_rating>
<ratings_count>34</ratings_count>
<text_reviews_count>2</text_reviews_count>
</author>
</authors>
  <published>2015</published>
</book>


      <book>
  <id type="integer">27926751</id>
  <isbn>134312879X</isbn>
  <isbn13>9781343128798</isbn13>
  <text_reviews_count type="integer">0</text_reviews_count>
  <title>Literary Recreations</title>
  <title_without_series>Literary Recreations</title_without_series>
  <image_url>https://s.gr-assets.com/assets/nophoto/book/111x148-bcc042a9c91a29c1d680899eff700a03.png</image_url>
  <small_image_url>https://s.gr-assets.com/assets/nophoto/book/50x75-a91bf249278a81aabab721ef782c4a74.png</small_image_url>
  <large_image_url/>
  <link>https://www.goodreads.com/book/show/27926751-literary-recreations</link>
  <num_pages>350</num_pages>
  <format>Hardcover</format>
  <edition_information/>
  <publisher>Palala Press</publisher>
  <publication_day>19</publication_day>
  <publication_year>2015</publication_year>
  <publication_month>9</publication_month>
  <average_rating>0.0</average_rating>
  <ratings_count>0</ratings_count>
  <description>This work has been selected by scholars as being culturally important, and is part of the knowledge base of civilization as we know it. This work was reproduced from the original artifact, and remains as true to the original work as possible. Therefore, you will see the original copyright references, library stamps (as most of these works have been housed in our most important libraries around the world), and other notations in the work.This work is in the public domain in the United States of America, and possibly other nations. Within the United States, you may freely copy and distribute this work, as no entity (individual or corporate) has a copyright on the body of the work.As a reproduction of a historical artifact, this work may contain missing or blurred pages, poor pictures, errant marks, etc. Scholars believe, and we concur, that this work is important enough to be preserved, reproduced, and made generally available to the public. We appreciate your support of the preservation process, and thank you for being an important part of keeping this knowledge alive and relevant.</description>
<authors>
<author>
<id>1696023</id>
<name>Edward Tyas Cook</name>
<role>Creator</role>
<image_url nophoto='false'>
<![CDATA[https://images.gr-assets.com/authors/1263045033p5/1696023.jpg]]>
</image_url>
<small_image_url nophoto='false'>
<![CDATA[https://images.gr-assets.com/authors/1263045033p2/1696023.jpg]]>
</small_image_url>
<link><![CDATA[https://www.goodreads.com/author/show/1696023.Edward_Tyas_Cook]]></link>
<average_rating>4.12</average_rating>
<ratings_count>34</ratings_count>
<text_reviews_count>2</text_reviews_count>
</author>
</authors>
  <published>2015</published>
</book>


      <book>
  <id type="integer">31025878</id>
  <isbn>1356234771</isbn>
  <isbn13>9781356234776</isbn13>
  <text_reviews_count type="integer">0</text_reviews_count>
  <title>Why Britain Is at War, the Causes and the Issues, Set Out, in Brief Form, from the Diplomatic Correspondence and Speeches of Ministers</title>
  <title_without_series>Why Britain Is at War, the Causes and the Issues, Set Out, in Brief Form, from the Diplomatic Correspondence and Speeches of Ministers</title_without_series>
  <image_url>https://s.gr-assets.com/assets/nophoto/book/111x148-bcc042a9c91a29c1d680899eff700a03.png</image_url>
  <small_image_url>https://s.gr-assets.com/assets/nophoto/book/50x75-a91bf249278a81aabab721ef782c4a74.png</small_image_url>
  <large_image_url/>
  <link>https://www.goodreads.com/book/show/31025878-why-britain-is-at-war-the-causes-and-the-issues-set-out-in-brief-form</link>
  <num_pages>28</num_pages>
  <format>Hardcover</format>
  <edition_information/>
  <publisher>Palala Press</publisher>
  <publication_day>10</publication_day>
  <publication_year>2016</publication_year>
  <publication_month>5</publication_month>
  <average_rating>0.0</average_rating>
  <ratings_count>0</ratings_count>
  <description>This work has been selected by scholars as being culturally important, and is part of the knowledge base of civilization as we know it. This work was reproduced from the original artifact, and remains as true to the original work as possible. Therefore, you will see the original copyright references, library stamps (as most of these works have been housed in our most important libraries around the world), and other notations in the work.This work is in the public domain in the United States of America, and possibly other nations. Within the United States, you may freely copy and distribute this work, as no entity (individual or corporate) has a copyright on the body of the work.As a reproduction of a historical artifact, this work may contain missing or blurred pages, poor pictures, errant marks, etc. Scholars believe, and we concur, that this work is important enough to be preserved, reproduced, and made generally available to the public. We appreciate your support of the preservation process, and thank you for being an important part of keeping this knowledge alive and relevant.</description>
<authors>
<author>
<id>1696023</id>
<name>Edward Tyas Cook</name>
<role></role>
<image_url nophoto='false'>
<![CDATA[https://images.gr-assets.com/authors/1263045033p5/1696023.jpg]]>
</image_url>
<small_image_url nophoto='false'>
<![CDATA[https://images.gr-assets.com/authors/1263045033p2/1696023.jpg]]>
</small_image_url>
<link><![CDATA[https://www.goodreads.com/author/show/1696023.Edward_Tyas_Cook]]></link>
<average_rating>4.12</average_rating>
<ratings_count>34</ratings_count>
<text_reviews_count>2</text_reviews_count>
</author>
</authors>
  <published>2016</published>
</book>


      <book>
  <id type="integer">7321605</id>
  <isbn nil="true"/>
  <isbn13>2940004460623</isbn13>
  <text_reviews_count type="integer">0</text_reviews_count>
  <title>Delane of the Times</title>
  <title_without_series>Delane of the Times</title_without_series>
  <image_url>https://s.gr-assets.com/assets/nophoto/book/111x148-bcc042a9c91a29c1d680899eff700a03.png</image_url>
  <small_image_url>https://s.gr-assets.com/assets/nophoto/book/50x75-a91bf249278a81aabab721ef782c4a74.png</small_image_url>
  <large_image_url/>
  <link>https://www.goodreads.com/book/show/7321605-delane-of-the-times</link>
  <num_pages></num_pages>
  <format></format>
  <edition_information/>
  <publisher></publisher>
  <publication_day></publication_day>
  <publication_year></publication_year>
  <publication_month></publication_month>
  <average_rating>0.0</average_rating>
  <ratings_count>0</ratings_count>
  <description></description>
<authors>
<author>
<id>1696023</id>
<name>Edward Tyas Cook</name>
<role></role>
<image_url nophoto='false'>
<![CDATA[https://images.gr-assets.com/authors/1263045033p5/1696023.jpg]]>
</image_url>
<small_image_url nophoto='false'>
<![CDATA[https://images.gr-assets.com/authors/1263045033p2/1696023.jpg]]>
</small_image_url>
<link><![CDATA[https://www.goodreads.com/author/show/1696023.Edward_Tyas_Cook]]></link>
<average_rating>4.12</average_rating>
<ratings_count>34</ratings_count>
<text_reviews_count>2</text_reviews_count>
</author>
</authors>
  <published></published>
</book>


      <book>
  <id type="integer">29304690</id>
  <isbn>1347446826</isbn>
  <isbn13>9781347446829</isbn13>
  <text_reviews_count type="integer">0</text_reviews_count>
  <title>Catalogue of the Pictures in the Gallery of Alleyn's College of God's Gift at Dulwich with Biographical Notices of the Painters &amp;C, &amp;C.</title>
  <title_without_series>Catalogue of the Pictures in the Gallery of Alleyn's College of God's Gift at Dulwich with Biographical Notices of the Painters &amp;C, &amp;C.</title_without_series>
  <image_url>https://s.gr-assets.com/assets/nophoto/book/111x148-bcc042a9c91a29c1d680899eff700a03.png</image_url>
  <small_image_url>https://s.gr-assets.com/assets/nophoto/book/50x75-a91bf249278a81aabab721ef782c4a74.png</small_image_url>
  <large_image_url/>
  <link>https://www.goodreads.com/book/show/29304690-catalogue-of-the-pictures-in-the-gallery-of-alleyn-s-college-of-god-s-gi</link>
  <num_pages>412</num_pages>
  <format>Hardcover</format>
  <edition_information/>
  <publisher>Palala Press</publisher>
  <publication_day>5</publication_day>
  <publication_year>2015</publication_year>
  <publication_month>12</publication_month>
  <average_rating>0.0</average_rating>
  <ratings_count>0</ratings_count>
  <description>This work has been selected by scholars as being culturally important, and is part of the knowledge base of civilization as we know it. This work was reproduced from the original artifact, and remains as true to the original work as possible. Therefore, you will see the original copyright references, library stamps (as most of these works have been housed in our most important libraries around the world), and other notations in the work.This work is in the public domain in the United States of America, and possibly other nations. Within the United States, you may freely copy and distribute this work, as no entity (individual or corporate) has a copyright on the body of the work.As a reproduction of a historical artifact, this work may contain missing or blurred pages, poor pictures, errant marks, etc. Scholars believe, and we concur, that this work is important enough to be preserved, reproduced, and made generally available to the public. We appreciate your support of the preservation process, and thank you for being an important part of keeping this knowledge alive and relevant.</description>
<authors>
<author>
<id>1696023</id>
<name>Edward Tyas Cook</name>
<role></role>
<image_url nophoto='false'>
<![CDATA[https://images.gr-assets.com/authors/1263045033p5/1696023.jpg]]>
</image_url>
<small_image_url nophoto='false'>
<![CDATA[https://images.gr-assets.com/authors/1263045033p2/1696023.jpg]]>
</small_image_url>
<link><![CDATA[https://www.goodreads.com/author/show/1696023.Edward_Tyas_Cook]]></link>
<average_rating>4.12</average_rating>
<ratings_count>34</ratings_count>
<text_reviews_count>2</text_reviews_count>
</author>
</authors>
  <published>2015</published>
</book>


      <book>
  <id type="integer">30661478</id>
  <isbn>1355144795</isbn>
  <isbn13>9781355144793</isbn13>
  <text_reviews_count type="integer">0</text_reviews_count>
  <title>The Press in War-Time, with Some Account of the Official Press Bureau; An Essay</title>
  <title_without_series>The Press in War-Time, with Some Account of the Official Press Bureau; An Essay</title_without_series>
  <image_url>https://s.gr-assets.com/assets/nophoto/book/111x148-bcc042a9c91a29c1d680899eff700a03.png</image_url>
  <small_image_url>https://s.gr-assets.com/assets/nophoto/book/50x75-a91bf249278a81aabab721ef782c4a74.png</small_image_url>
  <large_image_url/>
  <link>https://www.goodreads.com/book/show/30661478-the-press-in-war-time-with-some-account-of-the-official-press-bureau-a</link>
  <num_pages>220</num_pages>
  <format>Hardcover</format>
  <edition_information/>
  <publisher>Palala Press</publisher>
  <publication_day>2</publication_day>
  <publication_year>2016</publication_year>
  <publication_month>5</publication_month>
  <average_rating>0.0</average_rating>
  <ratings_count>0</ratings_count>
  <description>This work has been selected by scholars as being culturally important, and is part of the knowledge base of civilization as we know it. This work was reproduced from the original artifact, and remains as true to the original work as possible. Therefore, you will see the original copyright references, library stamps (as most of these works have been housed in our most important libraries around the world), and other notations in the work.This work is in the public domain in the United States of America, and possibly other nations. Within the United States, you may freely copy and distribute this work, as no entity (individual or corporate) has a copyright on the body of the work.As a reproduction of a historical artifact, this work may contain missing or blurred pages, poor pictures, errant marks, etc. Scholars believe, and we concur, that this work is important enough to be preserved, reproduced, and made generally available to the public. We appreciate your support of the preservation process, and thank you for being an important part of keeping this knowledge alive and relevant.</description>
<authors>
<author>
<id>1696023</id>
<name>Edward Tyas Cook</name>
<role></role>
<image_url nophoto='false'>
<![CDATA[https://images.gr-assets.com/authors/1263045033p5/1696023.jpg]]>
</image_url>
<small_image_url nophoto='false'>
<![CDATA[https://images.gr-assets.com/authors/1263045033p2/1696023.jpg]]>
</small_image_url>
<link><![CDATA[https://www.goodreads.com/author/show/1696023.Edward_Tyas_Cook]]></link>
<average_rating>4.12</average_rating>
<ratings_count>34</ratings_count>
<text_reviews_count>2</text_reviews_count>
</author>
</authors>
  <published>2016</published>
</book>


    </books>
</author>

</GoodreadsResponse>