<?xml version="1.0" encoding="UTF-8"?>
<GoodreadsResponse>
  <Request>
    <authentication>true</authentication>
      <key><![CDATA[sySok63UyYyWi2Wof1HocA]]></key>
    <method><![CDATA[author_show]]></method>
  </Request>
  <author>
  <id>172180</id>
  <name>Wende Devlin</name>
  <link><![CDATA[https://www.goodreads.com/author/show/172180.Wende_Devlin]]></link>
  <fans_count type="integer">9</fans_count>
  <author_followers_count type="integer">9</author_followers_count>
  <large_image_url><![CDATA[https://images.gr-assets.com/authors/1450747028p7/172180.jpg]]></large_image_url>
  <image_url><![CDATA[https://images.gr-assets.com/authors/1450747028p5/172180.jpg]]></image_url>
  <small_image_url><![CDATA[https://images.gr-assets.com/authors/1450747028p2/172180.jpg]]></small_image_url>
  <about></about>
  <influences></influences>
  <works_count>23</works_count>
  <gender>female</gender>
  <hometown>Buffalo, New York</hometown>
  <born_at>1918/04/27</born_at>
  <died_at></died_at>
  <goodreads_author></goodreads_author>

    <books>
      <book>
  <id type="integer">585174</id>
  <isbn>0819304980</isbn>
  <isbn13>9780819304988</isbn13>
  <text_reviews_count type="integer">67</text_reviews_count>
  <title>Cranberry Thanksgiving</title>
  <title_without_series>Cranberry Thanksgiving</title_without_series>
  <image_url>https://images.gr-assets.com/books/1298776392m/585174.jpg</image_url>
  <small_image_url>https://images.gr-assets.com/books/1298776392s/585174.jpg</small_image_url>
  <large_image_url/>
  <link>https://www.goodreads.com/book/show/585174.Cranberry_Thanksgiving</link>
  <num_pages>36</num_pages>
  <format></format>
  <edition_information/>
  <publisher></publisher>
  <publication_day></publication_day>
  <publication_year></publication_year>
  <publication_month></publication_month>
  <average_rating>4.26</average_rating>
  <ratings_count>1192</ratings_count>
  <description>Today was Thanksgiving, Grandmother's favorite day of the year. The cooking was done and her famous cranberry bread was cooling on the wooden board. Every year Grandmother invited a guest for dinner and allowed Maggie to do the same. "Ask someone poor or lonely," she always said.&lt;br /&gt;&lt;br /&gt;She wasn't happy upon learning that Maggie had invited the unsavory Mr. Whiskers to dinner. Would her secret cranberry bread recipe be safe with him in the house?&lt;br /&gt;&lt;br /&gt;After a long absence this delightful 1971 classic is back and so is the secret recipe for Grandmother's Famous Cranberry Bread!</description>
<authors>
<author>
<id>172180</id>
<name>Wende Devlin</name>
<role></role>
<image_url nophoto='false'>
<![CDATA[https://images.gr-assets.com/authors/1450747028p5/172180.jpg]]>
</image_url>
<small_image_url nophoto='false'>
<![CDATA[https://images.gr-assets.com/authors/1450747028p2/172180.jpg]]>
</small_image_url>
<link><![CDATA[https://www.goodreads.com/author/show/172180.Wende_Devlin]]></link>
<average_rating>4.24</average_rating>
<ratings_count>2678</ratings_count>
<text_reviews_count>271</text_reviews_count>
</author>
</authors>
  <published></published>
</book>


      <book>
  <id type="integer">298498</id>
  <isbn>1892657007</isbn>
  <isbn13>9781892657008</isbn13>
  <text_reviews_count type="integer">37</text_reviews_count>
  <title>How Fletcher Was Hatched</title>
  <title_without_series>How Fletcher Was Hatched</title_without_series>
  <image_url>https://s.gr-assets.com/assets/nophoto/book/111x148-bcc042a9c91a29c1d680899eff700a03.png</image_url>
  <small_image_url>https://s.gr-assets.com/assets/nophoto/book/50x75-a91bf249278a81aabab721ef782c4a74.png</small_image_url>
  <large_image_url/>
  <link>https://www.goodreads.com/book/show/298498.How_Fletcher_Was_Hatched</link>
  <num_pages></num_pages>
  <format></format>
  <edition_information/>
  <publisher></publisher>
  <publication_day></publication_day>
  <publication_year></publication_year>
  <publication_month></publication_month>
  <average_rating>4.23</average_rating>
  <ratings_count>361</ratings_count>
  <description></description>
<authors>
<author>
<id>172180</id>
<name>Wende Devlin</name>
<role></role>
<image_url nophoto='false'>
<![CDATA[https://images.gr-assets.com/authors/1450747028p5/172180.jpg]]>
</image_url>
<small_image_url nophoto='false'>
<![CDATA[https://images.gr-assets.com/authors/1450747028p2/172180.jpg]]>
</small_image_url>
<link><![CDATA[https://www.goodreads.com/author/show/172180.Wende_Devlin]]></link>
<average_rating>4.24</average_rating>
<ratings_count>2678</ratings_count>
<text_reviews_count>271</text_reviews_count>
</author>
</authors>
  <published></published>
</book>


      <book>
  <id type="integer">1358157</id>
  <isbn>0689716362</isbn>
  <isbn13>9780689716362</isbn13>
  <text_reviews_count type="integer">37</text_reviews_count>
  <title>Old Black Witch!</title>
  <title_without_series>Old Black Witch!</title_without_series>
  <image_url>https://s.gr-assets.com/assets/nophoto/book/111x148-bcc042a9c91a29c1d680899eff700a03.png</image_url>
  <small_image_url>https://s.gr-assets.com/assets/nophoto/book/50x75-a91bf249278a81aabab721ef782c4a74.png</small_image_url>
  <large_image_url/>
  <link>https://www.goodreads.com/book/show/1358157.Old_Black_Witch_</link>
  <num_pages>32</num_pages>
  <format>Paperback</format>
  <edition_information/>
  <publisher>Aladdin Paperbacks</publisher>
  <publication_day>1</publication_day>
  <publication_year>1992</publication_year>
  <publication_month>9</publication_month>
  <average_rating>4.51</average_rating>
  <ratings_count>248</ratings_count>
  <description>Nicky and his mom buy an old New England house to turn into a tearoom, never suspecting that it's already occupied by Old Black Witch--who's not about to share it with them. How Nicky and his mom reconcile their differences with Old Black Witch makes for spooky and delicious fun. Full-color illustrations.</description>
<authors>
<author>
<id>172180</id>
<name>Wende Devlin</name>
<role></role>
<image_url nophoto='false'>
<![CDATA[https://images.gr-assets.com/authors/1450747028p5/172180.jpg]]>
</image_url>
<small_image_url nophoto='false'>
<![CDATA[https://images.gr-assets.com/authors/1450747028p2/172180.jpg]]>
</small_image_url>
<link><![CDATA[https://www.goodreads.com/author/show/172180.Wende_Devlin]]></link>
<average_rating>4.24</average_rating>
<ratings_count>2678</ratings_count>
<text_reviews_count>271</text_reviews_count>
</author>
</authors>
  <published>1992</published>
</book>


      <book>
  <id type="integer">516369</id>
  <isbn>0689715102</isbn>
  <isbn13>9780689715105</isbn13>
  <text_reviews_count type="integer">14</text_reviews_count>
  <title>Cranberry Christmas</title>
  <title_without_series>Cranberry Christmas</title_without_series>
  <image_url>https://s.gr-assets.com/assets/nophoto/book/111x148-bcc042a9c91a29c1d680899eff700a03.png</image_url>
  <small_image_url>https://s.gr-assets.com/assets/nophoto/book/50x75-a91bf249278a81aabab721ef782c4a74.png</small_image_url>
  <large_image_url/>
  <link>https://www.goodreads.com/book/show/516369.Cranberry_Christmas</link>
  <num_pages>40</num_pages>
  <format>Paperback</format>
  <edition_information/>
  <publisher>Aladdin Paperbacks</publisher>
  <publication_day>30</publication_day>
  <publication_year>1991</publication_year>
  <publication_month>9</publication_month>
  <average_rating>4.32</average_rating>
  <ratings_count>230</ratings_count>
  <description></description>
<authors>
<author>
<id>172180</id>
<name>Wende Devlin</name>
<role></role>
<image_url nophoto='false'>
<![CDATA[https://images.gr-assets.com/authors/1450747028p5/172180.jpg]]>
</image_url>
<small_image_url nophoto='false'>
<![CDATA[https://images.gr-assets.com/authors/1450747028p2/172180.jpg]]>
</small_image_url>
<link><![CDATA[https://www.goodreads.com/author/show/172180.Wende_Devlin]]></link>
<average_rating>4.24</average_rating>
<ratings_count>2678</ratings_count>
<text_reviews_count>271</text_reviews_count>
</author>
</authors>
  <published>1991</published>
</book>


      <book>
  <id type="integer">523561</id>
  <isbn>0689715099</isbn>
  <isbn13>9780689715099</isbn13>
  <text_reviews_count type="integer">17</text_reviews_count>
  <title>Cranberry Valentine</title>
  <title_without_series>Cranberry Valentine</title_without_series>
  <image_url>https://s.gr-assets.com/assets/nophoto/book/111x148-bcc042a9c91a29c1d680899eff700a03.png</image_url>
  <small_image_url>https://s.gr-assets.com/assets/nophoto/book/50x75-a91bf249278a81aabab721ef782c4a74.png</small_image_url>
  <large_image_url/>
  <link>https://www.goodreads.com/book/show/523561.Cranberry_Valentine</link>
  <num_pages>36</num_pages>
  <format>Paperback</format>
  <edition_information/>
  <publisher>Aladdin Paperbacks</publisher>
  <publication_day>30</publication_day>
  <publication_year>1992</publication_year>
  <publication_month>1</publication_month>
  <average_rating>3.98</average_rating>
  <ratings_count>124</ratings_count>
  <description>Does Mr. Whiskers have a secret admirer? For the first time in his life, Mr. Whiskers receives a valentine. And not just one, but several! Mr. Whiskers is beside himself...does he really have a secret admirer?&lt;br /&gt;&lt;br /&gt;How will Mr. Whiskers respond to this valentine gesture?</description>
<authors>
<author>
<id>172180</id>
<name>Wende Devlin</name>
<role></role>
<image_url nophoto='false'>
<![CDATA[https://images.gr-assets.com/authors/1450747028p5/172180.jpg]]>
</image_url>
<small_image_url nophoto='false'>
<![CDATA[https://images.gr-assets.com/authors/1450747028p2/172180.jpg]]>
</small_image_url>
<link><![CDATA[https://www.goodreads.com/author/show/172180.Wende_Devlin]]></link>
<average_rating>4.24</average_rating>
<ratings_count>2678</ratings_count>
<text_reviews_count>271</text_reviews_count>
</author>
</authors>
  <published>1992</published>
</book>


      <book>
  <id type="integer">2422649</id>
  <isbn>0689714289</isbn>
  <isbn13>9780689714283</isbn13>
  <text_reviews_count type="integer">8</text_reviews_count>
  <title>Cranberry Halloween</title>
  <title_without_series>Cranberry Halloween</title_without_series>
  <image_url>https://s.gr-assets.com/assets/nophoto/book/111x148-bcc042a9c91a29c1d680899eff700a03.png</image_url>
  <small_image_url>https://s.gr-assets.com/assets/nophoto/book/50x75-a91bf249278a81aabab721ef782c4a74.png</small_image_url>
  <large_image_url/>
  <link>https://www.goodreads.com/book/show/2422649.Cranberry_Halloween</link>
  <num_pages>38</num_pages>
  <format>Hardcover</format>
  <edition_information/>
  <publisher>Aladdin Paperbacks</publisher>
  <publication_day>30</publication_day>
  <publication_year>1990</publication_year>
  <publication_month>9</publication_month>
  <average_rating>4.02</average_rating>
  <ratings_count>113</ratings_count>
  <description>On Halloween night the people of Cranberryport almost lose the money they have raised to build a new dock.&lt;br /&gt;&lt;br /&gt;"I don't believe in ghosts, " Mr. Whiskers said.</description>
<authors>
<author>
<id>172180</id>
<name>Wende Devlin</name>
<role></role>
<image_url nophoto='false'>
<![CDATA[https://images.gr-assets.com/authors/1450747028p5/172180.jpg]]>
</image_url>
<small_image_url nophoto='false'>
<![CDATA[https://images.gr-assets.com/authors/1450747028p2/172180.jpg]]>
</small_image_url>
<link><![CDATA[https://www.goodreads.com/author/show/172180.Wende_Devlin]]></link>
<average_rating>4.24</average_rating>
<ratings_count>2678</ratings_count>
<text_reviews_count>271</text_reviews_count>
</author>
</authors>
  <published>1990</published>
</book>


      <book>
  <id type="integer">1277815</id>
  <isbn>0819304182</isbn>
  <isbn13>9780819304186</isbn13>
  <text_reviews_count type="integer">15</text_reviews_count>
  <title>Old Witch and the Polka-Dot Ribbon</title>
  <title_without_series>Old Witch and the Polka-Dot Ribbon</title_without_series>
  <image_url>https://images.gr-assets.com/books/1293685655m/1277815.jpg</image_url>
  <small_image_url>https://images.gr-assets.com/books/1293685655s/1277815.jpg</small_image_url>
  <large_image_url/>
  <link>https://www.goodreads.com/book/show/1277815.Old_Witch_and_the_Polka_Dot_Ribbon</link>
  <num_pages>32</num_pages>
  <format>Hardcover</format>
  <edition_information/>
  <publisher>Parents Magazine Press</publisher>
  <publication_day>1</publication_day>
  <publication_year>1970</publication_year>
  <publication_month>1</publication_month>
  <average_rating>4.44</average_rating>
  <ratings_count>72</ratings_count>
  <description>When the kitchen is finally empty, Old Witch makes her own magic nut cake to enter in the carnival's cake baking contest. First published in 1970, this second book in the Old Witch series is back for a new generation of readers to discover!</description>
<authors>
<author>
<id>172180</id>
<name>Wende Devlin</name>
<role></role>
<image_url nophoto='false'>
<![CDATA[https://images.gr-assets.com/authors/1450747028p5/172180.jpg]]>
</image_url>
<small_image_url nophoto='false'>
<![CDATA[https://images.gr-assets.com/authors/1450747028p2/172180.jpg]]>
</small_image_url>
<link><![CDATA[https://www.goodreads.com/author/show/172180.Wende_Devlin]]></link>
<average_rating>4.24</average_rating>
<ratings_count>2678</ratings_count>
<text_reviews_count>271</text_reviews_count>
</author>
</authors>
  <published>1970</published>
</book>


      <book>
  <id type="integer">585171</id>
  <isbn>0027299368</isbn>
  <isbn13>9780027299366</isbn13>
  <text_reviews_count type="integer">7</text_reviews_count>
  <title>Cranberry Autumn</title>
  <title_without_series>Cranberry Autumn</title_without_series>
  <image_url>https://s.gr-assets.com/assets/nophoto/book/111x148-bcc042a9c91a29c1d680899eff700a03.png</image_url>
  <small_image_url>https://s.gr-assets.com/assets/nophoto/book/50x75-a91bf249278a81aabab721ef782c4a74.png</small_image_url>
  <large_image_url/>
  <link>https://www.goodreads.com/book/show/585171.Cranberry_Autumn</link>
  <num_pages></num_pages>
  <format>Hardcover</format>
  <edition_information/>
  <publisher>Four Winds</publisher>
  <publication_day>1</publication_day>
  <publication_year>1993</publication_year>
  <publication_month>9</publication_month>
  <average_rating>3.82</average_rating>
  <ratings_count>61</ratings_count>
  <description>Celebrate the changing seasons and the special holidays throughout the year with the citizens of Cranberryport. Full color.</description>
<authors>
<author>
<id>172180</id>
<name>Wende Devlin</name>
<role></role>
<image_url nophoto='false'>
<![CDATA[https://images.gr-assets.com/authors/1450747028p5/172180.jpg]]>
</image_url>
<small_image_url nophoto='false'>
<![CDATA[https://images.gr-assets.com/authors/1450747028p2/172180.jpg]]>
</small_image_url>
<link><![CDATA[https://www.goodreads.com/author/show/172180.Wende_Devlin]]></link>
<average_rating>4.24</average_rating>
<ratings_count>2678</ratings_count>
<text_reviews_count>271</text_reviews_count>
</author>
</authors>
  <published>1993</published>
</book>


      <book>
  <id type="integer">585175</id>
  <isbn>0785701036</isbn>
  <isbn13>9780785701033</isbn13>
  <text_reviews_count type="integer">5</text_reviews_count>
  <title>Cranberry Easter</title>
  <title_without_series>Cranberry Easter</title_without_series>
  <image_url>https://s.gr-assets.com/assets/nophoto/book/111x148-bcc042a9c91a29c1d680899eff700a03.png</image_url>
  <small_image_url>https://s.gr-assets.com/assets/nophoto/book/50x75-a91bf249278a81aabab721ef782c4a74.png</small_image_url>
  <large_image_url/>
  <link>https://www.goodreads.com/book/show/585175.Cranberry_Easter</link>
  <num_pages>40</num_pages>
  <format>Hardcover</format>
  <edition_information/>
  <publisher>Turtleback Books</publisher>
  <publication_day>1</publication_day>
  <publication_year>1993</publication_year>
  <publication_month>2</publication_month>
  <average_rating>3.90</average_rating>
  <ratings_count>63</ratings_count>
  <description>"No Easter egg hunt his year, " Seth announces.. "I'm going to sell the General Store and head South."Mr. Whiskers can't believe his ears. He knows Seth's been feeling lonely recently, but no Easter egg hunt...suffering codfish! And besides, without Seth around, who will he beat at checkers on Saturday nights?&lt;br /&gt;&lt;br /&gt;Mr. Whiskers realizes something must be done, but what? Just when things look their worst, his young friend Maggie come up with a plan that may save the egg hunt, and convince Seth that Cranberryport is the place for him afterall!</description>
<authors>
<author>
<id>172180</id>
<name>Wende Devlin</name>
<role></role>
<image_url nophoto='false'>
<![CDATA[https://images.gr-assets.com/authors/1450747028p5/172180.jpg]]>
</image_url>
<small_image_url nophoto='false'>
<![CDATA[https://images.gr-assets.com/authors/1450747028p2/172180.jpg]]>
</small_image_url>
<link><![CDATA[https://www.goodreads.com/author/show/172180.Wende_Devlin]]></link>
<average_rating>4.24</average_rating>
<ratings_count>2678</ratings_count>
<text_reviews_count>271</text_reviews_count>
</author>
</authors>
  <published>1993</published>
</book>


      <book>
  <id type="integer">1265424</id>
  <isbn>0027291812</isbn>
  <isbn13>9780027291810</isbn13>
  <text_reviews_count type="integer">9</text_reviews_count>
  <title>Cranberry Summer</title>
  <title_without_series>Cranberry Summer</title_without_series>
  <image_url>https://s.gr-assets.com/assets/nophoto/book/111x148-bcc042a9c91a29c1d680899eff700a03.png</image_url>
  <small_image_url>https://s.gr-assets.com/assets/nophoto/book/50x75-a91bf249278a81aabab721ef782c4a74.png</small_image_url>
  <large_image_url/>
  <link>https://www.goodreads.com/book/show/1265424.Cranberry_Summer</link>
  <num_pages></num_pages>
  <format>Hardcover</format>
  <edition_information/>
  <publisher>Four Winds</publisher>
  <publication_day>1</publication_day>
  <publication_year>1992</publication_year>
  <publication_month>4</publication_month>
  <average_rating>3.86</average_rating>
  <ratings_count>43</ratings_count>
  <description>When the circus moves on from Cranberryport and leaves a donkey behind, Maggie and Mr. Whiskers try to find the money to feed her.</description>
<authors>
<author>
<id>172180</id>
<name>Wende Devlin</name>
<role></role>
<image_url nophoto='false'>
<![CDATA[https://images.gr-assets.com/authors/1450747028p5/172180.jpg]]>
</image_url>
<small_image_url nophoto='false'>
<![CDATA[https://images.gr-assets.com/authors/1450747028p2/172180.jpg]]>
</small_image_url>
<link><![CDATA[https://www.goodreads.com/author/show/172180.Wende_Devlin]]></link>
<average_rating>4.24</average_rating>
<ratings_count>2678</ratings_count>
<text_reviews_count>271</text_reviews_count>
</author>
</authors>
  <published>1992</published>
</book>


    </books>
</author>

</GoodreadsResponse>