<?xml version="1.0" encoding="UTF-8"?>
<GoodreadsResponse>
  <Request>
    <authentication>true</authentication>
      <key><![CDATA[sySok63UyYyWi2Wof1HocA]]></key>
    <method><![CDATA[author_show]]></method>
  </Request>
  <author>
  <id>1737233</id>
  <name>Gwen Davenport</name>
  <link><![CDATA[https://www.goodreads.com/author/show/1737233.Gwen_Davenport]]></link>
  <fans_count type="integer">2</fans_count>
  <author_followers_count type="integer">2</author_followers_count>
  <large_image_url><![CDATA[https://s.gr-assets.com/assets/nophoto/user/f_333x500-c8899232290ea51bb160dea14c29470b.png]]></large_image_url>
  <image_url><![CDATA[https://s.gr-assets.com/assets/nophoto/user/f_200x266-3061b784cc8e7f021c6430c9aba94587.png]]></image_url>
  <small_image_url><![CDATA[https://s.gr-assets.com/assets/nophoto/user/f_50x66-6a03a5c12233c941481992b82eea8d23.png]]></small_image_url>
  <about></about>
  <influences></influences>
  <works_count>3</works_count>
  <gender>female</gender>
  <hometown></hometown>
  <born_at>1909/10/03</born_at>
  <died_at>2002/03/23</died_at>
  <goodreads_author></goodreads_author>

    <books>
      <book>
  <id type="integer">7712181</id>
  <isbn nil="true"/>
  <isbn13 nil="true"/>
  <text_reviews_count type="integer">2</text_reviews_count>
  <title>Belvedere</title>
  <title_without_series>Belvedere</title_without_series>
  <image_url>https://images.gr-assets.com/books/1305812991m/7712181.jpg</image_url>
  <small_image_url>https://images.gr-assets.com/books/1305812991s/7712181.jpg</small_image_url>
  <large_image_url/>
  <link>https://www.goodreads.com/book/show/7712181-belvedere</link>
  <num_pages></num_pages>
  <format>Paperback</format>
  <edition_information/>
  <publisher>Bantam</publisher>
  <publication_day/>
  <publication_year>1947</publication_year>
  <publication_month/>
  <average_rating>3.80</average_rating>
  <ratings_count>5</ratings_count>
  <description></description>
<authors>
<author>
<id>1737233</id>
<name>Gwen Davenport</name>
<role></role>
<image_url nophoto='true'>
<![CDATA[https://s.gr-assets.com/assets/nophoto/user/f_200x266-3061b784cc8e7f021c6430c9aba94587.png]]>
</image_url>
<small_image_url nophoto='true'>
<![CDATA[https://s.gr-assets.com/assets/nophoto/user/f_50x66-6a03a5c12233c941481992b82eea8d23.png]]>
</small_image_url>
<link><![CDATA[https://www.goodreads.com/author/show/1737233.Gwen_Davenport]]></link>
<average_rating>3.80</average_rating>
<ratings_count>10</ratings_count>
<text_reviews_count>2</text_reviews_count>
</author>
</authors>
  <published>1947</published>
</book>


      <book>
  <id type="integer">4081143</id>
  <isbn>1556113730</isbn>
  <isbn13>9781556113734</isbn13>
  <text_reviews_count type="integer">0</text_reviews_count>
  <title>Time And Chance: A Victorian Family Saga</title>
  <title_without_series>Time And Chance: A Victorian Family Saga</title_without_series>
  <image_url>https://s.gr-assets.com/assets/nophoto/book/111x148-bcc042a9c91a29c1d680899eff700a03.png</image_url>
  <small_image_url>https://s.gr-assets.com/assets/nophoto/book/50x75-a91bf249278a81aabab721ef782c4a74.png</small_image_url>
  <large_image_url/>
  <link>https://www.goodreads.com/book/show/4081143-time-and-chance</link>
  <num_pages>336</num_pages>
  <format>Hardcover</format>
  <edition_information/>
  <publisher>Dutton Books</publisher>
  <publication_day>21</publication_day>
  <publication_year>1993</publication_year>
  <publication_month>9</publication_month>
  <average_rating>3.67</average_rating>
  <ratings_count>3</ratings_count>
  <description>The ascension of the young Queen Victoria to the throne and the birth of twins at Wrox Hall are the two signal events that begin this richly tapestried novel of the Victorian age written with the sweep of a Thackeray, the observant eye of a Trollope, and the warmth of Rosamund Pilcher.</description>
<authors>
<author>
<id>1737233</id>
<name>Gwen Davenport</name>
<role></role>
<image_url nophoto='true'>
<![CDATA[https://s.gr-assets.com/assets/nophoto/user/f_200x266-3061b784cc8e7f021c6430c9aba94587.png]]>
</image_url>
<small_image_url nophoto='true'>
<![CDATA[https://s.gr-assets.com/assets/nophoto/user/f_50x66-6a03a5c12233c941481992b82eea8d23.png]]>
</small_image_url>
<link><![CDATA[https://www.goodreads.com/author/show/1737233.Gwen_Davenport]]></link>
<average_rating>3.80</average_rating>
<ratings_count>10</ratings_count>
<text_reviews_count>2</text_reviews_count>
</author>
</authors>
  <published>1993</published>
</book>


      <book>
  <id type="integer">30199939</id>
  <isbn nil="true"/>
  <isbn13 nil="true"/>
  <text_reviews_count type="integer">0</text_reviews_count>
  <title>The Wax Foundation</title>
  <title_without_series>The Wax Foundation</title_without_series>
  <image_url>https://s.gr-assets.com/assets/nophoto/book/111x148-bcc042a9c91a29c1d680899eff700a03.png</image_url>
  <small_image_url>https://s.gr-assets.com/assets/nophoto/book/50x75-a91bf249278a81aabab721ef782c4a74.png</small_image_url>
  <large_image_url/>
  <link>https://www.goodreads.com/book/show/30199939-the-wax-foundation</link>
  <num_pages>383</num_pages>
  <format>Hardcover</format>
  <edition_information/>
  <publisher>Doubleday &amp; Company Inc</publisher>
  <publication_day/>
  <publication_year>1961</publication_year>
  <publication_month/>
  <average_rating>4.00</average_rating>
  <ratings_count>2</ratings_count>
  <description></description>
<authors>
<author>
<id>1737233</id>
<name>Gwen Davenport</name>
<role></role>
<image_url nophoto='true'>
<![CDATA[https://s.gr-assets.com/assets/nophoto/user/f_200x266-3061b784cc8e7f021c6430c9aba94587.png]]>
</image_url>
<small_image_url nophoto='true'>
<![CDATA[https://s.gr-assets.com/assets/nophoto/user/f_50x66-6a03a5c12233c941481992b82eea8d23.png]]>
</small_image_url>
<link><![CDATA[https://www.goodreads.com/author/show/1737233.Gwen_Davenport]]></link>
<average_rating>3.80</average_rating>
<ratings_count>10</ratings_count>
<text_reviews_count>2</text_reviews_count>
</author>
</authors>
  <published>1961</published>
</book>


    </books>
</author>

</GoodreadsResponse>