<?xml version="1.0" encoding="UTF-8"?>
<GoodreadsResponse>
  <Request>
    <authentication>true</authentication>
      <key><![CDATA[sySok63UyYyWi2Wof1HocA]]></key>
    <method><![CDATA[author_show]]></method>
  </Request>
  <author>
  <id>1761477</id>
  <name>Frederic J. O&apos;Hara</name>
  <link><![CDATA[https://www.goodreads.com/author/show/1761477.Frederic_J_O_Hara]]></link>
  <fans_count type="integer">0</fans_count>
  <author_followers_count type="integer">0</author_followers_count>
  <large_image_url><![CDATA[https://s.gr-assets.com/assets/nophoto/user/m_333x500-a9c67bed07ee7e10983a5d5ccc572516.png]]></large_image_url>
  <image_url><![CDATA[https://s.gr-assets.com/assets/nophoto/user/m_200x266-d279b33f8eec0f27b7272477f09806be.png]]></image_url>
  <small_image_url><![CDATA[https://s.gr-assets.com/assets/nophoto/user/m_50x66-82093808bca726cb3249a493fbd3bd0f.png]]></small_image_url>
  <about></about>
  <influences></influences>
  <works_count>3</works_count>
  <gender>male</gender>
  <hometown></hometown>
  <born_at></born_at>
  <died_at></died_at>
  <goodreads_author></goodreads_author>

    <books>
      <book>
  <id type="integer">4160422</id>
  <isbn>0876500726</isbn>
  <isbn13>9780876500729</isbn13>
  <text_reviews_count type="integer">0</text_reviews_count>
  <title>A Guide To Publications Of The Executive Branch</title>
  <title_without_series>A Guide To Publications Of The Executive Branch</title_without_series>
  <image_url>https://s.gr-assets.com/assets/nophoto/book/111x148-bcc042a9c91a29c1d680899eff700a03.png</image_url>
  <small_image_url>https://s.gr-assets.com/assets/nophoto/book/50x75-a91bf249278a81aabab721ef782c4a74.png</small_image_url>
  <large_image_url/>
  <link>https://www.goodreads.com/book/show/4160422-a-guide-to-publications-of-the-executive-branch</link>
  <num_pages></num_pages>
  <format></format>
  <edition_information/>
  <publisher></publisher>
  <publication_day></publication_day>
  <publication_year></publication_year>
  <publication_month></publication_month>
  <average_rating>0.0</average_rating>
  <ratings_count>0</ratings_count>
  <description></description>
<authors>
<author>
<id>1761477</id>
<name>Frederic J. O&apos;Hara</name>
<role></role>
<image_url nophoto='true'>
<![CDATA[https://s.gr-assets.com/assets/nophoto/user/m_200x266-d279b33f8eec0f27b7272477f09806be.png]]>
</image_url>
<small_image_url nophoto='true'>
<![CDATA[https://s.gr-assets.com/assets/nophoto/user/m_50x66-82093808bca726cb3249a493fbd3bd0f.png]]>
</small_image_url>
<link><![CDATA[https://www.goodreads.com/author/show/1761477.Frederic_J_O_Hara]]></link>
<average_rating>0.0</average_rating>
<ratings_count>0</ratings_count>
<text_reviews_count>0</text_reviews_count>
</author>
</authors>
  <published></published>
</book>


      <book>
  <id type="integer">4160423</id>
  <isbn>0313272670</isbn>
  <isbn13>9780313272677</isbn13>
  <text_reviews_count type="integer">0</text_reviews_count>
  <title>Informing the Nation: A Handbook of Government Information for Librarians</title>
  <title_without_series>Informing the Nation: A Handbook of Government Information for Librarians</title_without_series>
  <image_url>https://s.gr-assets.com/assets/nophoto/book/111x148-bcc042a9c91a29c1d680899eff700a03.png</image_url>
  <small_image_url>https://s.gr-assets.com/assets/nophoto/book/50x75-a91bf249278a81aabab721ef782c4a74.png</small_image_url>
  <large_image_url/>
  <link>https://www.goodreads.com/book/show/4160423-informing-the-nation</link>
  <num_pages>584</num_pages>
  <format>Hardcover</format>
  <edition_information/>
  <publisher>Greenwood Press</publisher>
  <publication_day>20</publication_day>
  <publication_year>1990</publication_year>
  <publication_month>11</publication_month>
  <average_rating>0.0</average_rating>
  <ratings_count>0</ratings_count>
  <description>Federal information is used by all sectors of society, from the business and financial communities, to the agricultural industry, to scientists and engineers. It spans a broad spectrum of issues relevant to our lives, including public health, environmental problems, and demographic and employment trends. This handbook is designed to facilitate access to that wealth of material, providing the reader with a core collection of manuals, guides, and introductions to strategic federal and United Nations agencies that disseminate government information. It offers valuable insights into the document programs of the Library of Congress, the National Archives, the Depository Library Program, the National Technical Information Service, and the United Nations.&lt;br /&gt;&lt;br /&gt;The work is divided into six main parts, covering depository libraries, Congress, the national libraries and information programs, the Bill of Rights, and the United Nations. Complete or partial documents within these sections include the Guide to the Superintendent of Documents Classification Scheme, the Federal Depository Library Manual, the Guide to the National Archives for Researchers, and the Guide to the United Nations Documentation, as well as guides to the Library of Congress, the National Agriculture Library, and the National Library of Medicine. Each document has an editor's introduction and is followed by an annotated bibliography and descriptions of relevant organizations and their publications. In addition, four suggested core collections are provided, listing basic federal documents for public, college, and law libraries, and National Technical Information Service titles for academic libraries. An epilogue discusses electronic dissemination of federal information. This book will be a useful resource for courses in government documents and collection development, as well as for professional librarians and researchers who use depository libraries and federal documents. Public, college, and academic libraries will also find the book to be a valuable addition to their reference collections.</description>
<authors>
<author>
<id>1761477</id>
<name>Frederic J. O&apos;Hara</name>
<role>Editor</role>
<image_url nophoto='true'>
<![CDATA[https://s.gr-assets.com/assets/nophoto/user/m_200x266-d279b33f8eec0f27b7272477f09806be.png]]>
</image_url>
<small_image_url nophoto='true'>
<![CDATA[https://s.gr-assets.com/assets/nophoto/user/m_50x66-82093808bca726cb3249a493fbd3bd0f.png]]>
</small_image_url>
<link><![CDATA[https://www.goodreads.com/author/show/1761477.Frederic_J_O_Hara]]></link>
<average_rating>0.0</average_rating>
<ratings_count>0</ratings_count>
<text_reviews_count>0</text_reviews_count>
</author>
</authors>
  <published>1990</published>
</book>


      <book>
  <id type="integer">3541329</id>
  <isbn>0910972249</isbn>
  <isbn13>9780910972246</isbn13>
  <text_reviews_count type="integer">0</text_reviews_count>
  <title>Reader in Government Documents</title>
  <title_without_series>Reader in Government Documents</title_without_series>
  <image_url>https://s.gr-assets.com/assets/nophoto/book/111x148-bcc042a9c91a29c1d680899eff700a03.png</image_url>
  <small_image_url>https://s.gr-assets.com/assets/nophoto/book/50x75-a91bf249278a81aabab721ef782c4a74.png</small_image_url>
  <large_image_url/>
  <link>https://www.goodreads.com/book/show/3541329-reader-in-government-documents</link>
  <num_pages>420</num_pages>
  <format>Hardcover</format>
  <edition_information/>
  <publisher>NCR Microcard Editions</publisher>
  <publication_day>1</publication_day>
  <publication_year>1973</publication_year>
  <publication_month>1</publication_month>
  <average_rating>0.0</average_rating>
  <ratings_count>0</ratings_count>
  <description></description>
<authors>
<author>
<id>1761477</id>
<name>Frederic J. O&apos;Hara</name>
<role></role>
<image_url nophoto='true'>
<![CDATA[https://s.gr-assets.com/assets/nophoto/user/m_200x266-d279b33f8eec0f27b7272477f09806be.png]]>
</image_url>
<small_image_url nophoto='true'>
<![CDATA[https://s.gr-assets.com/assets/nophoto/user/m_50x66-82093808bca726cb3249a493fbd3bd0f.png]]>
</small_image_url>
<link><![CDATA[https://www.goodreads.com/author/show/1761477.Frederic_J_O_Hara]]></link>
<average_rating>0.0</average_rating>
<ratings_count>0</ratings_count>
<text_reviews_count>0</text_reviews_count>
</author>
</authors>
  <published>1973</published>
</book>


    </books>
</author>

</GoodreadsResponse>