<?xml version="1.0" encoding="UTF-8"?>
<GoodreadsResponse>
  <Request>
    <authentication>true</authentication>
      <key><![CDATA[sySok63UyYyWi2Wof1HocA]]></key>
    <method><![CDATA[author_show]]></method>
  </Request>
  <author>
  <id>1840395</id>
  <name>John D. Hawkes</name>
  <link><![CDATA[https://www.goodreads.com/author/show/1840395.John_D_Hawkes]]></link>
  <fans_count type="integer">0</fans_count>
  <author_followers_count type="integer">0</author_followers_count>
  <large_image_url><![CDATA[https://s.gr-assets.com/assets/nophoto/user/m_333x500-a9c67bed07ee7e10983a5d5ccc572516.png]]></large_image_url>
  <image_url><![CDATA[https://s.gr-assets.com/assets/nophoto/user/m_200x266-d279b33f8eec0f27b7272477f09806be.png]]></image_url>
  <small_image_url><![CDATA[https://s.gr-assets.com/assets/nophoto/user/m_50x66-82093808bca726cb3249a493fbd3bd0f.png]]></small_image_url>
  <about></about>
  <influences></influences>
  <works_count>9</works_count>
  <gender>male</gender>
  <hometown></hometown>
  <born_at></born_at>
  <died_at></died_at>
  <goodreads_author></goodreads_author>

    <books>
      <book>
  <id type="integer">15708292</id>
  <isbn nil="true"/>
  <isbn13 nil="true"/>
  <text_reviews_count type="integer">0</text_reviews_count>
  <title>Book of Mormon Digest</title>
  <title_without_series>Book of Mormon Digest</title_without_series>
  <image_url>https://s.gr-assets.com/assets/nophoto/book/111x148-bcc042a9c91a29c1d680899eff700a03.png</image_url>
  <small_image_url>https://s.gr-assets.com/assets/nophoto/book/50x75-a91bf249278a81aabab721ef782c4a74.png</small_image_url>
  <large_image_url/>
  <link>https://www.goodreads.com/book/show/15708292-book-of-mormon-digest</link>
  <num_pages>242</num_pages>
  <format>Paperback</format>
  <edition_information/>
  <publisher>Hawkes Publications</publisher>
  <publication_day/>
  <publication_year>1966</publication_year>
  <publication_month/>
  <average_rating>5.00</average_rating>
  <ratings_count>2</ratings_count>
  <description>Would you like to be able to read the Book of Mormon story through in four hours? Now you can do just that, while reading at the average rate of 250 words per minute. The Digest section I sonly 109 pages.&lt;br /&gt;&lt;br /&gt;This Digest was prepared for those going through the Book of Mormon for the first time or for those that would like a quick review.&lt;br /&gt;&lt;br /&gt;The whole approach and design of the Digest makes it most inviting for teachers and students. There are over 1700 study questions with answers numbered throughout the text.&lt;br /&gt;&lt;br /&gt;This third major revision has over 30 new charts, maps and diagrams created to simplify and clarify the complexities of the Book of Mormon. With this Digest you will capture the whole Book of Mormon picture in a concise grouping of thoughts. A fresh new memory system is introduced to aid further in learning the key thoughts of the Book of Mormon.</description>
<authors>
<author>
<id>1840395</id>
<name>John D. Hawkes</name>
<role></role>
<image_url nophoto='true'>
<![CDATA[https://s.gr-assets.com/assets/nophoto/user/m_200x266-d279b33f8eec0f27b7272477f09806be.png]]>
</image_url>
<small_image_url nophoto='true'>
<![CDATA[https://s.gr-assets.com/assets/nophoto/user/m_50x66-82093808bca726cb3249a493fbd3bd0f.png]]>
</small_image_url>
<link><![CDATA[https://www.goodreads.com/author/show/1840395.John_D_Hawkes]]></link>
<average_rating>4.33</average_rating>
<ratings_count>3</ratings_count>
<text_reviews_count>0</text_reviews_count>
</author>
</authors>
  <published>1966</published>
</book>


      <book>
  <id type="integer">4397911</id>
  <isbn>0890360111</isbn>
  <isbn13>9780890360118</isbn13>
  <text_reviews_count type="integer">0</text_reviews_count>
  <title>Keys to Successful Dating: Dating Dynamics</title>
  <title_without_series>Keys to Successful Dating: Dating Dynamics</title_without_series>
  <image_url>https://s.gr-assets.com/assets/nophoto/book/111x148-bcc042a9c91a29c1d680899eff700a03.png</image_url>
  <small_image_url>https://s.gr-assets.com/assets/nophoto/book/50x75-a91bf249278a81aabab721ef782c4a74.png</small_image_url>
  <large_image_url/>
  <link>https://www.goodreads.com/book/show/4397911-keys-to-successful-dating</link>
  <num_pages></num_pages>
  <format></format>
  <edition_information/>
  <publisher></publisher>
  <publication_day></publication_day>
  <publication_year></publication_year>
  <publication_month></publication_month>
  <average_rating>3.00</average_rating>
  <ratings_count>1</ratings_count>
  <description></description>
<authors>
<author>
<id>1840395</id>
<name>John D. Hawkes</name>
<role></role>
<image_url nophoto='true'>
<![CDATA[https://s.gr-assets.com/assets/nophoto/user/m_200x266-d279b33f8eec0f27b7272477f09806be.png]]>
</image_url>
<small_image_url nophoto='true'>
<![CDATA[https://s.gr-assets.com/assets/nophoto/user/m_50x66-82093808bca726cb3249a493fbd3bd0f.png]]>
</small_image_url>
<link><![CDATA[https://www.goodreads.com/author/show/1840395.John_D_Hawkes]]></link>
<average_rating>4.33</average_rating>
<ratings_count>3</ratings_count>
<text_reviews_count>0</text_reviews_count>
</author>
</authors>
  <published></published>
</book>


      <book>
  <id type="integer">25748719</id>
  <isbn>0890360138</isbn>
  <isbn13 nil="true"/>
  <text_reviews_count type="integer">0</text_reviews_count>
  <title>Mini Size Scripture Cards</title>
  <title_without_series>Mini Size Scripture Cards</title_without_series>
  <image_url>https://s.gr-assets.com/assets/nophoto/book/111x148-bcc042a9c91a29c1d680899eff700a03.png</image_url>
  <small_image_url>https://s.gr-assets.com/assets/nophoto/book/50x75-a91bf249278a81aabab721ef782c4a74.png</small_image_url>
  <large_image_url/>
  <link>https://www.goodreads.com/book/show/25748719-mini-size-scripture-cards</link>
  <num_pages></num_pages>
  <format></format>
  <edition_information/>
  <publisher></publisher>
  <publication_day></publication_day>
  <publication_year></publication_year>
  <publication_month></publication_month>
  <average_rating>0.0</average_rating>
  <ratings_count>0</ratings_count>
  <description></description>
<authors>
<author>
<id>1840395</id>
<name>John D. Hawkes</name>
<role></role>
<image_url nophoto='true'>
<![CDATA[https://s.gr-assets.com/assets/nophoto/user/m_200x266-d279b33f8eec0f27b7272477f09806be.png]]>
</image_url>
<small_image_url nophoto='true'>
<![CDATA[https://s.gr-assets.com/assets/nophoto/user/m_50x66-82093808bca726cb3249a493fbd3bd0f.png]]>
</small_image_url>
<link><![CDATA[https://www.goodreads.com/author/show/1840395.John_D_Hawkes]]></link>
<average_rating>4.33</average_rating>
<ratings_count>3</ratings_count>
<text_reviews_count>0</text_reviews_count>
</author>
</authors>
  <published></published>
</book>


      <book>
  <id type="integer">15551776</id>
  <isbn>0890361150</isbn>
  <isbn13>9780890361153</isbn13>
  <text_reviews_count type="integer">0</text_reviews_count>
  <title>How to Use Inflation to Make Millions</title>
  <title_without_series>How to Use Inflation to Make Millions</title_without_series>
  <image_url>https://s.gr-assets.com/assets/nophoto/book/111x148-bcc042a9c91a29c1d680899eff700a03.png</image_url>
  <small_image_url>https://s.gr-assets.com/assets/nophoto/book/50x75-a91bf249278a81aabab721ef782c4a74.png</small_image_url>
  <large_image_url/>
  <link>https://www.goodreads.com/book/show/15551776-how-to-use-inflation-to-make-millions</link>
  <num_pages></num_pages>
  <format></format>
  <edition_information/>
  <publisher></publisher>
  <publication_day></publication_day>
  <publication_year></publication_year>
  <publication_month></publication_month>
  <average_rating>0.0</average_rating>
  <ratings_count>0</ratings_count>
  <description></description>
<authors>
<author>
<id>1840395</id>
<name>John D. Hawkes</name>
<role></role>
<image_url nophoto='true'>
<![CDATA[https://s.gr-assets.com/assets/nophoto/user/m_200x266-d279b33f8eec0f27b7272477f09806be.png]]>
</image_url>
<small_image_url nophoto='true'>
<![CDATA[https://s.gr-assets.com/assets/nophoto/user/m_50x66-82093808bca726cb3249a493fbd3bd0f.png]]>
</small_image_url>
<link><![CDATA[https://www.goodreads.com/author/show/1840395.John_D_Hawkes]]></link>
<average_rating>4.33</average_rating>
<ratings_count>3</ratings_count>
<text_reviews_count>0</text_reviews_count>
</author>
</authors>
  <published></published>
</book>


      <book>
  <id type="integer">15551753</id>
  <isbn>0890360804</isbn>
  <isbn13>9780890360804</isbn13>
  <text_reviews_count type="integer">0</text_reviews_count>
  <title>Fortunes &amp; Protection with Silver</title>
  <title_without_series>Fortunes &amp; Protection with Silver</title_without_series>
  <image_url>https://s.gr-assets.com/assets/nophoto/book/111x148-bcc042a9c91a29c1d680899eff700a03.png</image_url>
  <small_image_url>https://s.gr-assets.com/assets/nophoto/book/50x75-a91bf249278a81aabab721ef782c4a74.png</small_image_url>
  <large_image_url/>
  <link>https://www.goodreads.com/book/show/15551753-fortunes-protection-with-silver</link>
  <num_pages></num_pages>
  <format></format>
  <edition_information/>
  <publisher></publisher>
  <publication_day></publication_day>
  <publication_year></publication_year>
  <publication_month></publication_month>
  <average_rating>0.0</average_rating>
  <ratings_count>0</ratings_count>
  <description></description>
<authors>
<author>
<id>1840395</id>
<name>John D. Hawkes</name>
<role></role>
<image_url nophoto='true'>
<![CDATA[https://s.gr-assets.com/assets/nophoto/user/m_200x266-d279b33f8eec0f27b7272477f09806be.png]]>
</image_url>
<small_image_url nophoto='true'>
<![CDATA[https://s.gr-assets.com/assets/nophoto/user/m_50x66-82093808bca726cb3249a493fbd3bd0f.png]]>
</small_image_url>
<link><![CDATA[https://www.goodreads.com/author/show/1840395.John_D_Hawkes]]></link>
<average_rating>4.33</average_rating>
<ratings_count>3</ratings_count>
<text_reviews_count>0</text_reviews_count>
</author>
</authors>
  <published></published>
</book>


      <book>
  <id type="integer">15551745</id>
  <isbn>089036074X</isbn>
  <isbn13>9780890360743</isbn13>
  <text_reviews_count type="integer">0</text_reviews_count>
  <title>My Personalized Journal &amp; Life Organizer</title>
  <title_without_series>My Personalized Journal &amp; Life Organizer</title_without_series>
  <image_url>https://s.gr-assets.com/assets/nophoto/book/111x148-bcc042a9c91a29c1d680899eff700a03.png</image_url>
  <small_image_url>https://s.gr-assets.com/assets/nophoto/book/50x75-a91bf249278a81aabab721ef782c4a74.png</small_image_url>
  <large_image_url/>
  <link>https://www.goodreads.com/book/show/15551745-my-personalized-journal-life-organizer</link>
  <num_pages></num_pages>
  <format></format>
  <edition_information/>
  <publisher></publisher>
  <publication_day></publication_day>
  <publication_year></publication_year>
  <publication_month></publication_month>
  <average_rating>0.0</average_rating>
  <ratings_count>0</ratings_count>
  <description></description>
<authors>
<author>
<id>1840395</id>
<name>John D. Hawkes</name>
<role></role>
<image_url nophoto='true'>
<![CDATA[https://s.gr-assets.com/assets/nophoto/user/m_200x266-d279b33f8eec0f27b7272477f09806be.png]]>
</image_url>
<small_image_url nophoto='true'>
<![CDATA[https://s.gr-assets.com/assets/nophoto/user/m_50x66-82093808bca726cb3249a493fbd3bd0f.png]]>
</small_image_url>
<link><![CDATA[https://www.goodreads.com/author/show/1840395.John_D_Hawkes]]></link>
<average_rating>4.33</average_rating>
<ratings_count>3</ratings_count>
<text_reviews_count>0</text_reviews_count>
</author>
</authors>
  <published></published>
</book>


      <book>
  <id type="integer">15551705</id>
  <isbn>0890360146</isbn>
  <isbn13>9780890360149</isbn13>
  <text_reviews_count type="integer">0</text_reviews_count>
  <title>New Testament Digest</title>
  <title_without_series>New Testament Digest</title_without_series>
  <image_url>https://s.gr-assets.com/assets/nophoto/book/111x148-bcc042a9c91a29c1d680899eff700a03.png</image_url>
  <small_image_url>https://s.gr-assets.com/assets/nophoto/book/50x75-a91bf249278a81aabab721ef782c4a74.png</small_image_url>
  <large_image_url/>
  <link>https://www.goodreads.com/book/show/15551705-new-testament-digest</link>
  <num_pages></num_pages>
  <format></format>
  <edition_information/>
  <publisher></publisher>
  <publication_day></publication_day>
  <publication_year></publication_year>
  <publication_month></publication_month>
  <average_rating>0.0</average_rating>
  <ratings_count>0</ratings_count>
  <description></description>
<authors>
<author>
<id>1840395</id>
<name>John D. Hawkes</name>
<role></role>
<image_url nophoto='true'>
<![CDATA[https://s.gr-assets.com/assets/nophoto/user/m_200x266-d279b33f8eec0f27b7272477f09806be.png]]>
</image_url>
<small_image_url nophoto='true'>
<![CDATA[https://s.gr-assets.com/assets/nophoto/user/m_50x66-82093808bca726cb3249a493fbd3bd0f.png]]>
</small_image_url>
<link><![CDATA[https://www.goodreads.com/author/show/1840395.John_D_Hawkes]]></link>
<average_rating>4.33</average_rating>
<ratings_count>3</ratings_count>
<text_reviews_count>0</text_reviews_count>
</author>
</authors>
  <published></published>
</book>


      <book>
  <id type="integer">15551695</id>
  <isbn>0890360081</isbn>
  <isbn13>9780890360088</isbn13>
  <text_reviews_count type="integer">0</text_reviews_count>
  <title>Art of Achieving Success</title>
  <title_without_series>Art of Achieving Success</title_without_series>
  <image_url>https://s.gr-assets.com/assets/nophoto/book/111x148-bcc042a9c91a29c1d680899eff700a03.png</image_url>
  <small_image_url>https://s.gr-assets.com/assets/nophoto/book/50x75-a91bf249278a81aabab721ef782c4a74.png</small_image_url>
  <large_image_url/>
  <link>https://www.goodreads.com/book/show/15551695-art-of-achieving-success</link>
  <num_pages></num_pages>
  <format></format>
  <edition_information/>
  <publisher></publisher>
  <publication_day></publication_day>
  <publication_year></publication_year>
  <publication_month></publication_month>
  <average_rating>0.0</average_rating>
  <ratings_count>0</ratings_count>
  <description></description>
<authors>
<author>
<id>1840395</id>
<name>John D. Hawkes</name>
<role></role>
<image_url nophoto='true'>
<![CDATA[https://s.gr-assets.com/assets/nophoto/user/m_200x266-d279b33f8eec0f27b7272477f09806be.png]]>
</image_url>
<small_image_url nophoto='true'>
<![CDATA[https://s.gr-assets.com/assets/nophoto/user/m_50x66-82093808bca726cb3249a493fbd3bd0f.png]]>
</small_image_url>
<link><![CDATA[https://www.goodreads.com/author/show/1840395.John_D_Hawkes]]></link>
<average_rating>4.33</average_rating>
<ratings_count>3</ratings_count>
<text_reviews_count>0</text_reviews_count>
</author>
</authors>
  <published></published>
</book>


      <book>
  <id type="integer">540001</id>
  <isbn>0890361002</isbn>
  <isbn13>9780890361009</isbn13>
  <text_reviews_count type="integer">0</text_reviews_count>
  <title>Doctrine &amp; Covenants &amp; Pearl of Great Price Digest</title>
  <title_without_series>Doctrine &amp; Covenants &amp; Pearl of Great Price Digest</title_without_series>
  <image_url>https://s.gr-assets.com/assets/nophoto/book/111x148-bcc042a9c91a29c1d680899eff700a03.png</image_url>
  <small_image_url>https://s.gr-assets.com/assets/nophoto/book/50x75-a91bf249278a81aabab721ef782c4a74.png</small_image_url>
  <large_image_url/>
  <link>https://www.goodreads.com/book/show/540001.Doctrine_Covenants_Pearl_of_Great_Price_Digest</link>
  <num_pages></num_pages>
  <format></format>
  <edition_information/>
  <publisher></publisher>
  <publication_day></publication_day>
  <publication_year></publication_year>
  <publication_month></publication_month>
  <average_rating>0.0</average_rating>
  <ratings_count>0</ratings_count>
  <description></description>
<authors>
<author>
<id>1840395</id>
<name>John D. Hawkes</name>
<role></role>
<image_url nophoto='true'>
<![CDATA[https://s.gr-assets.com/assets/nophoto/user/m_200x266-d279b33f8eec0f27b7272477f09806be.png]]>
</image_url>
<small_image_url nophoto='true'>
<![CDATA[https://s.gr-assets.com/assets/nophoto/user/m_50x66-82093808bca726cb3249a493fbd3bd0f.png]]>
</small_image_url>
<link><![CDATA[https://www.goodreads.com/author/show/1840395.John_D_Hawkes]]></link>
<average_rating>4.33</average_rating>
<ratings_count>3</ratings_count>
<text_reviews_count>0</text_reviews_count>
</author>
</authors>
  <published></published>
</book>


    </books>
</author>

</GoodreadsResponse>