<?xml version="1.0" encoding="UTF-8"?>
<GoodreadsResponse>
  <Request>
    <authentication>true</authentication>
      <key><![CDATA[sySok63UyYyWi2Wof1HocA]]></key>
    <method><![CDATA[author_show]]></method>
  </Request>
  <author>
  <id>1872085</id>
  <name>Armistead C. Gordon</name>
  <link><![CDATA[https://www.goodreads.com/author/show/1872085.Armistead_C_Gordon]]></link>
  <fans_count type="integer">0</fans_count>
  <author_followers_count type="integer">0</author_followers_count>
  <large_image_url><![CDATA[https://images.gr-assets.com/authors/1454277578p7/1872085.jpg]]></large_image_url>
  <image_url><![CDATA[https://images.gr-assets.com/authors/1454277578p5/1872085.jpg]]></image_url>
  <small_image_url><![CDATA[https://images.gr-assets.com/authors/1454277578p2/1872085.jpg]]></small_image_url>
  <about>Armistead Churchil Gordon</about>
  <influences></influences>
  <works_count>9</works_count>
  <gender>male</gender>
  <hometown>Virginia</hometown>
  <born_at>1855/12/20</born_at>
  <died_at>1931/10/21</died_at>
  <goodreads_author></goodreads_author>

    <books>
      <book>
  <id type="integer">12891850</id>
  <isbn>1149742224</isbn>
  <isbn13>9781149742228</isbn13>
  <text_reviews_count type="integer">0</text_reviews_count>
  <title>Monument to John Tyler: Address Delivered in Hollywood Cemetery, at Richmond, Va., On October 12, 1915 at the Dedication of the Monument Erected by the Government to John Tyler, Tenth President of the United States</title>
  <title_without_series>Monument to John Tyler: Address Delivered in Hollywood Cemetery, at Richmond, Va., On October 12, 1915 at the Dedication of the Monument Erected by the Government to John Tyler, Tenth President of the United States</title_without_series>
  <image_url>https://s.gr-assets.com/assets/nophoto/book/111x148-bcc042a9c91a29c1d680899eff700a03.png</image_url>
  <small_image_url>https://s.gr-assets.com/assets/nophoto/book/50x75-a91bf249278a81aabab721ef782c4a74.png</small_image_url>
  <large_image_url/>
  <link>https://www.goodreads.com/book/show/12891850-monument-to-john-tyler</link>
  <num_pages></num_pages>
  <format></format>
  <edition_information/>
  <publisher></publisher>
  <publication_day></publication_day>
  <publication_year></publication_year>
  <publication_month></publication_month>
  <average_rating>3.00</average_rating>
  <ratings_count>1</ratings_count>
  <description></description>
<authors>
<author>
<id>1872085</id>
<name>Armistead C. Gordon</name>
<role></role>
<image_url nophoto='false'>
<![CDATA[https://images.gr-assets.com/authors/1454277578p5/1872085.jpg]]>
</image_url>
<small_image_url nophoto='false'>
<![CDATA[https://images.gr-assets.com/authors/1454277578p2/1872085.jpg]]>
</small_image_url>
<link><![CDATA[https://www.goodreads.com/author/show/1872085.Armistead_C_Gordon]]></link>
<average_rating>3.00</average_rating>
<ratings_count>2</ratings_count>
<text_reviews_count>0</text_reviews_count>
</author>
</authors>
  <published></published>
</book>


      <book>
  <id type="integer">5702448</id>
  <isbn>1406719412</isbn>
  <isbn13>9781406719413</isbn13>
  <text_reviews_count type="integer">0</text_reviews_count>
  <title>Befo' de War: Echoes in Negro Dialect</title>
  <title_without_series>Befo' de War: Echoes in Negro Dialect</title_without_series>
  <image_url>https://images.gr-assets.com/books/1421707257m/5702448.jpg</image_url>
  <small_image_url>https://images.gr-assets.com/books/1421707257s/5702448.jpg</small_image_url>
  <large_image_url/>
  <link>https://www.goodreads.com/book/show/5702448-befo-de-war</link>
  <num_pages>144</num_pages>
  <format>Paperback</format>
  <edition_information/>
  <publisher>Fabri Press</publisher>
  <publication_day>9</publication_day>
  <publication_year>2007</publication_year>
  <publication_month>10</publication_month>
  <average_rating>0.0</average_rating>
  <ratings_count>0</ratings_count>
  <description>Many of the earliest books, particularly those dating back to the 1900s and before, are now extremely scarce and increasingly expensive. We are republishing these classic works in affordable, high quality, modern editions, using the original text and artwork.</description>
<authors>
<author>
<id>1872085</id>
<name>Armistead C. Gordon</name>
<role></role>
<image_url nophoto='false'>
<![CDATA[https://images.gr-assets.com/authors/1454277578p5/1872085.jpg]]>
</image_url>
<small_image_url nophoto='false'>
<![CDATA[https://images.gr-assets.com/authors/1454277578p2/1872085.jpg]]>
</small_image_url>
<link><![CDATA[https://www.goodreads.com/author/show/1872085.Armistead_C_Gordon]]></link>
<average_rating>3.00</average_rating>
<ratings_count>2</ratings_count>
<text_reviews_count>0</text_reviews_count>
</author>
</authors>
  <published>2007</published>
</book>


      <book>
  <id type="integer">14400739</id>
  <isbn>144555786X</isbn>
  <isbn13>9781445557861</isbn13>
  <text_reviews_count type="integer">0</text_reviews_count>
  <title>William Fitzhugh Gordon, a Virginian of the Old School</title>
  <title_without_series>William Fitzhugh Gordon, a Virginian of the Old School</title_without_series>
  <image_url>https://s.gr-assets.com/assets/nophoto/book/111x148-bcc042a9c91a29c1d680899eff700a03.png</image_url>
  <small_image_url>https://s.gr-assets.com/assets/nophoto/book/50x75-a91bf249278a81aabab721ef782c4a74.png</small_image_url>
  <large_image_url/>
  <link>https://www.goodreads.com/book/show/14400739-william-fitzhugh-gordon-a-virginian-of-the-old-school</link>
  <num_pages></num_pages>
  <format></format>
  <edition_information/>
  <publisher></publisher>
  <publication_day></publication_day>
  <publication_year></publication_year>
  <publication_month></publication_month>
  <average_rating>0.0</average_rating>
  <ratings_count>0</ratings_count>
  <description></description>
<authors>
<author>
<id>1872085</id>
<name>Armistead C. Gordon</name>
<role></role>
<image_url nophoto='false'>
<![CDATA[https://images.gr-assets.com/authors/1454277578p5/1872085.jpg]]>
</image_url>
<small_image_url nophoto='false'>
<![CDATA[https://images.gr-assets.com/authors/1454277578p2/1872085.jpg]]>
</small_image_url>
<link><![CDATA[https://www.goodreads.com/author/show/1872085.Armistead_C_Gordon]]></link>
<average_rating>3.00</average_rating>
<ratings_count>2</ratings_count>
<text_reviews_count>0</text_reviews_count>
</author>
</authors>
  <published></published>
</book>


      <book>
  <id type="integer">12891849</id>
  <isbn nil="true"/>
  <isbn13>2940018993520</isbn13>
  <text_reviews_count type="integer">0</text_reviews_count>
  <title>John Tyler, tenth president of the United States: an address at the dedication, October 12, 1915, of the monument erected by Congress in Hollywood Cemetery, Richmond, Va., in memory of President Tyler</title>
  <title_without_series>John Tyler, tenth president of the United States: an address at the dedication, October 12, 1915, of the monument erected by Congress in Hollywood Cemetery, Richmond, Va., in memory of President Tyler</title_without_series>
  <image_url>https://s.gr-assets.com/assets/nophoto/book/111x148-bcc042a9c91a29c1d680899eff700a03.png</image_url>
  <small_image_url>https://s.gr-assets.com/assets/nophoto/book/50x75-a91bf249278a81aabab721ef782c4a74.png</small_image_url>
  <large_image_url/>
  <link>https://www.goodreads.com/book/show/12891849-john-tyler-tenth-president-of-the-united-states</link>
  <num_pages></num_pages>
  <format></format>
  <edition_information/>
  <publisher></publisher>
  <publication_day></publication_day>
  <publication_year></publication_year>
  <publication_month></publication_month>
  <average_rating>0.0</average_rating>
  <ratings_count>0</ratings_count>
  <description></description>
<authors>
<author>
<id>1872085</id>
<name>Armistead C. Gordon</name>
<role></role>
<image_url nophoto='false'>
<![CDATA[https://images.gr-assets.com/authors/1454277578p5/1872085.jpg]]>
</image_url>
<small_image_url nophoto='false'>
<![CDATA[https://images.gr-assets.com/authors/1454277578p2/1872085.jpg]]>
</small_image_url>
<link><![CDATA[https://www.goodreads.com/author/show/1872085.Armistead_C_Gordon]]></link>
<average_rating>3.00</average_rating>
<ratings_count>2</ratings_count>
<text_reviews_count>0</text_reviews_count>
</author>
</authors>
  <published></published>
</book>


      <book>
  <id type="integer">12118898</id>
  <isbn nil="true"/>
  <isbn13>2940020499430</isbn13>
  <text_reviews_count type="integer">0</text_reviews_count>
  <title>Ommirandy; plantation life at Kingsmill</title>
  <title_without_series>Ommirandy; plantation life at Kingsmill</title_without_series>
  <image_url>https://s.gr-assets.com/assets/nophoto/book/111x148-bcc042a9c91a29c1d680899eff700a03.png</image_url>
  <small_image_url>https://s.gr-assets.com/assets/nophoto/book/50x75-a91bf249278a81aabab721ef782c4a74.png</small_image_url>
  <large_image_url/>
  <link>https://www.goodreads.com/book/show/12118898-ommirandy-plantation-life-at-kingsmill</link>
  <num_pages></num_pages>
  <format></format>
  <edition_information/>
  <publisher></publisher>
  <publication_day></publication_day>
  <publication_year></publication_year>
  <publication_month></publication_month>
  <average_rating>0.0</average_rating>
  <ratings_count>0</ratings_count>
  <description></description>
<authors>
<author>
<id>1872085</id>
<name>Armistead C. Gordon</name>
<role></role>
<image_url nophoto='false'>
<![CDATA[https://images.gr-assets.com/authors/1454277578p5/1872085.jpg]]>
</image_url>
<small_image_url nophoto='false'>
<![CDATA[https://images.gr-assets.com/authors/1454277578p2/1872085.jpg]]>
</small_image_url>
<link><![CDATA[https://www.goodreads.com/author/show/1872085.Armistead_C_Gordon]]></link>
<average_rating>3.00</average_rating>
<ratings_count>2</ratings_count>
<text_reviews_count>0</text_reviews_count>
</author>
</authors>
  <published></published>
</book>


      <book>
  <id type="integer">11366487</id>
  <isbn nil="true"/>
  <isbn13>2940018904687</isbn13>
  <text_reviews_count type="integer">0</text_reviews_count>
  <title>Jefferson Davis</title>
  <title_without_series>Jefferson Davis</title_without_series>
  <image_url>https://s.gr-assets.com/assets/nophoto/book/111x148-bcc042a9c91a29c1d680899eff700a03.png</image_url>
  <small_image_url>https://s.gr-assets.com/assets/nophoto/book/50x75-a91bf249278a81aabab721ef782c4a74.png</small_image_url>
  <large_image_url/>
  <link>https://www.goodreads.com/book/show/11366487-jefferson-davis</link>
  <num_pages></num_pages>
  <format></format>
  <edition_information/>
  <publisher></publisher>
  <publication_day></publication_day>
  <publication_year></publication_year>
  <publication_month></publication_month>
  <average_rating>0.0</average_rating>
  <ratings_count>0</ratings_count>
  <description></description>
<authors>
<author>
<id>1872085</id>
<name>Armistead C. Gordon</name>
<role></role>
<image_url nophoto='false'>
<![CDATA[https://images.gr-assets.com/authors/1454277578p5/1872085.jpg]]>
</image_url>
<small_image_url nophoto='false'>
<![CDATA[https://images.gr-assets.com/authors/1454277578p2/1872085.jpg]]>
</small_image_url>
<link><![CDATA[https://www.goodreads.com/author/show/1872085.Armistead_C_Gordon]]></link>
<average_rating>3.00</average_rating>
<ratings_count>2</ratings_count>
<text_reviews_count>0</text_reviews_count>
</author>
</authors>
  <published></published>
</book>


      <book>
  <id type="integer">3477417</id>
  <isbn>0838314740</isbn>
  <isbn13>9780838314746</isbn13>
  <text_reviews_count type="integer">0</text_reviews_count>
  <title>Allegra</title>
  <title_without_series>Allegra</title_without_series>
  <image_url>https://s.gr-assets.com/assets/nophoto/book/111x148-bcc042a9c91a29c1d680899eff700a03.png</image_url>
  <small_image_url>https://s.gr-assets.com/assets/nophoto/book/50x75-a91bf249278a81aabab721ef782c4a74.png</small_image_url>
  <large_image_url/>
  <link>https://www.goodreads.com/book/show/3477417-allegra</link>
  <num_pages></num_pages>
  <format></format>
  <edition_information/>
  <publisher></publisher>
  <publication_day></publication_day>
  <publication_year></publication_year>
  <publication_month></publication_month>
  <average_rating>0.0</average_rating>
  <ratings_count>0</ratings_count>
  <description></description>
<authors>
<author>
<id>1872085</id>
<name>Armistead C. Gordon</name>
<role></role>
<image_url nophoto='false'>
<![CDATA[https://images.gr-assets.com/authors/1454277578p5/1872085.jpg]]>
</image_url>
<small_image_url nophoto='false'>
<![CDATA[https://images.gr-assets.com/authors/1454277578p2/1872085.jpg]]>
</small_image_url>
<link><![CDATA[https://www.goodreads.com/author/show/1872085.Armistead_C_Gordon]]></link>
<average_rating>3.00</average_rating>
<ratings_count>2</ratings_count>
<text_reviews_count>0</text_reviews_count>
</author>
</authors>
  <published></published>
</book>


      <book>
  <id type="integer">28690856</id>
  <isbn nil="true"/>
  <isbn13 nil="true"/>
  <text_reviews_count type="integer">0</text_reviews_count>
  <title>The Best Short Stories of 1916 and the Yearbook of the American Short Story</title>
  <title_without_series>The Best Short Stories of 1916 and the Yearbook of the American Short Story</title_without_series>
  <image_url>https://images.gr-assets.com/books/1453679078m/28690856.jpg</image_url>
  <small_image_url>https://images.gr-assets.com/books/1453679078s/28690856.jpg</small_image_url>
  <large_image_url/>
  <link>https://www.goodreads.com/book/show/28690856-the-best-short-stories-of-1916-and-the-yearbook-of-the-american-short-st</link>
  <num_pages>472</num_pages>
  <format>Hardcover</format>
  <edition_information/>
  <publisher>Small, Maynard &amp; Company</publisher>
  <publication_day/>
  <publication_year>1917</publication_year>
  <publication_month/>
  <average_rating>3.00</average_rating>
  <ratings_count>1</ratings_count>
  <description></description>
<authors>
<author>
<id>619912</id>
<name>Edward J. O&apos;Brien</name>
<role>Editor</role>
<image_url nophoto='true'>
<![CDATA[https://s.gr-assets.com/assets/nophoto/user/m_200x266-d279b33f8eec0f27b7272477f09806be.png]]>
</image_url>
<small_image_url nophoto='true'>
<![CDATA[https://s.gr-assets.com/assets/nophoto/user/m_50x66-82093808bca726cb3249a493fbd3bd0f.png]]>
</small_image_url>
<link><![CDATA[https://www.goodreads.com/author/show/619912.Edward_J_O_Brien]]></link>
<average_rating>3.57</average_rating>
<ratings_count>105</ratings_count>
<text_reviews_count>21</text_reviews_count>
</author>
</authors>
  <published>1917</published>
</book>


      <book>
  <id type="integer">29273730</id>
  <isbn>1348184108</isbn>
  <isbn13>9781348184102</isbn13>
  <text_reviews_count type="integer">0</text_reviews_count>
  <title>Observations of a Retired Veteran</title>
  <title_without_series>Observations of a Retired Veteran</title_without_series>
  <image_url>https://s.gr-assets.com/assets/nophoto/book/111x148-bcc042a9c91a29c1d680899eff700a03.png</image_url>
  <small_image_url>https://s.gr-assets.com/assets/nophoto/book/50x75-a91bf249278a81aabab721ef782c4a74.png</small_image_url>
  <large_image_url/>
  <link>https://www.goodreads.com/book/show/29273730-observations-of-a-retired-veteran</link>
  <num_pages>110</num_pages>
  <format>Hardcover</format>
  <edition_information/>
  <publisher>Palala Press</publisher>
  <publication_day>14</publication_day>
  <publication_year>2015</publication_year>
  <publication_month>12</publication_month>
  <average_rating>0.0</average_rating>
  <ratings_count>0</ratings_count>
  <description>As a reproduction of a historical artifact, this work may contain missing or blurred pages, poor pictures, errant marks, etc.</description>
<authors>
<author>
<id>3421724</id>
<name>Henry C. Tinsley</name>
<role></role>
<image_url nophoto='true'>
<![CDATA[https://s.gr-assets.com/assets/nophoto/user/m_200x266-d279b33f8eec0f27b7272477f09806be.png]]>
</image_url>
<small_image_url nophoto='true'>
<![CDATA[https://s.gr-assets.com/assets/nophoto/user/m_50x66-82093808bca726cb3249a493fbd3bd0f.png]]>
</small_image_url>
<link><![CDATA[https://www.goodreads.com/author/show/3421724.Henry_C_Tinsley]]></link>
<average_rating>0.0</average_rating>
<ratings_count>0</ratings_count>
<text_reviews_count>0</text_reviews_count>
</author>
</authors>
  <published>2015</published>
</book>


    </books>
</author>

</GoodreadsResponse>