<?xml version="1.0" encoding="UTF-8"?>
<GoodreadsResponse>
  <Request>
    <authentication>true</authentication>
      <key><![CDATA[sySok63UyYyWi2Wof1HocA]]></key>
    <method><![CDATA[author_show]]></method>
  </Request>
  <author>
  <id>1900156</id>
  <name>Thom Young</name>
  <link><![CDATA[https://www.goodreads.com/author/show/1900156.Thom_Young]]></link>
  <fans_count type="integer">28</fans_count>
  <author_followers_count type="integer">28</author_followers_count>
  <large_image_url><![CDATA[https://images.gr-assets.com/authors/1462640358p7/1900156.jpg]]></large_image_url>
  <image_url><![CDATA[https://images.gr-assets.com/authors/1462640358p5/1900156.jpg]]></image_url>
  <small_image_url><![CDATA[https://images.gr-assets.com/authors/1462640358p2/1900156.jpg]]></small_image_url>
  <about><![CDATA[Thom Young is a writer from Texas. His work has been in The Commonline Journal, 3am magazine, Crack the Spine, Word Riot, 48th Street Press, and many other places. A 2008 Million Writers Award nominee for his story Perico. He is one of Amazon's most popular poets hitting #1 in Poetry Anthologies and Short Stories and his latest A Little Black Dress Called Madness hit #1 Poetry in Germany. He's written 4 novels including his best seller Bloodsouth.<br /><br /><a target="_blank" href="http://www.amazon.com/Thom-Young/e/B001KMM9D8/ref=ntt_dp_epwbk_0" rel="nofollow">http://www.amazon.com/Thom-Young/e/B0...</a><br /><br />@thomyoung Instagram<br /><br />@thomyoung17 Twitter<br /><br />]]></about>
  <influences><![CDATA[<a href="https://www.goodreads.com/author/show/13275.Charles_Bukowski" title="Charles Bukowski" rel="nofollow">Charles Bukowski</a>, <a href="https://www.goodreads.com/author/show/25864.John_Fante" title="John Fante" rel="nofollow">John Fante</a>, <a href="https://www.goodreads.com/author/show/101363.Tom_Waits" title="Tom Waits" rel="nofollow">Tom Waits</a>]]></influences>
  <works_count>89</works_count>
  <gender>male</gender>
  <hometown>Perico, TX</hometown>
  <born_at></born_at>
  <died_at></died_at>
  <goodreads_author>true</goodreads_author>
    <user>
  <id type="integer">1889570</id>
</user>


    <books>
      <book>
  <id type="integer">17703043</id>
  <isbn nil="true"/>
  <isbn13>B00ALJ0KFK</isbn13>
  <text_reviews_count type="integer">0</text_reviews_count>
  <title>Greaser</title>
  <title_without_series>Greaser</title_without_series>
  <image_url>https://images.gr-assets.com/books/1364660825m/17703043.jpg</image_url>
  <small_image_url>https://images.gr-assets.com/books/1364660825s/17703043.jpg</small_image_url>
  <large_image_url/>
  <link>https://www.goodreads.com/book/show/17703043-greaser</link>
  <num_pages>55</num_pages>
  <format></format>
  <edition_information/>
  <publisher>LOMS</publisher>
  <publication_day/>
  <publication_year>2012</publication_year>
  <publication_month/>
  <average_rating>4.50</average_rating>
  <ratings_count>22</ratings_count>
  <description>They're rude, crude, and foul mouthed. When two rival gangs square off in a Texas town, the door to hell opens. A local lawyer calls the shots from behind the scenes, while his daughter falls for the rebel. The bodies stack up and nobody good can be found. Hot rods. Switchblades. Girls. Grease.</description>
<authors>
<author>
<id>1900156</id>
<name>Thom Young</name>
<role></role>
<image_url nophoto='false'>
<![CDATA[https://images.gr-assets.com/authors/1462640358p5/1900156.jpg]]>
</image_url>
<small_image_url nophoto='false'>
<![CDATA[https://images.gr-assets.com/authors/1462640358p2/1900156.jpg]]>
</small_image_url>
<link><![CDATA[https://www.goodreads.com/author/show/1900156.Thom_Young]]></link>
<average_rating>3.59</average_rating>
<ratings_count>149</ratings_count>
<text_reviews_count>41</text_reviews_count>
</author>
</authors>
  <published>2012</published>
</book>


      <book>
  <id type="integer">13411687</id>
  <isbn nil="true"/>
  <isbn13 nil="true"/>
  <text_reviews_count type="integer">3</text_reviews_count>
  <title>Zombie, TX</title>
  <title_without_series>Zombie, TX</title_without_series>
  <image_url>https://images.gr-assets.com/books/1326662934m/13411687.jpg</image_url>
  <small_image_url>https://images.gr-assets.com/books/1326662934s/13411687.jpg</small_image_url>
  <large_image_url/>
  <link>https://www.goodreads.com/book/show/13411687-zombie-tx</link>
  <num_pages>77</num_pages>
  <format>Kindle Edition</format>
  <edition_information/>
  <publisher>LOMS</publisher>
  <publication_day>6</publication_day>
  <publication_year>2012</publication_year>
  <publication_month>1</publication_month>
  <average_rating>2.41</average_rating>
  <ratings_count>17</ratings_count>
  <description>A sleepy little town. A chemical plant may be to blame for local kids developing a taste for brain, but a darker force is coming. An unknown sickness is slowly killing residents. Open up your third eye. Welcome to Zombie, TX. A new kind of hell is here.</description>
<authors>
<author>
<id>1900156</id>
<name>Thom Young</name>
<role></role>
<image_url nophoto='false'>
<![CDATA[https://images.gr-assets.com/authors/1462640358p5/1900156.jpg]]>
</image_url>
<small_image_url nophoto='false'>
<![CDATA[https://images.gr-assets.com/authors/1462640358p2/1900156.jpg]]>
</small_image_url>
<link><![CDATA[https://www.goodreads.com/author/show/1900156.Thom_Young]]></link>
<average_rating>3.59</average_rating>
<ratings_count>149</ratings_count>
<text_reviews_count>41</text_reviews_count>
</author>
</authors>
  <published>2012</published>
</book>


      <book>
  <id type="integer">27236200</id>
  <isbn nil="true"/>
  <isbn13 nil="true"/>
  <text_reviews_count type="integer">1</text_reviews_count>
  <title>A Little Black Dress Called Madness</title>
  <title_without_series>A Little Black Dress Called Madness</title_without_series>
  <image_url>https://s.gr-assets.com/assets/nophoto/book/111x148-bcc042a9c91a29c1d680899eff700a03.png</image_url>
  <small_image_url>https://s.gr-assets.com/assets/nophoto/book/50x75-a91bf249278a81aabab721ef782c4a74.png</small_image_url>
  <large_image_url/>
  <link>https://www.goodreads.com/book/show/27236200-a-little-black-dress-called-madness</link>
  <num_pages></num_pages>
  <format></format>
  <edition_information/>
  <publisher></publisher>
  <publication_day></publication_day>
  <publication_year></publication_year>
  <publication_month></publication_month>
  <average_rating>3.50</average_rating>
  <ratings_count>10</ratings_count>
  <description>A Little Black Dress Called Madness is a trip into the unknown and surreal. The bizarre and uncouth converge for a taste of madness. These poems have been published in 48th Street Press, Chicago Literati, The Commonline Journal, Zombie Logic Review, Crab Fat Magazine, and many other places.</description>
<authors>
<author>
<id>1900156</id>
<name>Thom Young</name>
<role></role>
<image_url nophoto='false'>
<![CDATA[https://images.gr-assets.com/authors/1462640358p5/1900156.jpg]]>
</image_url>
<small_image_url nophoto='false'>
<![CDATA[https://images.gr-assets.com/authors/1462640358p2/1900156.jpg]]>
</small_image_url>
<link><![CDATA[https://www.goodreads.com/author/show/1900156.Thom_Young]]></link>
<average_rating>3.59</average_rating>
<ratings_count>149</ratings_count>
<text_reviews_count>41</text_reviews_count>
</author>
</authors>
  <published></published>
</book>


      <book>
  <id type="integer">29548499</id>
  <isbn>1530570832</isbn>
  <isbn13>9781530570836</isbn13>
  <text_reviews_count type="integer">3</text_reviews_count>
  <title>Live Like a Ghost</title>
  <title_without_series>Live Like a Ghost</title_without_series>
  <image_url>https://images.gr-assets.com/books/1458327555m/29548499.jpg</image_url>
  <small_image_url>https://images.gr-assets.com/books/1458327555s/29548499.jpg</small_image_url>
  <large_image_url/>
  <link>https://www.goodreads.com/book/show/29548499-live-like-a-ghost</link>
  <num_pages>260</num_pages>
  <format>Paperback</format>
  <edition_information/>
  <publisher> CreateSpace Independent Publishing Platform</publisher>
  <publication_day>14</publication_day>
  <publication_year>2016</publication_year>
  <publication_month>3</publication_month>
  <average_rating>4.83</average_rating>
  <ratings_count>6</ratings_count>
  <description>The modern world can leave you feeling isolated, despite being more connected than ever through social media.There's something missing. The information age has created mad souls looking to fill the void with a higher purpose. This poetry collection explores themes of madness, suicide, murder, and black magick in a modern society devoid of humanity.</description>
<authors>
<author>
<id>1900156</id>
<name>Thom Young</name>
<role></role>
<image_url nophoto='false'>
<![CDATA[https://images.gr-assets.com/authors/1462640358p5/1900156.jpg]]>
</image_url>
<small_image_url nophoto='false'>
<![CDATA[https://images.gr-assets.com/authors/1462640358p2/1900156.jpg]]>
</small_image_url>
<link><![CDATA[https://www.goodreads.com/author/show/1900156.Thom_Young]]></link>
<average_rating>3.59</average_rating>
<ratings_count>149</ratings_count>
<text_reviews_count>41</text_reviews_count>
</author>
</authors>
  <published>2016</published>
</book>


      <book>
  <id type="integer">6130951</id>
  <isbn nil="true"/>
  <isbn13 nil="true"/>
  <text_reviews_count type="integer">1</text_reviews_count>
  <title>Laredo Down</title>
  <title_without_series>Laredo Down</title_without_series>
  <image_url>https://images.gr-assets.com/books/1310157494m/6130951.jpg</image_url>
  <small_image_url>https://images.gr-assets.com/books/1310157494s/6130951.jpg</small_image_url>
  <large_image_url/>
  <link>https://www.goodreads.com/book/show/6130951-laredo-down</link>
  <num_pages></num_pages>
  <format>Kindle Edition</format>
  <edition_information/>
  <publisher>LOMS</publisher>
  <publication_day>14</publication_day>
  <publication_year>2009</publication_year>
  <publication_month>1</publication_month>
  <average_rating>4.33</average_rating>
  <ratings_count>6</ratings_count>
  <description></description>
<authors>
<author>
<id>1900156</id>
<name>Thom Young</name>
<role></role>
<image_url nophoto='false'>
<![CDATA[https://images.gr-assets.com/authors/1462640358p5/1900156.jpg]]>
</image_url>
<small_image_url nophoto='false'>
<![CDATA[https://images.gr-assets.com/authors/1462640358p2/1900156.jpg]]>
</small_image_url>
<link><![CDATA[https://www.goodreads.com/author/show/1900156.Thom_Young]]></link>
<average_rating>3.59</average_rating>
<ratings_count>149</ratings_count>
<text_reviews_count>41</text_reviews_count>
</author>
</authors>
  <published>2009</published>
</book>


      <book>
  <id type="integer">10393787</id>
  <isbn nil="true"/>
  <isbn13 nil="true"/>
  <text_reviews_count type="integer">0</text_reviews_count>
  <title>The Neighborhood</title>
  <title_without_series>The Neighborhood</title_without_series>
  <image_url>https://images.gr-assets.com/books/1310156769m/10393787.jpg</image_url>
  <small_image_url>https://images.gr-assets.com/books/1310156769s/10393787.jpg</small_image_url>
  <large_image_url/>
  <link>https://www.goodreads.com/book/show/10393787-the-neighborhood</link>
  <num_pages>84</num_pages>
  <format>Kindle Edition</format>
  <edition_information/>
  <publisher>lulu.com</publisher>
  <publication_day>21</publication_day>
  <publication_year>2010</publication_year>
  <publication_month>4</publication_month>
  <average_rating>4.00</average_rating>
  <ratings_count>5</ratings_count>
  <description></description>
<authors>
<author>
<id>1900156</id>
<name>Thom Young</name>
<role></role>
<image_url nophoto='false'>
<![CDATA[https://images.gr-assets.com/authors/1462640358p5/1900156.jpg]]>
</image_url>
<small_image_url nophoto='false'>
<![CDATA[https://images.gr-assets.com/authors/1462640358p2/1900156.jpg]]>
</small_image_url>
<link><![CDATA[https://www.goodreads.com/author/show/1900156.Thom_Young]]></link>
<average_rating>3.59</average_rating>
<ratings_count>149</ratings_count>
<text_reviews_count>41</text_reviews_count>
</author>
</authors>
  <published>2010</published>
</book>


      <book>
  <id type="integer">18273591</id>
  <isbn nil="true"/>
  <isbn13 nil="true"/>
  <text_reviews_count type="integer">1</text_reviews_count>
  <title>Backslider</title>
  <title_without_series>Backslider</title_without_series>
  <image_url>https://images.gr-assets.com/books/1375307714m/18273591.jpg</image_url>
  <small_image_url>https://images.gr-assets.com/books/1375307714s/18273591.jpg</small_image_url>
  <large_image_url/>
  <link>https://www.goodreads.com/book/show/18273591-backslider</link>
  <num_pages></num_pages>
  <format>ebook</format>
  <edition_information/>
  <publisher>LOMS</publisher>
  <publication_day>18</publication_day>
  <publication_year>2013</publication_year>
  <publication_month>7</publication_month>
  <average_rating>3.67</average_rating>
  <ratings_count>3</ratings_count>
  <description>Max Wilson is thirty five and still lives at home. He's an expert in theology and can hack into any computer system. When his father dies, he surprises his mother by moving out and enrolling at Dallas Baptist Seminary. He has no intention of studying or attending class but instead creates havoc at the school and destroying anything else in his way.</description>
<authors>
<author>
<id>1900156</id>
<name>Thom Young</name>
<role></role>
<image_url nophoto='false'>
<![CDATA[https://images.gr-assets.com/authors/1462640358p5/1900156.jpg]]>
</image_url>
<small_image_url nophoto='false'>
<![CDATA[https://images.gr-assets.com/authors/1462640358p2/1900156.jpg]]>
</small_image_url>
<link><![CDATA[https://www.goodreads.com/author/show/1900156.Thom_Young]]></link>
<average_rating>3.59</average_rating>
<ratings_count>149</ratings_count>
<text_reviews_count>41</text_reviews_count>
</author>
</authors>
  <published>2013</published>
</book>


      <book>
  <id type="integer">14287719</id>
  <isbn nil="true"/>
  <isbn13 nil="true"/>
  <text_reviews_count type="integer">4</text_reviews_count>
  <title>Suck</title>
  <title_without_series>Suck</title_without_series>
  <image_url>https://images.gr-assets.com/books/1337694629m/14287719.jpg</image_url>
  <small_image_url>https://images.gr-assets.com/books/1337694629s/14287719.jpg</small_image_url>
  <large_image_url/>
  <link>https://www.goodreads.com/book/show/14287719-suck</link>
  <num_pages></num_pages>
  <format>Kindle Edition</format>
  <edition_information/>
  <publisher>LOMS</publisher>
  <publication_day>20</publication_day>
  <publication_year>2012</publication_year>
  <publication_month>5</publication_month>
  <average_rating>2.75</average_rating>
  <ratings_count>4</ratings_count>
  <description>Life sucks for an unemployed vampire. Max Wilson drifts from one dead end job to the next, until he discovers his destiny. Thom Young returns and wants to corner the vampire target market. SUCK is a bloody good time.</description>
<authors>
<author>
<id>1900156</id>
<name>Thom Young</name>
<role></role>
<image_url nophoto='false'>
<![CDATA[https://images.gr-assets.com/authors/1462640358p5/1900156.jpg]]>
</image_url>
<small_image_url nophoto='false'>
<![CDATA[https://images.gr-assets.com/authors/1462640358p2/1900156.jpg]]>
</small_image_url>
<link><![CDATA[https://www.goodreads.com/author/show/1900156.Thom_Young]]></link>
<average_rating>3.59</average_rating>
<ratings_count>149</ratings_count>
<text_reviews_count>41</text_reviews_count>
</author>
</authors>
  <published>2012</published>
</book>


      <book>
  <id type="integer">30133076</id>
  <isbn nil="true"/>
  <isbn13 nil="true"/>
  <text_reviews_count type="integer">0</text_reviews_count>
  <title>Love &amp; Shipwrecks</title>
  <title_without_series>Love &amp; Shipwrecks</title_without_series>
  <image_url>https://s.gr-assets.com/assets/nophoto/book/111x148-bcc042a9c91a29c1d680899eff700a03.png</image_url>
  <small_image_url>https://s.gr-assets.com/assets/nophoto/book/50x75-a91bf249278a81aabab721ef782c4a74.png</small_image_url>
  <large_image_url/>
  <link>https://www.goodreads.com/book/show/30133076-love-shipwrecks</link>
  <num_pages></num_pages>
  <format></format>
  <edition_information/>
  <publisher></publisher>
  <publication_day></publication_day>
  <publication_year></publication_year>
  <publication_month></publication_month>
  <average_rating>5.00</average_rating>
  <ratings_count>2</ratings_count>
  <description></description>
<authors>
<author>
<id>1900156</id>
<name>Thom Young</name>
<role></role>
<image_url nophoto='false'>
<![CDATA[https://images.gr-assets.com/authors/1462640358p5/1900156.jpg]]>
</image_url>
<small_image_url nophoto='false'>
<![CDATA[https://images.gr-assets.com/authors/1462640358p2/1900156.jpg]]>
</small_image_url>
<link><![CDATA[https://www.goodreads.com/author/show/1900156.Thom_Young]]></link>
<average_rating>3.59</average_rating>
<ratings_count>149</ratings_count>
<text_reviews_count>41</text_reviews_count>
</author>
</authors>
  <published></published>
</book>


      <book>
  <id type="integer">24762155</id>
  <isbn nil="true"/>
  <isbn13 nil="true"/>
  <text_reviews_count type="integer">0</text_reviews_count>
  <title>Guache</title>
  <title_without_series>Guache</title_without_series>
  <image_url>https://s.gr-assets.com/assets/nophoto/book/111x148-bcc042a9c91a29c1d680899eff700a03.png</image_url>
  <small_image_url>https://s.gr-assets.com/assets/nophoto/book/50x75-a91bf249278a81aabab721ef782c4a74.png</small_image_url>
  <large_image_url/>
  <link>https://www.goodreads.com/book/show/24762155-guache</link>
  <num_pages></num_pages>
  <format></format>
  <edition_information/>
  <publisher></publisher>
  <publication_day></publication_day>
  <publication_year></publication_year>
  <publication_month></publication_month>
  <average_rating>4.50</average_rating>
  <ratings_count>2</ratings_count>
  <description></description>
<authors>
<author>
<id>1900156</id>
<name>Thom Young</name>
<role></role>
<image_url nophoto='false'>
<![CDATA[https://images.gr-assets.com/authors/1462640358p5/1900156.jpg]]>
</image_url>
<small_image_url nophoto='false'>
<![CDATA[https://images.gr-assets.com/authors/1462640358p2/1900156.jpg]]>
</small_image_url>
<link><![CDATA[https://www.goodreads.com/author/show/1900156.Thom_Young]]></link>
<average_rating>3.59</average_rating>
<ratings_count>149</ratings_count>
<text_reviews_count>41</text_reviews_count>
</author>
</authors>
  <published></published>
</book>


    </books>
</author>

</GoodreadsResponse>