<?xml version="1.0" encoding="UTF-8"?>
<GoodreadsResponse>
  <Request>
    <authentication>true</authentication>
      <key><![CDATA[sySok63UyYyWi2Wof1HocA]]></key>
    <method><![CDATA[author_show]]></method>
  </Request>
  <author>
  <id>191410</id>
  <name>Simon Ramo</name>
  <link><![CDATA[https://www.goodreads.com/author/show/191410.Simon_Ramo]]></link>
  <fans_count type="integer">0</fans_count>
  <author_followers_count type="integer">0</author_followers_count>
  <large_image_url><![CDATA[https://s.gr-assets.com/assets/nophoto/user/m_333x500-a9c67bed07ee7e10983a5d5ccc572516.png]]></large_image_url>
  <image_url><![CDATA[https://s.gr-assets.com/assets/nophoto/user/m_200x266-d279b33f8eec0f27b7272477f09806be.png]]></image_url>
  <small_image_url><![CDATA[https://s.gr-assets.com/assets/nophoto/user/m_50x66-82093808bca726cb3249a493fbd3bd0f.png]]></small_image_url>
  <about></about>
  <influences></influences>
  <works_count>17</works_count>
  <gender>male</gender>
  <hometown></hometown>
  <born_at></born_at>
  <died_at></died_at>
  <goodreads_author></goodreads_author>

    <books>
      <book>
  <id type="integer">333801</id>
  <isbn>1566252563</isbn>
  <isbn13>9781566252560</isbn13>
  <text_reviews_count type="integer">1</text_reviews_count>
  <title>Meetings, Meetings, and More Meetings: Getting Things Done When People Are Involved</title>
  <title_without_series>Meetings, Meetings, and More Meetings: Getting Things Done When People Are Involved</title_without_series>
  <image_url>https://s.gr-assets.com/assets/nophoto/book/111x148-bcc042a9c91a29c1d680899eff700a03.png</image_url>
  <small_image_url>https://s.gr-assets.com/assets/nophoto/book/50x75-a91bf249278a81aabab721ef782c4a74.png</small_image_url>
  <large_image_url/>
  <link>https://www.goodreads.com/book/show/333801.Meetings_Meetings_and_More_Meetings</link>
  <num_pages>175</num_pages>
  <format>Hardcover</format>
  <edition_information/>
  <publisher>Taylor Trade Publishing</publisher>
  <publication_day>22</publication_day>
  <publication_year>2005</publication_year>
  <publication_month>8</publication_month>
  <average_rating>4.25</average_rating>
  <ratings_count>4</ratings_count>
  <description>The first definitive guide on the principles behind making meetings more effective--whether as a participants or as the leader.</description>
<authors>
<author>
<id>191410</id>
<name>Simon Ramo</name>
<role></role>
<image_url nophoto='true'>
<![CDATA[https://s.gr-assets.com/assets/nophoto/user/m_200x266-d279b33f8eec0f27b7272477f09806be.png]]>
</image_url>
<small_image_url nophoto='true'>
<![CDATA[https://s.gr-assets.com/assets/nophoto/user/m_50x66-82093808bca726cb3249a493fbd3bd0f.png]]>
</small_image_url>
<link><![CDATA[https://www.goodreads.com/author/show/191410.Simon_Ramo]]></link>
<average_rating>4.00</average_rating>
<ratings_count>23</ratings_count>
<text_reviews_count>3</text_reviews_count>
</author>
</authors>
  <published>2005</published>
</book>


      <book>
  <id type="integer">1756299</id>
  <isbn>0517529874</isbn>
  <isbn13>9780517529874</isbn13>
  <text_reviews_count type="integer">1</text_reviews_count>
  <title>Extraordinary Tennis for the Ordinary Player</title>
  <title_without_series>Extraordinary Tennis for the Ordinary Player</title_without_series>
  <image_url>https://s.gr-assets.com/assets/nophoto/book/111x148-bcc042a9c91a29c1d680899eff700a03.png</image_url>
  <small_image_url>https://s.gr-assets.com/assets/nophoto/book/50x75-a91bf249278a81aabab721ef782c4a74.png</small_image_url>
  <large_image_url/>
  <link>https://www.goodreads.com/book/show/1756299.Extraordinary_Tennis_for_the_Ordinary_Player</link>
  <num_pages>158</num_pages>
  <format>Hardcover</format>
  <edition_information/>
  <publisher>Random House Value Publishing</publisher>
  <publication_day>13</publication_day>
  <publication_year>1999</publication_year>
  <publication_month>1</publication_month>
  <average_rating>4.00</average_rating>
  <ratings_count>6</ratings_count>
  <description></description>
<authors>
<author>
<id>191410</id>
<name>Simon Ramo</name>
<role></role>
<image_url nophoto='true'>
<![CDATA[https://s.gr-assets.com/assets/nophoto/user/m_200x266-d279b33f8eec0f27b7272477f09806be.png]]>
</image_url>
<small_image_url nophoto='true'>
<![CDATA[https://s.gr-assets.com/assets/nophoto/user/m_50x66-82093808bca726cb3249a493fbd3bd0f.png]]>
</small_image_url>
<link><![CDATA[https://www.goodreads.com/author/show/191410.Simon_Ramo]]></link>
<average_rating>4.00</average_rating>
<ratings_count>23</ratings_count>
<text_reviews_count>3</text_reviews_count>
</author>
</authors>
  <published>1999</published>
</book>


      <book>
  <id type="integer">4919527</id>
  <isbn>0471871303</isbn>
  <isbn13>9780471871309</isbn13>
  <text_reviews_count type="integer">0</text_reviews_count>
  <title>Fields and Waves in Communication Electronics</title>
  <title_without_series>Fields and Waves in Communication Electronics</title_without_series>
  <image_url>https://s.gr-assets.com/assets/nophoto/book/111x148-bcc042a9c91a29c1d680899eff700a03.png</image_url>
  <small_image_url>https://s.gr-assets.com/assets/nophoto/book/50x75-a91bf249278a81aabab721ef782c4a74.png</small_image_url>
  <large_image_url/>
  <link>https://www.goodreads.com/book/show/4919527-fields-and-waves-in-communication-electronics</link>
  <num_pages>817</num_pages>
  <format>Hardcover</format>
  <edition_information/>
  <publisher>Wiley</publisher>
  <publication_day>8</publication_day>
  <publication_year>1984</publication_year>
  <publication_month>8</publication_month>
  <average_rating>3.80</average_rating>
  <ratings_count>5</ratings_count>
  <description>This Second Edition offers material on solid-state electromagnetics and optics to reflect the new technology. Features new examples.</description>
<authors>
<author>
<id>191410</id>
<name>Simon Ramo</name>
<role></role>
<image_url nophoto='true'>
<![CDATA[https://s.gr-assets.com/assets/nophoto/user/m_200x266-d279b33f8eec0f27b7272477f09806be.png]]>
</image_url>
<small_image_url nophoto='true'>
<![CDATA[https://s.gr-assets.com/assets/nophoto/user/m_50x66-82093808bca726cb3249a493fbd3bd0f.png]]>
</small_image_url>
<link><![CDATA[https://www.goodreads.com/author/show/191410.Simon_Ramo]]></link>
<average_rating>4.00</average_rating>
<ratings_count>23</ratings_count>
<text_reviews_count>3</text_reviews_count>
</author>
</authors>
  <published>1984</published>
</book>


      <book>
  <id type="integer">4682074</id>
  <isbn>0809032554</isbn>
  <isbn13>9780809032556</isbn13>
  <text_reviews_count type="integer">0</text_reviews_count>
  <title>The Business Of Science: Winning And Losing In The High Tech Age</title>
  <title_without_series>The Business Of Science: Winning And Losing In The High Tech Age</title_without_series>
  <image_url>https://s.gr-assets.com/assets/nophoto/book/111x148-bcc042a9c91a29c1d680899eff700a03.png</image_url>
  <small_image_url>https://s.gr-assets.com/assets/nophoto/book/50x75-a91bf249278a81aabab721ef782c4a74.png</small_image_url>
  <large_image_url/>
  <link>https://www.goodreads.com/book/show/4682074-the-business-of-science</link>
  <num_pages></num_pages>
  <format></format>
  <edition_information/>
  <publisher></publisher>
  <publication_day></publication_day>
  <publication_year></publication_year>
  <publication_month></publication_month>
  <average_rating>4.00</average_rating>
  <ratings_count>3</ratings_count>
  <description></description>
<authors>
<author>
<id>191410</id>
<name>Simon Ramo</name>
<role></role>
<image_url nophoto='true'>
<![CDATA[https://s.gr-assets.com/assets/nophoto/user/m_200x266-d279b33f8eec0f27b7272477f09806be.png]]>
</image_url>
<small_image_url nophoto='true'>
<![CDATA[https://s.gr-assets.com/assets/nophoto/user/m_50x66-82093808bca726cb3249a493fbd3bd0f.png]]>
</small_image_url>
<link><![CDATA[https://www.goodreads.com/author/show/191410.Simon_Ramo]]></link>
<average_rating>4.00</average_rating>
<ratings_count>23</ratings_count>
<text_reviews_count>3</text_reviews_count>
</author>
</authors>
  <published></published>
</book>


      <book>
  <id type="integer">4054060</id>
  <isbn>0071621261</isbn>
  <isbn13>9780071621267</isbn13>
  <text_reviews_count type="integer">0</text_reviews_count>
  <title>Strategic Business Forecasting: A Structured Approach to Shaping the Future of Your Business</title>
  <title_without_series>Strategic Business Forecasting: A Structured Approach to Shaping the Future of Your Business</title_without_series>
  <image_url>https://images.gr-assets.com/books/1406508191m/4054060.jpg</image_url>
  <small_image_url>https://images.gr-assets.com/books/1406508191s/4054060.jpg</small_image_url>
  <large_image_url/>
  <link>https://www.goodreads.com/book/show/4054060-strategic-business-forecasting</link>
  <num_pages>228</num_pages>
  <format>Hardcover</format>
  <edition_information/>
  <publisher>McGraw-Hill</publisher>
  <publication_day>1</publication_day>
  <publication_year>2009</publication_year>
  <publication_month>3</publication_month>
  <average_rating>3.00</average_rating>
  <ratings_count>2</ratings_count>
  <description>-A helpful read not just for corporate strategists but for almost anyone looking ahead.-&lt;br /&gt;&lt;i&gt;Los Angeles Times&lt;/i&gt;&lt;br /&gt;&lt;br /&gt;&lt;b&gt;What's Your Next Big Move?&lt;/b&gt; At the turn of the century, Western Union passed on the chance to dominate the telephone industry. Later, General Electric concluded that a new invention called television was doomed to fail. And very recently, decision makers at the highest level were taken off-guard when the global economy dropped from under their feet--and took their companies with it.&lt;br /&gt;&lt;br /&gt;Today, only those business leaders with the power of long-term foresight will seize and hold true competitive advantage. But can managers really predict the future? Yes, to a greater extent than one might expect. &lt;i&gt;Strategic Business Forecasting&lt;/i&gt; shows how to identify and quantify possible events that may affect your business. Applying creativity, personal experience, and the lessons of history, you can use such forecasting to develop plans that will help your organization compete.&lt;br /&gt;&lt;br /&gt;Drs. Simon Ramo and Ronald Sugar, two giants of the aerospace industry, share their Four-Measures Rating system to help you explore the world of possibilities--thoroughly and systematically. Under their tutelage, you will be equipped to:&lt;br /&gt;&lt;br /&gt;&lt;br /&gt;Create a comprehensive list of possible scenarios concerning your business&lt;br /&gt;Utilize a scoring system to rate each scenario's merit as a serious and useful prediction&lt;br /&gt;Develop an effective plan that strategically shapes the future of your organization&lt;br /&gt;The authors provide vivid illustrations of the Four-Measures system at work with real-world examples of both forecasting failures and successes.&lt;br /&gt;&lt;br /&gt;No one can predict perfectly, and the authors don't promise magic. With the approach described in &lt;i&gt;Strategic Business Forecasting&lt;/i&gt;, however, you can ensure your organization is better poised to seize future opportunities, avoid pitfalls, and handle anything the increasingly volatile global economy throws your way.</description>
<authors>
<author>
<id>191410</id>
<name>Simon Ramo</name>
<role></role>
<image_url nophoto='true'>
<![CDATA[https://s.gr-assets.com/assets/nophoto/user/m_200x266-d279b33f8eec0f27b7272477f09806be.png]]>
</image_url>
<small_image_url nophoto='true'>
<![CDATA[https://s.gr-assets.com/assets/nophoto/user/m_50x66-82093808bca726cb3249a493fbd3bd0f.png]]>
</small_image_url>
<link><![CDATA[https://www.goodreads.com/author/show/191410.Simon_Ramo]]></link>
<average_rating>4.00</average_rating>
<ratings_count>23</ratings_count>
<text_reviews_count>3</text_reviews_count>
</author>
</authors>
  <published>2009</published>
</book>


      <book>
  <id type="integer">6455165</id>
  <isbn>0517504081</isbn>
  <isbn13>9780517504086</isbn13>
  <text_reviews_count type="integer">0</text_reviews_count>
  <title>The islands of E, Cono &amp; My;</title>
  <title_without_series>The islands of E, Cono &amp; My;</title_without_series>
  <image_url>https://s.gr-assets.com/assets/nophoto/book/111x148-bcc042a9c91a29c1d680899eff700a03.png</image_url>
  <small_image_url>https://s.gr-assets.com/assets/nophoto/book/50x75-a91bf249278a81aabab721ef782c4a74.png</small_image_url>
  <large_image_url/>
  <link>https://www.goodreads.com/book/show/6455165-the-islands-of-e-cono-my</link>
  <num_pages></num_pages>
  <format></format>
  <edition_information/>
  <publisher></publisher>
  <publication_day></publication_day>
  <publication_year></publication_year>
  <publication_month></publication_month>
  <average_rating>5.00</average_rating>
  <ratings_count>1</ratings_count>
  <description></description>
<authors>
<author>
<id>191410</id>
<name>Simon Ramo</name>
<role></role>
<image_url nophoto='true'>
<![CDATA[https://s.gr-assets.com/assets/nophoto/user/m_200x266-d279b33f8eec0f27b7272477f09806be.png]]>
</image_url>
<small_image_url nophoto='true'>
<![CDATA[https://s.gr-assets.com/assets/nophoto/user/m_50x66-82093808bca726cb3249a493fbd3bd0f.png]]>
</small_image_url>
<link><![CDATA[https://www.goodreads.com/author/show/191410.Simon_Ramo]]></link>
<average_rating>4.00</average_rating>
<ratings_count>23</ratings_count>
<text_reviews_count>3</text_reviews_count>
</author>
</authors>
  <published></published>
</book>


      <book>
  <id type="integer">31180588</id>
  <isbn nil="true"/>
  <isbn13 nil="true"/>
  <text_reviews_count type="integer">1</text_reviews_count>
  <title>Cure for Chaos: Fresh Solutions to Social Problems Through the Systems Approach</title>
  <title_without_series>Cure for Chaos: Fresh Solutions to Social Problems Through the Systems Approach</title_without_series>
  <image_url>https://s.gr-assets.com/assets/nophoto/book/111x148-bcc042a9c91a29c1d680899eff700a03.png</image_url>
  <small_image_url>https://s.gr-assets.com/assets/nophoto/book/50x75-a91bf249278a81aabab721ef782c4a74.png</small_image_url>
  <large_image_url/>
  <link>https://www.goodreads.com/book/show/31180588-cure-for-chaos</link>
  <num_pages>116</num_pages>
  <format>Hardcover</format>
  <edition_information/>
  <publisher>David McKay Company, Inc.</publisher>
  <publication_day/>
  <publication_year>1969</publication_year>
  <publication_month/>
  <average_rating>4.00</average_rating>
  <ratings_count>1</ratings_count>
  <description>In recent years, an approach has been developing that may be described as an intellectual discipline for mobilizing science and technology to attack complex, large-scale problems in an objective, logical, complete, and thoroughly professional way. Called the "Systems Approach," it depends upon use of a team of cooperating experts in both the technological and nontechnological aspects of the problem to be analyzed.&lt;br /&gt;&lt;br /&gt;Assuming no professional preparation on the part of the reader, this book discusses how a systems expert goes about analyzing a problem, designing and evaluating answers, simulating and predicting results of alternative proposals, and does these things through the use of techniques which must be described as expert because they can only be done well by people who prepare themselves well and build up experiences in the approach.</description>
<authors>
<author>
<id>191410</id>
<name>Simon Ramo</name>
<role></role>
<image_url nophoto='true'>
<![CDATA[https://s.gr-assets.com/assets/nophoto/user/m_200x266-d279b33f8eec0f27b7272477f09806be.png]]>
</image_url>
<small_image_url nophoto='true'>
<![CDATA[https://s.gr-assets.com/assets/nophoto/user/m_50x66-82093808bca726cb3249a493fbd3bd0f.png]]>
</small_image_url>
<link><![CDATA[https://www.goodreads.com/author/show/191410.Simon_Ramo]]></link>
<average_rating>4.00</average_rating>
<ratings_count>23</ratings_count>
<text_reviews_count>3</text_reviews_count>
</author>
</authors>
  <published>1969</published>
</book>


      <book>
  <id type="integer">34046797</id>
  <isbn>0243147201</isbn>
  <isbn13>9780243147205</isbn13>
  <text_reviews_count type="integer">0</text_reviews_count>
  <title>Peacetime Uses of Outer Space, 1961</title>
  <title_without_series>Peacetime Uses of Outer Space, 1961</title_without_series>
  <image_url>https://images.gr-assets.com/books/1485934543m/34046797.jpg</image_url>
  <small_image_url>https://images.gr-assets.com/books/1485934543s/34046797.jpg</small_image_url>
  <large_image_url/>
  <link>https://www.goodreads.com/book/show/34046797-peacetime-uses-of-outer-space-1961</link>
  <num_pages></num_pages>
  <format>Paperback</format>
  <edition_information/>
  <publisher>Forgotten Books</publisher>
  <publication_day>24</publication_day>
  <publication_year>2017</publication_year>
  <publication_month>1</publication_month>
  <average_rating>0.0</average_rating>
  <ratings_count>0</ratings_count>
  <description>Excerpt from Peacetime Uses of Outer Space, 1961 &lt;br /&gt;Finally, I want to join the University of California in expressing ap preciation to each lecturer-author, who in every case had to find time in an exceedingly busy schedule in order to participate in the series. &lt;br /&gt;About the Publisher &lt;br /&gt;Forgotten Books publishes hundreds of thousands of rare and classic books. Find more at &lt;a target="_blank" href="http://www.forgottenbooks.com" rel="nofollow"&gt;www.forgottenbooks.com&lt;/a&gt; &lt;br /&gt;This book is a reproduction of an important historical work. Forgotten Books uses state-of-the-art technology to digitally reconstruct the work, preserving the original format whilst repairing imperfections present in the aged copy. In rare cases, an imperfection in the original, such as a blemish or missing page, may be replicated in our edition. We do, however, repair the vast majority of imperfections successfully; any imperfections that remain are intentionally left to preserve the state of such historical works.</description>
<authors>
<author>
<id>191410</id>
<name>Simon Ramo</name>
<role></role>
<image_url nophoto='true'>
<![CDATA[https://s.gr-assets.com/assets/nophoto/user/m_200x266-d279b33f8eec0f27b7272477f09806be.png]]>
</image_url>
<small_image_url nophoto='true'>
<![CDATA[https://s.gr-assets.com/assets/nophoto/user/m_50x66-82093808bca726cb3249a493fbd3bd0f.png]]>
</small_image_url>
<link><![CDATA[https://www.goodreads.com/author/show/191410.Simon_Ramo]]></link>
<average_rating>4.00</average_rating>
<ratings_count>23</ratings_count>
<text_reviews_count>3</text_reviews_count>
</author>
</authors>
  <published>2017</published>
</book>


      <book>
  <id type="integer">28697731</id>
  <isbn>0070511659</isbn>
  <isbn13 nil="true"/>
  <text_reviews_count type="integer">0</text_reviews_count>
  <title>Peacetime Uses of Outer Space</title>
  <title_without_series>Peacetime Uses of Outer Space</title_without_series>
  <image_url>https://s.gr-assets.com/assets/nophoto/book/111x148-bcc042a9c91a29c1d680899eff700a03.png</image_url>
  <small_image_url>https://s.gr-assets.com/assets/nophoto/book/50x75-a91bf249278a81aabab721ef782c4a74.png</small_image_url>
  <large_image_url/>
  <link>https://www.goodreads.com/book/show/28697731-peacetime-uses-of-outer-space</link>
  <num_pages></num_pages>
  <format></format>
  <edition_information/>
  <publisher></publisher>
  <publication_day></publication_day>
  <publication_year></publication_year>
  <publication_month></publication_month>
  <average_rating>0.0</average_rating>
  <ratings_count>0</ratings_count>
  <description></description>
<authors>
<author>
<id>191410</id>
<name>Simon Ramo</name>
<role></role>
<image_url nophoto='true'>
<![CDATA[https://s.gr-assets.com/assets/nophoto/user/m_200x266-d279b33f8eec0f27b7272477f09806be.png]]>
</image_url>
<small_image_url nophoto='true'>
<![CDATA[https://s.gr-assets.com/assets/nophoto/user/m_50x66-82093808bca726cb3249a493fbd3bd0f.png]]>
</small_image_url>
<link><![CDATA[https://www.goodreads.com/author/show/191410.Simon_Ramo]]></link>
<average_rating>4.00</average_rating>
<ratings_count>23</ratings_count>
<text_reviews_count>3</text_reviews_count>
</author>
</authors>
  <published></published>
</book>


      <book>
  <id type="integer">27714568</id>
  <isbn>1932800891</isbn>
  <isbn13 nil="true"/>
  <text_reviews_count type="integer">0</text_reviews_count>
  <title>To Wit: A Sense of Humor - A Mandatory Tool of Management</title>
  <title_without_series>To Wit: A Sense of Humor - A Mandatory Tool of Management</title_without_series>
  <image_url>https://s.gr-assets.com/assets/nophoto/book/111x148-bcc042a9c91a29c1d680899eff700a03.png</image_url>
  <small_image_url>https://s.gr-assets.com/assets/nophoto/book/50x75-a91bf249278a81aabab721ef782c4a74.png</small_image_url>
  <large_image_url/>
  <link>https://www.goodreads.com/book/show/27714568-to-wit</link>
  <num_pages></num_pages>
  <format></format>
  <edition_information/>
  <publisher></publisher>
  <publication_day></publication_day>
  <publication_year></publication_year>
  <publication_month></publication_month>
  <average_rating>0.0</average_rating>
  <ratings_count>0</ratings_count>
  <description></description>
<authors>
<author>
<id>191410</id>
<name>Simon Ramo</name>
<role></role>
<image_url nophoto='true'>
<![CDATA[https://s.gr-assets.com/assets/nophoto/user/m_200x266-d279b33f8eec0f27b7272477f09806be.png]]>
</image_url>
<small_image_url nophoto='true'>
<![CDATA[https://s.gr-assets.com/assets/nophoto/user/m_50x66-82093808bca726cb3249a493fbd3bd0f.png]]>
</small_image_url>
<link><![CDATA[https://www.goodreads.com/author/show/191410.Simon_Ramo]]></link>
<average_rating>4.00</average_rating>
<ratings_count>23</ratings_count>
<text_reviews_count>3</text_reviews_count>
</author>
</authors>
  <published></published>
</book>


    </books>
</author>

</GoodreadsResponse>