<?xml version="1.0" encoding="UTF-8"?>
<GoodreadsResponse>
  <Request>
    <authentication>true</authentication>
      <key><![CDATA[sySok63UyYyWi2Wof1HocA]]></key>
    <method><![CDATA[author_show]]></method>
  </Request>
  <author>
  <id>1948539</id>
  <name>Jane Watkins</name>
  <link><![CDATA[https://www.goodreads.com/author/show/1948539.Jane_Watkins]]></link>
  <fans_count type="integer">0</fans_count>
  <author_followers_count type="integer">0</author_followers_count>
  <large_image_url><![CDATA[https://s.gr-assets.com/assets/nophoto/user/f_333x500-c8899232290ea51bb160dea14c29470b.png]]></large_image_url>
  <image_url><![CDATA[https://s.gr-assets.com/assets/nophoto/user/f_200x266-3061b784cc8e7f021c6430c9aba94587.png]]></image_url>
  <small_image_url><![CDATA[https://s.gr-assets.com/assets/nophoto/user/f_50x66-6a03a5c12233c941481992b82eea8d23.png]]></small_image_url>
  <about><![CDATA[Jane Watkins lives in deepest Andalucia in the South of Spain and would like to visit many of the countries she has seen on television. In her mind she frequently travels to other planets and would like to do this in real life (if she could get there and back in time for tea). Also she would like to find one that is beautiful and hospitable with a tapas bar, lively dance music and perhaps a dance floor. So if you discover that one exists somewhere could you please let her know - she might risk 'helmet hair' to go and check it out. When she is on planet Earth you can reach her on sombrerogalaxy5@gmail.com]]></about>
  <influences></influences>
  <works_count>17</works_count>
  <gender>female</gender>
  <hometown></hometown>
  <born_at></born_at>
  <died_at></died_at>
  <goodreads_author></goodreads_author>

    <books>
      <book>
  <id type="integer">17564721</id>
  <isbn nil="true"/>
  <isbn13 nil="true"/>
  <text_reviews_count type="integer">2</text_reviews_count>
  <title>Sword of Destiny (The Young Merlin series, #1)</title>
  <title_without_series>Sword of Destiny</title_without_series>
  <image_url>https://images.gr-assets.com/books/1362758865m/17564721.jpg</image_url>
  <small_image_url>https://images.gr-assets.com/books/1362758865s/17564721.jpg</small_image_url>
  <large_image_url/>
  <link>https://www.goodreads.com/book/show/17564721-sword-of-destiny</link>
  <num_pages>186</num_pages>
  <format>Kindle Edition</format>
  <edition_information/>
  <publisher></publisher>
  <publication_day></publication_day>
  <publication_year></publication_year>
  <publication_month></publication_month>
  <average_rating>2.80</average_rating>
  <ratings_count>5</ratings_count>
  <description>This book is the first in a series that involves the youthful Merlin on the planet Xann where he meets Asgard, the Keeper of The Universe. In exchange for his help he will have possession of the sword Excalibur and join the crew of the spaceship Endeavour to combat evil in the Known Universe. As part of Asgard's team Merlin will have seven lives and (potentially) seven gruesome deaths. This leads to many dangerous missions including one to the planet Earth and in particular to castle Camelot.</description>
<authors>
<author>
<id>1948539</id>
<name>Jane Watkins</name>
<role></role>
<image_url nophoto='true'>
<![CDATA[https://s.gr-assets.com/assets/nophoto/user/f_200x266-3061b784cc8e7f021c6430c9aba94587.png]]>
</image_url>
<small_image_url nophoto='true'>
<![CDATA[https://s.gr-assets.com/assets/nophoto/user/f_50x66-6a03a5c12233c941481992b82eea8d23.png]]>
</small_image_url>
<link><![CDATA[https://www.goodreads.com/author/show/1948539.Jane_Watkins]]></link>
<average_rating>3.50</average_rating>
<ratings_count>10</ratings_count>
<text_reviews_count>2</text_reviews_count>
</author>
</authors>
  <published></published>
</book>


      <book>
  <id type="integer">20829402</id>
  <isbn>0983263701</isbn>
  <isbn13 nil="true"/>
  <text_reviews_count type="integer">0</text_reviews_count>
  <title>St. Croix Food &amp; Wine Experience: A Culinary Guide to the Island Featuring More Than 100 Recipes from Island and Celebrity Chefs</title>
  <title_without_series>St. Croix Food &amp; Wine Experience: A Culinary Guide to the Island Featuring More Than 100 Recipes from Island and Celebrity Chefs</title_without_series>
  <image_url>https://s.gr-assets.com/assets/nophoto/book/111x148-bcc042a9c91a29c1d680899eff700a03.png</image_url>
  <small_image_url>https://s.gr-assets.com/assets/nophoto/book/50x75-a91bf249278a81aabab721ef782c4a74.png</small_image_url>
  <large_image_url/>
  <link>https://www.goodreads.com/book/show/20829402-st-croix-food-wine-experience</link>
  <num_pages></num_pages>
  <format></format>
  <edition_information/>
  <publisher></publisher>
  <publication_day></publication_day>
  <publication_year></publication_year>
  <publication_month></publication_month>
  <average_rating>5.00</average_rating>
  <ratings_count>2</ratings_count>
  <description></description>
<authors>
<author>
<id>1948539</id>
<name>Jane Watkins</name>
<role></role>
<image_url nophoto='true'>
<![CDATA[https://s.gr-assets.com/assets/nophoto/user/f_200x266-3061b784cc8e7f021c6430c9aba94587.png]]>
</image_url>
<small_image_url nophoto='true'>
<![CDATA[https://s.gr-assets.com/assets/nophoto/user/f_50x66-6a03a5c12233c941481992b82eea8d23.png]]>
</small_image_url>
<link><![CDATA[https://www.goodreads.com/author/show/1948539.Jane_Watkins]]></link>
<average_rating>3.50</average_rating>
<ratings_count>10</ratings_count>
<text_reviews_count>2</text_reviews_count>
</author>
</authors>
  <published></published>
</book>


      <book>
  <id type="integer">19416471</id>
  <isbn nil="true"/>
  <isbn13 nil="true"/>
  <text_reviews_count type="integer">0</text_reviews_count>
  <title>The Bad Hat</title>
  <title_without_series>The Bad Hat</title_without_series>
  <image_url>https://s.gr-assets.com/assets/nophoto/book/111x148-bcc042a9c91a29c1d680899eff700a03.png</image_url>
  <small_image_url>https://s.gr-assets.com/assets/nophoto/book/50x75-a91bf249278a81aabab721ef782c4a74.png</small_image_url>
  <large_image_url/>
  <link>https://www.goodreads.com/book/show/19416471-the-bad-hat</link>
  <num_pages></num_pages>
  <format></format>
  <edition_information/>
  <publisher></publisher>
  <publication_day></publication_day>
  <publication_year></publication_year>
  <publication_month></publication_month>
  <average_rating>0.0</average_rating>
  <ratings_count>0</ratings_count>
  <description></description>
<authors>
<author>
<id>1948539</id>
<name>Jane Watkins</name>
<role></role>
<image_url nophoto='true'>
<![CDATA[https://s.gr-assets.com/assets/nophoto/user/f_200x266-3061b784cc8e7f021c6430c9aba94587.png]]>
</image_url>
<small_image_url nophoto='true'>
<![CDATA[https://s.gr-assets.com/assets/nophoto/user/f_50x66-6a03a5c12233c941481992b82eea8d23.png]]>
</small_image_url>
<link><![CDATA[https://www.goodreads.com/author/show/1948539.Jane_Watkins]]></link>
<average_rating>3.50</average_rating>
<ratings_count>10</ratings_count>
<text_reviews_count>2</text_reviews_count>
</author>
</authors>
  <published></published>
</book>


      <book>
  <id type="integer">20408176</id>
  <isbn nil="true"/>
  <isbn13 nil="true"/>
  <text_reviews_count type="integer">0</text_reviews_count>
  <title>The Lost Kingdom of Pendragon (The Young Merlin series)</title>
  <title_without_series>The Lost Kingdom of Pendragon</title_without_series>
  <image_url>https://s.gr-assets.com/assets/nophoto/book/111x148-bcc042a9c91a29c1d680899eff700a03.png</image_url>
  <small_image_url>https://s.gr-assets.com/assets/nophoto/book/50x75-a91bf249278a81aabab721ef782c4a74.png</small_image_url>
  <large_image_url/>
  <link>https://www.goodreads.com/book/show/20408176-the-lost-kingdom-of-pendragon</link>
  <num_pages></num_pages>
  <format></format>
  <edition_information/>
  <publisher></publisher>
  <publication_day></publication_day>
  <publication_year></publication_year>
  <publication_month></publication_month>
  <average_rating>3.00</average_rating>
  <ratings_count>1</ratings_count>
  <description></description>
<authors>
<author>
<id>1948539</id>
<name>Jane Watkins</name>
<role></role>
<image_url nophoto='true'>
<![CDATA[https://s.gr-assets.com/assets/nophoto/user/f_200x266-3061b784cc8e7f021c6430c9aba94587.png]]>
</image_url>
<small_image_url nophoto='true'>
<![CDATA[https://s.gr-assets.com/assets/nophoto/user/f_50x66-6a03a5c12233c941481992b82eea8d23.png]]>
</small_image_url>
<link><![CDATA[https://www.goodreads.com/author/show/1948539.Jane_Watkins]]></link>
<average_rating>3.50</average_rating>
<ratings_count>10</ratings_count>
<text_reviews_count>2</text_reviews_count>
</author>
</authors>
  <published></published>
</book>


      <book>
  <id type="integer">19431994</id>
  <isbn nil="true"/>
  <isbn13 nil="true"/>
  <text_reviews_count type="integer">0</text_reviews_count>
  <title>Venom and Vengeance (The Young Merlin series)</title>
  <title_without_series>Venom and Vengeance</title_without_series>
  <image_url>https://s.gr-assets.com/assets/nophoto/book/111x148-bcc042a9c91a29c1d680899eff700a03.png</image_url>
  <small_image_url>https://s.gr-assets.com/assets/nophoto/book/50x75-a91bf249278a81aabab721ef782c4a74.png</small_image_url>
  <large_image_url/>
  <link>https://www.goodreads.com/book/show/19431994-venom-and-vengeance</link>
  <num_pages></num_pages>
  <format></format>
  <edition_information/>
  <publisher></publisher>
  <publication_day></publication_day>
  <publication_year></publication_year>
  <publication_month></publication_month>
  <average_rating>3.00</average_rating>
  <ratings_count>1</ratings_count>
  <description></description>
<authors>
<author>
<id>1948539</id>
<name>Jane Watkins</name>
<role></role>
<image_url nophoto='true'>
<![CDATA[https://s.gr-assets.com/assets/nophoto/user/f_200x266-3061b784cc8e7f021c6430c9aba94587.png]]>
</image_url>
<small_image_url nophoto='true'>
<![CDATA[https://s.gr-assets.com/assets/nophoto/user/f_50x66-6a03a5c12233c941481992b82eea8d23.png]]>
</small_image_url>
<link><![CDATA[https://www.goodreads.com/author/show/1948539.Jane_Watkins]]></link>
<average_rating>3.50</average_rating>
<ratings_count>10</ratings_count>
<text_reviews_count>2</text_reviews_count>
</author>
</authors>
  <published></published>
</book>


      <book>
  <id type="integer">22461721</id>
  <isbn nil="true"/>
  <isbn13 nil="true"/>
  <text_reviews_count type="integer">0</text_reviews_count>
  <title>Impossible Worlds (The Young Merlin series)</title>
  <title_without_series>Impossible Worlds</title_without_series>
  <image_url>https://s.gr-assets.com/assets/nophoto/book/111x148-bcc042a9c91a29c1d680899eff700a03.png</image_url>
  <small_image_url>https://s.gr-assets.com/assets/nophoto/book/50x75-a91bf249278a81aabab721ef782c4a74.png</small_image_url>
  <large_image_url/>
  <link>https://www.goodreads.com/book/show/22461721-impossible-worlds</link>
  <num_pages></num_pages>
  <format></format>
  <edition_information/>
  <publisher></publisher>
  <publication_day></publication_day>
  <publication_year></publication_year>
  <publication_month></publication_month>
  <average_rating>0.0</average_rating>
  <ratings_count>0</ratings_count>
  <description></description>
<authors>
<author>
<id>1948539</id>
<name>Jane Watkins</name>
<role></role>
<image_url nophoto='true'>
<![CDATA[https://s.gr-assets.com/assets/nophoto/user/f_200x266-3061b784cc8e7f021c6430c9aba94587.png]]>
</image_url>
<small_image_url nophoto='true'>
<![CDATA[https://s.gr-assets.com/assets/nophoto/user/f_50x66-6a03a5c12233c941481992b82eea8d23.png]]>
</small_image_url>
<link><![CDATA[https://www.goodreads.com/author/show/1948539.Jane_Watkins]]></link>
<average_rating>3.50</average_rating>
<ratings_count>10</ratings_count>
<text_reviews_count>2</text_reviews_count>
</author>
</authors>
  <published></published>
</book>


      <book>
  <id type="integer">21268557</id>
  <isbn nil="true"/>
  <isbn13 nil="true"/>
  <text_reviews_count type="integer">0</text_reviews_count>
  <title>Bitter Legacy (The Young Merlin series)</title>
  <title_without_series>Bitter Legacy</title_without_series>
  <image_url>https://s.gr-assets.com/assets/nophoto/book/111x148-bcc042a9c91a29c1d680899eff700a03.png</image_url>
  <small_image_url>https://s.gr-assets.com/assets/nophoto/book/50x75-a91bf249278a81aabab721ef782c4a74.png</small_image_url>
  <large_image_url/>
  <link>https://www.goodreads.com/book/show/21268557-bitter-legacy</link>
  <num_pages></num_pages>
  <format></format>
  <edition_information/>
  <publisher></publisher>
  <publication_day></publication_day>
  <publication_year></publication_year>
  <publication_month></publication_month>
  <average_rating>0.0</average_rating>
  <ratings_count>0</ratings_count>
  <description></description>
<authors>
<author>
<id>1948539</id>
<name>Jane Watkins</name>
<role></role>
<image_url nophoto='true'>
<![CDATA[https://s.gr-assets.com/assets/nophoto/user/f_200x266-3061b784cc8e7f021c6430c9aba94587.png]]>
</image_url>
<small_image_url nophoto='true'>
<![CDATA[https://s.gr-assets.com/assets/nophoto/user/f_50x66-6a03a5c12233c941481992b82eea8d23.png]]>
</small_image_url>
<link><![CDATA[https://www.goodreads.com/author/show/1948539.Jane_Watkins]]></link>
<average_rating>3.50</average_rating>
<ratings_count>10</ratings_count>
<text_reviews_count>2</text_reviews_count>
</author>
</authors>
  <published></published>
</book>


      <book>
  <id type="integer">18886869</id>
  <isbn nil="true"/>
  <isbn13 nil="true"/>
  <text_reviews_count type="integer">0</text_reviews_count>
  <title>Spellbound</title>
  <title_without_series>Spellbound</title_without_series>
  <image_url>https://s.gr-assets.com/assets/nophoto/book/111x148-bcc042a9c91a29c1d680899eff700a03.png</image_url>
  <small_image_url>https://s.gr-assets.com/assets/nophoto/book/50x75-a91bf249278a81aabab721ef782c4a74.png</small_image_url>
  <large_image_url/>
  <link>https://www.goodreads.com/book/show/18886869-spellbound</link>
  <num_pages></num_pages>
  <format></format>
  <edition_information/>
  <publisher></publisher>
  <publication_day></publication_day>
  <publication_year></publication_year>
  <publication_month></publication_month>
  <average_rating>0.0</average_rating>
  <ratings_count>0</ratings_count>
  <description></description>
<authors>
<author>
<id>1948539</id>
<name>Jane Watkins</name>
<role></role>
<image_url nophoto='true'>
<![CDATA[https://s.gr-assets.com/assets/nophoto/user/f_200x266-3061b784cc8e7f021c6430c9aba94587.png]]>
</image_url>
<small_image_url nophoto='true'>
<![CDATA[https://s.gr-assets.com/assets/nophoto/user/f_50x66-6a03a5c12233c941481992b82eea8d23.png]]>
</small_image_url>
<link><![CDATA[https://www.goodreads.com/author/show/1948539.Jane_Watkins]]></link>
<average_rating>3.50</average_rating>
<ratings_count>10</ratings_count>
<text_reviews_count>2</text_reviews_count>
</author>
</authors>
  <published></published>
</book>


      <book>
  <id type="integer">4680174</id>
  <isbn>0060145749</isbn>
  <isbn13>9780060145743</isbn13>
  <text_reviews_count type="integer">0</text_reviews_count>
  <title>Family Affairs</title>
  <title_without_series>Family Affairs</title_without_series>
  <image_url>https://s.gr-assets.com/assets/nophoto/book/111x148-bcc042a9c91a29c1d680899eff700a03.png</image_url>
  <small_image_url>https://s.gr-assets.com/assets/nophoto/book/50x75-a91bf249278a81aabab721ef782c4a74.png</small_image_url>
  <large_image_url/>
  <link>https://www.goodreads.com/book/show/4680174-family-affairs</link>
  <num_pages>242</num_pages>
  <format>Unknown Binding</format>
  <edition_information/>
  <publisher>HarperCollins Publishers</publisher>
  <publication_day>1</publication_day>
  <publication_year>1977</publication_year>
  <publication_month>1</publication_month>
  <average_rating>0.0</average_rating>
  <ratings_count>0</ratings_count>
  <description></description>
<authors>
<author>
<id>1948539</id>
<name>Jane Watkins</name>
<role></role>
<image_url nophoto='true'>
<![CDATA[https://s.gr-assets.com/assets/nophoto/user/f_200x266-3061b784cc8e7f021c6430c9aba94587.png]]>
</image_url>
<small_image_url nophoto='true'>
<![CDATA[https://s.gr-assets.com/assets/nophoto/user/f_50x66-6a03a5c12233c941481992b82eea8d23.png]]>
</small_image_url>
<link><![CDATA[https://www.goodreads.com/author/show/1948539.Jane_Watkins]]></link>
<average_rating>3.50</average_rating>
<ratings_count>10</ratings_count>
<text_reviews_count>2</text_reviews_count>
</author>
</authors>
  <published>1977</published>
</book>


      <book>
  <id type="integer">3287044</id>
  <isbn>0812279638</isbn>
  <isbn13>9780812279634</isbn13>
  <text_reviews_count type="integer">0</text_reviews_count>
  <title>Studies in European Arms and Armor: The C. Von Kienbusch Collection in the Philadelphia Museum of Art</title>
  <title_without_series>Studies in European Arms and Armor: The C. Von Kienbusch Collection in the Philadelphia Museum of Art</title_without_series>
  <image_url>https://s.gr-assets.com/assets/nophoto/book/111x148-bcc042a9c91a29c1d680899eff700a03.png</image_url>
  <small_image_url>https://s.gr-assets.com/assets/nophoto/book/50x75-a91bf249278a81aabab721ef782c4a74.png</small_image_url>
  <large_image_url/>
  <link>https://www.goodreads.com/book/show/3287044-studies-in-european-arms-and-armor</link>
  <num_pages>207</num_pages>
  <format>Hardcover</format>
  <edition_information/>
  <publisher>University of Pennsylvania Press</publisher>
  <publication_day>1</publication_day>
  <publication_year>1992</publication_year>
  <publication_month>3</publication_month>
  <average_rating>3.80</average_rating>
  <ratings_count>5</ratings_count>
  <description></description>
<authors>
<author>
<id>1539624</id>
<name>Helmut Nickel</name>
<role></role>
<image_url nophoto='true'>
<![CDATA[https://s.gr-assets.com/assets/nophoto/user/u_200x266-e183445fd1a1b5cc7075bb1cf7043306.png]]>
</image_url>
<small_image_url nophoto='true'>
<![CDATA[https://s.gr-assets.com/assets/nophoto/user/u_50x66-632230dc9882b4352d753eedf9396530.png]]>
</small_image_url>
<link><![CDATA[https://www.goodreads.com/author/show/1539624.Helmut_Nickel]]></link>
<average_rating>4.00</average_rating>
<ratings_count>7</ratings_count>
<text_reviews_count>0</text_reviews_count>
</author>
</authors>
  <published>1992</published>
</book>


    </books>
</author>

</GoodreadsResponse>