<?xml version="1.0" encoding="UTF-8"?>
<GoodreadsResponse>
  <Request>
    <authentication>true</authentication>
      <key><![CDATA[sySok63UyYyWi2Wof1HocA]]></key>
    <method><![CDATA[author_show]]></method>
  </Request>
  <author>
  <id>1970907</id>
  <name>Jill Rheaume</name>
  <link><![CDATA[https://www.goodreads.com/author/show/1970907.Jill_Rheaume]]></link>
  <fans_count type="integer">1</fans_count>
  <author_followers_count type="integer">1</author_followers_count>
  <large_image_url><![CDATA[https://images.gr-assets.com/authors/1225001144p7/1970907.jpg]]></large_image_url>
  <image_url><![CDATA[https://images.gr-assets.com/authors/1225001144p5/1970907.jpg]]></image_url>
  <small_image_url><![CDATA[https://images.gr-assets.com/authors/1225001144p2/1970907.jpg]]></small_image_url>
  <about></about>
  <influences></influences>
  <works_count>2</works_count>
  <gender>female</gender>
  <hometown></hometown>
  <born_at></born_at>
  <died_at></died_at>
  <goodreads_author>true</goodreads_author>
    <user>
  <id type="integer">1638650</id>
</user>


    <books>
      <book>
  <id type="integer">16276421</id>
  <isbn>1479338494</isbn>
  <isbn13>9781479338498</isbn13>
  <text_reviews_count type="integer">0</text_reviews_count>
  <title>Gunney Gets a Bath</title>
  <title_without_series>Gunney Gets a Bath</title_without_series>
  <image_url>https://images.gr-assets.com/books/1355996234m/16276421.jpg</image_url>
  <small_image_url>https://images.gr-assets.com/books/1355996234s/16276421.jpg</small_image_url>
  <large_image_url/>
  <link>https://www.goodreads.com/book/show/16276421-gunney-gets-a-bath</link>
  <num_pages></num_pages>
  <format></format>
  <edition_information/>
  <publisher></publisher>
  <publication_day></publication_day>
  <publication_year></publication_year>
  <publication_month></publication_month>
  <average_rating>0.0</average_rating>
  <ratings_count>0</ratings_count>
  <description></description>
<authors>
<author>
<id>1970907</id>
<name>Jill Rheaume</name>
<role></role>
<image_url nophoto='false'>
<![CDATA[https://images.gr-assets.com/authors/1225001144p5/1970907.jpg]]>
</image_url>
<small_image_url nophoto='false'>
<![CDATA[https://images.gr-assets.com/authors/1225001144p2/1970907.jpg]]>
</small_image_url>
<link><![CDATA[https://www.goodreads.com/author/show/1970907.Jill_Rheaume]]></link>
<average_rating>0.0</average_rating>
<ratings_count>0</ratings_count>
<text_reviews_count>1</text_reviews_count>
</author>
</authors>
  <published></published>
</book>


      <book>
  <id type="integer">4734274</id>
  <isbn>1435706110</isbn>
  <isbn13>9781435706118</isbn13>
  <text_reviews_count type="integer">1</text_reviews_count>
  <title>Surviving Me: The Personal Journey of a Recovering Alcoholic</title>
  <title_without_series>Surviving Me: The Personal Journey of a Recovering Alcoholic</title_without_series>
  <image_url>https://s.gr-assets.com/assets/nophoto/book/111x148-bcc042a9c91a29c1d680899eff700a03.png</image_url>
  <small_image_url>https://s.gr-assets.com/assets/nophoto/book/50x75-a91bf249278a81aabab721ef782c4a74.png</small_image_url>
  <large_image_url/>
  <link>https://www.goodreads.com/book/show/4734274-surviving-me</link>
  <num_pages>148</num_pages>
  <format>Paperback</format>
  <edition_information/>
  <publisher>Lulu.com</publisher>
  <publication_day>1</publication_day>
  <publication_year>2008</publication_year>
  <publication_month>1</publication_month>
  <average_rating>0.0</average_rating>
  <ratings_count>0</ratings_count>
  <description>This is the story of a young woman named Jayne. As she struggles to survive the life she created for herself, Jayne decides to enter rehab and turn her life around. This inspiring story gives readers a refreshingly honest look at the life of a recovering alcoholic. This book is based on a true story.</description>
<authors>
<author>
<id>1970907</id>
<name>Jill Rheaume</name>
<role></role>
<image_url nophoto='false'>
<![CDATA[https://images.gr-assets.com/authors/1225001144p5/1970907.jpg]]>
</image_url>
<small_image_url nophoto='false'>
<![CDATA[https://images.gr-assets.com/authors/1225001144p2/1970907.jpg]]>
</small_image_url>
<link><![CDATA[https://www.goodreads.com/author/show/1970907.Jill_Rheaume]]></link>
<average_rating>0.0</average_rating>
<ratings_count>0</ratings_count>
<text_reviews_count>1</text_reviews_count>
</author>
</authors>
  <published>2008</published>
</book>


    </books>
</author>

</GoodreadsResponse>