<?xml version="1.0" encoding="UTF-8"?>
<GoodreadsResponse>
  <Request>
    <authentication>true</authentication>
      <key><![CDATA[sySok63UyYyWi2Wof1HocA]]></key>
    <method><![CDATA[author_show]]></method>
  </Request>
  <author>
  <id>205033</id>
  <name>Peter Hinchliffe</name>
  <link><![CDATA[https://www.goodreads.com/author/show/205033.Peter_Hinchliffe]]></link>
  <fans_count type="integer">0</fans_count>
  <author_followers_count type="integer">0</author_followers_count>
  <large_image_url><![CDATA[https://s.gr-assets.com/assets/nophoto/user/m_333x500-a9c67bed07ee7e10983a5d5ccc572516.png]]></large_image_url>
  <image_url><![CDATA[https://s.gr-assets.com/assets/nophoto/user/m_200x266-d279b33f8eec0f27b7272477f09806be.png]]></image_url>
  <small_image_url><![CDATA[https://s.gr-assets.com/assets/nophoto/user/m_50x66-82093808bca726cb3249a493fbd3bd0f.png]]></small_image_url>
  <about><![CDATA[Peter Hinchliffe, OBE, flew as a navigator with RAF Bomber Command from 1944 to 1945. His interest in the German night-fighter force stems from November 1944, when he was shot down by a night fighter over Belgium during an operational sortie.<br /><br />After a period as a schoolteacher postwar, Hinchliffe rejoined the RAF as a fighter controller, retiring from the RAF in 1966 and joining the Foreign and Commonwealth Office, where his knowledge of German took him frequently to Germany.]]></about>
  <influences></influences>
  <works_count>4</works_count>
  <gender>male</gender>
  <hometown></hometown>
  <born_at></born_at>
  <died_at></died_at>
  <goodreads_author></goodreads_author>

    <books>
      <book>
  <id type="integer">1644519</id>
  <isbn>0785814183</isbn>
  <isbn13>9780785814184</isbn13>
  <text_reviews_count type="integer">1</text_reviews_count>
  <title>The Other Battle</title>
  <title_without_series>The Other Battle</title_without_series>
  <image_url>https://s.gr-assets.com/assets/nophoto/book/111x148-bcc042a9c91a29c1d680899eff700a03.png</image_url>
  <small_image_url>https://s.gr-assets.com/assets/nophoto/book/50x75-a91bf249278a81aabab721ef782c4a74.png</small_image_url>
  <large_image_url/>
  <link>https://www.goodreads.com/book/show/1644519.The_Other_Battle</link>
  <num_pages></num_pages>
  <format></format>
  <edition_information/>
  <publisher></publisher>
  <publication_day></publication_day>
  <publication_year></publication_year>
  <publication_month></publication_month>
  <average_rating>4.54</average_rating>
  <ratings_count>13</ratings_count>
  <description></description>
<authors>
<author>
<id>205033</id>
<name>Peter Hinchliffe</name>
<role></role>
<image_url nophoto='true'>
<![CDATA[https://s.gr-assets.com/assets/nophoto/user/m_200x266-d279b33f8eec0f27b7272477f09806be.png]]>
</image_url>
<small_image_url nophoto='true'>
<![CDATA[https://s.gr-assets.com/assets/nophoto/user/m_50x66-82093808bca726cb3249a493fbd3bd0f.png]]>
</small_image_url>
<link><![CDATA[https://www.goodreads.com/author/show/205033.Peter_Hinchliffe]]></link>
<average_rating>4.53</average_rating>
<ratings_count>19</ratings_count>
<text_reviews_count>2</text_reviews_count>
</author>
</authors>
  <published></published>
</book>


      <book>
  <id type="integer">2443128</id>
  <isbn>1841451053</isbn>
  <isbn13>9781841451053</isbn13>
  <text_reviews_count type="integer">1</text_reviews_count>
  <title>Helmut Lent: The Lent Papers</title>
  <title_without_series>Helmut Lent: The Lent Papers</title_without_series>
  <image_url>https://images.gr-assets.com/books/1328849499m/2443128.jpg</image_url>
  <small_image_url>https://images.gr-assets.com/books/1328849499s/2443128.jpg</small_image_url>
  <large_image_url/>
  <link>https://www.goodreads.com/book/show/2443128.Helmut_Lent</link>
  <num_pages>320</num_pages>
  <format>Hardcover</format>
  <edition_information/>
  <publisher>Cerberus Publishing Ltd.</publisher>
  <publication_day>25</publication_day>
  <publication_year>2005</publication_year>
  <publication_month>6</publication_month>
  <average_rating>4.50</average_rating>
  <ratings_count>6</ratings_count>
  <description>The life of this outstanding Luftwaffe personality and leading exponent of night fighter tactics, who was killed when his plane crashed in October 1944.</description>
<authors>
<author>
<id>205033</id>
<name>Peter Hinchliffe</name>
<role></role>
<image_url nophoto='true'>
<![CDATA[https://s.gr-assets.com/assets/nophoto/user/m_200x266-d279b33f8eec0f27b7272477f09806be.png]]>
</image_url>
<small_image_url nophoto='true'>
<![CDATA[https://s.gr-assets.com/assets/nophoto/user/m_50x66-82093808bca726cb3249a493fbd3bd0f.png]]>
</small_image_url>
<link><![CDATA[https://www.goodreads.com/author/show/205033.Peter_Hinchliffe]]></link>
<average_rating>4.53</average_rating>
<ratings_count>19</ratings_count>
<text_reviews_count>2</text_reviews_count>
</author>
</authors>
  <published>2005</published>
</book>


      <book>
  <id type="integer">28365269</id>
  <isbn>1840373032</isbn>
  <isbn13 nil="true"/>
  <text_reviews_count type="integer">0</text_reviews_count>
  <title>The Other Battle: Luftwaffe Night Aces Versus Bomber Command</title>
  <title_without_series>The Other Battle: Luftwaffe Night Aces Versus Bomber Command</title_without_series>
  <image_url>https://s.gr-assets.com/assets/nophoto/book/111x148-bcc042a9c91a29c1d680899eff700a03.png</image_url>
  <small_image_url>https://s.gr-assets.com/assets/nophoto/book/50x75-a91bf249278a81aabab721ef782c4a74.png</small_image_url>
  <large_image_url/>
  <link>https://www.goodreads.com/book/show/28365269-the-other-battle</link>
  <num_pages></num_pages>
  <format></format>
  <edition_information/>
  <publisher></publisher>
  <publication_day></publication_day>
  <publication_year></publication_year>
  <publication_month></publication_month>
  <average_rating>0.0</average_rating>
  <ratings_count>0</ratings_count>
  <description></description>
<authors>
<author>
<id>205033</id>
<name>Peter Hinchliffe</name>
<role></role>
<image_url nophoto='true'>
<![CDATA[https://s.gr-assets.com/assets/nophoto/user/m_200x266-d279b33f8eec0f27b7272477f09806be.png]]>
</image_url>
<small_image_url nophoto='true'>
<![CDATA[https://s.gr-assets.com/assets/nophoto/user/m_50x66-82093808bca726cb3249a493fbd3bd0f.png]]>
</small_image_url>
<link><![CDATA[https://www.goodreads.com/author/show/205033.Peter_Hinchliffe]]></link>
<average_rating>4.53</average_rating>
<ratings_count>19</ratings_count>
<text_reviews_count>2</text_reviews_count>
</author>
</authors>
  <published></published>
</book>


      <book>
  <id type="integer">22526891</id>
  <isbn>1499647107</isbn>
  <isbn13>9781499647105</isbn13>
  <text_reviews_count type="integer">0</text_reviews_count>
  <title>Enemy in the Dark: The Story of a Luftwaffe Night-Fighter Pilot</title>
  <title_without_series>Enemy in the Dark: The Story of a Luftwaffe Night-Fighter Pilot</title_without_series>
  <image_url>https://images.gr-assets.com/books/1403187003m/22526891.jpg</image_url>
  <small_image_url>https://images.gr-assets.com/books/1403187003s/22526891.jpg</small_image_url>
  <large_image_url/>
  <link>https://www.goodreads.com/book/show/22526891-enemy-in-the-dark</link>
  <num_pages>162</num_pages>
  <format>Paperback</format>
  <edition_information/>
  <publisher>Createspace Independent Publishing Platform</publisher>
  <publication_day>2</publication_day>
  <publication_year>2014</publication_year>
  <publication_month>6</publication_month>
  <average_rating>3.75</average_rating>
  <ratings_count>4</ratings_count>
  <description>This book tells the story of a German night fighter pilot during World War II. The autobiography of Peter Spoden provides insight into his childhood and upbringing, as well as detailing his wartime and post- war career, and the part he played in the short but remarkable history of the Nachtjagd. The shortcomings in the Luftwaffe's night time defences became all too apparent when Bomber Command, having sustained appalling losses during the day, switched to night attacks. Over the next five years, in the night skies of Europe, there followed a life and death struggle between the aircrews of the Nachtjagd and Bomber Command.</description>
<authors>
<author>
<id>113042</id>
<name>Peter Spoden</name>
<role></role>
<image_url nophoto='true'>
<![CDATA[https://s.gr-assets.com/assets/nophoto/user/u_200x266-e183445fd1a1b5cc7075bb1cf7043306.png]]>
</image_url>
<small_image_url nophoto='true'>
<![CDATA[https://s.gr-assets.com/assets/nophoto/user/u_50x66-632230dc9882b4352d753eedf9396530.png]]>
</small_image_url>
<link><![CDATA[https://www.goodreads.com/author/show/113042.Peter_Spoden]]></link>
<average_rating>3.75</average_rating>
<ratings_count>4</ratings_count>
<text_reviews_count>0</text_reviews_count>
</author>
</authors>
  <published>2014</published>
</book>


    </books>
</author>

</GoodreadsResponse>