<?xml version="1.0" encoding="UTF-8"?>
<GoodreadsResponse>
  <Request>
    <authentication>true</authentication>
      <key><![CDATA[sySok63UyYyWi2Wof1HocA]]></key>
    <method><![CDATA[author_show]]></method>
  </Request>
  <author>
  <id>210000</id>
  <name>Doris Shannon</name>
  <link><![CDATA[https://www.goodreads.com/author/show/210000.Doris_Shannon]]></link>
  <fans_count type="integer">0</fans_count>
  <author_followers_count type="integer">0</author_followers_count>
  <large_image_url><![CDATA[https://s.gr-assets.com/assets/nophoto/user/f_333x500-c8899232290ea51bb160dea14c29470b.png]]></large_image_url>
  <image_url><![CDATA[https://s.gr-assets.com/assets/nophoto/user/f_200x266-3061b784cc8e7f021c6430c9aba94587.png]]></image_url>
  <small_image_url><![CDATA[https://s.gr-assets.com/assets/nophoto/user/f_50x66-6a03a5c12233c941481992b82eea8d23.png]]></small_image_url>
  <about><![CDATA[Doris Giroux Shannon was born in Elmira, New York, daughter of Edwin Giroux and Elizabeth Graham. Married Frank Shannon in 1947. They had two children. <br /><br />She also wrote under the pseudonym '<a href="https://www.goodreads.com/author/show/209999.E_X__Giroux" title="E.X. Giroux" rel="nofollow">E.X. Giroux</a>'. Under that pseudonym she created 'Robert Forsythe', a retired barrister in London.]]></about>
  <influences></influences>
  <works_count>9</works_count>
  <gender>female</gender>
  <hometown>Elmira, New York</hometown>
  <born_at>1924/08/07</born_at>
  <died_at>2012/08/13</died_at>
  <goodreads_author></goodreads_author>

    <books>
      <book>
  <id type="integer">7744998</id>
  <isbn>0312077823</isbn>
  <isbn13>9780312077822</isbn13>
  <text_reviews_count type="integer">2</text_reviews_count>
  <title>Beyond the Shining Mountains</title>
  <title_without_series>Beyond the Shining Mountains</title_without_series>
  <image_url>https://images.gr-assets.com/books/1349558360m/7744998.jpg</image_url>
  <small_image_url>https://images.gr-assets.com/books/1349558360s/7744998.jpg</small_image_url>
  <large_image_url/>
  <link>https://www.goodreads.com/book/show/7744998-beyond-the-shining-mountains</link>
  <num_pages>340</num_pages>
  <format>Hardcover</format>
  <edition_information/>
  <publisher>St. Martin's Press</publisher>
  <publication_day>1</publication_day>
  <publication_year>1979</publication_year>
  <publication_month>1</publication_month>
  <average_rating>4.12</average_rating>
  <ratings_count>8</ratings_count>
  <description>"Historical mileposts, works of art and literature richly studded the year of 1812." It was in 1812 that the army of Napoleon Banapoarte entered Moscow in triumph. It was in 1812 that the United States purchased Louisiana and declared war on Britain. And it was in 1812 that Laurie Woodbyne, son of an English aristocrat, married for money. Esmeralda is a passionate wife, but suddenly things go sour, and Laurie wants to know why. When he discovers his wife's strange secret, he heads toward the frontier territory know as &lt;i&gt;le pays sauvage...&lt;/i&gt;&lt;br /&gt;&lt;br /&gt;Rowan Malone is a beautiful, dark-haired half-breed, and 1812 found her being raised by the Sisters of St. Claire. When her innocence is torn from her by three drunken boys, she too heads for the Shining Mountains to the west. But the land of her mother's people is many hard miles away, and the &lt;i&gt;voyageurs&lt;/i&gt; who agree to make the trip look at her with hungry eyes...&lt;br /&gt;&lt;br /&gt;When Laurie hears Rowan's screams from the woods, their journey has only begun. It is a journey between two continents, into a wilderness which challenges them to survive. It is a journey between men and women and the desire that makes them lovers or enemies.&lt;br /&gt;&lt;br /&gt;BEYOND THE SHINING MOUNTAINS is an epic of survival in the majestic Pacific Northwest; a spellbinding story of the forces that move mountains and men.</description>
<authors>
<author>
<id>210000</id>
<name>Doris Shannon</name>
<role></role>
<image_url nophoto='true'>
<![CDATA[https://s.gr-assets.com/assets/nophoto/user/f_200x266-3061b784cc8e7f021c6430c9aba94587.png]]>
</image_url>
<small_image_url nophoto='true'>
<![CDATA[https://s.gr-assets.com/assets/nophoto/user/f_50x66-6a03a5c12233c941481992b82eea8d23.png]]>
</small_image_url>
<link><![CDATA[https://www.goodreads.com/author/show/210000.Doris_Shannon]]></link>
<average_rating>3.90</average_rating>
<ratings_count>39</ratings_count>
<text_reviews_count>6</text_reviews_count>
</author>
</authors>
  <published>1979</published>
</book>


      <book>
  <id type="integer">6665113</id>
  <isbn>0312904630</isbn>
  <isbn13>9780312904630</isbn13>
  <text_reviews_count type="integer">1</text_reviews_count>
  <title>Family Money</title>
  <title_without_series>Family Money</title_without_series>
  <image_url>https://images.gr-assets.com/books/1303845283m/6665113.jpg</image_url>
  <small_image_url>https://images.gr-assets.com/books/1303845283s/6665113.jpg</small_image_url>
  <large_image_url/>
  <link>https://www.goodreads.com/book/show/6665113-family-money</link>
  <num_pages>454</num_pages>
  <format></format>
  <edition_information/>
  <publisher>St Martins Press</publisher>
  <publication_day>1</publication_day>
  <publication_year>1986</publication_year>
  <publication_month>10</publication_month>
  <average_rating>4.00</average_rating>
  <ratings_count>8</ratings_count>
  <description>Poor Cousin Elizabeth - a woman cheated out of her rightful share of the Meredith fortune, living like a servant in the great New York mansion that should have been hers. She knew how to smile ingratiatingly at William, arrogant master of the household, and to hide her hatred of Alan, the spoiled favorite son. But she didn't know how she was to get back what rightfully belonged to her. Until Judith - William's beautiful, pampered new wife, a woman too young and wild for a husband twice her age. She would befriend Elizabeth - and then betray her. But in that betrayal she would reveal to Elizabeth a powerful secret - the key to a poor woman's sweet dreams of having everything her heart desired - especially sweet revenge.</description>
<authors>
<author>
<id>210000</id>
<name>Doris Shannon</name>
<role></role>
<image_url nophoto='true'>
<![CDATA[https://s.gr-assets.com/assets/nophoto/user/f_200x266-3061b784cc8e7f021c6430c9aba94587.png]]>
</image_url>
<small_image_url nophoto='true'>
<![CDATA[https://s.gr-assets.com/assets/nophoto/user/f_50x66-6a03a5c12233c941481992b82eea8d23.png]]>
</small_image_url>
<link><![CDATA[https://www.goodreads.com/author/show/210000.Doris_Shannon]]></link>
<average_rating>3.90</average_rating>
<ratings_count>39</ratings_count>
<text_reviews_count>6</text_reviews_count>
</author>
</authors>
  <published>1986</published>
</book>


      <book>
  <id type="integer">1983951</id>
  <isbn>0449239616</isbn>
  <isbn13>9780449239612</isbn13>
  <text_reviews_count type="integer">1</text_reviews_count>
  <title>Cain's Daughters</title>
  <title_without_series>Cain's Daughters</title_without_series>
  <image_url>https://images.gr-assets.com/books/1297780723m/1983951.jpg</image_url>
  <small_image_url>https://images.gr-assets.com/books/1297780723s/1983951.jpg</small_image_url>
  <large_image_url/>
  <link>https://www.goodreads.com/book/show/1983951.Cain_s_Daughters</link>
  <num_pages>445</num_pages>
  <format>Mass Market Paperback</format>
  <edition_information/>
  <publisher>Fawcett</publisher>
  <publication_day>12</publication_day>
  <publication_year>1979</publication_year>
  <publication_month>5</publication_month>
  <average_rating>3.38</average_rating>
  <ratings_count>8</ratings_count>
  <description>&lt;b&gt;Jemma Ealing&lt;/b&gt; -- the daughter of a rich Northern capitalist. Feeling the wanderlust of youth, she fell with love with David Sevendor, a handsome and wealthy Georgian. Suddenly, Jemma was drawn into a world where she would become a pawn in other women's ambitions...&lt;br /&gt;&lt;br /&gt;&lt;b&gt;Celeste Sevendor&lt;/b&gt; -- Jemma's mother-in-law. Her gentility barely concealed her lust for power. All she wanted from Jemma was an heir to the idyllic Georgia estate she had saved from the ruins of war...&lt;br /&gt;&lt;br /&gt;&lt;b&gt;Merlin&lt;/b&gt; -- the black slave educated as a white lady. Her calm exterior hide a resourceful and vengeful nature...but she didn't try to mask her strange visionary power. To her, Jemma was a passport to safety in the north...</description>
<authors>
<author>
<id>210000</id>
<name>Doris Shannon</name>
<role></role>
<image_url nophoto='true'>
<![CDATA[https://s.gr-assets.com/assets/nophoto/user/f_200x266-3061b784cc8e7f021c6430c9aba94587.png]]>
</image_url>
<small_image_url nophoto='true'>
<![CDATA[https://s.gr-assets.com/assets/nophoto/user/f_50x66-6a03a5c12233c941481992b82eea8d23.png]]>
</small_image_url>
<link><![CDATA[https://www.goodreads.com/author/show/210000.Doris_Shannon]]></link>
<average_rating>3.90</average_rating>
<ratings_count>39</ratings_count>
<text_reviews_count>6</text_reviews_count>
</author>
</authors>
  <published>1979</published>
</book>


      <book>
  <id type="integer">7325896</id>
  <isbn>0722177356</isbn>
  <isbn13>9780722177358</isbn13>
  <text_reviews_count type="integer">0</text_reviews_count>
  <title>The Punishment</title>
  <title_without_series>The Punishment</title_without_series>
  <image_url>https://s.gr-assets.com/assets/nophoto/book/111x148-bcc042a9c91a29c1d680899eff700a03.png</image_url>
  <small_image_url>https://s.gr-assets.com/assets/nophoto/book/50x75-a91bf249278a81aabab721ef782c4a74.png</small_image_url>
  <large_image_url/>
  <link>https://www.goodreads.com/book/show/7325896-the-punishment</link>
  <num_pages></num_pages>
  <format>Paperback</format>
  <edition_information/>
  <publisher></publisher>
  <publication_day/>
  <publication_year>1982</publication_year>
  <publication_month>10</publication_month>
  <average_rating>4.17</average_rating>
  <ratings_count>6</ratings_count>
  <description></description>
<authors>
<author>
<id>210000</id>
<name>Doris Shannon</name>
<role></role>
<image_url nophoto='true'>
<![CDATA[https://s.gr-assets.com/assets/nophoto/user/f_200x266-3061b784cc8e7f021c6430c9aba94587.png]]>
</image_url>
<small_image_url nophoto='true'>
<![CDATA[https://s.gr-assets.com/assets/nophoto/user/f_50x66-6a03a5c12233c941481992b82eea8d23.png]]>
</small_image_url>
<link><![CDATA[https://www.goodreads.com/author/show/210000.Doris_Shannon]]></link>
<average_rating>3.90</average_rating>
<ratings_count>39</ratings_count>
<text_reviews_count>6</text_reviews_count>
</author>
</authors>
  <published>1982</published>
</book>


      <book>
  <id type="integer">9857488</id>
  <isbn>0312364709</isbn>
  <isbn13>9780312364700</isbn13>
  <text_reviews_count type="integer">1</text_reviews_count>
  <title>Hawthorn Hill</title>
  <title_without_series>Hawthorn Hill</title_without_series>
  <image_url>https://images.gr-assets.com/books/1397111676m/9857488.jpg</image_url>
  <small_image_url>https://images.gr-assets.com/books/1397111676s/9857488.jpg</small_image_url>
  <large_image_url/>
  <link>https://www.goodreads.com/book/show/9857488-hawthorn-hill</link>
  <num_pages>361</num_pages>
  <format></format>
  <edition_information/>
  <publisher></publisher>
  <publication_day></publication_day>
  <publication_year></publication_year>
  <publication_month></publication_month>
  <average_rating>4.40</average_rating>
  <ratings_count>5</ratings_count>
  <description>Mary Forrester did not want to leave Hawthorn Hill. But she no longer controlled her own destiny. Her aunt, who hated her, was sending Mary to the Levassoux estate in France - at the height of the bloody Revolution.&lt;br /&gt;&lt;br /&gt;Now Mary was in constant peril. Not only was there the threat of The Terror but there was also a very real menace that lurked in the chateau.&lt;br /&gt;&lt;br /&gt;There was only one person she could trust - young Alain d'Arturois, whose courage had already saved many lives. He begged her not to dig up the secrets of the dangerous Levassoux family. Yet once Mary began, she could not stop herself from unmasking the evil that threatened her sanity - and her life....</description>
<authors>
<author>
<id>210000</id>
<name>Doris Shannon</name>
<role></role>
<image_url nophoto='true'>
<![CDATA[https://s.gr-assets.com/assets/nophoto/user/f_200x266-3061b784cc8e7f021c6430c9aba94587.png]]>
</image_url>
<small_image_url nophoto='true'>
<![CDATA[https://s.gr-assets.com/assets/nophoto/user/f_50x66-6a03a5c12233c941481992b82eea8d23.png]]>
</small_image_url>
<link><![CDATA[https://www.goodreads.com/author/show/210000.Doris_Shannon]]></link>
<average_rating>3.90</average_rating>
<ratings_count>39</ratings_count>
<text_reviews_count>6</text_reviews_count>
</author>
</authors>
  <published></published>
</book>


      <book>
  <id type="integer">722716</id>
  <isbn>0312488637</isbn>
  <isbn13>9780312488635</isbn13>
  <text_reviews_count type="integer">0</text_reviews_count>
  <title>Little Girls Lost</title>
  <title_without_series>Little Girls Lost</title_without_series>
  <image_url>https://images.gr-assets.com/books/1349559026m/722716.jpg</image_url>
  <small_image_url>https://images.gr-assets.com/books/1349559026s/722716.jpg</small_image_url>
  <large_image_url/>
  <link>https://www.goodreads.com/book/show/722716.Little_Girls_Lost</link>
  <num_pages>339</num_pages>
  <format>Unknown Binding</format>
  <edition_information/>
  <publisher>St. Martin's Press</publisher>
  <publication_day>1</publication_day>
  <publication_year>1981</publication_year>
  <publication_month>1</publication_month>
  <average_rating>3.33</average_rating>
  <ratings_count>3</ratings_count>
  <description></description>
<authors>
<author>
<id>210000</id>
<name>Doris Shannon</name>
<role></role>
<image_url nophoto='true'>
<![CDATA[https://s.gr-assets.com/assets/nophoto/user/f_200x266-3061b784cc8e7f021c6430c9aba94587.png]]>
</image_url>
<small_image_url nophoto='true'>
<![CDATA[https://s.gr-assets.com/assets/nophoto/user/f_50x66-6a03a5c12233c941481992b82eea8d23.png]]>
</small_image_url>
<link><![CDATA[https://www.goodreads.com/author/show/210000.Doris_Shannon]]></link>
<average_rating>3.90</average_rating>
<ratings_count>39</ratings_count>
<text_reviews_count>6</text_reviews_count>
</author>
</authors>
  <published>1981</published>
</book>


      <book>
  <id type="integer">23987180</id>
  <isbn nil="true"/>
  <isbn13 nil="true"/>
  <text_reviews_count type="integer">0</text_reviews_count>
  <title>the seekers</title>
  <title_without_series>the seekers</title_without_series>
  <image_url>https://s.gr-assets.com/assets/nophoto/book/111x148-bcc042a9c91a29c1d680899eff700a03.png</image_url>
  <small_image_url>https://s.gr-assets.com/assets/nophoto/book/50x75-a91bf249278a81aabab721ef782c4a74.png</small_image_url>
  <large_image_url/>
  <link>https://www.goodreads.com/book/show/23987180-the-seekers</link>
  <num_pages>176</num_pages>
  <format>Paperback</format>
  <edition_information/>
  <publisher>fawcett publications inc</publisher>
  <publication_day/>
  <publication_year>1975</publication_year>
  <publication_month>5</publication_month>
  <average_rating>3.00</average_rating>
  <ratings_count>1</ratings_count>
  <description></description>
<authors>
<author>
<id>210000</id>
<name>Doris Shannon</name>
<role></role>
<image_url nophoto='true'>
<![CDATA[https://s.gr-assets.com/assets/nophoto/user/f_200x266-3061b784cc8e7f021c6430c9aba94587.png]]>
</image_url>
<small_image_url nophoto='true'>
<![CDATA[https://s.gr-assets.com/assets/nophoto/user/f_50x66-6a03a5c12233c941481992b82eea8d23.png]]>
</small_image_url>
<link><![CDATA[https://www.goodreads.com/author/show/210000.Doris_Shannon]]></link>
<average_rating>3.90</average_rating>
<ratings_count>39</ratings_count>
<text_reviews_count>6</text_reviews_count>
</author>
</authors>
  <published>1975</published>
</book>


      <book>
  <id type="integer">28577390</id>
  <isbn nil="true"/>
  <isbn13 nil="true"/>
  <text_reviews_count type="integer">0</text_reviews_count>
  <title>22 Hallowfield</title>
  <title_without_series>22 Hallowfield</title_without_series>
  <image_url>https://images.gr-assets.com/books/1452914801m/28577390.jpg</image_url>
  <small_image_url>https://images.gr-assets.com/books/1452914801s/28577390.jpg</small_image_url>
  <large_image_url/>
  <link>https://www.goodreads.com/book/show/28577390-22-hallowfield</link>
  <num_pages></num_pages>
  <format></format>
  <edition_information/>
  <publisher></publisher>
  <publication_day></publication_day>
  <publication_year></publication_year>
  <publication_month></publication_month>
  <average_rating>0.0</average_rating>
  <ratings_count>0</ratings_count>
  <description></description>
<authors>
<author>
<id>210000</id>
<name>Doris Shannon</name>
<role></role>
<image_url nophoto='true'>
<![CDATA[https://s.gr-assets.com/assets/nophoto/user/f_200x266-3061b784cc8e7f021c6430c9aba94587.png]]>
</image_url>
<small_image_url nophoto='true'>
<![CDATA[https://s.gr-assets.com/assets/nophoto/user/f_50x66-6a03a5c12233c941481992b82eea8d23.png]]>
</small_image_url>
<link><![CDATA[https://www.goodreads.com/author/show/210000.Doris_Shannon]]></link>
<average_rating>3.90</average_rating>
<ratings_count>39</ratings_count>
<text_reviews_count>6</text_reviews_count>
</author>
</authors>
  <published></published>
</book>


      <book>
  <id type="integer">18221565</id>
  <isbn nil="true"/>
  <isbn13 nil="true"/>
  <text_reviews_count type="integer">0</text_reviews_count>
  <title>The Lodestar Legacy</title>
  <title_without_series>The Lodestar Legacy</title_without_series>
  <image_url>https://images.gr-assets.com/books/1398279525m/18221565.jpg</image_url>
  <small_image_url>https://images.gr-assets.com/books/1398279525s/18221565.jpg</small_image_url>
  <large_image_url/>
  <link>https://www.goodreads.com/book/show/18221565-the-lodestar-legacy</link>
  <num_pages>255</num_pages>
  <format>Mass Market Paperback</format>
  <edition_information/>
  <publisher>Popular Library</publisher>
  <publication_day/>
  <publication_year>1976</publication_year>
  <publication_month/>
  <average_rating>0.0</average_rating>
  <ratings_count>0</ratings_count>
  <description>&lt;b&gt;Laughter from the grave&lt;/b&gt;&lt;br /&gt;&lt;br /&gt;Angela Teabury was dead-but her evil lived on...in the mansion that bore her name...in the vast estate of Lodestar that had been her tyrannical domain...in the hearts she had broken, the minds she had twisted, the lives she had ruined...and in the horror-haunted legacy she had left to Hannah, her granddaughter, whom her will summoned back from over the seas.&lt;br /&gt;&lt;br /&gt;From the moment Hannah returned to Lodestar, she felt sinister shackles snap shut upon her. And all too fearfully she soon knew that in her Angela Teabury had a slave to do her bidding from beyond the grave...an unknown enemy had a defenseless target for savage attack...and a handsome man of many names had a terrified young woman to tremble in his arms and wonder if he were lover or devil in disguise...</description>
<authors>
<author>
<id>210000</id>
<name>Doris Shannon</name>
<role></role>
<image_url nophoto='true'>
<![CDATA[https://s.gr-assets.com/assets/nophoto/user/f_200x266-3061b784cc8e7f021c6430c9aba94587.png]]>
</image_url>
<small_image_url nophoto='true'>
<![CDATA[https://s.gr-assets.com/assets/nophoto/user/f_50x66-6a03a5c12233c941481992b82eea8d23.png]]>
</small_image_url>
<link><![CDATA[https://www.goodreads.com/author/show/210000.Doris_Shannon]]></link>
<average_rating>3.90</average_rating>
<ratings_count>39</ratings_count>
<text_reviews_count>6</text_reviews_count>
</author>
</authors>
  <published>1976</published>
</book>


    </books>
</author>

</GoodreadsResponse>