<?xml version="1.0" encoding="UTF-8"?>
<GoodreadsResponse>
  <Request>
    <authentication>true</authentication>
      <key><![CDATA[sySok63UyYyWi2Wof1HocA]]></key>
    <method><![CDATA[author_show]]></method>
  </Request>
  <author>
  <id>216186</id>
  <name>Gary W. Lawson</name>
  <link><![CDATA[https://www.goodreads.com/author/show/216186.Gary_W_Lawson]]></link>
  <fans_count type="integer">0</fans_count>
  <author_followers_count type="integer">0</author_followers_count>
  <large_image_url><![CDATA[https://s.gr-assets.com/assets/nophoto/user/m_333x500-a9c67bed07ee7e10983a5d5ccc572516.png]]></large_image_url>
  <image_url><![CDATA[https://s.gr-assets.com/assets/nophoto/user/m_200x266-d279b33f8eec0f27b7272477f09806be.png]]></image_url>
  <small_image_url><![CDATA[https://s.gr-assets.com/assets/nophoto/user/m_50x66-82093808bca726cb3249a493fbd3bd0f.png]]></small_image_url>
  <about></about>
  <influences></influences>
  <works_count>9</works_count>
  <gender>male</gender>
  <hometown></hometown>
  <born_at></born_at>
  <died_at></died_at>
  <goodreads_author></goodreads_author>

    <books>
      <book>
  <id type="integer">4461254</id>
  <isbn>0944480349</isbn>
  <isbn13>9780944480342</isbn13>
  <text_reviews_count type="integer">0</text_reviews_count>
  <title>Essentials of Chemical Dependency Counseling</title>
  <title_without_series>Essentials of Chemical Dependency Counseling</title_without_series>
  <image_url>https://images.gr-assets.com/books/1381743091m/4461254.jpg</image_url>
  <small_image_url>https://images.gr-assets.com/books/1381743091s/4461254.jpg</small_image_url>
  <large_image_url/>
  <link>https://www.goodreads.com/book/show/4461254-essentials-of-chemical-dependency-counseling</link>
  <num_pages>504</num_pages>
  <format>Paperback</format>
  <edition_information/>
  <publisher>Pro-Ed</publisher>
  <publication_day>1</publication_day>
  <publication_year>2001</publication_year>
  <publication_month>1</publication_month>
  <average_rating>4.17</average_rating>
  <ratings_count>6</ratings_count>
  <description></description>
<authors>
<author>
<id>216186</id>
<name>Gary W. Lawson</name>
<role></role>
<image_url nophoto='true'>
<![CDATA[https://s.gr-assets.com/assets/nophoto/user/m_200x266-d279b33f8eec0f27b7272477f09806be.png]]>
</image_url>
<small_image_url nophoto='true'>
<![CDATA[https://s.gr-assets.com/assets/nophoto/user/m_50x66-82093808bca726cb3249a493fbd3bd0f.png]]>
</small_image_url>
<link><![CDATA[https://www.goodreads.com/author/show/216186.Gary_W_Lawson]]></link>
<average_rating>4.00</average_rating>
<ratings_count>15</ratings_count>
<text_reviews_count>0</text_reviews_count>
</author>
</authors>
  <published>2001</published>
</book>


      <book>
  <id type="integer">14927861</id>
  <isbn>1416404392</isbn>
  <isbn13>9781416404392</isbn13>
  <text_reviews_count type="integer">0</text_reviews_count>
  <title>Alcoholism and Substance Abuse in Diverse Populations</title>
  <title_without_series>Alcoholism and Substance Abuse in Diverse Populations</title_without_series>
  <image_url>https://s.gr-assets.com/assets/nophoto/book/111x148-bcc042a9c91a29c1d680899eff700a03.png</image_url>
  <small_image_url>https://s.gr-assets.com/assets/nophoto/book/50x75-a91bf249278a81aabab721ef782c4a74.png</small_image_url>
  <large_image_url/>
  <link>https://www.goodreads.com/book/show/14927861-alcoholism-and-substance-abuse-in-diverse-populations</link>
  <num_pages>464</num_pages>
  <format>Paperback</format>
  <edition_information/>
  <publisher>Pro-Ed</publisher>
  <publication_day>1</publication_day>
  <publication_year>2010</publication_year>
  <publication_month>10</publication_month>
  <average_rating>5.00</average_rating>
  <ratings_count>1</ratings_count>
  <description>Previously published under title: Alcoholism &amp;amp; substance abuse in special populations.</description>
<authors>
<author>
<id>216186</id>
<name>Gary W. Lawson</name>
<role></role>
<image_url nophoto='true'>
<![CDATA[https://s.gr-assets.com/assets/nophoto/user/m_200x266-d279b33f8eec0f27b7272477f09806be.png]]>
</image_url>
<small_image_url nophoto='true'>
<![CDATA[https://s.gr-assets.com/assets/nophoto/user/m_50x66-82093808bca726cb3249a493fbd3bd0f.png]]>
</small_image_url>
<link><![CDATA[https://www.goodreads.com/author/show/216186.Gary_W_Lawson]]></link>
<average_rating>4.00</average_rating>
<ratings_count>15</ratings_count>
<text_reviews_count>0</text_reviews_count>
</author>
</authors>
  <published>2010</published>
</book>


      <book>
  <id type="integer">27612049</id>
  <isbn>1505541719</isbn>
  <isbn13>9781505541717</isbn13>
  <text_reviews_count type="integer">0</text_reviews_count>
  <title>Healthcare Social Media: Transformation 3.0</title>
  <title_without_series>Healthcare Social Media: Transformation 3.0</title_without_series>
  <image_url>https://s.gr-assets.com/assets/nophoto/book/111x148-bcc042a9c91a29c1d680899eff700a03.png</image_url>
  <small_image_url>https://s.gr-assets.com/assets/nophoto/book/50x75-a91bf249278a81aabab721ef782c4a74.png</small_image_url>
  <large_image_url/>
  <link>https://www.goodreads.com/book/show/27612049-healthcare-social-media</link>
  <num_pages>120</num_pages>
  <format>Paperback</format>
  <edition_information/>
  <publisher>Createspace</publisher>
  <publication_day>20</publication_day>
  <publication_year>2015</publication_year>
  <publication_month>2</publication_month>
  <average_rating>0.0</average_rating>
  <ratings_count>0</ratings_count>
  <description>While other industries have embraced social media, healthcare is still lagging behind. A widespread misconception among practitioners is that social media has only one function-the recruitment of new patients. This is a limited view preventing professionals from tapping into social media's true power.&lt;br /&gt;&lt;br /&gt;In "Healthcare Social Media," Gary W. Lawson, DPA, argues that to stay ahead of the competition, healthcare providers need to continuously reevaluate the role technology plays in their practice. Social media tools can maximize quality of care, improve patient outcomes, record patient progress, streamline collaboration among colleagues, and increase profits.&lt;br /&gt;&lt;br /&gt;Owner of Lawson Social Media, one of the largest healthcare social media companies in Southern California, Lawson guides healthcare professionals through the pervasive and sometimes confusing world of social networks, demonstrating the advantages they bring to an industry moving toward evidence-based modalities and more affordable care.</description>
<authors>
<author>
<id>216186</id>
<name>Gary W. Lawson</name>
<role></role>
<image_url nophoto='true'>
<![CDATA[https://s.gr-assets.com/assets/nophoto/user/m_200x266-d279b33f8eec0f27b7272477f09806be.png]]>
</image_url>
<small_image_url nophoto='true'>
<![CDATA[https://s.gr-assets.com/assets/nophoto/user/m_50x66-82093808bca726cb3249a493fbd3bd0f.png]]>
</small_image_url>
<link><![CDATA[https://www.goodreads.com/author/show/216186.Gary_W_Lawson]]></link>
<average_rating>4.00</average_rating>
<ratings_count>15</ratings_count>
<text_reviews_count>0</text_reviews_count>
</author>
</authors>
  <published>2015</published>
</book>


      <book>
  <id type="integer">15018088</id>
  <isbn>0834218364</isbn>
  <isbn13>9780834218369</isbn13>
  <text_reviews_count type="integer">0</text_reviews_count>
  <title>Clinical Psychopharmacology: A Practical Reference for Non-Medical Psychotherapists, Second Edition</title>
  <title_without_series>Clinical Psychopharmacology: A Practical Reference for Non-Medical Psychotherapists, Second Edition</title_without_series>
  <image_url>https://s.gr-assets.com/assets/nophoto/book/111x148-bcc042a9c91a29c1d680899eff700a03.png</image_url>
  <small_image_url>https://s.gr-assets.com/assets/nophoto/book/50x75-a91bf249278a81aabab721ef782c4a74.png</small_image_url>
  <large_image_url/>
  <link>https://www.goodreads.com/book/show/15018088-clinical-psychopharmacology</link>
  <num_pages>432</num_pages>
  <format>Hardcover</format>
  <edition_information/>
  <publisher>Aspen Publishers</publisher>
  <publication_day>1</publication_day>
  <publication_year>2001</publication_year>
  <publication_month>11</publication_month>
  <average_rating>0.0</average_rating>
  <ratings_count>0</ratings_count>
  <description>Often, clients respond best to a course of therapy that includes both psychotherapy and psycotropic medications. This book provides nonmedical practitioners with information on psychopharmacology, thus maximizing their effectiveness as psychotherapists and enhancing their relationships with physicians and psychiatrists. Content includes an understandable explanation of how drugs work, major classifications of drugs, major psychological problems that respond to drugs, and potential problems with drugs, including addiction and abuse. Features new to the edition are enhanced information on selective serotonin reuptake inhibitors (SSRI's) and antipsychotics, a new analysis of the debate surrounding psychotherapy versus medication, discussion of "teaming" with other professionals, and drug-related information on the World Wide Web. This book is ideal for use as a course text in psychology, family therapy, social work, and other mental health-related programs and includes an Instructor's manual.</description>
<authors>
<author>
<id>216186</id>
<name>Gary W. Lawson</name>
<role></role>
<image_url nophoto='true'>
<![CDATA[https://s.gr-assets.com/assets/nophoto/user/m_200x266-d279b33f8eec0f27b7272477f09806be.png]]>
</image_url>
<small_image_url nophoto='true'>
<![CDATA[https://s.gr-assets.com/assets/nophoto/user/m_50x66-82093808bca726cb3249a493fbd3bd0f.png]]>
</small_image_url>
<link><![CDATA[https://www.goodreads.com/author/show/216186.Gary_W_Lawson]]></link>
<average_rating>4.00</average_rating>
<ratings_count>15</ratings_count>
<text_reviews_count>0</text_reviews_count>
</author>
</authors>
  <published>2001</published>
</book>


      <book>
  <id type="integer">15017816</id>
  <isbn>0834208288</isbn>
  <isbn13>9780834208285</isbn13>
  <text_reviews_count type="integer">0</text_reviews_count>
  <title>Instructor's Manual for Essentials of Chemical Dependence, Second Edition</title>
  <title_without_series>Instructor's Manual for Essentials of Chemical Dependence, Second Edition</title_without_series>
  <image_url>https://s.gr-assets.com/assets/nophoto/book/111x148-bcc042a9c91a29c1d680899eff700a03.png</image_url>
  <small_image_url>https://s.gr-assets.com/assets/nophoto/book/50x75-a91bf249278a81aabab721ef782c4a74.png</small_image_url>
  <large_image_url/>
  <link>https://www.goodreads.com/book/show/15017816-instructor-s-manual-for-essentials-of-chemical-dependence-second-editio</link>
  <num_pages></num_pages>
  <format></format>
  <edition_information/>
  <publisher></publisher>
  <publication_day></publication_day>
  <publication_year></publication_year>
  <publication_month></publication_month>
  <average_rating>0.0</average_rating>
  <ratings_count>0</ratings_count>
  <description></description>
<authors>
<author>
<id>216186</id>
<name>Gary W. Lawson</name>
<role></role>
<image_url nophoto='true'>
<![CDATA[https://s.gr-assets.com/assets/nophoto/user/m_200x266-d279b33f8eec0f27b7272477f09806be.png]]>
</image_url>
<small_image_url nophoto='true'>
<![CDATA[https://s.gr-assets.com/assets/nophoto/user/m_50x66-82093808bca726cb3249a493fbd3bd0f.png]]>
</small_image_url>
<link><![CDATA[https://www.goodreads.com/author/show/216186.Gary_W_Lawson]]></link>
<average_rating>4.00</average_rating>
<ratings_count>15</ratings_count>
<text_reviews_count>0</text_reviews_count>
</author>
</authors>
  <published></published>
</book>


      <book>
  <id type="integer">6340578</id>
  <isbn>083421279X</isbn>
  <isbn13>9780834212794</isbn13>
  <text_reviews_count type="integer">0</text_reviews_count>
  <title>Instructor's Manual for Alcoholism and the Family: A Guide to Treatment and Prevention, Second Edition</title>
  <title_without_series>Instructor's Manual for Alcoholism and the Family: A Guide to Treatment and Prevention, Second Edition</title_without_series>
  <image_url>https://s.gr-assets.com/assets/nophoto/book/111x148-bcc042a9c91a29c1d680899eff700a03.png</image_url>
  <small_image_url>https://s.gr-assets.com/assets/nophoto/book/50x75-a91bf249278a81aabab721ef782c4a74.png</small_image_url>
  <large_image_url/>
  <link>https://www.goodreads.com/book/show/6340578-instructor-s-manual-for-alcoholism-and-the-family</link>
  <num_pages></num_pages>
  <format></format>
  <edition_information/>
  <publisher></publisher>
  <publication_day></publication_day>
  <publication_year></publication_year>
  <publication_month></publication_month>
  <average_rating>0.0</average_rating>
  <ratings_count>0</ratings_count>
  <description></description>
<authors>
<author>
<id>216186</id>
<name>Gary W. Lawson</name>
<role></role>
<image_url nophoto='true'>
<![CDATA[https://s.gr-assets.com/assets/nophoto/user/m_200x266-d279b33f8eec0f27b7272477f09806be.png]]>
</image_url>
<small_image_url nophoto='true'>
<![CDATA[https://s.gr-assets.com/assets/nophoto/user/m_50x66-82093808bca726cb3249a493fbd3bd0f.png]]>
</small_image_url>
<link><![CDATA[https://www.goodreads.com/author/show/216186.Gary_W_Lawson]]></link>
<average_rating>4.00</average_rating>
<ratings_count>15</ratings_count>
<text_reviews_count>0</text_reviews_count>
</author>
</authors>
  <published></published>
</book>


      <book>
  <id type="integer">379553</id>
  <isbn>0834200074</isbn>
  <isbn13>9780834200074</isbn13>
  <text_reviews_count type="integer">0</text_reviews_count>
  <title>Alcoholism and Substance Abuse in Special Populations</title>
  <title_without_series>Alcoholism and Substance Abuse in Special Populations</title_without_series>
  <image_url>https://s.gr-assets.com/assets/nophoto/book/111x148-bcc042a9c91a29c1d680899eff700a03.png</image_url>
  <small_image_url>https://s.gr-assets.com/assets/nophoto/book/50x75-a91bf249278a81aabab721ef782c4a74.png</small_image_url>
  <large_image_url/>
  <link>https://www.goodreads.com/book/show/379553.Alcoholism_and_Substance_Abuse_in_Special_Populations</link>
  <num_pages></num_pages>
  <format></format>
  <edition_information/>
  <publisher></publisher>
  <publication_day></publication_day>
  <publication_year></publication_year>
  <publication_month></publication_month>
  <average_rating>0.0</average_rating>
  <ratings_count>0</ratings_count>
  <description></description>
<authors>
<author>
<id>216186</id>
<name>Gary W. Lawson</name>
<role></role>
<image_url nophoto='true'>
<![CDATA[https://s.gr-assets.com/assets/nophoto/user/m_200x266-d279b33f8eec0f27b7272477f09806be.png]]>
</image_url>
<small_image_url nophoto='true'>
<![CDATA[https://s.gr-assets.com/assets/nophoto/user/m_50x66-82093808bca726cb3249a493fbd3bd0f.png]]>
</small_image_url>
<link><![CDATA[https://www.goodreads.com/author/show/216186.Gary_W_Lawson]]></link>
<average_rating>4.00</average_rating>
<ratings_count>15</ratings_count>
<text_reviews_count>0</text_reviews_count>
</author>
</authors>
  <published></published>
</book>


      <book>
  <id type="integer">1647993</id>
  <isbn>0834202549</isbn>
  <isbn13>9780834202542</isbn13>
  <text_reviews_count type="integer">0</text_reviews_count>
  <title>Adolescent Substance Abuse: Etiology, Treatment, And Prevention</title>
  <title_without_series>Adolescent Substance Abuse: Etiology, Treatment, And Prevention</title_without_series>
  <image_url>https://s.gr-assets.com/assets/nophoto/book/111x148-bcc042a9c91a29c1d680899eff700a03.png</image_url>
  <small_image_url>https://s.gr-assets.com/assets/nophoto/book/50x75-a91bf249278a81aabab721ef782c4a74.png</small_image_url>
  <large_image_url/>
  <link>https://www.goodreads.com/book/show/1647993.Adolescent_Substance_Abuse</link>
  <num_pages/>
  <format>Paperback</format>
  <edition_information/>
  <publisher>Aspen Publishers</publisher>
  <publication_day>1</publication_day>
  <publication_year>1992</publication_year>
  <publication_month>1</publication_month>
  <average_rating>0.0</average_rating>
  <ratings_count>0</ratings_count>
  <description>This comprehensive book not only covers treatment of the adolescent po pulation, it also looks at the causes, issues and related problems, sp ecial groups, and prevention. It provides a solid etiological backgrou nd for why adolescents use drugs and explores a broad range of treatme nt approaches.</description>
<authors>
<author>
<id>216186</id>
<name>Gary W. Lawson</name>
<role></role>
<image_url nophoto='true'>
<![CDATA[https://s.gr-assets.com/assets/nophoto/user/m_200x266-d279b33f8eec0f27b7272477f09806be.png]]>
</image_url>
<small_image_url nophoto='true'>
<![CDATA[https://s.gr-assets.com/assets/nophoto/user/m_50x66-82093808bca726cb3249a493fbd3bd0f.png]]>
</small_image_url>
<link><![CDATA[https://www.goodreads.com/author/show/216186.Gary_W_Lawson]]></link>
<average_rating>4.00</average_rating>
<ratings_count>15</ratings_count>
<text_reviews_count>0</text_reviews_count>
</author>
</authors>
  <published>1992</published>
</book>


      <book>
  <id type="integer">379481</id>
  <isbn>0944480039</isbn>
  <isbn13>9780944480038</isbn13>
  <text_reviews_count type="integer">0</text_reviews_count>
  <title>Alcoholism and the Family: A Guide to Treatment and Prevention</title>
  <title_without_series>Alcoholism and the Family: A Guide to Treatment and Prevention</title_without_series>
  <image_url>https://s.gr-assets.com/assets/nophoto/book/111x148-bcc042a9c91a29c1d680899eff700a03.png</image_url>
  <small_image_url>https://s.gr-assets.com/assets/nophoto/book/50x75-a91bf249278a81aabab721ef782c4a74.png</small_image_url>
  <large_image_url/>
  <link>https://www.goodreads.com/book/show/379481.Alcoholism_and_the_Family</link>
  <num_pages>392</num_pages>
  <format>Paperback</format>
  <edition_information/>
  <publisher>Pro-Ed</publisher>
  <publication_day>1</publication_day>
  <publication_year>1998</publication_year>
  <publication_month>1</publication_month>
  <average_rating>3.75</average_rating>
  <ratings_count>8</ratings_count>
  <description></description>
<authors>
<author>
<id>216134</id>
<name>Ann W. Lawson</name>
<role></role>
<image_url nophoto='true'>
<![CDATA[https://s.gr-assets.com/assets/nophoto/user/u_200x266-e183445fd1a1b5cc7075bb1cf7043306.png]]>
</image_url>
<small_image_url nophoto='true'>
<![CDATA[https://s.gr-assets.com/assets/nophoto/user/u_50x66-632230dc9882b4352d753eedf9396530.png]]>
</small_image_url>
<link><![CDATA[https://www.goodreads.com/author/show/216134.Ann_W_Lawson]]></link>
<average_rating>3.83</average_rating>
<ratings_count>12</ratings_count>
<text_reviews_count>0</text_reviews_count>
</author>
</authors>
  <published>1998</published>
</book>


    </books>
</author>

</GoodreadsResponse>