<?xml version="1.0" encoding="UTF-8"?>
<GoodreadsResponse>
  <Request>
    <authentication>true</authentication>
      <key><![CDATA[sySok63UyYyWi2Wof1HocA]]></key>
    <method><![CDATA[author_show]]></method>
  </Request>
  <author>
  <id>2291604</id>
  <name>George L. Griscom</name>
  <link><![CDATA[https://www.goodreads.com/author/show/2291604.George_L_Griscom]]></link>
  <fans_count type="integer">0</fans_count>
  <author_followers_count type="integer">0</author_followers_count>
  <large_image_url><![CDATA[https://s.gr-assets.com/assets/nophoto/user/m_333x500-a9c67bed07ee7e10983a5d5ccc572516.png]]></large_image_url>
  <image_url><![CDATA[https://s.gr-assets.com/assets/nophoto/user/m_200x266-d279b33f8eec0f27b7272477f09806be.png]]></image_url>
  <small_image_url><![CDATA[https://s.gr-assets.com/assets/nophoto/user/m_50x66-82093808bca726cb3249a493fbd3bd0f.png]]></small_image_url>
  <about></about>
  <influences></influences>
  <works_count>1</works_count>
  <gender>male</gender>
  <hometown></hometown>
  <born_at></born_at>
  <died_at></died_at>
  <goodreads_author></goodreads_author>

    <books>
      <book>
  <id type="integer">5328318</id>
  <isbn>0912172215</isbn>
  <isbn13>9780912172217</isbn13>
  <text_reviews_count type="integer">1</text_reviews_count>
  <title>Fighting with Ross' Texas Cavalry Brigade, C.S.A: The diary of George L. Griscom, adjutant, 9th Texas Cavalry Regiment</title>
  <title_without_series>Fighting with Ross' Texas Cavalry Brigade, C.S.A: The diary of George L. Griscom, adjutant, 9th Texas Cavalry Regiment</title_without_series>
  <image_url>https://images.gr-assets.com/books/1423602434m/5328318.jpg</image_url>
  <small_image_url>https://images.gr-assets.com/books/1423602434s/5328318.jpg</small_image_url>
  <large_image_url/>
  <link>https://www.goodreads.com/book/show/5328318-fighting-with-ross-texas-cavalry-brigade-c-s-a</link>
  <num_pages></num_pages>
  <format></format>
  <edition_information/>
  <publisher></publisher>
  <publication_day></publication_day>
  <publication_year></publication_year>
  <publication_month></publication_month>
  <average_rating>4.50</average_rating>
  <ratings_count>2</ratings_count>
  <description></description>
<authors>
<author>
<id>2291604</id>
<name>George L. Griscom</name>
<role></role>
<image_url nophoto='true'>
<![CDATA[https://s.gr-assets.com/assets/nophoto/user/m_200x266-d279b33f8eec0f27b7272477f09806be.png]]>
</image_url>
<small_image_url nophoto='true'>
<![CDATA[https://s.gr-assets.com/assets/nophoto/user/m_50x66-82093808bca726cb3249a493fbd3bd0f.png]]>
</small_image_url>
<link><![CDATA[https://www.goodreads.com/author/show/2291604.George_L_Griscom]]></link>
<average_rating>4.50</average_rating>
<ratings_count>2</ratings_count>
<text_reviews_count>1</text_reviews_count>
</author>
</authors>
  <published></published>
</book>


    </books>
</author>

</GoodreadsResponse>