<?xml version="1.0" encoding="UTF-8"?>
<GoodreadsResponse>
  <Request>
    <authentication>true</authentication>
      <key><![CDATA[sySok63UyYyWi2Wof1HocA]]></key>
    <method><![CDATA[author_show]]></method>
  </Request>
  <author>
  <id>241284</id>
  <name>John W. Schaub</name>
  <link><![CDATA[https://www.goodreads.com/author/show/241284.John_W_Schaub]]></link>
  <fans_count type="integer">0</fans_count>
  <author_followers_count type="integer">0</author_followers_count>
  <large_image_url><![CDATA[https://s.gr-assets.com/assets/nophoto/user/m_333x500-a9c67bed07ee7e10983a5d5ccc572516.png]]></large_image_url>
  <image_url><![CDATA[https://s.gr-assets.com/assets/nophoto/user/m_200x266-d279b33f8eec0f27b7272477f09806be.png]]></image_url>
  <small_image_url><![CDATA[https://s.gr-assets.com/assets/nophoto/user/m_50x66-82093808bca726cb3249a493fbd3bd0f.png]]></small_image_url>
  <about></about>
  <influences></influences>
  <works_count>5</works_count>
  <gender>male</gender>
  <hometown></hometown>
  <born_at></born_at>
  <died_at></died_at>
  <goodreads_author></goodreads_author>

    <books>
      <book>
  <id type="integer">428082</id>
  <isbn>0071448357</isbn>
  <isbn13>9780071448352</isbn13>
  <text_reviews_count type="integer">12</text_reviews_count>
  <title>Building Wealth One House at a Time: Making it Big on Little Deals</title>
  <title_without_series>Building Wealth One House at a Time: Making it Big on Little Deals</title_without_series>
  <image_url>https://s.gr-assets.com/assets/nophoto/book/111x148-bcc042a9c91a29c1d680899eff700a03.png</image_url>
  <small_image_url>https://s.gr-assets.com/assets/nophoto/book/50x75-a91bf249278a81aabab721ef782c4a74.png</small_image_url>
  <large_image_url/>
  <link>https://www.goodreads.com/book/show/428082.Building_Wealth_One_House_at_a_Time</link>
  <num_pages></num_pages>
  <format></format>
  <edition_information/>
  <publisher></publisher>
  <publication_day></publication_day>
  <publication_year></publication_year>
  <publication_month></publication_month>
  <average_rating>3.93</average_rating>
  <ratings_count>197</ratings_count>
  <description></description>
<authors>
<author>
<id>241284</id>
<name>John W. Schaub</name>
<role></role>
<image_url nophoto='true'>
<![CDATA[https://s.gr-assets.com/assets/nophoto/user/m_200x266-d279b33f8eec0f27b7272477f09806be.png]]>
</image_url>
<small_image_url nophoto='true'>
<![CDATA[https://s.gr-assets.com/assets/nophoto/user/m_50x66-82093808bca726cb3249a493fbd3bd0f.png]]>
</small_image_url>
<link><![CDATA[https://www.goodreads.com/author/show/241284.John_W_Schaub]]></link>
<average_rating>3.86</average_rating>
<ratings_count>219</ratings_count>
<text_reviews_count>17</text_reviews_count>
</author>
</authors>
  <published></published>
</book>


      <book>
  <id type="integer">1552094</id>
  <isbn>007149412X</isbn>
  <isbn13>9780071494120</isbn13>
  <text_reviews_count type="integer">1</text_reviews_count>
  <title>Building Real Estate Wealth in a Changing Market: Reap Large Profits from Bargain Purchases in Any Economy</title>
  <title_without_series>Building Real Estate Wealth in a Changing Market: Reap Large Profits from Bargain Purchases in Any Economy</title_without_series>
  <image_url>https://s.gr-assets.com/assets/nophoto/book/111x148-bcc042a9c91a29c1d680899eff700a03.png</image_url>
  <small_image_url>https://s.gr-assets.com/assets/nophoto/book/50x75-a91bf249278a81aabab721ef782c4a74.png</small_image_url>
  <large_image_url/>
  <link>https://www.goodreads.com/book/show/1552094.Building_Real_Estate_Wealth_in_a_Changing_Market</link>
  <num_pages></num_pages>
  <format></format>
  <edition_information/>
  <publisher></publisher>
  <publication_day></publication_day>
  <publication_year></publication_year>
  <publication_month></publication_month>
  <average_rating>3.40</average_rating>
  <ratings_count>10</ratings_count>
  <description></description>
<authors>
<author>
<id>241284</id>
<name>John W. Schaub</name>
<role></role>
<image_url nophoto='true'>
<![CDATA[https://s.gr-assets.com/assets/nophoto/user/m_200x266-d279b33f8eec0f27b7272477f09806be.png]]>
</image_url>
<small_image_url nophoto='true'>
<![CDATA[https://s.gr-assets.com/assets/nophoto/user/m_50x66-82093808bca726cb3249a493fbd3bd0f.png]]>
</small_image_url>
<link><![CDATA[https://www.goodreads.com/author/show/241284.John_W_Schaub]]></link>
<average_rating>3.86</average_rating>
<ratings_count>219</ratings_count>
<text_reviews_count>17</text_reviews_count>
</author>
</authors>
  <published></published>
</book>


      <book>
  <id type="integer">2504520</id>
  <isbn>0071592105</isbn>
  <isbn13>9780071592109</isbn13>
  <text_reviews_count type="integer">0</text_reviews_count>
  <title>Building Wealth Buying Foreclosures</title>
  <title_without_series>Building Wealth Buying Foreclosures</title_without_series>
  <image_url>https://s.gr-assets.com/assets/nophoto/book/111x148-bcc042a9c91a29c1d680899eff700a03.png</image_url>
  <small_image_url>https://s.gr-assets.com/assets/nophoto/book/50x75-a91bf249278a81aabab721ef782c4a74.png</small_image_url>
  <large_image_url/>
  <link>https://www.goodreads.com/book/show/2504520.Building_Wealth_Buying_Foreclosures</link>
  <num_pages>244</num_pages>
  <format>Paperback</format>
  <edition_information/>
  <publisher>McGraw-Hill</publisher>
  <publication_day>1</publication_day>
  <publication_year>2008</publication_year>
  <publication_month>8</publication_month>
  <average_rating>3.00</average_rating>
  <ratings_count>7</ratings_count>
  <description>&lt;b&gt;-Beginning investors have long assumed that there were a bunch of good books about foreclosure. In fact, there were none. Now, fi nally, there is one good one: John Schaub's &lt;i&gt;Building Wealth Buying Foreclosures&lt;/i&gt;.-&lt;br /&gt;--John T. Reed, author of &lt;i&gt;How to Buy Real Estate for at Least 20% Below Market Value&lt;/i&gt;&lt;/b&gt;&lt;br /&gt;&lt;br /&gt;Foreclosures are one of the biggest real estate investment opportunities available in today's market. They also have a compelling benefit--when you buy a property on the brink of foreclosure, you're solving that problem for the previous owner, and getting a great deal in the process. &lt;i&gt;Building Wealth Buying Foreclosures&lt;/i&gt; helps you target top properties and get the best deal, with tips on how to avoid scams, insight into the lender's perspective, and a checklist that helps you keep track of every step of the way.&lt;br /&gt;&lt;br /&gt;&lt;b&gt;Inside information on how to&lt;/b&gt;&lt;br /&gt;&lt;br /&gt;&lt;br /&gt;Target only the right properties to buy&lt;br /&gt;Negotiate the best price&lt;br /&gt;Get a good deal on a mortgage&lt;br /&gt;Make the right offer at the right time&lt;br /&gt;Understand the lender's perspective&lt;br /&gt;Make sense of title insurance&lt;br /&gt;Decide to rent or sell the property&lt;br /&gt;-This is the most practical book on 'doing well by doing good' that I have ever read. My only hesitation in recommending it is that I may find myself competing against another investor who has read it because of my recommendation.-&lt;br /&gt;b&amp;gt;--Dr. Gary North, &lt;i&gt;Remnant Review &lt;/i&gt;&lt;br /&gt;&lt;br /&gt;-With foreclosures at an all time high, there's never been a better opportunity to buy good real estate at a bargain price. John Schaub, my favorite real estate guru for 30 years, shows you how to do it without getting into trouble. This book is a gold mine of how to buy real estate cheaply and profitably. Most other real estate gurus do one or the other, but not both!]-&lt;br /&gt;&lt;b&gt;--Mark Skousen, Editor, &lt;i&gt;Forecasts &amp;amp; Strategies&lt;/i&gt;&lt;/b&gt;&lt;br /&gt;&lt;br /&gt;-John is the master of Real Estate Investing. His books show the reader how to build a successful investment business. &lt;i&gt;Building Wealth Buying Foreclosures&lt;/i&gt; could not be more timely. This easy to understand and friendly book is a must for anyone desiring to achieve wealth through Real Estate.-&lt;br /&gt;&lt;b&gt;--Lisa Moren-Bromma, author of &lt;i&gt;Wise Women in Real Estate&lt;/i&gt; and &lt;i&gt;Real Estate Investing for The Utterly Confused&lt;/i&gt;&lt;/b&gt;</description>
<authors>
<author>
<id>241284</id>
<name>John W. Schaub</name>
<role></role>
<image_url nophoto='true'>
<![CDATA[https://s.gr-assets.com/assets/nophoto/user/m_200x266-d279b33f8eec0f27b7272477f09806be.png]]>
</image_url>
<small_image_url nophoto='true'>
<![CDATA[https://s.gr-assets.com/assets/nophoto/user/m_50x66-82093808bca726cb3249a493fbd3bd0f.png]]>
</small_image_url>
<link><![CDATA[https://www.goodreads.com/author/show/241284.John_W_Schaub]]></link>
<average_rating>3.86</average_rating>
<ratings_count>219</ratings_count>
<text_reviews_count>17</text_reviews_count>
</author>
</authors>
  <published>2008</published>
</book>


      <book>
  <id type="integer">2504518</id>
  <isbn>0936177004</isbn>
  <isbn13>9780936177007</isbn13>
  <text_reviews_count type="integer">0</text_reviews_count>
  <title>Buying Right</title>
  <title_without_series>Buying Right</title_without_series>
  <image_url>https://images.gr-assets.com/books/1358990091m/2504518.jpg</image_url>
  <small_image_url>https://images.gr-assets.com/books/1358990091s/2504518.jpg</small_image_url>
  <large_image_url/>
  <link>https://www.goodreads.com/book/show/2504518.Buying_Right</link>
  <num_pages></num_pages>
  <format></format>
  <edition_information/>
  <publisher></publisher>
  <publication_day></publication_day>
  <publication_year></publication_year>
  <publication_month></publication_month>
  <average_rating>3.50</average_rating>
  <ratings_count>2</ratings_count>
  <description></description>
<authors>
<author>
<id>241284</id>
<name>John W. Schaub</name>
<role></role>
<image_url nophoto='true'>
<![CDATA[https://s.gr-assets.com/assets/nophoto/user/m_200x266-d279b33f8eec0f27b7272477f09806be.png]]>
</image_url>
<small_image_url nophoto='true'>
<![CDATA[https://s.gr-assets.com/assets/nophoto/user/m_50x66-82093808bca726cb3249a493fbd3bd0f.png]]>
</small_image_url>
<link><![CDATA[https://www.goodreads.com/author/show/241284.John_W_Schaub]]></link>
<average_rating>3.86</average_rating>
<ratings_count>219</ratings_count>
<text_reviews_count>17</text_reviews_count>
</author>
</authors>
  <published></published>
</book>


      <book>
  <id type="integer">24568960</id>
  <isbn>1502827689</isbn>
  <isbn13>9781502827685</isbn13>
  <text_reviews_count type="integer">1</text_reviews_count>
  <title>Night Light</title>
  <title_without_series>Night Light</title_without_series>
  <image_url>https://images.gr-assets.com/books/1479315691m/24568960.jpg</image_url>
  <small_image_url>https://images.gr-assets.com/books/1479315691s/24568960.jpg</small_image_url>
  <large_image_url/>
  <link>https://www.goodreads.com/book/show/24568960-night-light</link>
  <num_pages>330</num_pages>
  <format>Paperback</format>
  <edition_information/>
  <publisher> CreateSpace Independent Publishing Platform</publisher>
  <publication_day>16</publication_day>
  <publication_year>2014</publication_year>
  <publication_month>11</publication_month>
  <average_rating>3.00</average_rating>
  <ratings_count>3</ratings_count>
  <description>An anthology of works by the members of the Blank Slate Writers Group, 16 authors have contributed short stories and poetry for their second annual edition. Most works in this edition were written during the year 2014.</description>
<authors>
<author>
<id>12909974</id>
<name>Blank Slate Writers Group</name>
<role>Editor</role>
<image_url nophoto='true'>
<![CDATA[https://s.gr-assets.com/assets/nophoto/user/u_200x266-e183445fd1a1b5cc7075bb1cf7043306.png]]>
</image_url>
<small_image_url nophoto='true'>
<![CDATA[https://s.gr-assets.com/assets/nophoto/user/u_50x66-632230dc9882b4352d753eedf9396530.png]]>
</small_image_url>
<link><![CDATA[https://www.goodreads.com/author/show/12909974.Blank_Slate_Writers_Group]]></link>
<average_rating>3.00</average_rating>
<ratings_count>3</ratings_count>
<text_reviews_count>1</text_reviews_count>
</author>
</authors>
  <published>2014</published>
</book>


    </books>
</author>

</GoodreadsResponse>