<?xml version="1.0" encoding="UTF-8"?>
<GoodreadsResponse>
  <Request>
    <authentication>true</authentication>
      <key><![CDATA[sySok63UyYyWi2Wof1HocA]]></key>
    <method><![CDATA[author_show]]></method>
  </Request>
  <author>
  <id>2583087</id>
  <name>Frank S. Bloch</name>
  <link><![CDATA[https://www.goodreads.com/author/show/2583087.Frank_S_Bloch]]></link>
  <fans_count type="integer">0</fans_count>
  <author_followers_count type="integer">0</author_followers_count>
  <large_image_url><![CDATA[https://s.gr-assets.com/assets/nophoto/user/m_333x500-a9c67bed07ee7e10983a5d5ccc572516.png]]></large_image_url>
  <image_url><![CDATA[https://s.gr-assets.com/assets/nophoto/user/m_200x266-d279b33f8eec0f27b7272477f09806be.png]]></image_url>
  <small_image_url><![CDATA[https://s.gr-assets.com/assets/nophoto/user/m_50x66-82093808bca726cb3249a493fbd3bd0f.png]]></small_image_url>
  <about></about>
  <influences></influences>
  <works_count>7</works_count>
  <gender>male</gender>
  <hometown></hometown>
  <born_at></born_at>
  <died_at></died_at>
  <goodreads_author></goodreads_author>

    <books>
      <book>
  <id type="integer">5766090</id>
  <isbn>0313276382</isbn>
  <isbn13>9780313276385</isbn13>
  <text_reviews_count type="integer">1</text_reviews_count>
  <title>Disability Determination: The Administrative Process and the Role of Medical Personnel</title>
  <title_without_series>Disability Determination: The Administrative Process and the Role of Medical Personnel</title_without_series>
  <image_url>https://s.gr-assets.com/assets/nophoto/book/111x148-bcc042a9c91a29c1d680899eff700a03.png</image_url>
  <small_image_url>https://s.gr-assets.com/assets/nophoto/book/50x75-a91bf249278a81aabab721ef782c4a74.png</small_image_url>
  <large_image_url/>
  <link>https://www.goodreads.com/book/show/5766090-disability-determination</link>
  <num_pages>248</num_pages>
  <format>Hardcover</format>
  <edition_information/>
  <publisher>Praeger</publisher>
  <publication_day>21</publication_day>
  <publication_year>1992</publication_year>
  <publication_month>7</publication_month>
  <average_rating>2.00</average_rating>
  <ratings_count>1</ratings_count>
  <description>Who determines whether persons are disabled and eligible to receive the billions of dollars that are awarded in benefits under federal disability programs today in the United States? What kinds of standards are applied in making awards to millions of applicants? And how are disability determinations made and claims adjudicated? Frank S. Bloch provides a careful study of disability determinations in five major federal programs. His findings, models, and calls for reform, including the greater use of medical personnel, should interest those who want to know more about the medical-legal issues relevant to disability determination, the many factors that impact on disability decisionmaking, and the administrative process for making disability decisions.&lt;br /&gt;&lt;br /&gt;This survey covers the disability determination process in U.S. social security, railroad retirement, civil service, veteran, and black lung disability programs at the federal level. Dr. Bloch defines various standards, key issues, the current use of medical personnel and models for their fuller use and for reforming the disability determination process.</description>
<authors>
<author>
<id>2583087</id>
<name>Frank S. Bloch</name>
<role></role>
<image_url nophoto='true'>
<![CDATA[https://s.gr-assets.com/assets/nophoto/user/m_200x266-d279b33f8eec0f27b7272477f09806be.png]]>
</image_url>
<small_image_url nophoto='true'>
<![CDATA[https://s.gr-assets.com/assets/nophoto/user/m_50x66-82093808bca726cb3249a493fbd3bd0f.png]]>
</small_image_url>
<link><![CDATA[https://www.goodreads.com/author/show/2583087.Frank_S_Bloch]]></link>
<average_rating>2.00</average_rating>
<ratings_count>1</ratings_count>
<text_reviews_count>1</text_reviews_count>
</author>
</authors>
  <published>1992</published>
</book>


      <book>
  <id type="integer">9559931</id>
  <isbn>0195381149</isbn>
  <isbn13>9780195381146</isbn13>
  <text_reviews_count type="integer">0</text_reviews_count>
  <title>The Global Clinical Movement: Educating Lawyers for Social Justice</title>
  <title_without_series>The Global Clinical Movement: Educating Lawyers for Social Justice</title_without_series>
  <image_url>https://s.gr-assets.com/assets/nophoto/book/111x148-bcc042a9c91a29c1d680899eff700a03.png</image_url>
  <small_image_url>https://s.gr-assets.com/assets/nophoto/book/50x75-a91bf249278a81aabab721ef782c4a74.png</small_image_url>
  <large_image_url/>
  <link>https://www.goodreads.com/book/show/9559931-the-global-clinical-movement</link>
  <num_pages>400</num_pages>
  <format>Hardcover</format>
  <edition_information/>
  <publisher>Oxford University Press, USA</publisher>
  <publication_day>3</publication_day>
  <publication_year>2010</publication_year>
  <publication_month>11</publication_month>
  <average_rating>0.0</average_rating>
  <ratings_count>0</ratings_count>
  <description>Clinical legal education is playing an increasingly important role in educating lawyers worldwide. In The Global Clinical Movement: Educating Lawyers for Social Justice, editor Frank S. Bloch and contributors describe the central concepts, goals, and methods of clinical legal education from a global perspective, with a particular emphasis on its social justice mission. &lt;br /&gt;With chapters written by leading clinical legal educators from every region of the world, The Global Clinical Movement demonstrates how the emerging global clinical movement can advance social justice through legal education. Professor Bloch and the contributors also examine the influence of clinical legal education on the legal academy and the legal profession and chart the global clinical movement's future role in educating lawyers for social justice. &lt;br /&gt;The Global Clinical Movement consists of three parts. Part I describes clinical legal education programs from every region of the world and discusses those qualities that are unique to a particular country or region. Part II discusses the various ways that clinical programs and the clinical methodology advance the cause of social justice around the world. Part III analyzes the current state of the global clinical movement and sets out an agenda for the movement to advance social justice through socially relevant legal education.&lt;br /&gt;</description>
<authors>
<author>
<id>2583087</id>
<name>Frank S. Bloch</name>
<role>Editor</role>
<image_url nophoto='true'>
<![CDATA[https://s.gr-assets.com/assets/nophoto/user/m_200x266-d279b33f8eec0f27b7272477f09806be.png]]>
</image_url>
<small_image_url nophoto='true'>
<![CDATA[https://s.gr-assets.com/assets/nophoto/user/m_50x66-82093808bca726cb3249a493fbd3bd0f.png]]>
</small_image_url>
<link><![CDATA[https://www.goodreads.com/author/show/2583087.Frank_S_Bloch]]></link>
<average_rating>2.00</average_rating>
<ratings_count>1</ratings_count>
<text_reviews_count>1</text_reviews_count>
</author>
</authors>
  <published>2010</published>
</book>


      <book>
  <id type="integer">16180827</id>
  <isbn>0314265023</isbn>
  <isbn13>9780314265029</isbn13>
  <text_reviews_count type="integer">0</text_reviews_count>
  <title>Social Security Law and Practice: A Handbook for a Live-Client Clinical Course</title>
  <title_without_series>Social Security Law and Practice: A Handbook for a Live-Client Clinical Course</title_without_series>
  <image_url>https://images.gr-assets.com/books/1355032807m/16180827.jpg</image_url>
  <small_image_url>https://images.gr-assets.com/books/1355032807s/16180827.jpg</small_image_url>
  <large_image_url/>
  <link>https://www.goodreads.com/book/show/16180827-social-security-law-and-practice</link>
  <num_pages>105</num_pages>
  <format>Paperback</format>
  <edition_information/>
  <publisher>Gale Cengage</publisher>
  <publication_day>15</publication_day>
  <publication_year>2012</publication_year>
  <publication_month>4</publication_month>
  <average_rating>0.0</average_rating>
  <ratings_count>0</ratings_count>
  <description>This handbook serves as a practical guide for students handling Social Security cases in a live-client clinical course. It includes explanations of the basic eligibility requirements for all of the current Social Security Act benefit programs, with detailed explanations of the criteria relevant to the Title II and Title XVI disability programs. It also includes extensive coverage of the Social Security Administrations disability determination process, as well as the key aspects of Social Security practice and procedure that students must understand in order to represent clients effectively.</description>
<authors>
<author>
<id>2583087</id>
<name>Frank S. Bloch</name>
<role></role>
<image_url nophoto='true'>
<![CDATA[https://s.gr-assets.com/assets/nophoto/user/m_200x266-d279b33f8eec0f27b7272477f09806be.png]]>
</image_url>
<small_image_url nophoto='true'>
<![CDATA[https://s.gr-assets.com/assets/nophoto/user/m_50x66-82093808bca726cb3249a493fbd3bd0f.png]]>
</small_image_url>
<link><![CDATA[https://www.goodreads.com/author/show/2583087.Frank_S_Bloch]]></link>
<average_rating>2.00</average_rating>
<ratings_count>1</ratings_count>
<text_reviews_count>1</text_reviews_count>
</author>
</authors>
  <published>2012</published>
</book>


      <book>
  <id type="integer">13701416</id>
  <isbn>0314264957</isbn>
  <isbn13>9780314264954</isbn13>
  <text_reviews_count type="integer">0</text_reviews_count>
  <title>Cases and Materials on Social Security Law and Practice</title>
  <title_without_series>Cases and Materials on Social Security Law and Practice</title_without_series>
  <image_url>https://images.gr-assets.com/books/1355032256m/13701416.jpg</image_url>
  <small_image_url>https://images.gr-assets.com/books/1355032256s/13701416.jpg</small_image_url>
  <large_image_url/>
  <link>https://www.goodreads.com/book/show/13701416-cases-and-materials-on-social-security-law-and-practice</link>
  <num_pages></num_pages>
  <format>Paperback</format>
  <edition_information/>
  <publisher>West Academic Publishing</publisher>
  <publication_day>1</publication_day>
  <publication_year>2012</publication_year>
  <publication_month>3</publication_month>
  <average_rating>0.0</average_rating>
  <ratings_count>0</ratings_count>
  <description></description>
<authors>
<author>
<id>2583087</id>
<name>Frank S. Bloch</name>
<role></role>
<image_url nophoto='true'>
<![CDATA[https://s.gr-assets.com/assets/nophoto/user/m_200x266-d279b33f8eec0f27b7272477f09806be.png]]>
</image_url>
<small_image_url nophoto='true'>
<![CDATA[https://s.gr-assets.com/assets/nophoto/user/m_50x66-82093808bca726cb3249a493fbd3bd0f.png]]>
</small_image_url>
<link><![CDATA[https://www.goodreads.com/author/show/2583087.Frank_S_Bloch]]></link>
<average_rating>2.00</average_rating>
<ratings_count>1</ratings_count>
<text_reviews_count>1</text_reviews_count>
</author>
</authors>
  <published>2012</published>
</book>


      <book>
  <id type="integer">5834780</id>
  <isbn>0471893897</isbn>
  <isbn13>9780471893899</isbn13>
  <text_reviews_count type="integer">0</text_reviews_count>
  <title>Federal Disability Law And Practice</title>
  <title_without_series>Federal Disability Law And Practice</title_without_series>
  <image_url>https://s.gr-assets.com/assets/nophoto/book/111x148-bcc042a9c91a29c1d680899eff700a03.png</image_url>
  <small_image_url>https://s.gr-assets.com/assets/nophoto/book/50x75-a91bf249278a81aabab721ef782c4a74.png</small_image_url>
  <large_image_url/>
  <link>https://www.goodreads.com/book/show/5834780-federal-disability-law-and-practice</link>
  <num_pages>712</num_pages>
  <format>Hardcover</format>
  <edition_information/>
  <publisher>John Wiley &amp; Sons</publisher>
  <publication_day>31</publication_day>
  <publication_year>1984</publication_year>
  <publication_month>12</publication_month>
  <average_rating>0.0</average_rating>
  <ratings_count>0</ratings_count>
  <description></description>
<authors>
<author>
<id>2583087</id>
<name>Frank S. Bloch</name>
<role></role>
<image_url nophoto='true'>
<![CDATA[https://s.gr-assets.com/assets/nophoto/user/m_200x266-d279b33f8eec0f27b7272477f09806be.png]]>
</image_url>
<small_image_url nophoto='true'>
<![CDATA[https://s.gr-assets.com/assets/nophoto/user/m_50x66-82093808bca726cb3249a493fbd3bd0f.png]]>
</small_image_url>
<link><![CDATA[https://www.goodreads.com/author/show/2583087.Frank_S_Bloch]]></link>
<average_rating>2.00</average_rating>
<ratings_count>1</ratings_count>
<text_reviews_count>1</text_reviews_count>
</author>
</authors>
  <published>1984</published>
</book>


      <book>
  <id type="integer">5150872</id>
  <isbn>9284310849</isbn>
  <isbn13>9789284310845</isbn13>
  <text_reviews_count type="integer">0</text_reviews_count>
  <title>Disability Benefit Claim Processing and Appeals in Six Industrialized Countries: A Comparative Study of Germany, Great Britain, the Netherlands, Sweden, Canada, and the United States</title>
  <title_without_series>Disability Benefit Claim Processing and Appeals in Six Industrialized Countries: A Comparative Study of Germany, Great Britain, the Netherlands, Sweden, Canada, and the United States</title_without_series>
  <image_url>https://s.gr-assets.com/assets/nophoto/book/111x148-bcc042a9c91a29c1d680899eff700a03.png</image_url>
  <small_image_url>https://s.gr-assets.com/assets/nophoto/book/50x75-a91bf249278a81aabab721ef782c4a74.png</small_image_url>
  <large_image_url/>
  <link>https://www.goodreads.com/book/show/5150872-disability-benefit-claim-processing-and-appeals-in-six-industrialized-co</link>
  <num_pages>65</num_pages>
  <format>Hardcover</format>
  <edition_information/>
  <publisher>International Social Security Association</publisher>
  <publication_day>1</publication_day>
  <publication_year>1994</publication_year>
  <publication_month>1</publication_month>
  <average_rating>0.0</average_rating>
  <ratings_count>0</ratings_count>
  <description></description>
<authors>
<author>
<id>2583087</id>
<name>Frank S. Bloch</name>
<role></role>
<image_url nophoto='true'>
<![CDATA[https://s.gr-assets.com/assets/nophoto/user/m_200x266-d279b33f8eec0f27b7272477f09806be.png]]>
</image_url>
<small_image_url nophoto='true'>
<![CDATA[https://s.gr-assets.com/assets/nophoto/user/m_50x66-82093808bca726cb3249a493fbd3bd0f.png]]>
</small_image_url>
<link><![CDATA[https://www.goodreads.com/author/show/2583087.Frank_S_Bloch]]></link>
<average_rating>2.00</average_rating>
<ratings_count>1</ratings_count>
<text_reviews_count>1</text_reviews_count>
</author>
</authors>
  <published>1994</published>
</book>


      <book>
  <id type="integer">25136291</id>
  <isbn nil="true"/>
  <isbn13 nil="true"/>
  <text_reviews_count type="integer">0</text_reviews_count>
  <title>Clinical Anthology: Readings for Live-Client Clinics</title>
  <title_without_series>Clinical Anthology: Readings for Live-Client Clinics</title_without_series>
  <image_url>https://s.gr-assets.com/assets/nophoto/book/111x148-bcc042a9c91a29c1d680899eff700a03.png</image_url>
  <small_image_url>https://s.gr-assets.com/assets/nophoto/book/50x75-a91bf249278a81aabab721ef782c4a74.png</small_image_url>
  <large_image_url/>
  <link>https://www.goodreads.com/book/show/25136291-clinical-anthology</link>
  <num_pages></num_pages>
  <format></format>
  <edition_information/>
  <publisher></publisher>
  <publication_day></publication_day>
  <publication_year></publication_year>
  <publication_month></publication_month>
  <average_rating>0.0</average_rating>
  <ratings_count>0</ratings_count>
  <description></description>
<authors>
<author>
<id>5487917</id>
<name>Alex J. Hurder</name>
<role></role>
<image_url nophoto='true'>
<![CDATA[https://s.gr-assets.com/assets/nophoto/user/u_200x266-e183445fd1a1b5cc7075bb1cf7043306.png]]>
</image_url>
<small_image_url nophoto='true'>
<![CDATA[https://s.gr-assets.com/assets/nophoto/user/u_50x66-632230dc9882b4352d753eedf9396530.png]]>
</small_image_url>
<link><![CDATA[https://www.goodreads.com/author/show/5487917.Alex_J_Hurder]]></link>
<average_rating>1.00</average_rating>
<ratings_count>1</ratings_count>
<text_reviews_count>0</text_reviews_count>
</author>
</authors>
  <published></published>
</book>


    </books>
</author>

</GoodreadsResponse>