<?xml version="1.0" encoding="UTF-8"?>
<GoodreadsResponse>
  <Request>
    <authentication>true</authentication>
      <key><![CDATA[sySok63UyYyWi2Wof1HocA]]></key>
    <method><![CDATA[author_show]]></method>
  </Request>
  <author>
  <id>273326</id>
  <name>Raymond Gantter</name>
  <link><![CDATA[https://www.goodreads.com/author/show/273326.Raymond_Gantter]]></link>
  <fans_count type="integer">0</fans_count>
  <author_followers_count type="integer">0</author_followers_count>
  <large_image_url><![CDATA[https://s.gr-assets.com/assets/nophoto/user/m_333x500-a9c67bed07ee7e10983a5d5ccc572516.png]]></large_image_url>
  <image_url><![CDATA[https://s.gr-assets.com/assets/nophoto/user/m_200x266-d279b33f8eec0f27b7272477f09806be.png]]></image_url>
  <small_image_url><![CDATA[https://s.gr-assets.com/assets/nophoto/user/m_50x66-82093808bca726cb3249a493fbd3bd0f.png]]></small_image_url>
  <about><![CDATA[A graduate of Syracuse University who had played piano with jazz bands from the age of fourteen, Raymond Gantter was the program manager of the major radio station in Syracuse when he turned down his third draft deferment and entered the army. At thirty years of age, nearly six feet tall and 130 pounds, he made an unlikely infantryman, but in six months, he went from private to acting squad leader to acting buck sergeant before being awarded the Silver Star and a battlefield commission. He began to write the journal that became ROLL ME OVER in September 1944 and finished the manuscript in 1949. He died in 1985, survived by his wife and two children. His manuscript was published by Ballantine Books in 1997.]]></about>
  <influences></influences>
  <works_count>1</works_count>
  <gender>male</gender>
  <hometown></hometown>
  <born_at></born_at>
  <died_at>1985/01/01</died_at>
  <goodreads_author></goodreads_author>

    <books>
      <book>
  <id type="integer">489416</id>
  <isbn>0804116059</isbn>
  <isbn13>9780804116053</isbn13>
  <text_reviews_count type="integer">14</text_reviews_count>
  <title>Roll Me Over: An Infantryman's World War II</title>
  <title_without_series>Roll Me Over: An Infantryman's World War II</title_without_series>
  <image_url>https://images.gr-assets.com/books/1320544558m/489416.jpg</image_url>
  <small_image_url>https://images.gr-assets.com/books/1320544558s/489416.jpg</small_image_url>
  <large_image_url/>
  <link>https://www.goodreads.com/book/show/489416.Roll_Me_Over</link>
  <num_pages>416</num_pages>
  <format>Paperback</format>
  <edition_information/>
  <publisher>Presidio Press</publisher>
  <publication_day>28</publication_day>
  <publication_year>1997</publication_year>
  <publication_month>5</publication_month>
  <average_rating>3.98</average_rating>
  <ratings_count>240</ratings_count>
  <description>OVER THERE&lt;br /&gt;&lt;br /&gt;When Raymond Gantter arrived in Normandy in the fall of 1944, bodies were still washing up from the invasion. Sobered by that sight, Gantter and his fellow infantrymen moved across northern France and Belgium, taking part in the historic and bloody Battle of the Bulge, before slowly penetrating into and across Germany, fighting all the way to the Czechoslovakian border.&lt;br /&gt;&lt;br /&gt;With depth, clarity, and remarkable compassion, Gantter--an enlisted man and college graduate who spoke German--portrays the extraordinary life of the American soldier as he and his comrades lived it while helping to destroy Hitler's Third Reich. From dueling with unseen snipers in ruined villages to fierce battles in which the lightly armed American infantry skirmished against Hitler's panzers, Gantter skillfully captures one infantryman's progress across a continent where guns, fear, and death lay in wait around every bend in the road.</description>
<authors>
<author>
<id>273326</id>
<name>Raymond Gantter</name>
<role></role>
<image_url nophoto='true'>
<![CDATA[https://s.gr-assets.com/assets/nophoto/user/m_200x266-d279b33f8eec0f27b7272477f09806be.png]]>
</image_url>
<small_image_url nophoto='true'>
<![CDATA[https://s.gr-assets.com/assets/nophoto/user/m_50x66-82093808bca726cb3249a493fbd3bd0f.png]]>
</small_image_url>
<link><![CDATA[https://www.goodreads.com/author/show/273326.Raymond_Gantter]]></link>
<average_rating>3.98</average_rating>
<ratings_count>241</ratings_count>
<text_reviews_count>17</text_reviews_count>
</author>
</authors>
  <published>1997</published>
</book>


    </books>
</author>

</GoodreadsResponse>