<?xml version="1.0" encoding="UTF-8"?>
<GoodreadsResponse>
  <Request>
    <authentication>true</authentication>
      <key><![CDATA[sySok63UyYyWi2Wof1HocA]]></key>
    <method><![CDATA[author_show]]></method>
  </Request>
  <author>
  <id>2795168</id>
  <name>George I. Treyz</name>
  <link><![CDATA[https://www.goodreads.com/author/show/2795168.George_I_Treyz]]></link>
  <fans_count type="integer">0</fans_count>
  <author_followers_count type="integer">0</author_followers_count>
  <large_image_url><![CDATA[https://s.gr-assets.com/assets/nophoto/user/m_333x500-a9c67bed07ee7e10983a5d5ccc572516.png]]></large_image_url>
  <image_url><![CDATA[https://s.gr-assets.com/assets/nophoto/user/m_200x266-d279b33f8eec0f27b7272477f09806be.png]]></image_url>
  <small_image_url><![CDATA[https://s.gr-assets.com/assets/nophoto/user/m_50x66-82093808bca726cb3249a493fbd3bd0f.png]]></small_image_url>
  <about></about>
  <influences></influences>
  <works_count>2</works_count>
  <gender>male</gender>
  <hometown></hometown>
  <born_at></born_at>
  <died_at></died_at>
  <goodreads_author></goodreads_author>

    <books>
      <book>
  <id type="integer">8040993</id>
  <isbn>0024215007</isbn>
  <isbn13>9780024215000</isbn13>
  <text_reviews_count type="integer">0</text_reviews_count>
  <title>Computer Problem Kit for Economics: Workbook and Cards</title>
  <title_without_series>Computer Problem Kit for Economics: Workbook and Cards</title_without_series>
  <image_url>https://s.gr-assets.com/assets/nophoto/book/111x148-bcc042a9c91a29c1d680899eff700a03.png</image_url>
  <small_image_url>https://s.gr-assets.com/assets/nophoto/book/50x75-a91bf249278a81aabab721ef782c4a74.png</small_image_url>
  <large_image_url/>
  <link>https://www.goodreads.com/book/show/8040993-computer-problem-kit-for-economics</link>
  <num_pages></num_pages>
  <format></format>
  <edition_information/>
  <publisher></publisher>
  <publication_day></publication_day>
  <publication_year></publication_year>
  <publication_month></publication_month>
  <average_rating>0.0</average_rating>
  <ratings_count>0</ratings_count>
  <description></description>
<authors>
<author>
<id>2795168</id>
<name>George I. Treyz</name>
<role></role>
<image_url nophoto='true'>
<![CDATA[https://s.gr-assets.com/assets/nophoto/user/m_200x266-d279b33f8eec0f27b7272477f09806be.png]]>
</image_url>
<small_image_url nophoto='true'>
<![CDATA[https://s.gr-assets.com/assets/nophoto/user/m_50x66-82093808bca726cb3249a493fbd3bd0f.png]]>
</small_image_url>
<link><![CDATA[https://www.goodreads.com/author/show/2795168.George_I_Treyz]]></link>
<average_rating>0.0</average_rating>
<ratings_count>0</ratings_count>
<text_reviews_count>0</text_reviews_count>
</author>
</authors>
  <published></published>
</book>


      <book>
  <id type="integer">4289158</id>
  <isbn>0792393821</isbn>
  <isbn13>9780792393825</isbn13>
  <text_reviews_count type="integer">0</text_reviews_count>
  <title>Regional Economic Modeling: A Systematic Approach To Economic Forecasting And Policy Analysis</title>
  <title_without_series>Regional Economic Modeling: A Systematic Approach To Economic Forecasting And Policy Analysis</title_without_series>
  <image_url>https://s.gr-assets.com/assets/nophoto/book/111x148-bcc042a9c91a29c1d680899eff700a03.png</image_url>
  <small_image_url>https://s.gr-assets.com/assets/nophoto/book/50x75-a91bf249278a81aabab721ef782c4a74.png</small_image_url>
  <large_image_url/>
  <link>https://www.goodreads.com/book/show/4289158-regional-economic-modeling</link>
  <num_pages>506</num_pages>
  <format>Hardcover</format>
  <edition_information/>
  <publisher>Springer</publisher>
  <publication_day>31</publication_day>
  <publication_year>1993</publication_year>
  <publication_month>8</publication_month>
  <average_rating>0.0</average_rating>
  <ratings_count>0</ratings_count>
  <description>Regional economic models are the key to predicting the effects of transportation, economic development, energy, fiscal and environmental policies. Despite this, the principal regional economic policy analysis model used throughout the United States by government agencies, universities, and the private sector has not been presented in a book until now. The approach to building, understanding and using regional models presented in Regional Economic Models: A Systematic Approach to Forecasting and Policy Analysis is progressive. It begins with the simplest possible models and concludes with a full presentation of the leading model used by policy makers today. The full details are presented along with facilitating software, which is made available so that the reader can build a prototype model for any state or country and can perform policy simulations with full operational models for a sample area. Policy studies are discussed that have been carried out with the model, as well as the range of ways in which policies can be tested through policy simulations. The necessary background is developed for understanding the ways in which models can be used to improve the basis upon which policies are evaluated, as well as the sensitivity of the predicted effects to the model chosen for the analysis. The presentation is multifaceted and includes equations, diagrams and numerical examples. The professional literature is integrated with introductory materials to produce the first comprehensive book on regional modeling that extends from economic base models to modeling advances that are currently being published in economic journals.</description>
<authors>
<author>
<id>2795168</id>
<name>George I. Treyz</name>
<role></role>
<image_url nophoto='true'>
<![CDATA[https://s.gr-assets.com/assets/nophoto/user/m_200x266-d279b33f8eec0f27b7272477f09806be.png]]>
</image_url>
<small_image_url nophoto='true'>
<![CDATA[https://s.gr-assets.com/assets/nophoto/user/m_50x66-82093808bca726cb3249a493fbd3bd0f.png]]>
</small_image_url>
<link><![CDATA[https://www.goodreads.com/author/show/2795168.George_I_Treyz]]></link>
<average_rating>0.0</average_rating>
<ratings_count>0</ratings_count>
<text_reviews_count>0</text_reviews_count>
</author>
</authors>
  <published>1993</published>
</book>


    </books>
</author>

</GoodreadsResponse>