<?xml version="1.0" encoding="UTF-8"?>
<GoodreadsResponse>
  <Request>
    <authentication>true</authentication>
      <key><![CDATA[sySok63UyYyWi2Wof1HocA]]></key>
    <method><![CDATA[author_show]]></method>
  </Request>
  <author>
  <id>2820063</id>
  <name>K.C. West</name>
  <link><![CDATA[https://www.goodreads.com/author/show/2820063.K_C_West]]></link>
  <fans_count type="integer">0</fans_count>
  <author_followers_count type="integer">0</author_followers_count>
  <large_image_url><![CDATA[https://s.gr-assets.com/assets/nophoto/user/f_333x500-c8899232290ea51bb160dea14c29470b.png]]></large_image_url>
  <image_url><![CDATA[https://s.gr-assets.com/assets/nophoto/user/f_200x266-3061b784cc8e7f021c6430c9aba94587.png]]></image_url>
  <small_image_url><![CDATA[https://s.gr-assets.com/assets/nophoto/user/f_50x66-6a03a5c12233c941481992b82eea8d23.png]]></small_image_url>
  <about></about>
  <influences></influences>
  <works_count>5</works_count>
  <gender>female</gender>
  <hometown></hometown>
  <born_at></born_at>
  <died_at></died_at>
  <goodreads_author>true</goodreads_author>
    <user>
  <id type="integer">31412268</id>
</user>


    <books>
      <book>
  <id type="integer">299705</id>
  <isbn>0975573969</isbn>
  <isbn13>9780975573969</isbn13>
  <text_reviews_count type="integer">0</text_reviews_count>
  <title>Superstition Shadows (The Shadows, #1)</title>
  <title_without_series>Superstition Shadows</title_without_series>
  <image_url>https://images.gr-assets.com/books/1409729897m/299705.jpg</image_url>
  <small_image_url>https://images.gr-assets.com/books/1409729897s/299705.jpg</small_image_url>
  <large_image_url/>
  <link>https://www.goodreads.com/book/show/299705.Superstition_Shadows</link>
  <num_pages>340</num_pages>
  <format>Paperback</format>
  <edition_information/>
  <publisher>Dare 2 Dream Publishing</publisher>
  <publication_day/>
  <publication_year>2004</publication_year>
  <publication_month>8</publication_month>
  <average_rating>3.43</average_rating>
  <ratings_count>21</ratings_count>
  <description>Fearing the loss of her financial backing, eminent archaeologist Kimberly Blair accepts her benefactor's daughter as an assistant on a project in Arizona's Superstition Mountains. But PJ Curtis, though a well-educated archaeologist, seems to lack dedication and maturity, and her reputation as a playgirl threatens the cohesiveness of Kim's close-knit crew.&lt;br /&gt;Soon, PJ's questionable judgment jeopardizes Kim's obsessive quest to find evidence of a lost tribe of Amazons; a quest that brought her half way across the globe to the Southwestern United States.&lt;br /&gt;Kim and PJ encounter earthquakes, rockslides, rattlesnakes and a growing attraction for each other. They discover that shadows from the past can reach out to those living in the present, and that Amazons exist even today. Their spirit and strength live on in the souls of these two women.</description>
<authors>
<author>
<id>2820063</id>
<name>K.C. West</name>
<role></role>
<image_url nophoto='true'>
<![CDATA[https://s.gr-assets.com/assets/nophoto/user/f_200x266-3061b784cc8e7f021c6430c9aba94587.png]]>
</image_url>
<small_image_url nophoto='true'>
<![CDATA[https://s.gr-assets.com/assets/nophoto/user/f_50x66-6a03a5c12233c941481992b82eea8d23.png]]>
</small_image_url>
<link><![CDATA[https://www.goodreads.com/author/show/2820063.K_C_West]]></link>
<average_rating>3.49</average_rating>
<ratings_count>49</ratings_count>
<text_reviews_count>0</text_reviews_count>
</author>
</authors>
  <published>2004</published>
</book>


      <book>
  <id type="integer">299707</id>
  <isbn>0977031861</isbn>
  <isbn13>9780977031863</isbn13>
  <text_reviews_count type="integer">0</text_reviews_count>
  <title>Celtic Shadows (The Shadows, #2)</title>
  <title_without_series>Celtic Shadows</title_without_series>
  <image_url>https://s.gr-assets.com/assets/nophoto/book/111x148-bcc042a9c91a29c1d680899eff700a03.png</image_url>
  <small_image_url>https://s.gr-assets.com/assets/nophoto/book/50x75-a91bf249278a81aabab721ef782c4a74.png</small_image_url>
  <large_image_url/>
  <link>https://www.goodreads.com/book/show/299707.Celtic_Shadows</link>
  <num_pages></num_pages>
  <format></format>
  <edition_information/>
  <publisher>Blue Feather Books</publisher>
  <publication_day/>
  <publication_year>2006</publication_year>
  <publication_month>12</publication_month>
  <average_rating>3.55</average_rating>
  <ratings_count>11</ratings_count>
  <description>Intrepid archaeologists Kim and PJ thought their trip to Wales would be a working vacation and a second honeymoon. They were supposed to help an old college friend of PJ's father discover the identity of an ancient Celtic chieftain. Instead, their journey turns into a frightening whirlwind of danger and deception. Present-day criminals and ancient warriors clash in this eerie and exciting sequel to the best-selling Superstition Shadows</description>
<authors>
<author>
<id>2820063</id>
<name>K.C. West</name>
<role></role>
<image_url nophoto='true'>
<![CDATA[https://s.gr-assets.com/assets/nophoto/user/f_200x266-3061b784cc8e7f021c6430c9aba94587.png]]>
</image_url>
<small_image_url nophoto='true'>
<![CDATA[https://s.gr-assets.com/assets/nophoto/user/f_50x66-6a03a5c12233c941481992b82eea8d23.png]]>
</small_image_url>
<link><![CDATA[https://www.goodreads.com/author/show/2820063.K_C_West]]></link>
<average_rating>3.49</average_rating>
<ratings_count>49</ratings_count>
<text_reviews_count>0</text_reviews_count>
</author>
</authors>
  <published>2006</published>
</book>


      <book>
  <id type="integer">6191204</id>
  <isbn>0979412080</isbn>
  <isbn13>9780979412080</isbn13>
  <text_reviews_count type="integer">0</text_reviews_count>
  <title>Greek Shadows (The Shadows, #3)</title>
  <title_without_series>Greek Shadows</title_without_series>
  <image_url>https://s.gr-assets.com/assets/nophoto/book/111x148-bcc042a9c91a29c1d680899eff700a03.png</image_url>
  <small_image_url>https://s.gr-assets.com/assets/nophoto/book/50x75-a91bf249278a81aabab721ef782c4a74.png</small_image_url>
  <large_image_url/>
  <link>https://www.goodreads.com/book/show/6191204-greek-shadows</link>
  <num_pages>236</num_pages>
  <format>Paperback</format>
  <edition_information/>
  <publisher>Blue Feather Books</publisher>
  <publication_day/>
  <publication_year>2008</publication_year>
  <publication_month>11</publication_month>
  <average_rating>3.33</average_rating>
  <ratings_count>9</ratings_count>
  <description>What could be more exciting for archeologists Kim Blair and PJ Curtis than jetting off to a picturesque Greek island to work with one of Kim's former students on a newly-discovered underground labyrinth? How about slipping through a portal into the past and taking an extended journey back in time to meet some very famous women - women who help Kim and PJ face and defeat their weaknesses and discover their true Amazon destinies? If you've read the first two books of the Shadow series, you'll be eager to accompany Kim and PJ on their latest adventure where ancient treasures and timeless warriors have profound effects on Kim and PJ's present-day lives. If you're meeting Kim and PJ for the first time, buckle up and hang on for a fast-paced, unpredictable ride to the far side of the world and beyond. What do Kim and PJ find in the labyrinth? What do they discover about the Amazons deep within their souls? Can they shine a light deep into the ageless Greek Shadows and accept the truths illuminated there?</description>
<authors>
<author>
<id>2820063</id>
<name>K.C. West</name>
<role></role>
<image_url nophoto='true'>
<![CDATA[https://s.gr-assets.com/assets/nophoto/user/f_200x266-3061b784cc8e7f021c6430c9aba94587.png]]>
</image_url>
<small_image_url nophoto='true'>
<![CDATA[https://s.gr-assets.com/assets/nophoto/user/f_50x66-6a03a5c12233c941481992b82eea8d23.png]]>
</small_image_url>
<link><![CDATA[https://www.goodreads.com/author/show/2820063.K_C_West]]></link>
<average_rating>3.49</average_rating>
<ratings_count>49</ratings_count>
<text_reviews_count>0</text_reviews_count>
</author>
</authors>
  <published>2008</published>
</book>


      <book>
  <id type="integer">8353609</id>
  <isbn>0982285892</isbn>
  <isbn13>9780982285893</isbn13>
  <text_reviews_count type="integer">0</text_reviews_count>
  <title>Canyon Shadows (The Shadows, #4)</title>
  <title_without_series>Canyon Shadows</title_without_series>
  <image_url>https://s.gr-assets.com/assets/nophoto/book/111x148-bcc042a9c91a29c1d680899eff700a03.png</image_url>
  <small_image_url>https://s.gr-assets.com/assets/nophoto/book/50x75-a91bf249278a81aabab721ef782c4a74.png</small_image_url>
  <large_image_url/>
  <link>https://www.goodreads.com/book/show/8353609-canyon-shadows</link>
  <num_pages>194</num_pages>
  <format>Paperback</format>
  <edition_information/>
  <publisher>Blue Feather Books</publisher>
  <publication_day/>
  <publication_year>2010</publication_year>
  <publication_month>4</publication_month>
  <average_rating>4.20</average_rating>
  <ratings_count>5</ratings_count>
  <description>Archaeologists Kim Blair and PJ Curtis, newly married both in ancient days (thanks to time travel) and in modern times, are eager for some privacy and relaxation. They set up housekeeping on Kim's ranch near Santa Fe, New Mexico. Though idyllic in nearly every way, their domestic bliss becomes tedious, and the Land of Enchantment seems too tame after the action-packed adventures Kim and PJ experienced in Arizona, Wales, and Greece. Then a visit from an Amazon spirit guide forces them to refocus on their destiny and warns them of unexpected danger and heartache. &lt;br /&gt;&lt;br /&gt;While PJ is away on a business trip, someone breaks into the house on the ranch. Kim's trusted wolf-dog, Pup, is injured and Kim disappears. Few clues exist, but PJ finds the one most likely to reunite her with her beloved Kim. PJ must risk everything to rescue her spouse from a desolate canyon hideaway. &lt;br /&gt;&lt;br /&gt;In this fourth book of the West and Welsh "Shadow" series, Amazon shaman meets Navajo medicine woman in a gripping saga. PJ and Kim combat unspeakable evil, face overwhelming physical and mental pain, and strive valiantly to restore the harmony they so treasure. They've said they'll love each other forever and always, but just how long is that? The answer is a matter of life or death and lies in the Canyon Shadows.</description>
<authors>
<author>
<id>2820063</id>
<name>K.C. West</name>
<role></role>
<image_url nophoto='true'>
<![CDATA[https://s.gr-assets.com/assets/nophoto/user/f_200x266-3061b784cc8e7f021c6430c9aba94587.png]]>
</image_url>
<small_image_url nophoto='true'>
<![CDATA[https://s.gr-assets.com/assets/nophoto/user/f_50x66-6a03a5c12233c941481992b82eea8d23.png]]>
</small_image_url>
<link><![CDATA[https://www.goodreads.com/author/show/2820063.K_C_West]]></link>
<average_rating>3.49</average_rating>
<ratings_count>49</ratings_count>
<text_reviews_count>0</text_reviews_count>
</author>
</authors>
  <published>2010</published>
</book>


      <book>
  <id type="integer">12622981</id>
  <isbn>1935627996</isbn>
  <isbn13>9781935627999</isbn13>
  <text_reviews_count type="integer">0</text_reviews_count>
  <title>Lingering Shadows (The Shadows, #5)</title>
  <title_without_series>Lingering Shadows</title_without_series>
  <image_url>https://s.gr-assets.com/assets/nophoto/book/111x148-bcc042a9c91a29c1d680899eff700a03.png</image_url>
  <small_image_url>https://s.gr-assets.com/assets/nophoto/book/50x75-a91bf249278a81aabab721ef782c4a74.png</small_image_url>
  <large_image_url/>
  <link>https://www.goodreads.com/book/show/12622981-lingering-shadows</link>
  <num_pages>174</num_pages>
  <format>Paperback</format>
  <edition_information/>
  <publisher>Blue Feather Books</publisher>
  <publication_day/>
  <publication_year>2011</publication_year>
  <publication_month>7</publication_month>
  <average_rating>3.00</average_rating>
  <ratings_count>3</ratings_count>
  <description>In Canyon Shadows, Book Four of the Shadows series, archeologists Kim Blair and PJ Curtis endured an arduous test of their commitment to one another. Confronted with a situation of kill or be killed, Kim made a choice that left her physically battered and emotionally drained. Try as they might, Kim and PJ couldn't find their way back to the harmony they'd come to rely on. Canyon Shadows ended with the two women, who'd promised to love each other forever, living apart and searching for ways to go on without one another.&lt;br /&gt;Lingering Shadows, the final book in PJ and Kim's saga, picks up where Canyon Shadows left off. Kim feels unworthy of PJ's love and is determined to set PJ free, whatever the cost. But Mother Nature herself intervenes and throws PJ and Kim back together in a dangerous struggle to survive. Their love and devotion are literally and figuratively purified by fire, and they emerge on the far side with greater insights into each other, themselves, and the strength of their union.&lt;br /&gt;Join Kim and PJ on their final adventure, one that invites you to experience a love that sprang into being in past lives and that continues on beyond the galaxy, where all things are possible in the Lingering Shadows.</description>
<authors>
<author>
<id>2820063</id>
<name>K.C. West</name>
<role></role>
<image_url nophoto='true'>
<![CDATA[https://s.gr-assets.com/assets/nophoto/user/f_200x266-3061b784cc8e7f021c6430c9aba94587.png]]>
</image_url>
<small_image_url nophoto='true'>
<![CDATA[https://s.gr-assets.com/assets/nophoto/user/f_50x66-6a03a5c12233c941481992b82eea8d23.png]]>
</small_image_url>
<link><![CDATA[https://www.goodreads.com/author/show/2820063.K_C_West]]></link>
<average_rating>3.49</average_rating>
<ratings_count>49</ratings_count>
<text_reviews_count>0</text_reviews_count>
</author>
</authors>
  <published>2011</published>
</book>


    </books>
</author>

</GoodreadsResponse>