<?xml version="1.0" encoding="UTF-8"?>
<GoodreadsResponse>
  <Request>
    <authentication>true</authentication>
      <key><![CDATA[sySok63UyYyWi2Wof1HocA]]></key>
    <method><![CDATA[author_show]]></method>
  </Request>
  <author>
  <id>2893553</id>
  <name>Carolyn Wada</name>
  <link><![CDATA[https://www.goodreads.com/author/show/2893553.Carolyn_Wada]]></link>
  <fans_count type="integer">2</fans_count>
  <author_followers_count type="integer">2</author_followers_count>
  <large_image_url><![CDATA[https://images.gr-assets.com/authors/1252767156p7/2893553.jpg]]></large_image_url>
  <image_url><![CDATA[https://images.gr-assets.com/authors/1252767156p5/2893553.jpg]]></image_url>
  <small_image_url><![CDATA[https://images.gr-assets.com/authors/1252767156p2/2893553.jpg]]></small_image_url>
  <about><![CDATA[Stole this bio from my Twitter page, (for the conciseness)=4foot10, 85 lbs. Oldest of seven. Raised in Hawaii. Author of For Cory's Sake.&gt; The rest of who I am and what I care about stream in real-time <a href="http://twitter.com/ForCorysSake" rel="nofollow">@ForCorysSake</a>]]></about>
  <influences></influences>
  <works_count>4</works_count>
  <gender>female</gender>
  <hometown>Honolulu</hometown>
  <born_at></born_at>
  <died_at></died_at>
  <goodreads_author>true</goodreads_author>
    <user>
  <id type="integer">2518522</id>
</user>


    <books>
      <book>
  <id type="integer">7205410</id>
  <isbn nil="true"/>
  <isbn13 nil="true"/>
  <text_reviews_count type="integer">2</text_reviews_count>
  <title>Roci and the Skycat</title>
  <title_without_series>Roci and the Skycat</title_without_series>
  <image_url>https://images.gr-assets.com/books/1263056308m/7205410.jpg</image_url>
  <small_image_url>https://images.gr-assets.com/books/1263056308s/7205410.jpg</small_image_url>
  <large_image_url/>
  <link>https://www.goodreads.com/book/show/7205410-roci-and-the-skycat</link>
  <num_pages></num_pages>
  <format>ebook</format>
  <edition_information/>
  <publisher>smashwords.com</publisher>
  <publication_day>25</publication_day>
  <publication_year>2009</publication_year>
  <publication_month>11</publication_month>
  <average_rating>3.67</average_rating>
  <ratings_count>3</ratings_count>
  <description></description>
<authors>
<author>
<id>2893553</id>
<name>Carolyn Wada</name>
<role></role>
<image_url nophoto='false'>
<![CDATA[https://images.gr-assets.com/authors/1252767156p5/2893553.jpg]]>
</image_url>
<small_image_url nophoto='false'>
<![CDATA[https://images.gr-assets.com/authors/1252767156p2/2893553.jpg]]>
</small_image_url>
<link><![CDATA[https://www.goodreads.com/author/show/2893553.Carolyn_Wada]]></link>
<average_rating>3.38</average_rating>
<ratings_count>8</ratings_count>
<text_reviews_count>4</text_reviews_count>
</author>
</authors>
  <published>2009</published>
</book>


      <book>
  <id type="integer">21837241</id>
  <isbn nil="true"/>
  <isbn13>9781465782472</isbn13>
  <text_reviews_count type="integer">0</text_reviews_count>
  <title>Sherlock Dog</title>
  <title_without_series>Sherlock Dog</title_without_series>
  <image_url>https://images.gr-assets.com/books/1411698250m/21837241.jpg</image_url>
  <small_image_url>https://images.gr-assets.com/books/1411698250s/21837241.jpg</small_image_url>
  <large_image_url/>
  <link>https://www.goodreads.com/book/show/21837241-sherlock-dog</link>
  <num_pages></num_pages>
  <format>ebook</format>
  <edition_information/>
  <publisher>Smashwords Edition</publisher>
  <publication_day>21</publication_day>
  <publication_year>2012</publication_year>
  <publication_month>1</publication_month>
  <average_rating>3.00</average_rating>
  <ratings_count>3</ratings_count>
  <description>A dog tells of his American Mommy's obsession with BBC Sherlock, how it got her into trouble, and how he got her out.</description>
<authors>
<author>
<id>2893553</id>
<name>Carolyn Wada</name>
<role></role>
<image_url nophoto='false'>
<![CDATA[https://images.gr-assets.com/authors/1252767156p5/2893553.jpg]]>
</image_url>
<small_image_url nophoto='false'>
<![CDATA[https://images.gr-assets.com/authors/1252767156p2/2893553.jpg]]>
</small_image_url>
<link><![CDATA[https://www.goodreads.com/author/show/2893553.Carolyn_Wada]]></link>
<average_rating>3.38</average_rating>
<ratings_count>8</ratings_count>
<text_reviews_count>4</text_reviews_count>
</author>
</authors>
  <published>2012</published>
</book>


      <book>
  <id type="integer">6385652</id>
  <isbn>143271208X</isbn>
  <isbn13>9781432712082</isbn13>
  <text_reviews_count type="integer">1</text_reviews_count>
  <title>For Cory's Sake</title>
  <title_without_series>For Cory's Sake</title_without_series>
  <image_url>https://s.gr-assets.com/assets/nophoto/book/111x148-bcc042a9c91a29c1d680899eff700a03.png</image_url>
  <small_image_url>https://s.gr-assets.com/assets/nophoto/book/50x75-a91bf249278a81aabab721ef782c4a74.png</small_image_url>
  <large_image_url/>
  <link>https://www.goodreads.com/book/show/6385652-for-cory-s-sake</link>
  <num_pages>228</num_pages>
  <format>Paperback</format>
  <edition_information/>
  <publisher>Outskirts Press</publisher>
  <publication_day>10</publication_day>
  <publication_year>2009</publication_year>
  <publication_month>2</publication_month>
  <average_rating>3.50</average_rating>
  <ratings_count>2</ratings_count>
  <description>But Roci wasn't interested in barren reality . . . &lt;br /&gt;Reality, for Roci, is bleak. His planet of Cory is enslaved by Fear of a Bomb. He has never had a family. His nearly perfected passive-aggressive behavior keeps him in constant trouble at the factory. &lt;br /&gt;Roci copes by inventing stories-about the family in which he might have lived had there never been a Bomb, or about the people who might "at this very moment" be trying to save Roci's planet of Cory. &lt;br /&gt;For Cory's Sake is the story of a family trying to save Roci's planet of Cory. &lt;br /&gt;Author's royalties will be donated to organizations that provide services to abused, neglected or exploited children. For more information, visit &lt;a target="_blank" href="http://www.pre-invasionconspiracy.info" rel="nofollow"&gt;www.pre-invasionconspiracy.info&lt;/a&gt; &lt;br /&gt;Carolyn Wada has two wonderful, supportive parents and is the oldest of seven children (five boys and two girls).</description>
<authors>
<author>
<id>2893553</id>
<name>Carolyn Wada</name>
<role></role>
<image_url nophoto='false'>
<![CDATA[https://images.gr-assets.com/authors/1252767156p5/2893553.jpg]]>
</image_url>
<small_image_url nophoto='false'>
<![CDATA[https://images.gr-assets.com/authors/1252767156p2/2893553.jpg]]>
</small_image_url>
<link><![CDATA[https://www.goodreads.com/author/show/2893553.Carolyn_Wada]]></link>
<average_rating>3.38</average_rating>
<ratings_count>8</ratings_count>
<text_reviews_count>4</text_reviews_count>
</author>
</authors>
  <published>2009</published>
</book>


      <book>
  <id type="integer">21827560</id>
  <isbn nil="true"/>
  <isbn13>9781452349305</isbn13>
  <text_reviews_count type="integer">0</text_reviews_count>
  <title>Roci and the skycat</title>
  <title_without_series>Roci and the skycat</title_without_series>
  <image_url>https://images.gr-assets.com/books/1396488446m/21827560.jpg</image_url>
  <small_image_url>https://images.gr-assets.com/books/1396488446s/21827560.jpg</small_image_url>
  <large_image_url/>
  <link>https://www.goodreads.com/book/show/21827560-roci-and-the-skycat</link>
  <num_pages></num_pages>
  <format>ebook</format>
  <edition_information/>
  <publisher>Smashwords Edition</publisher>
  <publication_day>25</publication_day>
  <publication_year>2009</publication_year>
  <publication_month>11</publication_month>
  <average_rating>0.0</average_rating>
  <ratings_count>0</ratings_count>
  <description>An enslaved boy is befriended by a massive blue-grey cat of indeterminate but seemingly ancient age. Prequel to For Cory's Sake.</description>
<authors>
<author>
<id>2893553</id>
<name>Carolyn Wada</name>
<role></role>
<image_url nophoto='false'>
<![CDATA[https://images.gr-assets.com/authors/1252767156p5/2893553.jpg]]>
</image_url>
<small_image_url nophoto='false'>
<![CDATA[https://images.gr-assets.com/authors/1252767156p2/2893553.jpg]]>
</small_image_url>
<link><![CDATA[https://www.goodreads.com/author/show/2893553.Carolyn_Wada]]></link>
<average_rating>3.38</average_rating>
<ratings_count>8</ratings_count>
<text_reviews_count>4</text_reviews_count>
</author>
</authors>
  <published>2009</published>
</book>


    </books>
</author>

</GoodreadsResponse>