<?xml version="1.0" encoding="UTF-8"?>
<GoodreadsResponse>
  <Request>
    <authentication>true</authentication>
      <key><![CDATA[sySok63UyYyWi2Wof1HocA]]></key>
    <method><![CDATA[author_show]]></method>
  </Request>
  <author>
  <id>293262</id>
  <name>Asma Barlas</name>
  <link><![CDATA[https://www.goodreads.com/author/show/293262.Asma_Barlas]]></link>
  <fans_count type="integer">17</fans_count>
  <author_followers_count type="integer">17</author_followers_count>
  <large_image_url><![CDATA[https://images.gr-assets.com/authors/1403384275p7/293262.jpg]]></large_image_url>
  <image_url><![CDATA[https://images.gr-assets.com/authors/1403384275p5/293262.jpg]]></image_url>
  <small_image_url><![CDATA[https://images.gr-assets.com/authors/1403384275p2/293262.jpg]]></small_image_url>
  <about><![CDATA[Born in Pakistan in 1950,Barlas was one of the first women to be inducted into the foreign service. Her diplomatic career was ended when General Zia ul Haq dismissed her from the Foreign Service on two charges:for calling him a "buffoon" in her personal diary (leaked by her former in-laws) and for having said, at a private dinner at the home of Pakistan's ambassador to the Philippines, that "the judiciary in Pakistan was neither free nor fair." <br /><br />She joined the newspaper The Muslim<br />as assistant editor, but eventually had to leave Pakistan for reasons of personal safety in 1983, and later received political asylum in the U.S]]></about>
  <influences></influences>
  <works_count>4</works_count>
  <gender>female</gender>
  <hometown></hometown>
  <born_at></born_at>
  <died_at></died_at>
  <goodreads_author></goodreads_author>

    <books>
      <book>
  <id type="integer">530114</id>
  <isbn>0292709048</isbn>
  <isbn13>9780292709041</isbn13>
  <text_reviews_count type="integer">30</text_reviews_count>
  <title>"Believing Women" in Islam: Unreading Patriarchal Interpretations of the Qur'an</title>
  <title_without_series>"Believing Women" in Islam: Unreading Patriarchal Interpretations of the Qur'an</title_without_series>
  <image_url>https://s.gr-assets.com/assets/nophoto/book/111x148-bcc042a9c91a29c1d680899eff700a03.png</image_url>
  <small_image_url>https://s.gr-assets.com/assets/nophoto/book/50x75-a91bf249278a81aabab721ef782c4a74.png</small_image_url>
  <large_image_url/>
  <link>https://www.goodreads.com/book/show/530114._Believing_Women_in_Islam</link>
  <num_pages>272</num_pages>
  <format>Paperback</format>
  <edition_information/>
  <publisher>University of Texas Press</publisher>
  <publication_day>15</publication_day>
  <publication_year>2002</publication_year>
  <publication_month>6</publication_month>
  <average_rating>4.22</average_rating>
  <ratings_count>820</ratings_count>
  <description>Does Islam call for the oppression of women? Non-Muslims point to the subjugation of women that occurs in many Muslim countries, especially those that claim to be "Islamic," while many Muslims read the Qur'an in ways that seem to justify sexual oppression, inequality, and patriarchy. Taking a wholly different view, Asma Barlas develops a believer's reading of the Qur'an that demonstrates the radically egalitarian and antipatriarchal nature of its teachings.&lt;br /&gt;&lt;br /&gt;Beginning with a historical analysis of religious authority and knowledge, Barlas shows how Muslims came to read inequality and patriarchy into the Qur'an to justify existing religious and social structures and demonstrates that the patriarchal meanings ascribed to the Qur'an are a function of who has read it, how, and in what contexts. She goes on to reread the Qur'an's position on a variety of issues in order to argue that its teachings do not support patriarchy. To the contrary, Barlas convincingly asserts that the Qur'an affirms the complete equality of the sexes, thereby offering an opportunity to theorize radical sexual equality from within the framework of its teachings. This new view takes readers into the heart of Islamic teachings on women, gender, and patriarchy, allowing them to understand Islam through its most sacred scripture, rather than through Muslim cultural practices or Western media stereotypes.</description>
<authors>
<author>
<id>293262</id>
<name>Asma Barlas</name>
<role></role>
<image_url nophoto='false'>
<![CDATA[https://images.gr-assets.com/authors/1403384275p5/293262.jpg]]>
</image_url>
<small_image_url nophoto='false'>
<![CDATA[https://images.gr-assets.com/authors/1403384275p2/293262.jpg]]>
</small_image_url>
<link><![CDATA[https://www.goodreads.com/author/show/293262.Asma_Barlas]]></link>
<average_rating>4.21</average_rating>
<ratings_count>835</ratings_count>
<text_reviews_count>32</text_reviews_count>
</author>
</authors>
  <published>2002</published>
</book>


      <book>
  <id type="integer">2935989</id>
  <isbn nil="true"/>
  <isbn13 nil="true"/>
  <text_reviews_count type="integer">1</text_reviews_count>
  <title>Cara Al Qur'an Membebaskan Perempuan</title>
  <title_without_series>Cara Al Qur'an Membebaskan Perempuan</title_without_series>
  <image_url>https://s.gr-assets.com/assets/nophoto/book/111x148-bcc042a9c91a29c1d680899eff700a03.png</image_url>
  <small_image_url>https://s.gr-assets.com/assets/nophoto/book/50x75-a91bf249278a81aabab721ef782c4a74.png</small_image_url>
  <large_image_url/>
  <link>https://www.goodreads.com/book/show/2935989-cara-al-qur-an-membebaskan-perempuan</link>
  <num_pages>388</num_pages>
  <format></format>
  <edition_information/>
  <publisher>Serambi</publisher>
  <publication_day/>
  <publication_year>2005</publication_year>
  <publication_month/>
  <average_rating>3.73</average_rating>
  <ratings_count>11</ratings_count>
  <description></description>
<authors>
<author>
<id>293262</id>
<name>Asma Barlas</name>
<role></role>
<image_url nophoto='false'>
<![CDATA[https://images.gr-assets.com/authors/1403384275p5/293262.jpg]]>
</image_url>
<small_image_url nophoto='false'>
<![CDATA[https://images.gr-assets.com/authors/1403384275p2/293262.jpg]]>
</small_image_url>
<link><![CDATA[https://www.goodreads.com/author/show/293262.Asma_Barlas]]></link>
<average_rating>4.21</average_rating>
<ratings_count>835</ratings_count>
<text_reviews_count>32</text_reviews_count>
</author>
</authors>
  <published>2005</published>
</book>


      <book>
  <id type="integer">734217</id>
  <isbn>0813387507</isbn>
  <isbn13>9780813387505</isbn13>
  <text_reviews_count type="integer">0</text_reviews_count>
  <title>Democracy, Nationalism, And Communalism: The Colonial Legacy In South Asia</title>
  <title_without_series>Democracy, Nationalism, And Communalism: The Colonial Legacy In South Asia</title_without_series>
  <image_url>https://s.gr-assets.com/assets/nophoto/book/111x148-bcc042a9c91a29c1d680899eff700a03.png</image_url>
  <small_image_url>https://s.gr-assets.com/assets/nophoto/book/50x75-a91bf249278a81aabab721ef782c4a74.png</small_image_url>
  <large_image_url/>
  <link>https://www.goodreads.com/book/show/734217.Democracy_Nationalism_And_Communalism</link>
  <num_pages>241</num_pages>
  <format>Hardcover</format>
  <edition_information/>
  <publisher>Westview Press</publisher>
  <publication_day>22</publication_day>
  <publication_year>1995</publication_year>
  <publication_month>6</publication_month>
  <average_rating>4.67</average_rating>
  <ratings_count>3</ratings_count>
  <description></description>
<authors>
<author>
<id>293262</id>
<name>Asma Barlas</name>
<role></role>
<image_url nophoto='false'>
<![CDATA[https://images.gr-assets.com/authors/1403384275p5/293262.jpg]]>
</image_url>
<small_image_url nophoto='false'>
<![CDATA[https://images.gr-assets.com/authors/1403384275p2/293262.jpg]]>
</small_image_url>
<link><![CDATA[https://www.goodreads.com/author/show/293262.Asma_Barlas]]></link>
<average_rating>4.21</average_rating>
<ratings_count>835</ratings_count>
<text_reviews_count>32</text_reviews_count>
</author>
</authors>
  <published>1995</published>
</book>


      <book>
  <id type="integer">734218</id>
  <isbn>8188869090</isbn>
  <isbn13 nil="true"/>
  <text_reviews_count type="integer">0</text_reviews_count>
  <title>Islam, Muslims, And The Us: Essays On Religion And Politics</title>
  <title_without_series>Islam, Muslims, And The Us: Essays On Religion And Politics</title_without_series>
  <image_url>https://s.gr-assets.com/assets/nophoto/book/111x148-bcc042a9c91a29c1d680899eff700a03.png</image_url>
  <small_image_url>https://s.gr-assets.com/assets/nophoto/book/50x75-a91bf249278a81aabab721ef782c4a74.png</small_image_url>
  <large_image_url/>
  <link>https://www.goodreads.com/book/show/734218.Islam_Muslims_And_The_Us</link>
  <num_pages>154</num_pages>
  <format></format>
  <edition_information/>
  <publisher>Global Media Publ.</publisher>
  <publication_day/>
  <publication_year>2004</publication_year>
  <publication_month/>
  <average_rating>4.00</average_rating>
  <ratings_count>1</ratings_count>
  <description></description>
<authors>
<author>
<id>293262</id>
<name>Asma Barlas</name>
<role></role>
<image_url nophoto='false'>
<![CDATA[https://images.gr-assets.com/authors/1403384275p5/293262.jpg]]>
</image_url>
<small_image_url nophoto='false'>
<![CDATA[https://images.gr-assets.com/authors/1403384275p2/293262.jpg]]>
</small_image_url>
<link><![CDATA[https://www.goodreads.com/author/show/293262.Asma_Barlas]]></link>
<average_rating>4.21</average_rating>
<ratings_count>835</ratings_count>
<text_reviews_count>32</text_reviews_count>
</author>
</authors>
  <published>2004</published>
</book>


    </books>
</author>

</GoodreadsResponse>