<?xml version="1.0" encoding="UTF-8"?>
<GoodreadsResponse>
  <Request>
    <authentication>true</authentication>
      <key><![CDATA[sySok63UyYyWi2Wof1HocA]]></key>
    <method><![CDATA[author_show]]></method>
  </Request>
  <author>
  <id>2936447</id>
  <name>Gary L. Gibbs</name>
  <link><![CDATA[https://www.goodreads.com/author/show/2936447.Gary_L_Gibbs]]></link>
  <fans_count type="integer">1</fans_count>
  <author_followers_count type="integer">1</author_followers_count>
  <large_image_url><![CDATA[https://images.gr-assets.com/authors/1242869041p7/2936447.jpg]]></large_image_url>
  <image_url><![CDATA[https://images.gr-assets.com/authors/1242869041p5/2936447.jpg]]></image_url>
  <small_image_url><![CDATA[https://images.gr-assets.com/authors/1242869041p2/2936447.jpg]]></small_image_url>
  <about><![CDATA[I have recently published an epic sc-fi novel titled Beyond Olympus. (For images and more details on the novel, please feel free to visit beyondolympus.com !) Beyond Olympus concerns itself with the struggle to save civilization some 80 years in the future. In a parallel story, a young man in a very different time and place sets out on a great journey to rediscover the lost home of his mythic ancestors...<br /><br />I'll be promoting the book online, and will begin appearing at various books stores in June of this year for book signings. Wish me luck!!! GaryG ]]></about>
  <influences><![CDATA[Stephen King, Jerry Pournelle, Joseph Campbell]]></influences>
  <works_count>2</works_count>
  <gender>male</gender>
  <hometown>Houston</hometown>
  <born_at></born_at>
  <died_at></died_at>
  <goodreads_author>true</goodreads_author>
    <user>
  <id type="integer">2339031</id>
</user>


    <books>
      <book>
  <id type="integer">6482724</id>
  <isbn>1438961626</isbn>
  <isbn13>9781438961620</isbn13>
  <text_reviews_count type="integer">1</text_reviews_count>
  <title>Beyond Olympus</title>
  <title_without_series>Beyond Olympus</title_without_series>
  <image_url>https://s.gr-assets.com/assets/nophoto/book/111x148-bcc042a9c91a29c1d680899eff700a03.png</image_url>
  <small_image_url>https://s.gr-assets.com/assets/nophoto/book/50x75-a91bf249278a81aabab721ef782c4a74.png</small_image_url>
  <large_image_url/>
  <link>https://www.goodreads.com/book/show/6482724-beyond-olympus</link>
  <num_pages>496</num_pages>
  <format>Paperback</format>
  <edition_information/>
  <publisher>Authorhouse</publisher>
  <publication_day>27</publication_day>
  <publication_year>2009</publication_year>
  <publication_month>3</publication_month>
  <average_rating>5.00</average_rating>
  <ratings_count>2</ratings_count>
  <description>What if, in the not-too-distant future, the world's wealthiest and most powerful man learned that civilization was virtually certain to collapse within the next 20 years? And what if that man built a great new city called Olympus as part of a mighty effort to change the course of history? Yet what if the best efforts by the people of Olympus proved futile in the end? What if civilization indeed fell, leaving only the remnants of Olympus's own society to carry the flickering torch of a once proud civilization? What then? Beyond Olympus imagines the answers to those questions in a cautionary tale that is thoughtful, exciting and epic in scale. It is a story that might have seemed farfetched just a few years ago, yet perhaps might seem uncomfortably plausible today...</description>
<authors>
<author>
<id>2936447</id>
<name>Gary L. Gibbs</name>
<role></role>
<image_url nophoto='false'>
<![CDATA[https://images.gr-assets.com/authors/1242869041p5/2936447.jpg]]>
</image_url>
<small_image_url nophoto='false'>
<![CDATA[https://images.gr-assets.com/authors/1242869041p2/2936447.jpg]]>
</small_image_url>
<link><![CDATA[https://www.goodreads.com/author/show/2936447.Gary_L_Gibbs]]></link>
<average_rating>5.00</average_rating>
<ratings_count>2</ratings_count>
<text_reviews_count>1</text_reviews_count>
</author>
</authors>
  <published>2009</published>
</book>


      <book>
  <id type="integer">6482734</id>
  <isbn>1587210746</isbn>
  <isbn13>9781587210747</isbn13>
  <text_reviews_count type="integer">0</text_reviews_count>
  <title>The Middle Ground: A Roadmap for the Ascendancy of the Centrist Majority</title>
  <title_without_series>The Middle Ground: A Roadmap for the Ascendancy of the Centrist Majority</title_without_series>
  <image_url>https://s.gr-assets.com/assets/nophoto/book/111x148-bcc042a9c91a29c1d680899eff700a03.png</image_url>
  <small_image_url>https://s.gr-assets.com/assets/nophoto/book/50x75-a91bf249278a81aabab721ef782c4a74.png</small_image_url>
  <large_image_url/>
  <link>https://www.goodreads.com/book/show/6482734-the-middle-ground</link>
  <num_pages>440</num_pages>
  <format>Paperback</format>
  <edition_information/>
  <publisher>Authorhouse</publisher>
  <publication_day>1</publication_day>
  <publication_year>2000</publication_year>
  <publication_month>5</publication_month>
  <average_rating>0.0</average_rating>
  <ratings_count>0</ratings_count>
  <description></description>
<authors>
<author>
<id>2936447</id>
<name>Gary L. Gibbs</name>
<role></role>
<image_url nophoto='false'>
<![CDATA[https://images.gr-assets.com/authors/1242869041p5/2936447.jpg]]>
</image_url>
<small_image_url nophoto='false'>
<![CDATA[https://images.gr-assets.com/authors/1242869041p2/2936447.jpg]]>
</small_image_url>
<link><![CDATA[https://www.goodreads.com/author/show/2936447.Gary_L_Gibbs]]></link>
<average_rating>5.00</average_rating>
<ratings_count>2</ratings_count>
<text_reviews_count>1</text_reviews_count>
</author>
</authors>
  <published>2000</published>
</book>


    </books>
</author>

</GoodreadsResponse>