<?xml version="1.0" encoding="UTF-8"?>
<GoodreadsResponse>
  <Request>
    <authentication>true</authentication>
      <key><![CDATA[sySok63UyYyWi2Wof1HocA]]></key>
    <method><![CDATA[author_show]]></method>
  </Request>
  <author>
  <id>2942479</id>
  <name>Kristin Daniels</name>
  <link><![CDATA[https://www.goodreads.com/author/show/2942479.Kristin_Daniels]]></link>
  <fans_count type="integer">19</fans_count>
  <author_followers_count type="integer">19</author_followers_count>
  <large_image_url><![CDATA[https://images.gr-assets.com/authors/1395783928p7/2942479.jpg]]></large_image_url>
  <image_url><![CDATA[https://images.gr-assets.com/authors/1395783928p5/2942479.jpg]]></image_url>
  <small_image_url><![CDATA[https://images.gr-assets.com/authors/1395783928p2/2942479.jpg]]></small_image_url>
  <about></about>
  <influences></influences>
  <works_count>18</works_count>
  <gender>female</gender>
  <hometown></hometown>
  <born_at></born_at>
  <died_at></died_at>
  <goodreads_author>true</goodreads_author>
    <user>
  <id type="integer">3043462</id>
</user>


    <books>
      <book>
  <id type="integer">7075868</id>
  <isbn>1603103066</isbn>
  <isbn13>9781603103060</isbn13>
  <text_reviews_count type="integer">6</text_reviews_count>
  <title>Nameless Surrender</title>
  <title_without_series>Nameless Surrender</title_without_series>
  <image_url>https://images.gr-assets.com/books/1260845303m/7075868.jpg</image_url>
  <small_image_url>https://images.gr-assets.com/books/1260845303s/7075868.jpg</small_image_url>
  <large_image_url/>
  <link>https://www.goodreads.com/book/show/7075868-nameless-surrender</link>
  <num_pages></num_pages>
  <format>ebook</format>
  <edition_information/>
  <publisher>Red Sage Publishing, Inc.</publisher>
  <publication_day>1</publication_day>
  <publication_year>2009</publication_year>
  <publication_month>4</publication_month>
  <average_rating>4.17</average_rating>
  <ratings_count>41</ratings_count>
  <description>Nameless Surrender by Kristin Daniels: After months of blindfolds and secrets, after countless encounters without a single word spoken, Dean Lucas knows what his mysterious partner at the adult-only club Entice wants and gives her everything she physically desires. But now, he hungers for more than just her body-he craves her heart, too. Betrayed by her ex-husband, Zoe Grant has finally found a way to be herself, a way to sate her long-hidden desires-without the risk of another broken heart-and the fact that she doesn't know the man's name, has never seen his face, suits her just fine. But, when the two are unknowingly brought together outside their mutual comfort zone, will Zoe be able to set aside her past and surrender her trust once again-and can Dean convince Zoe, nameless or not, that love knows no bounds? TO MY READER: The idea for Dean and Zoe's story came to me, oddly enough, while I was in the shower (as a mother of three, that's the one place I can go to do some serious brainstorming)! I hope you enjoy reading along as Dean and Zoe grow and discover that hearts can be mended, and that the truth doesn't always have to hurt. A big thank you: To my CP's - all of whom are invaluable. This story would not be what it is if it weren't for them. To my kids (who better not be reading this ), who were so understanding as I locked myself in my bedroom day after day trying to meet the deadline. And finally, to my husband...words really aren't enough. ABOUT THE AUTHOR: Kristin Daniels has always been a reader of romance, but it wasn't until several years ago, when she discovered the erotic romance genre, that she finally figured out what had been missing from all those other books she'd read before. She currently lives outside Chicago with her wonderful husband and three children. Find her on the web at &lt;a target="_blank" href="http://www.kristindaniels.com" rel="nofollow"&gt;www.kristindaniels.com&lt;/a&gt;.</description>
<authors>
<author>
<id>2942479</id>
<name>Kristin Daniels</name>
<role></role>
<image_url nophoto='false'>
<![CDATA[https://images.gr-assets.com/authors/1395783928p5/2942479.jpg]]>
</image_url>
<small_image_url nophoto='false'>
<![CDATA[https://images.gr-assets.com/authors/1395783928p2/2942479.jpg]]>
</small_image_url>
<link><![CDATA[https://www.goodreads.com/author/show/2942479.Kristin_Daniels]]></link>
<average_rating>3.79</average_rating>
<ratings_count>476</ratings_count>
<text_reviews_count>68</text_reviews_count>
</author>
</authors>
  <published>2009</published>
</book>


      <book>
  <id type="integer">17789485</id>
  <isbn>1419941356</isbn>
  <isbn13>9781419941351</isbn13>
  <text_reviews_count type="integer">9</text_reviews_count>
  <title>My Tye</title>
  <title_without_series>My Tye</title_without_series>
  <image_url>https://images.gr-assets.com/books/1365607745m/17789485.jpg</image_url>
  <small_image_url>https://images.gr-assets.com/books/1365607745s/17789485.jpg</small_image_url>
  <large_image_url/>
  <link>https://www.goodreads.com/book/show/17789485-my-tye</link>
  <num_pages></num_pages>
  <format>ebook</format>
  <edition_information/>
  <publisher>Ellora's Cave Publishing</publisher>
  <publication_day>10</publication_day>
  <publication_year>2013</publication_year>
  <publication_month>4</publication_month>
  <average_rating>3.69</average_rating>
  <ratings_count>36</ratings_count>
  <description></description>
<authors>
<author>
<id>2942479</id>
<name>Kristin Daniels</name>
<role></role>
<image_url nophoto='false'>
<![CDATA[https://images.gr-assets.com/authors/1395783928p5/2942479.jpg]]>
</image_url>
<small_image_url nophoto='false'>
<![CDATA[https://images.gr-assets.com/authors/1395783928p2/2942479.jpg]]>
</small_image_url>
<link><![CDATA[https://www.goodreads.com/author/show/2942479.Kristin_Daniels]]></link>
<average_rating>3.79</average_rating>
<ratings_count>476</ratings_count>
<text_reviews_count>68</text_reviews_count>
</author>
</authors>
  <published>2013</published>
</book>


      <book>
  <id type="integer">7067695</id>
  <isbn>1419926373</isbn>
  <isbn13>9781419926372</isbn13>
  <text_reviews_count type="integer">3</text_reviews_count>
  <title>Unscripted</title>
  <title_without_series>Unscripted</title_without_series>
  <image_url>https://s.gr-assets.com/assets/nophoto/book/111x148-bcc042a9c91a29c1d680899eff700a03.png</image_url>
  <small_image_url>https://s.gr-assets.com/assets/nophoto/book/50x75-a91bf249278a81aabab721ef782c4a74.png</small_image_url>
  <large_image_url/>
  <link>https://www.goodreads.com/book/show/7067695-unscripted</link>
  <num_pages>0</num_pages>
  <format>ebook</format>
  <edition_information/>
  <publisher>Ellora's Cave</publisher>
  <publication_day>23</publication_day>
  <publication_year>2009</publication_year>
  <publication_month>10</publication_month>
  <average_rating>3.12</average_rating>
  <ratings_count>42</ratings_count>
  <description></description>
<authors>
<author>
<id>2942479</id>
<name>Kristin Daniels</name>
<role></role>
<image_url nophoto='false'>
<![CDATA[https://images.gr-assets.com/authors/1395783928p5/2942479.jpg]]>
</image_url>
<small_image_url nophoto='false'>
<![CDATA[https://images.gr-assets.com/authors/1395783928p2/2942479.jpg]]>
</small_image_url>
<link><![CDATA[https://www.goodreads.com/author/show/2942479.Kristin_Daniels]]></link>
<average_rating>3.79</average_rating>
<ratings_count>476</ratings_count>
<text_reviews_count>68</text_reviews_count>
</author>
</authors>
  <published>2009</published>
</book>


      <book>
  <id type="integer">7326004</id>
  <isbn>1419923730</isbn>
  <isbn13>9781419923739</isbn13>
  <text_reviews_count type="integer">6</text_reviews_count>
  <title>Chasing Eden</title>
  <title_without_series>Chasing Eden</title_without_series>
  <image_url>https://s.gr-assets.com/assets/nophoto/book/111x148-bcc042a9c91a29c1d680899eff700a03.png</image_url>
  <small_image_url>https://s.gr-assets.com/assets/nophoto/book/50x75-a91bf249278a81aabab721ef782c4a74.png</small_image_url>
  <large_image_url/>
  <link>https://www.goodreads.com/book/show/7326004-chasing-eden</link>
  <num_pages>0</num_pages>
  <format>ebook</format>
  <edition_information/>
  <publisher>Ellora's Cave Publishing</publisher>
  <publication_day>19</publication_day>
  <publication_year>2009</publication_year>
  <publication_month>8</publication_month>
  <average_rating>3.63</average_rating>
  <ratings_count>30</ratings_count>
  <description>Eden Foster is a control freak. She owns her own graphic arts studio and deals with some of the biggest names in the music business. None of that's ever fazed her. So why is she thrown completely off-kilter when she meets to-die-for lead singer Shane Tolan? Shane recognizes a spark in Eden he's not felt in a long time and he'd love nothing more than to prove to her how sexy giving up control can be. But after a hot and heavy interlude is photographed by the paparazzi, he has a whole new set of troubles to deal with. Namely, showing Eden that sometimes, in order to get what you want, you have to give up what you need.</description>
<authors>
<author>
<id>2942479</id>
<name>Kristin Daniels</name>
<role></role>
<image_url nophoto='false'>
<![CDATA[https://images.gr-assets.com/authors/1395783928p5/2942479.jpg]]>
</image_url>
<small_image_url nophoto='false'>
<![CDATA[https://images.gr-assets.com/authors/1395783928p2/2942479.jpg]]>
</small_image_url>
<link><![CDATA[https://www.goodreads.com/author/show/2942479.Kristin_Daniels]]></link>
<average_rating>3.79</average_rating>
<ratings_count>476</ratings_count>
<text_reviews_count>68</text_reviews_count>
</author>
</authors>
  <published>2009</published>
</book>


      <book>
  <id type="integer">8470772</id>
  <isbn nil="true"/>
  <isbn13 nil="true"/>
  <text_reviews_count type="integer">5</text_reviews_count>
  <title>Safe Surrender</title>
  <title_without_series>Safe Surrender</title_without_series>
  <image_url>https://images.gr-assets.com/books/1276773233m/8470772.jpg</image_url>
  <small_image_url>https://images.gr-assets.com/books/1276773233s/8470772.jpg</small_image_url>
  <large_image_url/>
  <link>https://www.goodreads.com/book/show/8470772-safe-surrender</link>
  <num_pages></num_pages>
  <format>ebook</format>
  <edition_information/>
  <publisher>Red Sage Publishing</publisher>
  <publication_day/>
  <publication_year>2010</publication_year>
  <publication_month>5</publication_month>
  <average_rating>3.26</average_rating>
  <ratings_count>27</ratings_count>
  <description></description>
<authors>
<author>
<id>2942479</id>
<name>Kristin Daniels</name>
<role></role>
<image_url nophoto='false'>
<![CDATA[https://images.gr-assets.com/authors/1395783928p5/2942479.jpg]]>
</image_url>
<small_image_url nophoto='false'>
<![CDATA[https://images.gr-assets.com/authors/1395783928p2/2942479.jpg]]>
</small_image_url>
<link><![CDATA[https://www.goodreads.com/author/show/2942479.Kristin_Daniels]]></link>
<average_rating>3.79</average_rating>
<ratings_count>476</ratings_count>
<text_reviews_count>68</text_reviews_count>
</author>
</authors>
  <published>2010</published>
</book>


      <book>
  <id type="integer">8550579</id>
  <isbn nil="true"/>
  <isbn13>9781419930119</isbn13>
  <text_reviews_count type="integer">3</text_reviews_count>
  <title>Getting Naughty</title>
  <title_without_series>Getting Naughty</title_without_series>
  <image_url>https://s.gr-assets.com/assets/nophoto/book/111x148-bcc042a9c91a29c1d680899eff700a03.png</image_url>
  <small_image_url>https://s.gr-assets.com/assets/nophoto/book/50x75-a91bf249278a81aabab721ef782c4a74.png</small_image_url>
  <large_image_url/>
  <link>https://www.goodreads.com/book/show/8550579-getting-naughty</link>
  <num_pages></num_pages>
  <format>ebook</format>
  <edition_information/>
  <publisher>Ellora's Cave Publishing</publisher>
  <publication_day>20</publication_day>
  <publication_year>2010</publication_year>
  <publication_month>7</publication_month>
  <average_rating>4.13</average_rating>
  <ratings_count>15</ratings_count>
  <description></description>
<authors>
<author>
<id>2942479</id>
<name>Kristin Daniels</name>
<role></role>
<image_url nophoto='false'>
<![CDATA[https://images.gr-assets.com/authors/1395783928p5/2942479.jpg]]>
</image_url>
<small_image_url nophoto='false'>
<![CDATA[https://images.gr-assets.com/authors/1395783928p2/2942479.jpg]]>
</small_image_url>
<link><![CDATA[https://www.goodreads.com/author/show/2942479.Kristin_Daniels]]></link>
<average_rating>3.79</average_rating>
<ratings_count>476</ratings_count>
<text_reviews_count>68</text_reviews_count>
</author>
</authors>
  <published>2010</published>
</book>


      <book>
  <id type="integer">7332261</id>
  <isbn>1419922122</isbn>
  <isbn13>9781419922121</isbn13>
  <text_reviews_count type="integer">1</text_reviews_count>
  <title>Lily's War</title>
  <title_without_series>Lily's War</title_without_series>
  <image_url>https://s.gr-assets.com/assets/nophoto/book/111x148-bcc042a9c91a29c1d680899eff700a03.png</image_url>
  <small_image_url>https://s.gr-assets.com/assets/nophoto/book/50x75-a91bf249278a81aabab721ef782c4a74.png</small_image_url>
  <large_image_url/>
  <link>https://www.goodreads.com/book/show/7332261-lily-s-war</link>
  <num_pages>0</num_pages>
  <format>ebook</format>
  <edition_information/>
  <publisher>Ellora's Cave Publishing</publisher>
  <publication_day>20</publication_day>
  <publication_year>2009</publication_year>
  <publication_month>5</publication_month>
  <average_rating>3.47</average_rating>
  <ratings_count>15</ratings_count>
  <description>Lily's War Kristin Daniels Everyone knows war is hell... Friends for years, lovers for only weeks, Lily is devastated when Eric tells her to not wait for him when he's recalled to active duty in Iraq. Now, after eighteen long months, he's finally come home. But lives have changed, Lily has changed. All it took was one unexpected night in the arms of their best friend to make her see the light. Yes, she still loves Eric, but she's fallen in love with Zach, too. Waging her own private war, she sets out to prove to Eric that what she wants-what the three of them need-is a chance to build a life together. Nobody ever said she had to fight fair to win.</description>
<authors>
<author>
<id>2942479</id>
<name>Kristin Daniels</name>
<role></role>
<image_url nophoto='false'>
<![CDATA[https://images.gr-assets.com/authors/1395783928p5/2942479.jpg]]>
</image_url>
<small_image_url nophoto='false'>
<![CDATA[https://images.gr-assets.com/authors/1395783928p2/2942479.jpg]]>
</small_image_url>
<link><![CDATA[https://www.goodreads.com/author/show/2942479.Kristin_Daniels]]></link>
<average_rating>3.79</average_rating>
<ratings_count>476</ratings_count>
<text_reviews_count>68</text_reviews_count>
</author>
</authors>
  <published>2009</published>
</book>


      <book>
  <id type="integer">21526075</id>
  <isbn nil="true"/>
  <isbn13>9781419948381</isbn13>
  <text_reviews_count type="integer">1</text_reviews_count>
  <title>Sunset Tryst</title>
  <title_without_series>Sunset Tryst</title_without_series>
  <image_url>https://images.gr-assets.com/books/1395416967m/21526075.jpg</image_url>
  <small_image_url>https://images.gr-assets.com/books/1395416967s/21526075.jpg</small_image_url>
  <large_image_url/>
  <link>https://www.goodreads.com/book/show/21526075-sunset-tryst</link>
  <num_pages></num_pages>
  <format>ebook</format>
  <edition_information/>
  <publisher>Ellora's Cave</publisher>
  <publication_day>21</publication_day>
  <publication_year>2014</publication_year>
  <publication_month>3</publication_month>
  <average_rating>3.73</average_rating>
  <ratings_count>11</ratings_count>
  <description></description>
<authors>
<author>
<id>2942479</id>
<name>Kristin Daniels</name>
<role></role>
<image_url nophoto='false'>
<![CDATA[https://images.gr-assets.com/authors/1395783928p5/2942479.jpg]]>
</image_url>
<small_image_url nophoto='false'>
<![CDATA[https://images.gr-assets.com/authors/1395783928p2/2942479.jpg]]>
</small_image_url>
<link><![CDATA[https://www.goodreads.com/author/show/2942479.Kristin_Daniels]]></link>
<average_rating>3.79</average_rating>
<ratings_count>476</ratings_count>
<text_reviews_count>68</text_reviews_count>
</author>
</authors>
  <published>2014</published>
</book>


      <book>
  <id type="integer">12973925</id>
  <isbn>1419937693</isbn>
  <isbn13>9781419937699</isbn13>
  <text_reviews_count type="integer">4</text_reviews_count>
  <title>Leap of Faith</title>
  <title_without_series>Leap of Faith</title_without_series>
  <image_url>https://s.gr-assets.com/assets/nophoto/book/111x148-bcc042a9c91a29c1d680899eff700a03.png</image_url>
  <small_image_url>https://s.gr-assets.com/assets/nophoto/book/50x75-a91bf249278a81aabab721ef782c4a74.png</small_image_url>
  <large_image_url/>
  <link>https://www.goodreads.com/book/show/12973925-leap-of-faith</link>
  <num_pages>97</num_pages>
  <format>ebook</format>
  <edition_information/>
  <publisher>Ellora's Cave</publisher>
  <publication_day>28</publication_day>
  <publication_year>2011</publication_year>
  <publication_month>10</publication_month>
  <average_rating>3.86</average_rating>
  <ratings_count>7</ratings_count>
  <description></description>
<authors>
<author>
<id>2942479</id>
<name>Kristin Daniels</name>
<role></role>
<image_url nophoto='false'>
<![CDATA[https://images.gr-assets.com/authors/1395783928p5/2942479.jpg]]>
</image_url>
<small_image_url nophoto='false'>
<![CDATA[https://images.gr-assets.com/authors/1395783928p2/2942479.jpg]]>
</small_image_url>
<link><![CDATA[https://www.goodreads.com/author/show/2942479.Kristin_Daniels]]></link>
<average_rating>3.79</average_rating>
<ratings_count>476</ratings_count>
<text_reviews_count>68</text_reviews_count>
</author>
</authors>
  <published>2011</published>
</book>


      <book>
  <id type="integer">9565286</id>
  <isbn>1419961381</isbn>
  <isbn13>9781419961380</isbn13>
  <text_reviews_count type="integer">0</text_reviews_count>
  <title>Sex, Lies and Rock &amp; Roll</title>
  <title_without_series>Sex, Lies and Rock &amp; Roll</title_without_series>
  <image_url>https://s.gr-assets.com/assets/nophoto/book/111x148-bcc042a9c91a29c1d680899eff700a03.png</image_url>
  <small_image_url>https://s.gr-assets.com/assets/nophoto/book/50x75-a91bf249278a81aabab721ef782c4a74.png</small_image_url>
  <large_image_url/>
  <link>https://www.goodreads.com/book/show/9565286-sex-lies-and-rock-roll</link>
  <num_pages>212</num_pages>
  <format>Paperback</format>
  <edition_information/>
  <publisher>Ellora's Cave</publisher>
  <publication_day>6</publication_day>
  <publication_year>2010</publication_year>
  <publication_month>8</publication_month>
  <average_rating>3.60</average_rating>
  <ratings_count>5</ratings_count>
  <description>Lily's War Everyone knows war is hell... Friends for years, lovers for only weeks, Lily is devastated when Eric tells her to not wait for him when he's recalled to active duty in Iraq. Now, after eighteen long months, he's finally come home. But lives have changed, Lily has changed. All it took was one unexpected night in the arms of their best friend to make her see the light. Yes, she still loves Eric, but she's fallen in love with Zach, too. Waging her own private war, she sets out to prove to Eric that what she wants-what the three of them need-is a chance to build a life together. Nobody ever said she had to fight fair to win. Unscripted Brynn Lang is already beyond nervous about getting naked in front of the camera for her first big Hollywood love scene, and the situation only worsens when her new co-star arrives on the movie set. No way can she rush into filming a passionate sex scene, not with the one man who broke her heart. Fresh from a three-month stint in rehab, Ryan Manning is now clear, focused and ready to tackle this role of a lifetime. But there's more than just dollar signs and super-stardom enticing him. Brynn's here, looking sexier than ever. Ryan's determined to make amends for his drunk-assed mistakes and win her back, and he can't think of a better way to jump-start her desire than reminding her of the inferno that always raged between them whenever they touched. But nothing's ever that easy. Brynn's furious and refuses to listen. This time, he's on his own. There's no script for him to follow. All he has is sincerity, honesty and love. He hopes to hell and back it'll be enough. Chasing Eden Graphic artist Eden Foster never expected a sexy game of hide-and-seek to turn into the hottest encounter of her life. The erotic dreams she's had lately starring to-die-for rock star Shane Tolan are almost enough to make her forget how badly she wants to design his next CD cover. Almost, but not quite. And now here he is in the flesh, ready to chase after her. Shane likes to play dirty and he finally has Eden right where he wants her-outside on a balcony, tied to a chaise lounge and under his complete control. But he soon discovers it's not just Eden's body he wants, but the talented, business-savvy artist, too. Hell, he wants every luscious part of her. When paparazzi's naked photos from that night show up on the internet, Eden is convinced her peers will believe she slept with the rock star just to design his CD cover. Shane knows nothing's further from the truth. And in order to prove it to her, he's going to have to show her his heart.</description>
<authors>
<author>
<id>2942479</id>
<name>Kristin Daniels</name>
<role></role>
<image_url nophoto='false'>
<![CDATA[https://images.gr-assets.com/authors/1395783928p5/2942479.jpg]]>
</image_url>
<small_image_url nophoto='false'>
<![CDATA[https://images.gr-assets.com/authors/1395783928p2/2942479.jpg]]>
</small_image_url>
<link><![CDATA[https://www.goodreads.com/author/show/2942479.Kristin_Daniels]]></link>
<average_rating>3.79</average_rating>
<ratings_count>476</ratings_count>
<text_reviews_count>68</text_reviews_count>
</author>
</authors>
  <published>2010</published>
</book>


    </books>
</author>

</GoodreadsResponse>