<?xml version="1.0" encoding="UTF-8"?>
<GoodreadsResponse>
  <Request>
    <authentication>true</authentication>
      <key><![CDATA[sySok63UyYyWi2Wof1HocA]]></key>
    <method><![CDATA[author_show]]></method>
  </Request>
  <author>
  <id>2956595</id>
  <name>Dawn  Murphy</name>
  <link><![CDATA[https://www.goodreads.com/author/show/2956595.Dawn_Murphy]]></link>
  <fans_count type="integer">0</fans_count>
  <author_followers_count type="integer">0</author_followers_count>
  <large_image_url><![CDATA[https://s.gr-assets.com/assets/nophoto/user/f_333x500-c8899232290ea51bb160dea14c29470b.png]]></large_image_url>
  <image_url><![CDATA[https://s.gr-assets.com/assets/nophoto/user/f_200x266-3061b784cc8e7f021c6430c9aba94587.png]]></image_url>
  <small_image_url><![CDATA[https://s.gr-assets.com/assets/nophoto/user/f_50x66-6a03a5c12233c941481992b82eea8d23.png]]></small_image_url>
  <about><![CDATA[<i>Librarian Note: There is more than one author in the GoodReads database with this name. <a href="https://www.goodreads.com/topic/show/44217-master-list-of-author-disambiguation-by-spaces" rel="nofollow">See this thread for more information.</a></i>]]></about>
  <influences></influences>
  <works_count>1</works_count>
  <gender>female</gender>
  <hometown></hometown>
  <born_at></born_at>
  <died_at></died_at>
  <goodreads_author></goodreads_author>

    <books>
      <book>
  <id type="integer">6535170</id>
  <isbn>1894378091</isbn>
  <isbn13>9781894378093</isbn13>
  <text_reviews_count type="integer">0</text_reviews_count>
  <title>Pontiac County Protestant Baptisms, Marriages, and Burials, 1864 to 1911: St. George's, St. Stephen's &amp; St. Matthew's Anglican Churches</title>
  <title_without_series>Pontiac County Protestant Baptisms, Marriages, and Burials, 1864 to 1911: St. George's, St. Stephen's &amp; St. Matthew's Anglican Churches</title_without_series>
  <image_url>https://s.gr-assets.com/assets/nophoto/book/111x148-bcc042a9c91a29c1d680899eff700a03.png</image_url>
  <small_image_url>https://s.gr-assets.com/assets/nophoto/book/50x75-a91bf249278a81aabab721ef782c4a74.png</small_image_url>
  <large_image_url/>
  <link>https://www.goodreads.com/book/show/6535170-pontiac-county-protestant-baptisms-marriages-and-burials-1864-to-1911</link>
  <num_pages>160</num_pages>
  <format>Unknown Binding</format>
  <edition_information/>
  <publisher>Global Publishing</publisher>
  <publication_day>28</publication_day>
  <publication_year>1999</publication_year>
  <publication_month>8</publication_month>
  <average_rating>0.0</average_rating>
  <ratings_count>0</ratings_count>
  <description></description>
<authors>
<author>
<id>2956595</id>
<name>Dawn  Murphy</name>
<role></role>
<image_url nophoto='true'>
<![CDATA[https://s.gr-assets.com/assets/nophoto/user/f_200x266-3061b784cc8e7f021c6430c9aba94587.png]]>
</image_url>
<small_image_url nophoto='true'>
<![CDATA[https://s.gr-assets.com/assets/nophoto/user/f_50x66-6a03a5c12233c941481992b82eea8d23.png]]>
</small_image_url>
<link><![CDATA[https://www.goodreads.com/author/show/2956595.Dawn_Murphy]]></link>
<average_rating>0.0</average_rating>
<ratings_count>0</ratings_count>
<text_reviews_count>0</text_reviews_count>
</author>
</authors>
  <published>1999</published>
</book>


    </books>
</author>

</GoodreadsResponse>