<?xml version="1.0" encoding="UTF-8"?>
<GoodreadsResponse>
  <Request>
    <authentication>true</authentication>
      <key><![CDATA[sySok63UyYyWi2Wof1HocA]]></key>
    <method><![CDATA[author_show]]></method>
  </Request>
  <author>
  <id>2971633</id>
  <name>Gregory W. Corder</name>
  <link><![CDATA[https://www.goodreads.com/author/show/2971633.Gregory_W_Corder]]></link>
  <fans_count type="integer">0</fans_count>
  <author_followers_count type="integer">0</author_followers_count>
  <large_image_url><![CDATA[https://s.gr-assets.com/assets/nophoto/user/m_333x500-a9c67bed07ee7e10983a5d5ccc572516.png]]></large_image_url>
  <image_url><![CDATA[https://s.gr-assets.com/assets/nophoto/user/m_200x266-d279b33f8eec0f27b7272477f09806be.png]]></image_url>
  <small_image_url><![CDATA[https://s.gr-assets.com/assets/nophoto/user/m_50x66-82093808bca726cb3249a493fbd3bd0f.png]]></small_image_url>
  <about></about>
  <influences></influences>
  <works_count>2</works_count>
  <gender>male</gender>
  <hometown></hometown>
  <born_at></born_at>
  <died_at></died_at>
  <goodreads_author></goodreads_author>

    <books>
      <book>
  <id type="integer">6575182</id>
  <isbn>047045461X</isbn>
  <isbn13>9780470454619</isbn13>
  <text_reviews_count type="integer">0</text_reviews_count>
  <title>Nonparametric Statistics for Non-Statisticians: A Step-By-Step Approach</title>
  <title_without_series>Nonparametric Statistics for Non-Statisticians: A Step-By-Step Approach</title_without_series>
  <image_url>https://s.gr-assets.com/assets/nophoto/book/111x148-bcc042a9c91a29c1d680899eff700a03.png</image_url>
  <small_image_url>https://s.gr-assets.com/assets/nophoto/book/50x75-a91bf249278a81aabab721ef782c4a74.png</small_image_url>
  <large_image_url/>
  <link>https://www.goodreads.com/book/show/6575182-nonparametric-statistics-for-non-statisticians</link>
  <num_pages>247</num_pages>
  <format>Hardcover</format>
  <edition_information/>
  <publisher>John Wiley &amp; Sons</publisher>
  <publication_day>1</publication_day>
  <publication_year>2009</publication_year>
  <publication_month>5</publication_month>
  <average_rating>4.00</average_rating>
  <ratings_count>2</ratings_count>
  <description>This text addresses nonparametric statistics in a manner that is ideal for social and health scientists. It demonstrates how to perform the book's numerous examples in a step-by-step fashion and presents a practical and understandable approach that enhances and expands the statistical toolset for readers.</description>
<authors>
<author>
<id>2971633</id>
<name>Gregory W. Corder</name>
<role></role>
<image_url nophoto='true'>
<![CDATA[https://s.gr-assets.com/assets/nophoto/user/m_200x266-d279b33f8eec0f27b7272477f09806be.png]]>
</image_url>
<small_image_url nophoto='true'>
<![CDATA[https://s.gr-assets.com/assets/nophoto/user/m_50x66-82093808bca726cb3249a493fbd3bd0f.png]]>
</small_image_url>
<link><![CDATA[https://www.goodreads.com/author/show/2971633.Gregory_W_Corder]]></link>
<average_rating>4.00</average_rating>
<ratings_count>3</ratings_count>
<text_reviews_count>0</text_reviews_count>
</author>
</authors>
  <published>2009</published>
</book>


      <book>
  <id type="integer">18763861</id>
  <isbn>1118840321</isbn>
  <isbn13>9781118840320</isbn13>
  <text_reviews_count type="integer">0</text_reviews_count>
  <title>Nonparametric Statistics: A Step-By-Step Approach</title>
  <title_without_series>Nonparametric Statistics: A Step-By-Step Approach</title_without_series>
  <image_url>https://images.gr-assets.com/books/1404483134m/18763861.jpg</image_url>
  <small_image_url>https://images.gr-assets.com/books/1404483134s/18763861.jpg</small_image_url>
  <large_image_url/>
  <link>https://www.goodreads.com/book/show/18763861-nonparametric-statistics</link>
  <num_pages>288</num_pages>
  <format>ebook</format>
  <edition_information/>
  <publisher>Wiley</publisher>
  <publication_day>8</publication_day>
  <publication_year>2014</publication_year>
  <publication_month>5</publication_month>
  <average_rating>4.00</average_rating>
  <ratings_count>1</ratings_count>
  <description>&lt;b&gt;-...a very useful resource for courses in nonparametric statistics in which the emphasis is on applications rather than on theory. It also deserves a place in libraries of all institutions where introductory statistics courses are taught.- -&lt;/b&gt;&lt;i&gt;
  &lt;b&gt;CHOICE&lt;/b&gt;
  &lt;br /&gt;&lt;br /&gt;&lt;/i&gt;&lt;br /&gt;&lt;br /&gt;This &lt;i&gt;Second Edition&lt;/i&gt; presents a practical and understandable approach that enhances and expands the statistical toolset for readers. This book includes:&lt;br /&gt;&lt;br /&gt;&lt;br /&gt;New coverage of the sign test and the Kolmogorov-Smirnov two-sample test in an effort to offer a logical and natural progression to statistical power SPSS(R) (Version 21) software and updated screen captures to demonstrate how to perform and recognize the steps in the various procedures Data sets and odd-numbered solutions provided in an appendix, and tables of critical values Supplementary material to aid in reader comprehension, which includes: narrated videos and screen animations with step-by-step instructions on how to follow the tests using SPSS; online decision trees to help users determine the needed type of statistical test; and additional solutions not found within the book.</description>
<authors>
<author>
<id>2971633</id>
<name>Gregory W. Corder</name>
<role></role>
<image_url nophoto='true'>
<![CDATA[https://s.gr-assets.com/assets/nophoto/user/m_200x266-d279b33f8eec0f27b7272477f09806be.png]]>
</image_url>
<small_image_url nophoto='true'>
<![CDATA[https://s.gr-assets.com/assets/nophoto/user/m_50x66-82093808bca726cb3249a493fbd3bd0f.png]]>
</small_image_url>
<link><![CDATA[https://www.goodreads.com/author/show/2971633.Gregory_W_Corder]]></link>
<average_rating>4.00</average_rating>
<ratings_count>3</ratings_count>
<text_reviews_count>0</text_reviews_count>
</author>
</authors>
  <published>2014</published>
</book>


    </books>
</author>

</GoodreadsResponse>