<?xml version="1.0" encoding="UTF-8"?>
<GoodreadsResponse>
  <Request>
    <authentication>true</authentication>
      <key><![CDATA[sySok63UyYyWi2Wof1HocA]]></key>
    <method><![CDATA[author_show]]></method>
  </Request>
  <author>
  <id>2997024</id>
  <name>Mickie Phipps</name>
  <link><![CDATA[https://www.goodreads.com/author/show/2997024.Mickie_Phipps]]></link>
  <fans_count type="integer">0</fans_count>
  <author_followers_count type="integer">0</author_followers_count>
  <large_image_url><![CDATA[https://images.gr-assets.com/authors/1337741611p7/2997024.jpg]]></large_image_url>
  <image_url><![CDATA[https://images.gr-assets.com/authors/1337741611p5/2997024.jpg]]></image_url>
  <small_image_url><![CDATA[https://images.gr-assets.com/authors/1337741611p2/2997024.jpg]]></small_image_url>
  <about><![CDATA[Mickie Phipps worked for IBM for six years, two of them spent as second-line manager and project manager at STI, where she and David Shippy led the team that designed the microprocessor for the Xbox 360 and the PlayStation 3. She spent 20 years in the United States Air Force, where her active duty and reserve service centered on research and development of air-to-air missile seekers. She recently left IBM to pursue a writing career. She now lives in Kingsland, Texas, with her husband, Jerry. ]]></about>
  <influences></influences>
  <works_count>3</works_count>
  <gender>female</gender>
  <hometown></hometown>
  <born_at></born_at>
  <died_at></died_at>
  <goodreads_author></goodreads_author>

    <books>
      <book>
  <id type="integer">6056634</id>
  <isbn>0806531010</isbn>
  <isbn13>9780806531014</isbn13>
  <text_reviews_count type="integer">23</text_reviews_count>
  <title>The Race For A New Game Machine: Creating the Chips Inside the XBox and the Playstation 3</title>
  <title_without_series>The Race For A New Game Machine: Creating the Chips Inside the XBox and the Playstation 3</title_without_series>
  <image_url>https://s.gr-assets.com/assets/nophoto/book/111x148-bcc042a9c91a29c1d680899eff700a03.png</image_url>
  <small_image_url>https://s.gr-assets.com/assets/nophoto/book/50x75-a91bf249278a81aabab721ef782c4a74.png</small_image_url>
  <large_image_url/>
  <link>https://www.goodreads.com/book/show/6056634-the-race-for-a-new-game-machine</link>
  <num_pages>256</num_pages>
  <format>Hardcover</format>
  <edition_information/>
  <publisher>Citadel</publisher>
  <publication_day>1</publication_day>
  <publication_year>2009</publication_year>
  <publication_month>1</publication_month>
  <average_rating>3.60</average_rating>
  <ratings_count>124</ratings_count>
  <description></description>
<authors>
<author>
<id>2767176</id>
<name>David Shippy</name>
<role></role>
<image_url nophoto='true'>
<![CDATA[https://s.gr-assets.com/assets/nophoto/user/m_200x266-d279b33f8eec0f27b7272477f09806be.png]]>
</image_url>
<small_image_url nophoto='true'>
<![CDATA[https://s.gr-assets.com/assets/nophoto/user/m_50x66-82093808bca726cb3249a493fbd3bd0f.png]]>
</small_image_url>
<link><![CDATA[https://www.goodreads.com/author/show/2767176.David_Shippy]]></link>
<average_rating>3.61</average_rating>
<ratings_count>126</ratings_count>
<text_reviews_count>24</text_reviews_count>
</author>
</authors>
  <published>2009</published>
</book>


      <book>
  <id type="integer">19477154</id>
  <isbn nil="true"/>
  <isbn13 nil="true"/>
  <text_reviews_count type="integer">0</text_reviews_count>
  <title>The Race For A New Game Machine:</title>
  <title_without_series>The Race For A New Game Machine:</title_without_series>
  <image_url>https://s.gr-assets.com/assets/nophoto/book/111x148-bcc042a9c91a29c1d680899eff700a03.png</image_url>
  <small_image_url>https://s.gr-assets.com/assets/nophoto/book/50x75-a91bf249278a81aabab721ef782c4a74.png</small_image_url>
  <large_image_url/>
  <link>https://www.goodreads.com/book/show/19477154-the-race-for-a-new-game-machine</link>
  <num_pages></num_pages>
  <format></format>
  <edition_information/>
  <publisher></publisher>
  <publication_day></publication_day>
  <publication_year></publication_year>
  <publication_month></publication_month>
  <average_rating>5.00</average_rating>
  <ratings_count>1</ratings_count>
  <description></description>
<authors>
<author>
<id>2767176</id>
<name>David Shippy</name>
<role></role>
<image_url nophoto='true'>
<![CDATA[https://s.gr-assets.com/assets/nophoto/user/m_200x266-d279b33f8eec0f27b7272477f09806be.png]]>
</image_url>
<small_image_url nophoto='true'>
<![CDATA[https://s.gr-assets.com/assets/nophoto/user/m_50x66-82093808bca726cb3249a493fbd3bd0f.png]]>
</small_image_url>
<link><![CDATA[https://www.goodreads.com/author/show/2767176.David_Shippy]]></link>
<average_rating>3.61</average_rating>
<ratings_count>126</ratings_count>
<text_reviews_count>24</text_reviews_count>
</author>
</authors>
  <published></published>
</book>


      <book>
  <id type="integer">22121796</id>
  <isbn>1306667429</isbn>
  <isbn13>9781306667425</isbn13>
  <text_reviews_count type="integer">0</text_reviews_count>
  <title>Race for a New Game Machine: Creating the Chips Inside the Xbox 360 and the PlayStation 3</title>
  <title_without_series>Race for a New Game Machine: Creating the Chips Inside the Xbox 360 and the PlayStation 3</title_without_series>
  <image_url>https://images.gr-assets.com/books/1410799836m/22121796.jpg</image_url>
  <small_image_url>https://images.gr-assets.com/books/1410799836s/22121796.jpg</small_image_url>
  <large_image_url/>
  <link>https://www.goodreads.com/book/show/22121796-race-for-a-new-game-machine</link>
  <num_pages></num_pages>
  <format>ebook</format>
  <edition_information/>
  <publisher>Citadel Press</publisher>
  <publication_day>19</publication_day>
  <publication_year>2014</publication_year>
  <publication_month>4</publication_month>
  <average_rating>3.00</average_rating>
  <ratings_count>1</ratings_count>
  <description>A fast-paced tell-all. . .one of the great business stories of our young century.--Steve Cherry, "IEEE Spectrum Magazine" The Xbox 360 and PlayStation 3 game systems have changed the face of home entertainment. But few know the amazing story inside the consoles--how David Shippy and his team of engineers at the Sony/Toshiba/IBM Design Center (STI) forged the tiny miracle at the core of it all: a revolutionary microprocessor chip that set a new paradigm in personal computing. At stake were the livelihoods--and sanity--of an unsung group of tireless visionaries. At war were the giants Microsoft and Sony. Drama and secret deals. . . This is the real deal.--Bob Molyneaux, ChipBridge Here is a dazzling, behind-the-scenes account of life in the tech world, featuring memorable characters, high-level corporate intrigue, and cutthroat business dealings. It's a story that's never been told--until now. The real story of a team of people tasked with doing the impossible.--John C. Beck, author of "Got Game" Remarkable. . .fascinating.--Dean Takahashi, author of "Opening the Xbox" The story of the whole effort to build the Cell.--"The Wall Street Journal"</description>
<authors>
<author>
<id>2767176</id>
<name>David Shippy</name>
<role></role>
<image_url nophoto='true'>
<![CDATA[https://s.gr-assets.com/assets/nophoto/user/m_200x266-d279b33f8eec0f27b7272477f09806be.png]]>
</image_url>
<small_image_url nophoto='true'>
<![CDATA[https://s.gr-assets.com/assets/nophoto/user/m_50x66-82093808bca726cb3249a493fbd3bd0f.png]]>
</small_image_url>
<link><![CDATA[https://www.goodreads.com/author/show/2767176.David_Shippy]]></link>
<average_rating>3.61</average_rating>
<ratings_count>126</ratings_count>
<text_reviews_count>24</text_reviews_count>
</author>
</authors>
  <published>2014</published>
</book>


    </books>
</author>

</GoodreadsResponse>