<?xml version="1.0" encoding="UTF-8"?>
<GoodreadsResponse>
  <Request>
    <authentication>true</authentication>
      <key><![CDATA[sySok63UyYyWi2Wof1HocA]]></key>
    <method><![CDATA[author_show]]></method>
  </Request>
  <author>
  <id>3079405</id>
  <name>Mark S. Wagner</name>
  <link><![CDATA[https://www.goodreads.com/author/show/3079405.Mark_S_Wagner]]></link>
  <fans_count type="integer">1</fans_count>
  <author_followers_count type="integer">1</author_followers_count>
  <large_image_url><![CDATA[https://s.gr-assets.com/assets/nophoto/user/m_333x500-a9c67bed07ee7e10983a5d5ccc572516.png]]></large_image_url>
  <image_url><![CDATA[https://s.gr-assets.com/assets/nophoto/user/m_200x266-d279b33f8eec0f27b7272477f09806be.png]]></image_url>
  <small_image_url><![CDATA[https://s.gr-assets.com/assets/nophoto/user/m_50x66-82093808bca726cb3249a493fbd3bd0f.png]]></small_image_url>
  <about><![CDATA[Mark S. Wagner is Associate Professor of Arabic at Louisiana State University and author of Like Joseph in Beauty: Yemeni Vernacular Poetry and Arab-Jewish Symbiosis, and Jews and Islamic Law in Early 20th-Century Yemen, published in 2014 by Indiana University Press. He holds a Ph.D. in Classical Arabic Literature from NYU.]]></about>
  <influences></influences>
  <works_count>2</works_count>
  <gender>male</gender>
  <hometown></hometown>
  <born_at></born_at>
  <died_at></died_at>
  <goodreads_author></goodreads_author>

    <books>
      <book>
  <id type="integer">6876005</id>
  <isbn>9004168400</isbn>
  <isbn13>9789004168404</isbn13>
  <text_reviews_count type="integer">0</text_reviews_count>
  <title>Like Joseph in Beauty: Yemeni Vernacular Poetry and Arab-Jewish Symbiosis</title>
  <title_without_series>Like Joseph in Beauty: Yemeni Vernacular Poetry and Arab-Jewish Symbiosis</title_without_series>
  <image_url>https://s.gr-assets.com/assets/nophoto/book/111x148-bcc042a9c91a29c1d680899eff700a03.png</image_url>
  <small_image_url>https://s.gr-assets.com/assets/nophoto/book/50x75-a91bf249278a81aabab721ef782c4a74.png</small_image_url>
  <large_image_url/>
  <link>https://www.goodreads.com/book/show/6876005-like-joseph-in-beauty</link>
  <num_pages>354</num_pages>
  <format>Hardcover</format>
  <edition_information/>
  <publisher>Brill Academic Publishers</publisher>
  <publication_day>27</publication_day>
  <publication_year>2008</publication_year>
  <publication_month>11</publication_month>
  <average_rating>4.00</average_rating>
  <ratings_count>1</ratings_count>
  <description>&lt;i&gt;Like Joseph in Beauty&lt;/i&gt; traces the evolution of an Arabic poetic form called Humayni poetry . From Muslim mystical circles, the courts of aristocrats in Highland Yemen, and kabbalist circles of Yemenite Jews, Humayni poetry distinguishes itself with lyricism, musicality, and eroticism. It also plays a variety of code-switching linguistic games. The book addresses the connections between the Humayni poetry of Yemen and the sacred poetry of Jews from Yemen, a hitherto-neglected chapter in the history of Arabic and Jewish literatures. The book culminates with a discussion of ways in which poets and critics in modern-day Yemen and in Israel transformed this poetry."</description>
<authors>
<author>
<id>3079405</id>
<name>Mark S. Wagner</name>
<role></role>
<image_url nophoto='true'>
<![CDATA[https://s.gr-assets.com/assets/nophoto/user/m_200x266-d279b33f8eec0f27b7272477f09806be.png]]>
</image_url>
<small_image_url nophoto='true'>
<![CDATA[https://s.gr-assets.com/assets/nophoto/user/m_50x66-82093808bca726cb3249a493fbd3bd0f.png]]>
</small_image_url>
<link><![CDATA[https://www.goodreads.com/author/show/3079405.Mark_S_Wagner]]></link>
<average_rating>4.00</average_rating>
<ratings_count>1</ratings_count>
<text_reviews_count>0</text_reviews_count>
</author>
</authors>
  <published>2008</published>
</book>


      <book>
  <id type="integer">20578460</id>
  <isbn>0253014875</isbn>
  <isbn13>9780253014870</isbn13>
  <text_reviews_count type="integer">0</text_reviews_count>
  <title>Jews and Islamic Law in Early 20th-Century Yemen</title>
  <title_without_series>Jews and Islamic Law in Early 20th-Century Yemen</title_without_series>
  <image_url>https://images.gr-assets.com/books/1390432863m/20578460.jpg</image_url>
  <small_image_url>https://images.gr-assets.com/books/1390432863s/20578460.jpg</small_image_url>
  <large_image_url/>
  <link>https://www.goodreads.com/book/show/20578460-jews-and-islamic-law-in-early-20th-century-yemen</link>
  <num_pages>240</num_pages>
  <format>Paperback</format>
  <edition_information/>
  <publisher>Indiana University Press</publisher>
  <publication_day>5</publication_day>
  <publication_year>2014</publication_year>
  <publication_month>11</publication_month>
  <average_rating>0.0</average_rating>
  <ratings_count>0</ratings_count>
  <description>In early 20th-century Yemen, a sizable Jewish poplulation was subject to sumptuary laws and social restrictions. Jews regularly came into contact with Islamic courts and Muslim jurists, by choice and by necessity, became embroiled in the most intimate details of their Jewish neighbors' lives. Mark S. Wagner draws on autobiographical writings to study the careers of three Jewish intermediaries who used their knowledge of Islamic law to manipulate the shari'a for their own benefit and for the good of their community. The result is a fresh perspective on the place of religious minorities in Muslim societies.</description>
<authors>
<author>
<id>3079405</id>
<name>Mark S. Wagner</name>
<role></role>
<image_url nophoto='true'>
<![CDATA[https://s.gr-assets.com/assets/nophoto/user/m_200x266-d279b33f8eec0f27b7272477f09806be.png]]>
</image_url>
<small_image_url nophoto='true'>
<![CDATA[https://s.gr-assets.com/assets/nophoto/user/m_50x66-82093808bca726cb3249a493fbd3bd0f.png]]>
</small_image_url>
<link><![CDATA[https://www.goodreads.com/author/show/3079405.Mark_S_Wagner]]></link>
<average_rating>4.00</average_rating>
<ratings_count>1</ratings_count>
<text_reviews_count>0</text_reviews_count>
</author>
</authors>
  <published>2014</published>
</book>


    </books>
</author>

</GoodreadsResponse>