<?xml version="1.0" encoding="UTF-8"?>
<GoodreadsResponse>
  <Request>
    <authentication>true</authentication>
      <key><![CDATA[sySok63UyYyWi2Wof1HocA]]></key>
    <method><![CDATA[author_show]]></method>
  </Request>
  <author>
  <id>310516</id>
  <name>Gary K. Pranger</name>
  <link><![CDATA[https://www.goodreads.com/author/show/310516.Gary_K_Pranger]]></link>
  <fans_count type="integer">0</fans_count>
  <author_followers_count type="integer">0</author_followers_count>
  <large_image_url><![CDATA[https://s.gr-assets.com/assets/nophoto/user/m_333x500-a9c67bed07ee7e10983a5d5ccc572516.png]]></large_image_url>
  <image_url><![CDATA[https://s.gr-assets.com/assets/nophoto/user/m_200x266-d279b33f8eec0f27b7272477f09806be.png]]></image_url>
  <small_image_url><![CDATA[https://s.gr-assets.com/assets/nophoto/user/m_50x66-82093808bca726cb3249a493fbd3bd0f.png]]></small_image_url>
  <about></about>
  <influences></influences>
  <works_count>2</works_count>
  <gender>male</gender>
  <hometown></hometown>
  <born_at></born_at>
  <died_at></died_at>
  <goodreads_author></goodreads_author>

    <books>
      <book>
  <id type="integer">567135</id>
  <isbn>1414100418</isbn>
  <isbn13>9781414100418</isbn13>
  <text_reviews_count type="integer">2</text_reviews_count>
  <title>Parousia</title>
  <title_without_series>Parousia</title_without_series>
  <image_url>https://s.gr-assets.com/assets/nophoto/book/111x148-bcc042a9c91a29c1d680899eff700a03.png</image_url>
  <small_image_url>https://s.gr-assets.com/assets/nophoto/book/50x75-a91bf249278a81aabab721ef782c4a74.png</small_image_url>
  <large_image_url/>
  <link>https://www.goodreads.com/book/show/567135.Parousia</link>
  <num_pages>412</num_pages>
  <format>Paperback</format>
  <edition_information/>
  <publisher>Pleasant Word</publisher>
  <publication_day>2</publication_day>
  <publication_year>2003</publication_year>
  <publication_month>12</publication_month>
  <average_rating>2.43</average_rating>
  <ratings_count>7</ratings_count>
  <description>What would the end of history look like? What if Jesus Christ tarried and He did not return when we thought He should? What if one had to face all sorts of challenges, trials, temptations and testing? What if you had to face spiritual, mental, social and physical persecution because of your faith in Christ? What would it be like if the real hero of all time came to the rescue at the end of the story? This story is set prior to the Post-Tribulation Second Coming of Christ and it is about the lives of a number of young Christians in middle America caught in something that they cannot escape and who must make the decision to follow Christ wholeheartedly or to compromise.</description>
<authors>
<author>
<id>310516</id>
<name>Gary K. Pranger</name>
<role></role>
<image_url nophoto='true'>
<![CDATA[https://s.gr-assets.com/assets/nophoto/user/m_200x266-d279b33f8eec0f27b7272477f09806be.png]]>
</image_url>
<small_image_url nophoto='true'>
<![CDATA[https://s.gr-assets.com/assets/nophoto/user/m_50x66-82093808bca726cb3249a493fbd3bd0f.png]]>
</small_image_url>
<link><![CDATA[https://www.goodreads.com/author/show/310516.Gary_K_Pranger]]></link>
<average_rating>2.62</average_rating>
<ratings_count>8</ratings_count>
<text_reviews_count>3</text_reviews_count>
</author>
</authors>
  <published>2003</published>
</book>


      <book>
  <id type="integer">3671550</id>
  <isbn>0820428477</isbn>
  <isbn13>9780820428475</isbn13>
  <text_reviews_count type="integer">1</text_reviews_count>
  <title>Philip Schaff (1819 1893): Portrait Of An Immigrant Theologian</title>
  <title_without_series>Philip Schaff (1819 1893): Portrait Of An Immigrant Theologian</title_without_series>
  <image_url>https://images.gr-assets.com/books/1408928216m/3671550.jpg</image_url>
  <small_image_url>https://images.gr-assets.com/books/1408928216s/3671550.jpg</small_image_url>
  <large_image_url/>
  <link>https://www.goodreads.com/book/show/3671550-philip-schaff-1819-1893</link>
  <num_pages>305</num_pages>
  <format>Hardcover</format>
  <edition_information/>
  <publisher>Peter Lang Gmbh, Internationaler Verlag Der Wissenschaften</publisher>
  <publication_day>1</publication_day>
  <publication_year>1997</publication_year>
  <publication_month>7</publication_month>
  <average_rating>4.00</average_rating>
  <ratings_count>1</ratings_count>
  <description>Philip Schaff was born and raised in Switzerland, educated in Germany, and emigrated to the United States in 1844. This work explores Schaff's place in European-American history in the nineteenth century by treating him comprehensively, exploring his mind as an immigrant and a theologian and viewing him in all his interests and in the context of his entire life. He is renowned for his unique blend of German and American evangelicalism in the Mercersburg Theology and in advocating an early ecumenism in his work with the Evangelical Alliance and many other notables. Viewed through his eyes, Schaff gives the reader a unique and interesting perspective of the nineteenth century as a participant and an observer.</description>
<authors>
<author>
<id>310516</id>
<name>Gary K. Pranger</name>
<role></role>
<image_url nophoto='true'>
<![CDATA[https://s.gr-assets.com/assets/nophoto/user/m_200x266-d279b33f8eec0f27b7272477f09806be.png]]>
</image_url>
<small_image_url nophoto='true'>
<![CDATA[https://s.gr-assets.com/assets/nophoto/user/m_50x66-82093808bca726cb3249a493fbd3bd0f.png]]>
</small_image_url>
<link><![CDATA[https://www.goodreads.com/author/show/310516.Gary_K_Pranger]]></link>
<average_rating>2.62</average_rating>
<ratings_count>8</ratings_count>
<text_reviews_count>3</text_reviews_count>
</author>
</authors>
  <published>1997</published>
</book>


    </books>
</author>

</GoodreadsResponse>