<?xml version="1.0" encoding="UTF-8"?>
<GoodreadsResponse>
  <Request>
    <authentication>true</authentication>
      <key><![CDATA[sySok63UyYyWi2Wof1HocA]]></key>
    <method><![CDATA[author_show]]></method>
  </Request>
  <author>
  <id>3123629</id>
  <name>Christian Marks</name>
  <link><![CDATA[https://www.goodreads.com/author/show/3123629.Christian_Marks]]></link>
  <fans_count type="integer">1</fans_count>
  <author_followers_count type="integer">1</author_followers_count>
  <large_image_url><![CDATA[https://images.gr-assets.com/authors/1255935028p7/3123629.jpg]]></large_image_url>
  <image_url><![CDATA[https://images.gr-assets.com/authors/1255935028p5/3123629.jpg]]></image_url>
  <small_image_url><![CDATA[https://images.gr-assets.com/authors/1255935028p2/3123629.jpg]]></small_image_url>
  <about></about>
  <influences></influences>
  <works_count>4</works_count>
  <gender>female</gender>
  <hometown></hometown>
  <born_at></born_at>
  <died_at></died_at>
  <goodreads_author>true</goodreads_author>
    <user>
  <id type="integer">2850488</id>
</user>


    <books>
      <book>
  <id type="integer">7110086</id>
  <isbn>3981312708</isbn>
  <isbn13>9783981312706</isbn13>
  <text_reviews_count type="integer">0</text_reviews_count>
  <title>Michael Jackson   King Of Popweltweit Einzige Von Michael Jackson Autorisierte Fassung</title>
  <title_without_series>Michael Jackson   King Of Popweltweit Einzige Von Michael Jackson Autorisierte Fassung</title_without_series>
  <image_url>https://s.gr-assets.com/assets/nophoto/book/111x148-bcc042a9c91a29c1d680899eff700a03.png</image_url>
  <small_image_url>https://s.gr-assets.com/assets/nophoto/book/50x75-a91bf249278a81aabab721ef782c4a74.png</small_image_url>
  <large_image_url/>
  <link>https://www.goodreads.com/book/show/7110086-michael-jackson-king-of-popweltweit-einzige-von-michael-jackson-autori</link>
  <num_pages></num_pages>
  <format></format>
  <edition_information/>
  <publisher></publisher>
  <publication_day></publication_day>
  <publication_year></publication_year>
  <publication_month></publication_month>
  <average_rating>4.33</average_rating>
  <ratings_count>3</ratings_count>
  <description></description>
<authors>
<author>
<id>3123629</id>
<name>Christian Marks</name>
<role></role>
<image_url nophoto='false'>
<![CDATA[https://images.gr-assets.com/authors/1255935028p5/3123629.jpg]]>
</image_url>
<small_image_url nophoto='false'>
<![CDATA[https://images.gr-assets.com/authors/1255935028p2/3123629.jpg]]>
</small_image_url>
<link><![CDATA[https://www.goodreads.com/author/show/3123629.Christian_Marks]]></link>
<average_rating>4.17</average_rating>
<ratings_count>6</ratings_count>
<text_reviews_count>0</text_reviews_count>
</author>
</authors>
  <published></published>
</book>


      <book>
  <id type="integer">19091150</id>
  <isbn nil="true"/>
  <isbn13 nil="true"/>
  <text_reviews_count type="integer">0</text_reviews_count>
  <title>The Los Angeles Bucket List -50 Places you have to see before you leave-</title>
  <title_without_series>The Los Angeles Bucket List -50 Places you have to see before you leave-</title_without_series>
  <image_url>https://s.gr-assets.com/assets/nophoto/book/111x148-bcc042a9c91a29c1d680899eff700a03.png</image_url>
  <small_image_url>https://s.gr-assets.com/assets/nophoto/book/50x75-a91bf249278a81aabab721ef782c4a74.png</small_image_url>
  <large_image_url/>
  <link>https://www.goodreads.com/book/show/19091150-the-los-angeles-bucket-list--50-places-you-have-to-see-before-you-leave-</link>
  <num_pages></num_pages>
  <format></format>
  <edition_information/>
  <publisher></publisher>
  <publication_day></publication_day>
  <publication_year></publication_year>
  <publication_month></publication_month>
  <average_rating>3.50</average_rating>
  <ratings_count>2</ratings_count>
  <description></description>
<authors>
<author>
<id>3123629</id>
<name>Christian Marks</name>
<role></role>
<image_url nophoto='false'>
<![CDATA[https://images.gr-assets.com/authors/1255935028p5/3123629.jpg]]>
</image_url>
<small_image_url nophoto='false'>
<![CDATA[https://images.gr-assets.com/authors/1255935028p2/3123629.jpg]]>
</small_image_url>
<link><![CDATA[https://www.goodreads.com/author/show/3123629.Christian_Marks]]></link>
<average_rating>4.17</average_rating>
<ratings_count>6</ratings_count>
<text_reviews_count>0</text_reviews_count>
</author>
</authors>
  <published></published>
</book>


      <book>
  <id type="integer">7001440</id>
  <isbn>1449020828</isbn>
  <isbn13>9781449020828</isbn13>
  <text_reviews_count type="integer">0</text_reviews_count>
  <title>Growing Up Backwards</title>
  <title_without_series>Growing Up Backwards</title_without_series>
  <image_url>https://s.gr-assets.com/assets/nophoto/book/111x148-bcc042a9c91a29c1d680899eff700a03.png</image_url>
  <small_image_url>https://s.gr-assets.com/assets/nophoto/book/50x75-a91bf249278a81aabab721ef782c4a74.png</small_image_url>
  <large_image_url/>
  <link>https://www.goodreads.com/book/show/7001440-growing-up-backwards</link>
  <num_pages>116</num_pages>
  <format>Paperback</format>
  <edition_information/>
  <publisher>Authorhouse</publisher>
  <publication_day>26</publication_day>
  <publication_year>2009</publication_year>
  <publication_month>8</publication_month>
  <average_rating>5.00</average_rating>
  <ratings_count>1</ratings_count>
  <description>On the outside, Christian appears to be a quiet but typical girl, but on the inside, she is anything but ordinary. Growing up with an emotionally impaired father and a loving mother has made life extremely difficult. Now, at 22 years of age, she knows what her mission in life is, and is fighting every day to work towards it, while learning how to do things like love a dad who doesn't seem to care about anyone but himself. As Christian continues to make her way through life, she is met with much heartache and strife, while trying to find people who truly understand her. Through all of the struggles though, her belief in Christ remains strong and is the only factor that has helped her to never give up or give in.</description>
<authors>
<author>
<id>3123629</id>
<name>Christian Marks</name>
<role></role>
<image_url nophoto='false'>
<![CDATA[https://images.gr-assets.com/authors/1255935028p5/3123629.jpg]]>
</image_url>
<small_image_url nophoto='false'>
<![CDATA[https://images.gr-assets.com/authors/1255935028p2/3123629.jpg]]>
</small_image_url>
<link><![CDATA[https://www.goodreads.com/author/show/3123629.Christian_Marks]]></link>
<average_rating>4.17</average_rating>
<ratings_count>6</ratings_count>
<text_reviews_count>0</text_reviews_count>
</author>
</authors>
  <published>2009</published>
</book>


      <book>
  <id type="integer">12169972</id>
  <isbn>1434324125</isbn>
  <isbn13>9781434324122</isbn13>
  <text_reviews_count type="integer">0</text_reviews_count>
  <title>The Gardener</title>
  <title_without_series>The Gardener</title_without_series>
  <image_url>https://s.gr-assets.com/assets/nophoto/book/111x148-bcc042a9c91a29c1d680899eff700a03.png</image_url>
  <small_image_url>https://s.gr-assets.com/assets/nophoto/book/50x75-a91bf249278a81aabab721ef782c4a74.png</small_image_url>
  <large_image_url/>
  <link>https://www.goodreads.com/book/show/12169972-the-gardener</link>
  <num_pages>32</num_pages>
  <format>Paperback</format>
  <edition_information/>
  <publisher>Authorhouse</publisher>
  <publication_day>20</publication_day>
  <publication_year>2008</publication_year>
  <publication_month>1</publication_month>
  <average_rating>0.0</average_rating>
  <ratings_count>0</ratings_count>
  <description>Every child has a place to go when feeling down and low. Refuge may be found in a treehouse, sandgully, or nearby cave. It could be in the attic, in the basement, or even in the gazebo on the knoll overlooking the pond. And it just may be found in the garden where the maxims of life are on full display. Little Tommy was the youngest of three children in a family of five. Stubborness and rebellion had taken root in the young lad's life. Selfishness seemed to be providing the nutrition they needed to grow. Weeds of dissidence were robbing him of his joy and the love of his family. Then, he met the gardener.</description>
<authors>
<author>
<id>3123629</id>
<name>Christian Marks</name>
<role></role>
<image_url nophoto='false'>
<![CDATA[https://images.gr-assets.com/authors/1255935028p5/3123629.jpg]]>
</image_url>
<small_image_url nophoto='false'>
<![CDATA[https://images.gr-assets.com/authors/1255935028p2/3123629.jpg]]>
</small_image_url>
<link><![CDATA[https://www.goodreads.com/author/show/3123629.Christian_Marks]]></link>
<average_rating>4.17</average_rating>
<ratings_count>6</ratings_count>
<text_reviews_count>0</text_reviews_count>
</author>
</authors>
  <published>2008</published>
</book>


    </books>
</author>

</GoodreadsResponse>