<?xml version="1.0" encoding="UTF-8"?>
<GoodreadsResponse>
  <Request>
    <authentication>true</authentication>
      <key><![CDATA[sySok63UyYyWi2Wof1HocA]]></key>
    <method><![CDATA[author_show]]></method>
  </Request>
  <author>
  <id>312942</id>
  <name>Annene Kaye</name>
  <link><![CDATA[https://www.goodreads.com/author/show/312942.Annene_Kaye]]></link>
  <fans_count type="integer">7</fans_count>
  <author_followers_count type="integer">7</author_followers_count>
  <large_image_url><![CDATA[https://images.gr-assets.com/authors/1221601195p7/312942.jpg]]></large_image_url>
  <image_url><![CDATA[https://images.gr-assets.com/authors/1221601195p5/312942.jpg]]></image_url>
  <small_image_url><![CDATA[https://images.gr-assets.com/authors/1221601195p2/312942.jpg]]></small_image_url>
  <about></about>
  <influences></influences>
  <works_count>4</works_count>
  <gender>female</gender>
  <hometown></hometown>
  <born_at></born_at>
  <died_at></died_at>
  <goodreads_author>true</goodreads_author>
    <user>
  <id type="integer">1525000</id>
</user>


    <books>
      <book>
  <id type="integer">572700</id>
  <isbn>1877961213</isbn>
  <isbn13>9781877961212</isbn13>
  <text_reviews_count type="integer">0</text_reviews_count>
  <title>Michael Douglas and the Douglas Clan</title>
  <title_without_series>Michael Douglas and the Douglas Clan</title_without_series>
  <image_url>https://s.gr-assets.com/assets/nophoto/book/111x148-bcc042a9c91a29c1d680899eff700a03.png</image_url>
  <small_image_url>https://s.gr-assets.com/assets/nophoto/book/50x75-a91bf249278a81aabab721ef782c4a74.png</small_image_url>
  <large_image_url/>
  <link>https://www.goodreads.com/book/show/572700.Michael_Douglas_and_the_Douglas_Clan</link>
  <num_pages></num_pages>
  <format></format>
  <edition_information/>
  <publisher></publisher>
  <publication_day></publication_day>
  <publication_year></publication_year>
  <publication_month></publication_month>
  <average_rating>4.75</average_rating>
  <ratings_count>4</ratings_count>
  <description></description>
<authors>
<author>
<id>312942</id>
<name>Annene Kaye</name>
<role></role>
<image_url nophoto='false'>
<![CDATA[https://images.gr-assets.com/authors/1221601195p5/312942.jpg]]>
</image_url>
<small_image_url nophoto='false'>
<![CDATA[https://images.gr-assets.com/authors/1221601195p2/312942.jpg]]>
</small_image_url>
<link><![CDATA[https://www.goodreads.com/author/show/312942.Annene_Kaye]]></link>
<average_rating>4.68</average_rating>
<ratings_count>71</ratings_count>
<text_reviews_count>4</text_reviews_count>
</author>
</authors>
  <published></published>
</book>


      <book>
  <id type="integer">1775934</id>
  <isbn>0671550322</isbn>
  <isbn13>9780671550325</isbn13>
  <text_reviews_count type="integer">0</text_reviews_count>
  <title>Van Halen</title>
  <title_without_series>Van Halen</title_without_series>
  <image_url>https://s.gr-assets.com/assets/nophoto/book/111x148-bcc042a9c91a29c1d680899eff700a03.png</image_url>
  <small_image_url>https://s.gr-assets.com/assets/nophoto/book/50x75-a91bf249278a81aabab721ef782c4a74.png</small_image_url>
  <large_image_url/>
  <link>https://www.goodreads.com/book/show/1775934.Van_Halen</link>
  <num_pages/>
  <format></format>
  <edition_information/>
  <publisher></publisher>
  <publication_day></publication_day>
  <publication_year></publication_year>
  <publication_month></publication_month>
  <average_rating>4.50</average_rating>
  <ratings_count>4</ratings_count>
  <description></description>
<authors>
<author>
<id>312942</id>
<name>Annene Kaye</name>
<role></role>
<image_url nophoto='false'>
<![CDATA[https://images.gr-assets.com/authors/1221601195p5/312942.jpg]]>
</image_url>
<small_image_url nophoto='false'>
<![CDATA[https://images.gr-assets.com/authors/1221601195p2/312942.jpg]]>
</small_image_url>
<link><![CDATA[https://www.goodreads.com/author/show/312942.Annene_Kaye]]></link>
<average_rating>4.68</average_rating>
<ratings_count>71</ratings_count>
<text_reviews_count>4</text_reviews_count>
</author>
</authors>
  <published></published>
</book>


      <book>
  <id type="integer">2420828</id>
  <isbn>0345338863</isbn>
  <isbn13>9780345338860</isbn13>
  <text_reviews_count type="integer">1</text_reviews_count>
  <title>Tom Petty And The Heartbreakers</title>
  <title_without_series>Tom Petty And The Heartbreakers</title_without_series>
  <image_url>https://s.gr-assets.com/assets/nophoto/book/111x148-bcc042a9c91a29c1d680899eff700a03.png</image_url>
  <small_image_url>https://s.gr-assets.com/assets/nophoto/book/50x75-a91bf249278a81aabab721ef782c4a74.png</small_image_url>
  <large_image_url/>
  <link>https://www.goodreads.com/book/show/2420828.Tom_Petty_And_The_Heartbreakers</link>
  <num_pages></num_pages>
  <format></format>
  <edition_information/>
  <publisher></publisher>
  <publication_day></publication_day>
  <publication_year></publication_year>
  <publication_month></publication_month>
  <average_rating>5.00</average_rating>
  <ratings_count>1</ratings_count>
  <description></description>
<authors>
<author>
<id>312942</id>
<name>Annene Kaye</name>
<role></role>
<image_url nophoto='false'>
<![CDATA[https://images.gr-assets.com/authors/1221601195p5/312942.jpg]]>
</image_url>
<small_image_url nophoto='false'>
<![CDATA[https://images.gr-assets.com/authors/1221601195p2/312942.jpg]]>
</small_image_url>
<link><![CDATA[https://www.goodreads.com/author/show/312942.Annene_Kaye]]></link>
<average_rating>4.68</average_rating>
<ratings_count>71</ratings_count>
<text_reviews_count>4</text_reviews_count>
</author>
</authors>
  <published></published>
</book>


      <book>
  <id type="integer">209225</id>
  <isbn>0943151201</isbn>
  <isbn13>9780943151205</isbn13>
  <text_reviews_count type="integer">3</text_reviews_count>
  <title>Beachbum Berry's Grog Log</title>
  <title_without_series>Beachbum Berry's Grog Log</title_without_series>
  <image_url>https://s.gr-assets.com/assets/nophoto/book/111x148-bcc042a9c91a29c1d680899eff700a03.png</image_url>
  <small_image_url>https://s.gr-assets.com/assets/nophoto/book/50x75-a91bf249278a81aabab721ef782c4a74.png</small_image_url>
  <large_image_url/>
  <link>https://www.goodreads.com/book/show/209225.Beachbum_Berry_s_Grog_Log</link>
  <num_pages>96</num_pages>
  <format>Spiral-bound</format>
  <edition_information/>
  <publisher>SLG Publishing</publisher>
  <publication_day>23</publication_day>
  <publication_year>2003</publication_year>
  <publication_month>2</publication_month>
  <average_rating>4.68</average_rating>
  <ratings_count>62</ratings_count>
  <description>Tiki bar mixology is a lost art--but the &lt;i&gt;Grog Log&lt;/i&gt; rescues it. A twenty-page introduction traces the history of Polynesian Pop, then teaches you everything you need to know about how to make the &lt;i&gt;Grog Log&lt;/i&gt;'s eighty tropical drink recipies. Many of these recipies have never before been published anywhere--including vintage "lost" recipies by Don the Beachcomber, Trader Vic, and long-gone Polynesian restaurants from the island of Manhattan to the islands of Hawaii. &lt;br /&gt;&lt;br /&gt;Profusely illustrated with vintage tiki menu graphics from the '50 and '60s, with cover art by famed Exotica artist Bosko. &lt;br /&gt;&lt;br /&gt;"As John Glenn was orbiting the earth for the first time, his fellow Americans were deep into the long-lived craze known as tiki. This gaudy life-style package -- a blend of Polynesian kitsch, fake island food and lethal rum drinks -- began in the late 1930's and early 40's with Los Angeles restaurants like Don the Beachcomber and Trader Vic's, and gradually spread to the suburban patio before fizzling out in the early 1970's. It's back, of course. &lt;br /&gt;&lt;br /&gt;"Jeff Berry and Annene Kaye, serious students of tiki, have compiled a serious tiki cocktail book, &lt;i&gt;Beachbum Berry's Grog Log&lt;/i&gt;. In 96 spiral-bound pages adorned with tiki illustrations, the authors have ranged far and wide to gather classic Polynesian fakes, like the Fog Cutter from Trader Vic's, the Missionary's Downfall from Don the Beachcomber and the Sidewinder's Fang from the Lanai Restaurant in San Mateo, Calif. They have even managed to unearth Manhattan tiki cocktails, like the Hawaiian Room, served at the old Hotel Lexington in the 1940's, and the Headhunter, served at the Hawaii Kai in the 1960's. &lt;br /&gt;&lt;br /&gt;"The authors have also come up with their own tiki-inspired originals, like Hell in the Pacific (151-proof Demerara rum, lime juice, maraschino liqueur and grenadine), and the Waikikian (light Puerto Rican Rum, dark Jamaican rum, lemon juice, curaao and orgeat syrup). It's no longer possible to eat Tonga Tabu Native Drum Steak, which was a featured menu item at the now-defunct Islander in Beverly Hills ("from the ovens of the ancient goddess of Bora Bora, Pele, Mistress of Flame"), but you can shake up a Shark's Tooth or a Shrunken Skull. &lt;br /&gt;&lt;br /&gt;"As Mr. Berry and Ms. Kaye see it, they are giving the country the perfect drink book for the age of malaise. 'If we're going to feel like zombies,' they write in their preface, 'we may as well be drinking them.'" - review in SIPS</description>
<authors>
<author>
<id>122447</id>
<name>Jeff Berry</name>
<role></role>
<image_url nophoto='false'>
<![CDATA[https://images.gr-assets.com/authors/1397337297p5/122447.jpg]]>
</image_url>
<small_image_url nophoto='false'>
<![CDATA[https://images.gr-assets.com/authors/1397337297p2/122447.jpg]]>
</small_image_url>
<link><![CDATA[https://www.goodreads.com/author/show/122447.Jeff_Berry]]></link>
<average_rating>4.54</average_rating>
<ratings_count>453</ratings_count>
<text_reviews_count>27</text_reviews_count>
</author>
</authors>
  <published>2003</published>
</book>


    </books>
</author>

</GoodreadsResponse>