<?xml version="1.0" encoding="UTF-8"?>
<GoodreadsResponse>
  <Request>
    <authentication>true</authentication>
      <key><![CDATA[sySok63UyYyWi2Wof1HocA]]></key>
    <method><![CDATA[author_show]]></method>
  </Request>
  <author>
  <id>3130911</id>
  <name>Nicolas Sansone</name>
  <link><![CDATA[https://www.goodreads.com/author/show/3130911.Nicolas_Sansone]]></link>
  <fans_count type="integer">7</fans_count>
  <author_followers_count type="integer">7</author_followers_count>
  <large_image_url><![CDATA[https://images.gr-assets.com/authors/1280172810p7/3130911.jpg]]></large_image_url>
  <image_url><![CDATA[https://images.gr-assets.com/authors/1280172810p5/3130911.jpg]]></image_url>
  <small_image_url><![CDATA[https://images.gr-assets.com/authors/1280172810p2/3130911.jpg]]></small_image_url>
  <about></about>
  <influences></influences>
  <works_count>3</works_count>
  <gender>male</gender>
  <hometown>Urbana, IL</hometown>
  <born_at></born_at>
  <died_at></died_at>
  <goodreads_author>true</goodreads_author>
    <user>
  <id type="integer">3653946</id>
</user>


    <books>
      <book>
  <id type="integer">7024886</id>
  <isbn>0984098488</isbn>
  <isbn13>9780984098484</isbn13>
  <text_reviews_count type="integer">2</text_reviews_count>
  <title>Shooting Angels</title>
  <title_without_series>Shooting Angels</title_without_series>
  <image_url>https://s.gr-assets.com/assets/nophoto/book/111x148-bcc042a9c91a29c1d680899eff700a03.png</image_url>
  <small_image_url>https://s.gr-assets.com/assets/nophoto/book/50x75-a91bf249278a81aabab721ef782c4a74.png</small_image_url>
  <large_image_url/>
  <link>https://www.goodreads.com/book/show/7024886-shooting-angels</link>
  <num_pages>184</num_pages>
  <format>Paperback</format>
  <edition_information/>
  <publisher>All Things That Matter Press</publisher>
  <publication_day>3</publication_day>
  <publication_year>2009</publication_year>
  <publication_month>10</publication_month>
  <average_rating>4.07</average_rating>
  <ratings_count>15</ratings_count>
  <description>A NASA Space Shuttle plummets to Earth. A team of eight rescue workers plunges into a treacherous Texan wilderness to recover the wreckage, and become entwined in a cosmic conspiracy. An uncouth disembodied head enslaves an elderly rancher and uses his cellar as the war room of its campaign against God, a noir-style slickster with a buxom blonde wife and a taste for margaritas, who rockets down from the suburbs of Heaven on a comet to do battle with metaphysical evils. "Shooting Angels" races from the jungles of Texas, to the dark corners of undiscovered space, to the innermost reaches of the human mind, to the smoggy streets of Central Heaven, where people are free to give in to their most detestable urges. The novel asks its characters to confront their ordering theories of the universe, and raises questions of how we are to envision divinity in a technological age.</description>
<authors>
<author>
<id>3130911</id>
<name>Nicolas Sansone</name>
<role></role>
<image_url nophoto='false'>
<![CDATA[https://images.gr-assets.com/authors/1280172810p5/3130911.jpg]]>
</image_url>
<small_image_url nophoto='false'>
<![CDATA[https://images.gr-assets.com/authors/1280172810p2/3130911.jpg]]>
</small_image_url>
<link><![CDATA[https://www.goodreads.com/author/show/3130911.Nicolas_Sansone]]></link>
<average_rating>4.19</average_rating>
<ratings_count>31</ratings_count>
<text_reviews_count>6</text_reviews_count>
</author>
</authors>
  <published>2009</published>
</book>


      <book>
  <id type="integer">15790536</id>
  <isbn nil="true"/>
  <isbn13 nil="true"/>
  <text_reviews_count type="integer">2</text_reviews_count>
  <title>The Calamari Kleptocracy</title>
  <title_without_series>The Calamari Kleptocracy</title_without_series>
  <image_url>https://s.gr-assets.com/assets/nophoto/book/111x148-bcc042a9c91a29c1d680899eff700a03.png</image_url>
  <small_image_url>https://s.gr-assets.com/assets/nophoto/book/50x75-a91bf249278a81aabab721ef782c4a74.png</small_image_url>
  <large_image_url/>
  <link>https://www.goodreads.com/book/show/15790536-the-calamari-kleptocracy</link>
  <num_pages></num_pages>
  <format>Kindle Edition</format>
  <edition_information/>
  <publisher>All Things That Matter Press</publisher>
  <publication_day>8</publication_day>
  <publication_year>2012</publication_year>
  <publication_month>5</publication_month>
  <average_rating>4.00</average_rating>
  <ratings_count>8</ratings_count>
  <description>Peace-loving Thor Gunderson has to make a choice when A Panini for Your Thoughts, the Fascist-themed Italian restaurant where he works, devises an incendiary plan to eliminate its competition. Should he swallow his pacifism, trust in his jingoistic boss, Alan, and stand behind his restaurant-nation? Should he dredge up the fortitude to speak his convictions to Alan's nefarious "business associates"? Or should he run off with the German homosexual who has offered him two million dollars in exchange for his assistance in tracking down a set of pilfered Tintoretto paintings? &lt;br /&gt;When Thor falls in love with a new hire, Ms. Barbara Hackbush, whose internet doctor has diagnosed her with a troubling array of expensive "ailments," he makes up his mind: He will join the German on his "adventure-quest," make millions, and return to save Ms. Barbara from penury. &lt;br /&gt;However, as Thor is double-crossed by those he trusts the most, he begins to understand that blissful naivete is the surest path to ruin.</description>
<authors>
<author>
<id>3130911</id>
<name>Nicolas Sansone</name>
<role></role>
<image_url nophoto='false'>
<![CDATA[https://images.gr-assets.com/authors/1280172810p5/3130911.jpg]]>
</image_url>
<small_image_url nophoto='false'>
<![CDATA[https://images.gr-assets.com/authors/1280172810p2/3130911.jpg]]>
</small_image_url>
<link><![CDATA[https://www.goodreads.com/author/show/3130911.Nicolas_Sansone]]></link>
<average_rating>4.19</average_rating>
<ratings_count>31</ratings_count>
<text_reviews_count>6</text_reviews_count>
</author>
</authors>
  <published>2012</published>
</book>


      <book>
  <id type="integer">18196515</id>
  <isbn>21527725</isbn>
  <isbn13 nil="true"/>
  <text_reviews_count type="integer">1</text_reviews_count>
  <title>Big Lucks #5</title>
  <title_without_series>Big Lucks #5</title_without_series>
  <image_url>https://images.gr-assets.com/books/1373921460m/18196515.jpg</image_url>
  <small_image_url>https://images.gr-assets.com/books/1373921460s/18196515.jpg</small_image_url>
  <large_image_url/>
  <link>https://www.goodreads.com/book/show/18196515-big-lucks-5</link>
  <num_pages>97</num_pages>
  <format>Paperback</format>
  <edition_information/>
  <publisher>Big Lucks</publisher>
  <publication_day/>
  <publication_year>2013</publication_year>
  <publication_month/>
  <average_rating>4.62</average_rating>
  <ratings_count>8</ratings_count>
  <description>Poetry from Lyndsey Cohen, Tim DeMay, Christine Friedlander, James Gendron, Mike Krutel, Dorothea Lasky, Molly Lurie-Marino, Nancy Carol Moody, Erika Moya, Carrie Murphy, Adam Robinson, Mathias Svalina, Corey Wakeling, Joshua Young&lt;br /&gt;&lt;br /&gt;Prose from Andrew Battershill, Gabe Durham, Erin Fitzgerald, L.E. Hurston, Jac Jemc, Michael Landweber, Allison Sparks, Nicolas Sansone, Andrew Sullivan, John Dermot Woods, Kate Wyer.&lt;br /&gt;&lt;br /&gt;Cover by Michael Carbone.</description>
<authors>
<author>
<id>7173424</id>
<name>Lyndsey Cohen</name>
<role>Contributor</role>
<image_url nophoto='true'>
<![CDATA[https://s.gr-assets.com/assets/nophoto/user/u_200x266-e183445fd1a1b5cc7075bb1cf7043306.png]]>
</image_url>
<small_image_url nophoto='true'>
<![CDATA[https://s.gr-assets.com/assets/nophoto/user/u_50x66-632230dc9882b4352d753eedf9396530.png]]>
</small_image_url>
<link><![CDATA[https://www.goodreads.com/author/show/7173424.Lyndsey_Cohen]]></link>
<average_rating>4.62</average_rating>
<ratings_count>8</ratings_count>
<text_reviews_count>1</text_reviews_count>
</author>
</authors>
  <published>2013</published>
</book>


    </books>
</author>

</GoodreadsResponse>