<?xml version="1.0" encoding="UTF-8"?>
<GoodreadsResponse>
  <Request>
    <authentication>true</authentication>
      <key><![CDATA[sySok63UyYyWi2Wof1HocA]]></key>
    <method><![CDATA[author_show]]></method>
  </Request>
  <author>
  <id>316347</id>
  <name>Gerald E. Wheeler</name>
  <link><![CDATA[https://www.goodreads.com/author/show/316347.Gerald_E_Wheeler]]></link>
  <fans_count type="integer">0</fans_count>
  <author_followers_count type="integer">0</author_followers_count>
  <large_image_url><![CDATA[https://s.gr-assets.com/assets/nophoto/user/m_333x500-a9c67bed07ee7e10983a5d5ccc572516.png]]></large_image_url>
  <image_url><![CDATA[https://s.gr-assets.com/assets/nophoto/user/m_200x266-d279b33f8eec0f27b7272477f09806be.png]]></image_url>
  <small_image_url><![CDATA[https://s.gr-assets.com/assets/nophoto/user/m_50x66-82093808bca726cb3249a493fbd3bd0f.png]]></small_image_url>
  <about></about>
  <influences></influences>
  <works_count>2</works_count>
  <gender>male</gender>
  <hometown></hometown>
  <born_at></born_at>
  <died_at></died_at>
  <goodreads_author></goodreads_author>

    <books>
      <book>
  <id type="integer">25623014</id>
  <isbn nil="true"/>
  <isbn13 nil="true"/>
  <text_reviews_count type="integer">0</text_reviews_count>
  <title>Prelude to Pearl Harbor;: The United States Navy and the Far East, 1921-1931</title>
  <title_without_series>Prelude to Pearl Harbor;: The United States Navy and the Far East, 1921-1931</title_without_series>
  <image_url>https://images.gr-assets.com/books/1435454517m/25623014.jpg</image_url>
  <small_image_url>https://images.gr-assets.com/books/1435454517s/25623014.jpg</small_image_url>
  <large_image_url/>
  <link>https://www.goodreads.com/book/show/25623014-prelude-to-pearl-harbor</link>
  <num_pages>212</num_pages>
  <format>Hardcover</format>
  <edition_information/>
  <publisher>University of Missouri Press</publisher>
  <publication_day/>
  <publication_year>1968</publication_year>
  <publication_month/>
  <average_rating>3.00</average_rating>
  <ratings_count>1</ratings_count>
  <description></description>
<authors>
<author>
<id>316347</id>
<name>Gerald E. Wheeler</name>
<role></role>
<image_url nophoto='true'>
<![CDATA[https://s.gr-assets.com/assets/nophoto/user/m_200x266-d279b33f8eec0f27b7272477f09806be.png]]>
</image_url>
<small_image_url nophoto='true'>
<![CDATA[https://s.gr-assets.com/assets/nophoto/user/m_50x66-82093808bca726cb3249a493fbd3bd0f.png]]>
</small_image_url>
<link><![CDATA[https://www.goodreads.com/author/show/316347.Gerald_E_Wheeler]]></link>
<average_rating>3.00</average_rating>
<ratings_count>2</ratings_count>
<text_reviews_count>0</text_reviews_count>
</author>
</authors>
  <published>1968</published>
</book>


      <book>
  <id type="integer">579918</id>
  <isbn>0945274262</isbn>
  <isbn13>9780945274261</isbn13>
  <text_reviews_count type="integer">0</text_reviews_count>
  <title>Kinkaid of the Seventh Fleet: A Biography of Admiral Thomas C. Kinkaid, U.S. Navy</title>
  <title_without_series>Kinkaid of the Seventh Fleet: A Biography of Admiral Thomas C. Kinkaid, U.S. Navy</title_without_series>
  <image_url>https://s.gr-assets.com/assets/nophoto/book/111x148-bcc042a9c91a29c1d680899eff700a03.png</image_url>
  <small_image_url>https://s.gr-assets.com/assets/nophoto/book/50x75-a91bf249278a81aabab721ef782c4a74.png</small_image_url>
  <large_image_url/>
  <link>https://www.goodreads.com/book/show/579918.Kinkaid_of_the_Seventh_Fleet</link>
  <num_pages></num_pages>
  <format></format>
  <edition_information/>
  <publisher></publisher>
  <publication_day></publication_day>
  <publication_year></publication_year>
  <publication_month></publication_month>
  <average_rating>3.00</average_rating>
  <ratings_count>1</ratings_count>
  <description>His name is not remembered with the likes of Nimitz, Halsey, and Spruance, yet Thomas Kinkaid commanded forces involved in some of the greatest naval battles of World War II, including the invasion of the Solomons, Surigao Strait, and the Battle of Leyte Gulf. This remarkable portrait of Kinkaid's 46- year naval career will stand as the last word on the life of one of the most important admirals of World War II.&lt;br /&gt;&lt;br /&gt;</description>
<authors>
<author>
<id>316347</id>
<name>Gerald E. Wheeler</name>
<role></role>
<image_url nophoto='true'>
<![CDATA[https://s.gr-assets.com/assets/nophoto/user/m_200x266-d279b33f8eec0f27b7272477f09806be.png]]>
</image_url>
<small_image_url nophoto='true'>
<![CDATA[https://s.gr-assets.com/assets/nophoto/user/m_50x66-82093808bca726cb3249a493fbd3bd0f.png]]>
</small_image_url>
<link><![CDATA[https://www.goodreads.com/author/show/316347.Gerald_E_Wheeler]]></link>
<average_rating>3.00</average_rating>
<ratings_count>2</ratings_count>
<text_reviews_count>0</text_reviews_count>
</author>
</authors>
  <published></published>
</book>


    </books>
</author>

</GoodreadsResponse>