<?xml version="1.0" encoding="UTF-8"?>
<GoodreadsResponse>
  <Request>
    <authentication>true</authentication>
      <key><![CDATA[sySok63UyYyWi2Wof1HocA]]></key>
    <method><![CDATA[author_show]]></method>
  </Request>
  <author>
  <id>341769</id>
  <name>John R. Moroney</name>
  <link><![CDATA[https://www.goodreads.com/author/show/341769.John_R_Moroney]]></link>
  <fans_count type="integer">0</fans_count>
  <author_followers_count type="integer">0</author_followers_count>
  <large_image_url><![CDATA[https://s.gr-assets.com/assets/nophoto/user/m_333x500-a9c67bed07ee7e10983a5d5ccc572516.png]]></large_image_url>
  <image_url><![CDATA[https://s.gr-assets.com/assets/nophoto/user/m_200x266-d279b33f8eec0f27b7272477f09806be.png]]></image_url>
  <small_image_url><![CDATA[https://s.gr-assets.com/assets/nophoto/user/m_50x66-82093808bca726cb3249a493fbd3bd0f.png]]></small_image_url>
  <about></about>
  <influences></influences>
  <works_count>12</works_count>
  <gender>male</gender>
  <hometown></hometown>
  <born_at></born_at>
  <died_at></died_at>
  <goodreads_author></goodreads_author>

    <books>
      <book>
  <id type="integer">17771767</id>
  <isbn>1299052568</isbn>
  <isbn13>9781299052567</isbn13>
  <text_reviews_count type="integer">0</text_reviews_count>
  <title>Energy and Sustainable Development in Mexico</title>
  <title_without_series>Energy and Sustainable Development in Mexico</title_without_series>
  <image_url>https://images.gr-assets.com/books/1410782264m/17771767.jpg</image_url>
  <small_image_url>https://images.gr-assets.com/books/1410782264s/17771767.jpg</small_image_url>
  <large_image_url/>
  <link>https://www.goodreads.com/book/show/17771767-energy-and-sustainable-development-in-mexico</link>
  <num_pages>153</num_pages>
  <format>ebook</format>
  <edition_information/>
  <publisher>Texas A&amp;M University Press</publisher>
  <publication_day>7</publication_day>
  <publication_year>2008</publication_year>
  <publication_month>8</publication_month>
  <average_rating>0.0</average_rating>
  <ratings_count>0</ratings_count>
  <description>John R. Moroney and Flory Dieck-Assad cogently assess Mexico's goals of sustainability and the major policy changes that will be required to achieve them.</description>
<authors>
<author>
<id>341769</id>
<name>John R. Moroney</name>
<role></role>
<image_url nophoto='true'>
<![CDATA[https://s.gr-assets.com/assets/nophoto/user/m_200x266-d279b33f8eec0f27b7272477f09806be.png]]>
</image_url>
<small_image_url nophoto='true'>
<![CDATA[https://s.gr-assets.com/assets/nophoto/user/m_50x66-82093808bca726cb3249a493fbd3bd0f.png]]>
</small_image_url>
<link><![CDATA[https://www.goodreads.com/author/show/341769.John_R_Moroney]]></link>
<average_rating>0.0</average_rating>
<ratings_count>0</ratings_count>
<text_reviews_count>0</text_reviews_count>
</author>
</authors>
  <published>2008</published>
</book>


      <book>
  <id type="integer">14848205</id>
  <isbn>0762303107</isbn>
  <isbn13>9780762303106</isbn13>
  <text_reviews_count type="integer">0</text_reviews_count>
  <title>Exploration, Development, and Production: Texas Oil and Gas, 1970-1995</title>
  <title_without_series>Exploration, Development, and Production: Texas Oil and Gas, 1970-1995</title_without_series>
  <image_url>https://s.gr-assets.com/assets/nophoto/book/111x148-bcc042a9c91a29c1d680899eff700a03.png</image_url>
  <small_image_url>https://s.gr-assets.com/assets/nophoto/book/50x75-a91bf249278a81aabab721ef782c4a74.png</small_image_url>
  <large_image_url/>
  <link>https://www.goodreads.com/book/show/14848205-exploration-development-and-production</link>
  <num_pages>205</num_pages>
  <format>Unknown Binding</format>
  <edition_information/>
  <publisher>JAI Press(NY)</publisher>
  <publication_day>1</publication_day>
  <publication_year>1997</publication_year>
  <publication_month>1</publication_month>
  <average_rating>0.0</average_rating>
  <ratings_count>0</ratings_count>
  <description></description>
<authors>
<author>
<id>341769</id>
<name>John R. Moroney</name>
<role></role>
<image_url nophoto='true'>
<![CDATA[https://s.gr-assets.com/assets/nophoto/user/m_200x266-d279b33f8eec0f27b7272477f09806be.png]]>
</image_url>
<small_image_url nophoto='true'>
<![CDATA[https://s.gr-assets.com/assets/nophoto/user/m_50x66-82093808bca726cb3249a493fbd3bd0f.png]]>
</small_image_url>
<link><![CDATA[https://www.goodreads.com/author/show/341769.John_R_Moroney]]></link>
<average_rating>0.0</average_rating>
<ratings_count>0</ratings_count>
<text_reviews_count>0</text_reviews_count>
</author>
</authors>
  <published>1997</published>
</book>


      <book>
  <id type="integer">10731684</id>
  <isbn>0892322152</isbn>
  <isbn13>9780892322152</isbn13>
  <text_reviews_count type="integer">0</text_reviews_count>
  <title>Advances in the Economics of Energy and Resources, Volume 4: Formal Energy &amp; Resource Models</title>
  <title_without_series>Advances in the Economics of Energy and Resources, Volume 4: Formal Energy &amp; Resource Models</title_without_series>
  <image_url>https://s.gr-assets.com/assets/nophoto/book/111x148-bcc042a9c91a29c1d680899eff700a03.png</image_url>
  <small_image_url>https://s.gr-assets.com/assets/nophoto/book/50x75-a91bf249278a81aabab721ef782c4a74.png</small_image_url>
  <large_image_url/>
  <link>https://www.goodreads.com/book/show/10731684-advances-in-the-economics-of-energy-and-resources-volume-4</link>
  <num_pages>275</num_pages>
  <format>Hardcover</format>
  <edition_information/>
  <publisher>JAI Press(NY)</publisher>
  <publication_day>1</publication_day>
  <publication_year>1982</publication_year>
  <publication_month>12</publication_month>
  <average_rating>0.0</average_rating>
  <ratings_count>0</ratings_count>
  <description></description>
<authors>
<author>
<id>341769</id>
<name>John R. Moroney</name>
<role>Editor</role>
<image_url nophoto='true'>
<![CDATA[https://s.gr-assets.com/assets/nophoto/user/m_200x266-d279b33f8eec0f27b7272477f09806be.png]]>
</image_url>
<small_image_url nophoto='true'>
<![CDATA[https://s.gr-assets.com/assets/nophoto/user/m_50x66-82093808bca726cb3249a493fbd3bd0f.png]]>
</small_image_url>
<link><![CDATA[https://www.goodreads.com/author/show/341769.John_R_Moroney]]></link>
<average_rating>0.0</average_rating>
<ratings_count>0</ratings_count>
<text_reviews_count>0</text_reviews_count>
</author>
</authors>
  <published>1982</published>
</book>


      <book>
  <id type="integer">8941504</id>
  <isbn>0762303042</isbn>
  <isbn13>9780762303045</isbn13>
  <text_reviews_count type="integer">0</text_reviews_count>
  <title>Advances in the Economics of Energy and Resources, Volume 11</title>
  <title_without_series>Advances in the Economics of Energy and Resources, Volume 11</title_without_series>
  <image_url>https://s.gr-assets.com/assets/nophoto/book/111x148-bcc042a9c91a29c1d680899eff700a03.png</image_url>
  <small_image_url>https://s.gr-assets.com/assets/nophoto/book/50x75-a91bf249278a81aabab721ef782c4a74.png</small_image_url>
  <large_image_url/>
  <link>https://www.goodreads.com/book/show/8941504-advances-in-the-economics-of-energy-and-resources-volume-11</link>
  <num_pages>244</num_pages>
  <format>Hardcover</format>
  <edition_information/>
  <publisher>Emerald Group Publishing</publisher>
  <publication_day>20</publication_day>
  <publication_year>1999</publication_year>
  <publication_month>12</publication_month>
  <average_rating>0.0</average_rating>
  <ratings_count>0</ratings_count>
  <description>The papers in this volume were presented at the Energy and Resource Workshop Series at Texas A&amp;amp;M University. Topics presented at the workshops were forums for the discussion of research concerning the economics of energy and other natural resources. Chapter topics include: new competition developing in the electric utility industry; the availability of fossil fuels throughout the coming century; innovations in natural gas exploration and production; and international cooperation to limit carbon emissions. This volume makes a timely and important addition to the series.</description>
<authors>
<author>
<id>341769</id>
<name>John R. Moroney</name>
<role></role>
<image_url nophoto='true'>
<![CDATA[https://s.gr-assets.com/assets/nophoto/user/m_200x266-d279b33f8eec0f27b7272477f09806be.png]]>
</image_url>
<small_image_url nophoto='true'>
<![CDATA[https://s.gr-assets.com/assets/nophoto/user/m_50x66-82093808bca726cb3249a493fbd3bd0f.png]]>
</small_image_url>
<link><![CDATA[https://www.goodreads.com/author/show/341769.John_R_Moroney]]></link>
<average_rating>0.0</average_rating>
<ratings_count>0</ratings_count>
<text_reviews_count>0</text_reviews_count>
</author>
</authors>
  <published>1999</published>
</book>


      <book>
  <id type="integer">8924749</id>
  <isbn>1559389222</isbn>
  <isbn13>9781559389228</isbn13>
  <text_reviews_count type="integer">0</text_reviews_count>
  <title>Sustainable Economic Growth (Advances In The Economics Of Energy And Resources)</title>
  <title_without_series>Sustainable Economic Growth</title_without_series>
  <image_url>https://s.gr-assets.com/assets/nophoto/book/111x148-bcc042a9c91a29c1d680899eff700a03.png</image_url>
  <small_image_url>https://s.gr-assets.com/assets/nophoto/book/50x75-a91bf249278a81aabab721ef782c4a74.png</small_image_url>
  <large_image_url/>
  <link>https://www.goodreads.com/book/show/8924749-sustainable-economic-growth</link>
  <num_pages></num_pages>
  <format></format>
  <edition_information/>
  <publisher></publisher>
  <publication_day></publication_day>
  <publication_year></publication_year>
  <publication_month></publication_month>
  <average_rating>0.0</average_rating>
  <ratings_count>0</ratings_count>
  <description></description>
<authors>
<author>
<id>341769</id>
<name>John R. Moroney</name>
<role></role>
<image_url nophoto='true'>
<![CDATA[https://s.gr-assets.com/assets/nophoto/user/m_200x266-d279b33f8eec0f27b7272477f09806be.png]]>
</image_url>
<small_image_url nophoto='true'>
<![CDATA[https://s.gr-assets.com/assets/nophoto/user/m_50x66-82093808bca726cb3249a493fbd3bd0f.png]]>
</small_image_url>
<link><![CDATA[https://www.goodreads.com/author/show/341769.John_R_Moroney]]></link>
<average_rating>0.0</average_rating>
<ratings_count>0</ratings_count>
<text_reviews_count>0</text_reviews_count>
</author>
</authors>
  <published></published>
</book>


      <book>
  <id type="integer">8631305</id>
  <isbn nil="true"/>
  <isbn13 nil="true"/>
  <text_reviews_count type="integer">0</text_reviews_count>
  <title>Power Struggle: World Energy in the Twenty-First Century</title>
  <title_without_series>Power Struggle: World Energy in the Twenty-First Century</title_without_series>
  <image_url>https://s.gr-assets.com/assets/nophoto/book/111x148-bcc042a9c91a29c1d680899eff700a03.png</image_url>
  <small_image_url>https://s.gr-assets.com/assets/nophoto/book/50x75-a91bf249278a81aabab721ef782c4a74.png</small_image_url>
  <large_image_url/>
  <link>https://www.goodreads.com/book/show/8631305-power-struggle</link>
  <num_pages></num_pages>
  <format></format>
  <edition_information/>
  <publisher/>
  <publication_day/>
  <publication_year/>
  <publication_month/>
  <average_rating>0.0</average_rating>
  <ratings_count>0</ratings_count>
  <description></description>
<authors>
<author>
<id>24273</id>
<name>Matthew R. Simmons</name>
<role>Foreword</role>
<image_url nophoto='true'>
<![CDATA[https://s.gr-assets.com/assets/nophoto/user/u_200x266-e183445fd1a1b5cc7075bb1cf7043306.png]]>
</image_url>
<small_image_url nophoto='true'>
<![CDATA[https://s.gr-assets.com/assets/nophoto/user/u_50x66-632230dc9882b4352d753eedf9396530.png]]>
</small_image_url>
<link><![CDATA[https://www.goodreads.com/author/show/24273.Matthew_R_Simmons]]></link>
<average_rating>3.76</average_rating>
<ratings_count>484</ratings_count>
<text_reviews_count>44</text_reviews_count>
</author>
</authors>
  <published/>
</book>


      <book>
  <id type="integer">5081177</id>
  <isbn>0669030589</isbn>
  <isbn13>9780669030587</isbn13>
  <text_reviews_count type="integer">0</text_reviews_count>
  <title>Income Inequality: Trends and International Comparisons</title>
  <title_without_series>Income Inequality: Trends and International Comparisons</title_without_series>
  <image_url>https://s.gr-assets.com/assets/nophoto/book/111x148-bcc042a9c91a29c1d680899eff700a03.png</image_url>
  <small_image_url>https://s.gr-assets.com/assets/nophoto/book/50x75-a91bf249278a81aabab721ef782c4a74.png</small_image_url>
  <large_image_url/>
  <link>https://www.goodreads.com/book/show/5081177-income-inequality</link>
  <num_pages></num_pages>
  <format></format>
  <edition_information/>
  <publisher></publisher>
  <publication_day></publication_day>
  <publication_year></publication_year>
  <publication_month></publication_month>
  <average_rating>0.0</average_rating>
  <ratings_count>0</ratings_count>
  <description></description>
<authors>
<author>
<id>341769</id>
<name>John R. Moroney</name>
<role></role>
<image_url nophoto='true'>
<![CDATA[https://s.gr-assets.com/assets/nophoto/user/m_200x266-d279b33f8eec0f27b7272477f09806be.png]]>
</image_url>
<small_image_url nophoto='true'>
<![CDATA[https://s.gr-assets.com/assets/nophoto/user/m_50x66-82093808bca726cb3249a493fbd3bd0f.png]]>
</small_image_url>
<link><![CDATA[https://www.goodreads.com/author/show/341769.John_R_Moroney]]></link>
<average_rating>0.0</average_rating>
<ratings_count>0</ratings_count>
<text_reviews_count>0</text_reviews_count>
</author>
</authors>
  <published></published>
</book>


      <book>
  <id type="integer">4686392</id>
  <isbn>1559384654</isbn>
  <isbn13>9781559384650</isbn13>
  <text_reviews_count type="integer">0</text_reviews_count>
  <title>Advances in the Economics of Energy and Resources, Volume 8: Energy Prices and Production</title>
  <title_without_series>Advances in the Economics of Energy and Resources, Volume 8: Energy Prices and Production</title_without_series>
  <image_url>https://s.gr-assets.com/assets/nophoto/book/111x148-bcc042a9c91a29c1d680899eff700a03.png</image_url>
  <small_image_url>https://s.gr-assets.com/assets/nophoto/book/50x75-a91bf249278a81aabab721ef782c4a74.png</small_image_url>
  <large_image_url/>
  <link>https://www.goodreads.com/book/show/4686392-advances-in-the-economics-of-energy-and-resources-volume-8</link>
  <num_pages></num_pages>
  <format></format>
  <edition_information/>
  <publisher></publisher>
  <publication_day></publication_day>
  <publication_year></publication_year>
  <publication_month></publication_month>
  <average_rating>0.0</average_rating>
  <ratings_count>0</ratings_count>
  <description></description>
<authors>
<author>
<id>341769</id>
<name>John R. Moroney</name>
<role>Editor</role>
<image_url nophoto='true'>
<![CDATA[https://s.gr-assets.com/assets/nophoto/user/m_200x266-d279b33f8eec0f27b7272477f09806be.png]]>
</image_url>
<small_image_url nophoto='true'>
<![CDATA[https://s.gr-assets.com/assets/nophoto/user/m_50x66-82093808bca726cb3249a493fbd3bd0f.png]]>
</small_image_url>
<link><![CDATA[https://www.goodreads.com/author/show/341769.John_R_Moroney]]></link>
<average_rating>0.0</average_rating>
<ratings_count>0</ratings_count>
<text_reviews_count>0</text_reviews_count>
</author>
</authors>
  <published></published>
</book>


      <book>
  <id type="integer">4674707</id>
  <isbn>089232175X</isbn>
  <isbn13>9780892321759</isbn13>
  <text_reviews_count type="integer">0</text_reviews_count>
  <title>Advances in the Economics of Energy and Resources, Volume 3: Economic Aspects of New Technology</title>
  <title_without_series>Advances in the Economics of Energy and Resources, Volume 3: Economic Aspects of New Technology</title_without_series>
  <image_url>https://s.gr-assets.com/assets/nophoto/book/111x148-bcc042a9c91a29c1d680899eff700a03.png</image_url>
  <small_image_url>https://s.gr-assets.com/assets/nophoto/book/50x75-a91bf249278a81aabab721ef782c4a74.png</small_image_url>
  <large_image_url/>
  <link>https://www.goodreads.com/book/show/4674707-advances-in-the-economics-of-energy-and-resources-volume-3</link>
  <num_pages>274</num_pages>
  <format>Hardcover</format>
  <edition_information/>
  <publisher>JAI Press(NY)</publisher>
  <publication_day>1</publication_day>
  <publication_year>1981</publication_year>
  <publication_month>1</publication_month>
  <average_rating>0.0</average_rating>
  <ratings_count>0</ratings_count>
  <description>Hardbound.</description>
<authors>
<author>
<id>341769</id>
<name>John R. Moroney</name>
<role>Editor</role>
<image_url nophoto='true'>
<![CDATA[https://s.gr-assets.com/assets/nophoto/user/m_200x266-d279b33f8eec0f27b7272477f09806be.png]]>
</image_url>
<small_image_url nophoto='true'>
<![CDATA[https://s.gr-assets.com/assets/nophoto/user/m_50x66-82093808bca726cb3249a493fbd3bd0f.png]]>
</small_image_url>
<link><![CDATA[https://www.goodreads.com/author/show/341769.John_R_Moroney]]></link>
<average_rating>0.0</average_rating>
<ratings_count>0</ratings_count>
<text_reviews_count>0</text_reviews_count>
</author>
</authors>
  <published>1981</published>
</book>


      <book>
  <id type="integer">4674706</id>
  <isbn>0892323272</isbn>
  <isbn13>9780892323272</isbn13>
  <text_reviews_count type="integer">0</text_reviews_count>
  <title>Econometric Models Of The Demand For Energy</title>
  <title_without_series>Econometric Models Of The Demand For Energy</title_without_series>
  <image_url>https://s.gr-assets.com/assets/nophoto/book/111x148-bcc042a9c91a29c1d680899eff700a03.png</image_url>
  <small_image_url>https://s.gr-assets.com/assets/nophoto/book/50x75-a91bf249278a81aabab721ef782c4a74.png</small_image_url>
  <large_image_url/>
  <link>https://www.goodreads.com/book/show/4674706-econometric-models-of-the-demand-for-energy</link>
  <num_pages></num_pages>
  <format></format>
  <edition_information/>
  <publisher></publisher>
  <publication_day></publication_day>
  <publication_year></publication_year>
  <publication_month></publication_month>
  <average_rating>0.0</average_rating>
  <ratings_count>0</ratings_count>
  <description></description>
<authors>
<author>
<id>341769</id>
<name>John R. Moroney</name>
<role></role>
<image_url nophoto='true'>
<![CDATA[https://s.gr-assets.com/assets/nophoto/user/m_200x266-d279b33f8eec0f27b7272477f09806be.png]]>
</image_url>
<small_image_url nophoto='true'>
<![CDATA[https://s.gr-assets.com/assets/nophoto/user/m_50x66-82093808bca726cb3249a493fbd3bd0f.png]]>
</small_image_url>
<link><![CDATA[https://www.goodreads.com/author/show/341769.John_R_Moroney]]></link>
<average_rating>0.0</average_rating>
<ratings_count>0</ratings_count>
<text_reviews_count>0</text_reviews_count>
</author>
</authors>
  <published></published>
</book>


    </books>
</author>

</GoodreadsResponse>