<?xml version="1.0" encoding="UTF-8"?>
<GoodreadsResponse>
  <Request>
    <authentication>true</authentication>
      <key><![CDATA[sySok63UyYyWi2Wof1HocA]]></key>
    <method><![CDATA[author_show]]></method>
  </Request>
  <author>
  <id>3466991</id>
  <name>Audrey Beth Stein</name>
  <link><![CDATA[https://www.goodreads.com/author/show/3466991.Audrey_Beth_Stein]]></link>
  <fans_count type="integer">3</fans_count>
  <author_followers_count type="integer">3</author_followers_count>
  <large_image_url><![CDATA[https://images.gr-assets.com/authors/1274460878p7/3466991.jpg]]></large_image_url>
  <image_url><![CDATA[https://images.gr-assets.com/authors/1274460878p5/3466991.jpg]]></image_url>
  <small_image_url><![CDATA[https://images.gr-assets.com/authors/1274460878p2/3466991.jpg]]></small_image_url>
  <about><![CDATA[Audrey Beth Stein is the author of the memoir <a href="https://www.goodreads.com/book/show/7995109-map" rel="nofollow">Map</a>, which was named a finalist in the upcoming Lambda Literary Awards. She earned her MFA in Creative Writing from Emerson College and is a two-time national prizewinner in the David Dornstein Memorial Short Story Contest. She teaches memoir and novel development at the Cambridge Center for Adult Education. ]]></about>
  <influences></influences>
  <works_count>1</works_count>
  <gender>female</gender>
  <hometown></hometown>
  <born_at></born_at>
  <died_at></died_at>
  <goodreads_author>true</goodreads_author>
    <user>
  <id type="integer">3760799</id>
</user>


    <books>
      <book>
  <id type="integer">7995109</id>
  <isbn>0557083354</isbn>
  <isbn13>9780557083350</isbn13>
  <text_reviews_count type="integer">4</text_reviews_count>
  <title>Map</title>
  <title_without_series>Map</title_without_series>
  <image_url>https://images.gr-assets.com/books/1274482398m/7995109.jpg</image_url>
  <small_image_url>https://images.gr-assets.com/books/1274482398s/7995109.jpg</small_image_url>
  <large_image_url/>
  <link>https://www.goodreads.com/book/show/7995109-map</link>
  <num_pages>168</num_pages>
  <format>Hardcover</format>
  <edition_information/>
  <publisher>Self Publisher</publisher>
  <publication_day/>
  <publication_year>2009</publication_year>
  <publication_month>10</publication_month>
  <average_rating>4.29</average_rating>
  <ratings_count>7</ratings_count>
  <description>As a late-blooming, sexually-confused senior at the University of Pennsylvania, &lt;i&gt;Audrey Beth Stein&lt;/i&gt; was looking for love, but she never expected it to arrive via email, from someone she first knew only as catrina@juno.com... &lt;br /&gt;It was 1996, a time when the Indigo Girls had just performed their first explicitly gay songs, &lt;i&gt;Ellen DeGeneres&lt;/i&gt; was preparing to come out on national television, and eHarmony.com and JDate did not yet exist. A time when being queer was a little bit easier than admitting you'd met someone through the internet. &lt;br /&gt;Using layers of introspection and insight reminiscent of &lt;i&gt;Curtis Sittenfeld's Prep&lt;/i&gt; and &lt;i&gt;Wendy Swallow's Breaking Apart&lt;/i&gt; woven into a largely present-tense narrative, this coming-of-age memoir combines the page-turning exuberance of falling in love for the first time, the disorienting clarity of loss, and the triumph of letting go of the training wheels.</description>
<authors>
<author>
<id>3466991</id>
<name>Audrey Beth Stein</name>
<role></role>
<image_url nophoto='false'>
<![CDATA[https://images.gr-assets.com/authors/1274460878p5/3466991.jpg]]>
</image_url>
<small_image_url nophoto='false'>
<![CDATA[https://images.gr-assets.com/authors/1274460878p2/3466991.jpg]]>
</small_image_url>
<link><![CDATA[https://www.goodreads.com/author/show/3466991.Audrey_Beth_Stein]]></link>
<average_rating>4.29</average_rating>
<ratings_count>7</ratings_count>
<text_reviews_count>4</text_reviews_count>
</author>
</authors>
  <published>2009</published>
</book>


    </books>
</author>

</GoodreadsResponse>