<?xml version="1.0" encoding="UTF-8"?>
<GoodreadsResponse>
  <Request>
    <authentication>true</authentication>
      <key><![CDATA[sySok63UyYyWi2Wof1HocA]]></key>
    <method><![CDATA[author_show]]></method>
  </Request>
  <author>
  <id>3481</id>
  <name>Margaret A. Salinger</name>
  <link><![CDATA[https://www.goodreads.com/author/show/3481.Margaret_A_Salinger]]></link>
  <fans_count type="integer">4</fans_count>
  <author_followers_count type="integer">4</author_followers_count>
  <large_image_url><![CDATA[https://images.gr-assets.com/authors/1240488978p7/3481.jpg]]></large_image_url>
  <image_url><![CDATA[https://images.gr-assets.com/authors/1240488978p5/3481.jpg]]></image_url>
  <small_image_url><![CDATA[https://images.gr-assets.com/authors/1240488978p2/3481.jpg]]></small_image_url>
  <about><![CDATA[Margaret Salinger ( born 1955) is the daughter of J.D. Salinger, author of the book Catcher in the Rye.<br /><br />In 2000 she published Dream Catcher: A Memoir, ISBN 0-671-04282-3, a "tell-all" book about her father. She lives in Massachusetts with her son.<br /><br />]]></about>
  <influences></influences>
  <works_count>1</works_count>
  <gender>female</gender>
  <hometown></hometown>
  <born_at>1955/01/01</born_at>
  <died_at></died_at>
  <goodreads_author></goodreads_author>

    <books>
      <book>
  <id type="integer">5120</id>
  <isbn>0671042823</isbn>
  <isbn13>9780671042820</isbn13>
  <text_reviews_count type="integer">74</text_reviews_count>
  <title>Dream Catcher: A Memoir</title>
  <title_without_series>Dream Catcher: A Memoir</title_without_series>
  <image_url>https://s.gr-assets.com/assets/nophoto/book/111x148-bcc042a9c91a29c1d680899eff700a03.png</image_url>
  <small_image_url>https://s.gr-assets.com/assets/nophoto/book/50x75-a91bf249278a81aabab721ef782c4a74.png</small_image_url>
  <large_image_url/>
  <link>https://www.goodreads.com/book/show/5120.Dream_Catcher</link>
  <num_pages></num_pages>
  <format></format>
  <edition_information/>
  <publisher></publisher>
  <publication_day></publication_day>
  <publication_year></publication_year>
  <publication_month></publication_month>
  <average_rating>3.35</average_rating>
  <ratings_count>701</ratings_count>
  <description></description>
<authors>
<author>
<id>3481</id>
<name>Margaret A. Salinger</name>
<role></role>
<image_url nophoto='false'>
<![CDATA[https://images.gr-assets.com/authors/1240488978p5/3481.jpg]]>
</image_url>
<small_image_url nophoto='false'>
<![CDATA[https://images.gr-assets.com/authors/1240488978p2/3481.jpg]]>
</small_image_url>
<link><![CDATA[https://www.goodreads.com/author/show/3481.Margaret_A_Salinger]]></link>
<average_rating>3.35</average_rating>
<ratings_count>701</ratings_count>
<text_reviews_count>84</text_reviews_count>
</author>
</authors>
  <published></published>
</book>


    </books>
</author>

</GoodreadsResponse>