<?xml version="1.0" encoding="UTF-8"?>
<GoodreadsResponse>
  <Request>
    <authentication>true</authentication>
      <key><![CDATA[sySok63UyYyWi2Wof1HocA]]></key>
    <method><![CDATA[author_show]]></method>
  </Request>
  <author>
  <id>348401</id>
  <name>James Warhola</name>
  <link><![CDATA[https://www.goodreads.com/author/show/348401.James_Warhola]]></link>
  <fans_count type="integer">5</fans_count>
  <author_followers_count type="integer">5</author_followers_count>
  <large_image_url><![CDATA[https://s.gr-assets.com/assets/nophoto/user/m_333x500-a9c67bed07ee7e10983a5d5ccc572516.png]]></large_image_url>
  <image_url><![CDATA[https://s.gr-assets.com/assets/nophoto/user/m_200x266-d279b33f8eec0f27b7272477f09806be.png]]></image_url>
  <small_image_url><![CDATA[https://s.gr-assets.com/assets/nophoto/user/m_50x66-82093808bca726cb3249a493fbd3bd0f.png]]></small_image_url>
  <about><![CDATA[James Warhola is an American artist who has illustrated more than two dozen children's books since 1987. Prior to that, he illustrated science fiction and fantasy paperback covers. His paintings are showcased in the permanent collection of the Warhola Museum in Medzilborce, Slovakia, a museum devoted entirely to the work of artists in his family. <br /><br />A native of Smock, a coal-mining region in Fayette County, Pennsylvania, near Pittsburgh, and of Rusyn origin, he is the son of Paul Warhola, Andy Warhol's oldest brother. He lives with his wife in New York State.]]></about>
  <influences></influences>
  <works_count>24</works_count>
  <gender>male</gender>
  <hometown></hometown>
  <born_at>1955/03/16</born_at>
  <died_at></died_at>
  <goodreads_author></goodreads_author>

    <books>
      <book>
  <id type="integer">39160</id>
  <isbn>0439727669</isbn>
  <isbn13>9780439727662</isbn13>
  <text_reviews_count type="integer">35</text_reviews_count>
  <title>If You're Happy And You Know It: Jungle Edition</title>
  <title_without_series>If You're Happy And You Know It: Jungle Edition</title_without_series>
  <image_url>https://s.gr-assets.com/assets/nophoto/book/111x148-bcc042a9c91a29c1d680899eff700a03.png</image_url>
  <small_image_url>https://s.gr-assets.com/assets/nophoto/book/50x75-a91bf249278a81aabab721ef782c4a74.png</small_image_url>
  <large_image_url/>
  <link>https://www.goodreads.com/book/show/39160.If_You_re_Happy_And_You_Know_It</link>
  <num_pages>32</num_pages>
  <format>Hardcover</format>
  <edition_information/>
  <publisher>Orchard Books</publisher>
  <publication_day>1</publication_day>
  <publication_year>2007</publication_year>
  <publication_month>3</publication_month>
  <average_rating>3.94</average_rating>
  <ratings_count>227</ratings_count>
  <description>A fun, roar-out-loud jungle version of the favorite kids' song IF YOU'RE HAPPY AND YOU KNOW IT!&lt;br /&gt;&lt;br /&gt;If you're happy and you know it, give a roar!&lt;br /&gt;&lt;br /&gt;This jungle version of the classic song IF YOU'RE HAPPY AND YOU KNOW IT! is a real read-along sing-along safari! Get ready to stomp your feet, flap your wings, and scratch your fur!&lt;br /&gt;</description>
<authors>
<author>
<id>348401</id>
<name>James Warhola</name>
<role></role>
<image_url nophoto='true'>
<![CDATA[https://s.gr-assets.com/assets/nophoto/user/m_200x266-d279b33f8eec0f27b7272477f09806be.png]]>
</image_url>
<small_image_url nophoto='true'>
<![CDATA[https://s.gr-assets.com/assets/nophoto/user/m_50x66-82093808bca726cb3249a493fbd3bd0f.png]]>
</small_image_url>
<link><![CDATA[https://www.goodreads.com/author/show/348401.James_Warhola]]></link>
<average_rating>4.13</average_rating>
<ratings_count>6276</ratings_count>
<text_reviews_count>935</text_reviews_count>
</author>
</authors>
  <published>2007</published>
</book>


      <book>
  <id type="integer">647475</id>
  <isbn>0399238697</isbn>
  <isbn13>9780399238697</isbn13>
  <text_reviews_count type="integer">35</text_reviews_count>
  <title>Uncle Andy's: A Faabbbulous Visit With Andy Warhol</title>
  <title_without_series>Uncle Andy's: A Faabbbulous Visit With Andy Warhol</title_without_series>
  <image_url>https://images.gr-assets.com/books/1309201676m/647475.jpg</image_url>
  <small_image_url>https://images.gr-assets.com/books/1309201676s/647475.jpg</small_image_url>
  <large_image_url/>
  <link>https://www.goodreads.com/book/show/647475.Uncle_Andy_s</link>
  <num_pages>32</num_pages>
  <format>Hardcover</format>
  <edition_information/>
  <publisher>G.P. Putnam's Sons Books for Young Readers</publisher>
  <publication_day>10</publication_day>
  <publication_year>2003</publication_year>
  <publication_month>3</publication_month>
  <average_rating>4.06</average_rating>
  <ratings_count>217</ratings_count>
  <description>When James Warhola was a little boy, his father had a junk business that turned their yard into a wonderful play zone that his mother didn't fully appreciate! But whenever James and his family drove to New York City to visit Uncle Andy, they got to see how "junk" could become something truly amazing in an artist's hands.&lt;br /&gt;&lt;br /&gt;&lt;b&gt;Uncle Andy's&lt;/b&gt; offers an exciting and unique perspective on one of the most influential artists of our time. Through James' eyes, we see the things that made his family visits memorable-including the wonderful disarray of Andy's house, waking up surrounded by important art and incredible collected objects, trying on Andy's wigs, sharing the run of Andy's house with his twenty-five cats (all named Sam), and getting art supplies from Andy as a goodbye present. James was lucky enough to learn about art from an innovative master and he shows how these visits with Uncle Andy taught him about the creative process and inspired him to become an artist.</description>
<authors>
<author>
<id>348401</id>
<name>James Warhola</name>
<role></role>
<image_url nophoto='true'>
<![CDATA[https://s.gr-assets.com/assets/nophoto/user/m_200x266-d279b33f8eec0f27b7272477f09806be.png]]>
</image_url>
<small_image_url nophoto='true'>
<![CDATA[https://s.gr-assets.com/assets/nophoto/user/m_50x66-82093808bca726cb3249a493fbd3bd0f.png]]>
</small_image_url>
<link><![CDATA[https://www.goodreads.com/author/show/348401.James_Warhola]]></link>
<average_rating>4.13</average_rating>
<ratings_count>6276</ratings_count>
<text_reviews_count>935</text_reviews_count>
</author>
</authors>
  <published>2003</published>
</book>


      <book>
  <id type="integer">6368191</id>
  <isbn>0399251804</isbn>
  <isbn13>9780399251801</isbn13>
  <text_reviews_count type="integer">42</text_reviews_count>
  <title>Uncle Andy's Cats</title>
  <title_without_series>Uncle Andy's Cats</title_without_series>
  <image_url>https://s.gr-assets.com/assets/nophoto/book/111x148-bcc042a9c91a29c1d680899eff700a03.png</image_url>
  <small_image_url>https://s.gr-assets.com/assets/nophoto/book/50x75-a91bf249278a81aabab721ef782c4a74.png</small_image_url>
  <large_image_url/>
  <link>https://www.goodreads.com/book/show/6368191-uncle-andy-s-cats</link>
  <num_pages>32</num_pages>
  <format>Hardcover</format>
  <edition_information/>
  <publisher>G.P. Putnam's Sons Books for Young Readers</publisher>
  <publication_day>9</publication_day>
  <publication_year>2009</publication_year>
  <publication_month>7</publication_month>
  <average_rating>3.79</average_rating>
  <ratings_count>145</ratings_count>
  <description>It all started with a little blue cat named Hester. Then along came Sam, and it was love at first sight -- and lots of little Sams! While the cats are perfectly happy stampeding through Uncle Andy's art studio and frolicking among his soup boxes, the humans know things have to change. So Uncle Andy devises a brilliant plan to make his cats famous -- and easier to find homes for. James Warhola's childhood memories of trips to New York City to visit his uncle, Andy Warhol, inspired this warm, funny story of the famous artist's house full of cats. Kids will pore over the illustrations trying to spot all the Sams, as well as some very clever mice.&lt;br /&gt;&lt;br /&gt;</description>
<authors>
<author>
<id>348401</id>
<name>James Warhola</name>
<role></role>
<image_url nophoto='true'>
<![CDATA[https://s.gr-assets.com/assets/nophoto/user/m_200x266-d279b33f8eec0f27b7272477f09806be.png]]>
</image_url>
<small_image_url nophoto='true'>
<![CDATA[https://s.gr-assets.com/assets/nophoto/user/m_50x66-82093808bca726cb3249a493fbd3bd0f.png]]>
</small_image_url>
<link><![CDATA[https://www.goodreads.com/author/show/348401.James_Warhola]]></link>
<average_rating>4.13</average_rating>
<ratings_count>6276</ratings_count>
<text_reviews_count>935</text_reviews_count>
</author>
</authors>
  <published>2009</published>
</book>


      <book>
  <id type="integer">62005</id>
  <isbn>0380771411</isbn>
  <isbn13>9780380771417</isbn13>
  <text_reviews_count type="integer">457</text_reviews_count>
  <title>A Night in the Lonesome October</title>
  <title_without_series>A Night in the Lonesome October</title_without_series>
  <image_url>https://images.gr-assets.com/books/1274492048m/62005.jpg</image_url>
  <small_image_url>https://images.gr-assets.com/books/1274492048s/62005.jpg</small_image_url>
  <large_image_url/>
  <link>https://www.goodreads.com/book/show/62005.A_Night_in_the_Lonesome_October</link>
  <num_pages></num_pages>
  <format></format>
  <edition_information/>
  <publisher></publisher>
  <publication_day></publication_day>
  <publication_year></publication_year>
  <publication_month></publication_month>
  <average_rating>4.22</average_rating>
  <ratings_count>4551</ratings_count>
  <description>The bestselling author of the Amber series creates a delightful and dramatic period fantasy populated by talking dogs and characters from popular legend. Accompanying and amplifying the text are a series of 31 full-page illustrations by one of the masters of bizarre and horrific art.</description>
<authors>
<author>
<id>3619</id>
<name>Roger Zelazny</name>
<role></role>
<image_url nophoto='false'>
<![CDATA[https://images.gr-assets.com/authors/1207671346p5/3619.jpg]]>
</image_url>
<small_image_url nophoto='false'>
<![CDATA[https://images.gr-assets.com/authors/1207671346p2/3619.jpg]]>
</small_image_url>
<link><![CDATA[https://www.goodreads.com/author/show/3619.Roger_Zelazny]]></link>
<average_rating>4.07</average_rating>
<ratings_count>541581</ratings_count>
<text_reviews_count>16646</text_reviews_count>
</author>
</authors>
  <published></published>
</book>


      <book>
  <id type="integer">205966</id>
  <isbn>0590255061</isbn>
  <isbn13>9780590255066</isbn13>
  <text_reviews_count type="integer">104</text_reviews_count>
  <title>Bubba, The Cowboy Prince</title>
  <title_without_series>Bubba, The Cowboy Prince</title_without_series>
  <image_url>https://s.gr-assets.com/assets/nophoto/book/111x148-bcc042a9c91a29c1d680899eff700a03.png</image_url>
  <small_image_url>https://s.gr-assets.com/assets/nophoto/book/50x75-a91bf249278a81aabab721ef782c4a74.png</small_image_url>
  <large_image_url/>
  <link>https://www.goodreads.com/book/show/205966.Bubba_The_Cowboy_Prince</link>
  <num_pages>32</num_pages>
  <format>Hardcover</format>
  <edition_information/>
  <publisher>Scholastic Press</publisher>
  <publication_day>1</publication_day>
  <publication_year>1997</publication_year>
  <publication_month>11</publication_month>
  <average_rating>4.22</average_rating>
  <ratings_count>448</ratings_count>
  <description>Bubba is bossed around the family ranch by his wicked step-daddy and his nasty stepbrothers, Dwayne and Milton. Bubba never complains, though. He's a real cowboy - tough as leather (and cute as a cow's ear).&lt;br /&gt;&lt;br /&gt;When Miz Lurleen, the purtiest rancher in Texas, decides to throw a ball to find herself a real feller, Bubba has to stay at home. "You smell more like the cattle than the cattle do," laugh Dwayne and Milton. But with the help of Bubba's fairy godcow, and a little Texas magic, Miz Lurleen finds the cowboy prince she's always dreamed of.&lt;br /&gt;&lt;br /&gt;With its western brand of language and humor, this Texas retelling of the Cinderella story will really rope in readers.</description>
<authors>
<author>
<id>120384</id>
<name>Helen Ketteman</name>
<role></role>
<image_url nophoto='true'>
<![CDATA[https://s.gr-assets.com/assets/nophoto/user/f_200x266-3061b784cc8e7f021c6430c9aba94587.png]]>
</image_url>
<small_image_url nophoto='true'>
<![CDATA[https://s.gr-assets.com/assets/nophoto/user/f_50x66-6a03a5c12233c941481992b82eea8d23.png]]>
</small_image_url>
<link><![CDATA[https://www.goodreads.com/author/show/120384.Helen_Ketteman]]></link>
<average_rating>4.06</average_rating>
<ratings_count>3395</ratings_count>
<text_reviews_count>683</text_reviews_count>
</author>
</authors>
  <published>1997</published>
</book>


      <book>
  <id type="integer">541816</id>
  <isbn>0590098578</isbn>
  <isbn13>9780590098571</isbn13>
  <text_reviews_count type="integer">90</text_reviews_count>
  <title>If You Hopped Like A Frog</title>
  <title_without_series>If You Hopped Like A Frog</title_without_series>
  <image_url>https://images.gr-assets.com/books/1360058095m/541816.jpg</image_url>
  <small_image_url>https://images.gr-assets.com/books/1360058095s/541816.jpg</small_image_url>
  <large_image_url/>
  <link>https://www.goodreads.com/book/show/541816.If_You_Hopped_Like_A_Frog</link>
  <num_pages>32</num_pages>
  <format>Hardcover</format>
  <edition_information/>
  <publisher>Scholastic Press</publisher>
  <publication_day>1</publication_day>
  <publication_year>1999</publication_year>
  <publication_month>9</publication_month>
  <average_rating>4.11</average_rating>
  <ratings_count>307</ratings_count>
  <description>Did you know that a frog can jump 20 times its body length? Or that an ant can lift an object 50 times its own weight? By applying these ratios and proportions to their own bodies, readers will discover what they could do if they had the amazing abilities of animals.</description>
<authors>
<author>
<id>36666</id>
<name>David M. Schwartz</name>
<role></role>
<image_url nophoto='false'>
<![CDATA[https://images.gr-assets.com/authors/1237847612p5/36666.jpg]]>
</image_url>
<small_image_url nophoto='false'>
<![CDATA[https://images.gr-assets.com/authors/1237847612p2/36666.jpg]]>
</small_image_url>
<link><![CDATA[https://www.goodreads.com/author/show/36666.David_M_Schwartz]]></link>
<average_rating>4.05</average_rating>
<ratings_count>6411</ratings_count>
<text_reviews_count>729</text_reviews_count>
</author>
</authors>
  <published>1999</published>
</book>


      <book>
  <id type="integer">205954</id>
  <isbn>0590136097</isbn>
  <isbn13>9780590136099</isbn13>
  <text_reviews_count type="integer">19</text_reviews_count>
  <title>The Christmas Blizzard</title>
  <title_without_series>The Christmas Blizzard</title_without_series>
  <image_url>https://s.gr-assets.com/assets/nophoto/book/111x148-bcc042a9c91a29c1d680899eff700a03.png</image_url>
  <small_image_url>https://s.gr-assets.com/assets/nophoto/book/50x75-a91bf249278a81aabab721ef782c4a74.png</small_image_url>
  <large_image_url/>
  <link>https://www.goodreads.com/book/show/205954.The_Christmas_Blizzard</link>
  <num_pages></num_pages>
  <format>Paperback</format>
  <edition_information/>
  <publisher>Scholastic</publisher>
  <publication_day>1</publication_day>
  <publication_year>1999</publication_year>
  <publication_month>11</publication_month>
  <average_rating>3.88</average_rating>
  <ratings_count>96</ratings_count>
  <description>One year the North Pole is too hot for Christmas, so a young boy howls up a snowstorm to get things back on track. He whips up snowflakes as big as dinner plates and winds strong enough to split firewood!</description>
<authors>
<author>
<id>120384</id>
<name>Helen Ketteman</name>
<role></role>
<image_url nophoto='true'>
<![CDATA[https://s.gr-assets.com/assets/nophoto/user/f_200x266-3061b784cc8e7f021c6430c9aba94587.png]]>
</image_url>
<small_image_url nophoto='true'>
<![CDATA[https://s.gr-assets.com/assets/nophoto/user/f_50x66-6a03a5c12233c941481992b82eea8d23.png]]>
</small_image_url>
<link><![CDATA[https://www.goodreads.com/author/show/120384.Helen_Ketteman]]></link>
<average_rating>4.06</average_rating>
<ratings_count>3395</ratings_count>
<text_reviews_count>683</text_reviews_count>
</author>
</authors>
  <published>1999</published>
</book>


      <book>
  <id type="integer">1789853</id>
  <isbn>0439676126</isbn>
  <isbn13>9780439676120</isbn13>
  <text_reviews_count type="integer">26</text_reviews_count>
  <title>If Dogs Were Dinosaurs</title>
  <title_without_series>If Dogs Were Dinosaurs</title_without_series>
  <image_url>https://images.gr-assets.com/books/1328866595m/1789853.jpg</image_url>
  <small_image_url>https://images.gr-assets.com/books/1328866595s/1789853.jpg</small_image_url>
  <large_image_url/>
  <link>https://www.goodreads.com/book/show/1789853.If_Dogs_Were_Dinosaurs</link>
  <num_pages>32</num_pages>
  <format>Hardcover</format>
  <edition_information/>
  <publisher>Scholastic Press</publisher>
  <publication_day>1</publication_day>
  <publication_year>2005</publication_year>
  <publication_month>10</publication_month>
  <average_rating>3.61</average_rating>
  <ratings_count>69</ratings_count>
  <description>With his on-the-mark instinct for making math fun and easy, the best-selling author of How Much Is a Million returns with another explosively energetic math book!&lt;br /&gt;&lt;br /&gt;If your dog were the size of a dinosaur, his dinner would fill your bedroom! If the moon were the size of a marble, earth would fit in your hands! If your submarine sandwich was as big as its name, the pickle would be as big as a life raft!&lt;br /&gt; Mighty math-man David Schwartz's amazing examples of relative size, and James Warhola's hilarious, literal depictions make these mind-bending math concepts crystal clear and tons of fun. Concise, easy-to-follow back matter provides equations that show just how readers can solve these fascinating, outrageous proportional problems!&lt;br /&gt;</description>
<authors>
<author>
<id>36666</id>
<name>David M. Schwartz</name>
<role></role>
<image_url nophoto='false'>
<![CDATA[https://images.gr-assets.com/authors/1237847612p5/36666.jpg]]>
</image_url>
<small_image_url nophoto='false'>
<![CDATA[https://images.gr-assets.com/authors/1237847612p2/36666.jpg]]>
</small_image_url>
<link><![CDATA[https://www.goodreads.com/author/show/36666.David_M_Schwartz]]></link>
<average_rating>4.05</average_rating>
<ratings_count>6411</ratings_count>
<text_reviews_count>729</text_reviews_count>
</author>
</authors>
  <published>2005</published>
</book>


      <book>
  <id type="integer">996485</id>
  <isbn>0698118715</isbn>
  <isbn13>9780698118713</isbn13>
  <text_reviews_count type="integer">53</text_reviews_count>
  <title>Bigfoot Cinderrrrrella</title>
  <title_without_series>Bigfoot Cinderrrrrella</title_without_series>
  <image_url>https://s.gr-assets.com/assets/nophoto/book/111x148-bcc042a9c91a29c1d680899eff700a03.png</image_url>
  <small_image_url>https://s.gr-assets.com/assets/nophoto/book/50x75-a91bf249278a81aabab721ef782c4a74.png</small_image_url>
  <large_image_url/>
  <link>https://www.goodreads.com/book/show/996485.Bigfoot_Cinderrrrrella</link>
  <num_pages>32</num_pages>
  <format>Paperback</format>
  <edition_information/>
  <publisher>Puffin Books</publisher>
  <publication_day>23</publication_day>
  <publication_year>2000</publication_year>
  <publication_month>10</publication_month>
  <average_rating>3.80</average_rating>
  <ratings_count>434</ratings_count>
  <description>In the old growth forest, a dashing Bigfoot prince searches for his Bigfoot princess. Rrrrrella, who also lives in the forest, would be a perfect match. But can she get past her ugly stepsisters to win the prince's heart? Full-color illustrations.</description>
<authors>
<author>
<id>58022</id>
<name>Tony Johnston</name>
<role></role>
<image_url nophoto='true'>
<![CDATA[https://s.gr-assets.com/assets/nophoto/user/f_200x266-3061b784cc8e7f021c6430c9aba94587.png]]>
</image_url>
<small_image_url nophoto='true'>
<![CDATA[https://s.gr-assets.com/assets/nophoto/user/f_50x66-6a03a5c12233c941481992b82eea8d23.png]]>
</small_image_url>
<link><![CDATA[https://www.goodreads.com/author/show/58022.Tony_Johnston]]></link>
<average_rating>3.85</average_rating>
<ratings_count>7303</ratings_count>
<text_reviews_count>1486</text_reviews_count>
</author>
</authors>
  <published>2000</published>
</book>


      <book>
  <id type="integer">759809</id>
  <isbn>0399242104</isbn>
  <isbn13>9780399242106</isbn13>
  <text_reviews_count type="integer">8</text_reviews_count>
  <title>Eddie: Harold's Little Brother</title>
  <title_without_series>Eddie: Harold's Little Brother</title_without_series>
  <image_url>https://images.gr-assets.com/books/1309204738m/759809.jpg</image_url>
  <small_image_url>https://images.gr-assets.com/books/1309204738s/759809.jpg</small_image_url>
  <large_image_url/>
  <link>https://www.goodreads.com/book/show/759809.Eddie</link>
  <num_pages>32</num_pages>
  <format>Hardcover</format>
  <edition_information/>
  <publisher>Putnam Juvenile</publisher>
  <publication_day>9</publication_day>
  <publication_year>2004</publication_year>
  <publication_month>9</publication_month>
  <average_rating>3.44</average_rating>
  <ratings_count>16</ratings_count>
  <description>No matter how much Eddie practices, he just can't play baseball like his big brother, Harold. In fact, there's only one part of the game Eddie's any good at, and it has nothing to do with double plays or home runs--Eddie's great at talking, and gives a fantastic game wrap-up. Fortunately for Eddie, Harold helps him see just how talented he really is and starts him on an amazing career!&lt;br /&gt; James Warhola's richly-detailed artwork, full of wit and wonderful period details, brings the Koch brothers to life.</description>
<authors>
<author>
<id>329175</id>
<name>Edward I. Koch</name>
<role></role>
<image_url nophoto='false'>
<![CDATA[https://images.gr-assets.com/authors/1308155352p5/329175.jpg]]>
</image_url>
<small_image_url nophoto='false'>
<![CDATA[https://images.gr-assets.com/authors/1308155352p2/329175.jpg]]>
</small_image_url>
<link><![CDATA[https://www.goodreads.com/author/show/329175.Edward_I_Koch]]></link>
<average_rating>3.50</average_rating>
<ratings_count>149</ratings_count>
<text_reviews_count>30</text_reviews_count>
</author>
</authors>
  <published>2004</published>
</book>


    </books>
</author>

</GoodreadsResponse>