<?xml version="1.0" encoding="UTF-8"?>
<GoodreadsResponse>
  <Request>
    <authentication>true</authentication>
      <key><![CDATA[sySok63UyYyWi2Wof1HocA]]></key>
    <method><![CDATA[author_show]]></method>
  </Request>
  <author>
  <id>35053</id>
  <name>Jerold J. Abrams</name>
  <link><![CDATA[https://www.goodreads.com/author/show/35053.Jerold_J_Abrams]]></link>
  <fans_count type="integer">2</fans_count>
  <author_followers_count type="integer">2</author_followers_count>
  <large_image_url><![CDATA[https://s.gr-assets.com/assets/nophoto/user/m_333x500-a9c67bed07ee7e10983a5d5ccc572516.png]]></large_image_url>
  <image_url><![CDATA[https://s.gr-assets.com/assets/nophoto/user/m_200x266-d279b33f8eec0f27b7272477f09806be.png]]></image_url>
  <small_image_url><![CDATA[https://s.gr-assets.com/assets/nophoto/user/m_50x66-82093808bca726cb3249a493fbd3bd0f.png]]></small_image_url>
  <about><![CDATA[Associate Professor of Philosophy at Creighton University ]]></about>
  <influences></influences>
  <works_count>3</works_count>
  <gender>male</gender>
  <hometown></hometown>
  <born_at></born_at>
  <died_at></died_at>
  <goodreads_author></goodreads_author>

    <books>
      <book>
  <id type="integer">62386</id>
  <isbn>081312445X</isbn>
  <isbn13>9780813124452</isbn13>
  <text_reviews_count type="integer">3</text_reviews_count>
  <title>The Philosophy of Stanley Kubrick</title>
  <title_without_series>The Philosophy of Stanley Kubrick</title_without_series>
  <image_url>https://s.gr-assets.com/assets/nophoto/book/111x148-bcc042a9c91a29c1d680899eff700a03.png</image_url>
  <small_image_url>https://s.gr-assets.com/assets/nophoto/book/50x75-a91bf249278a81aabab721ef782c4a74.png</small_image_url>
  <large_image_url/>
  <link>https://www.goodreads.com/book/show/62386.The_Philosophy_of_Stanley_Kubrick</link>
  <num_pages>288</num_pages>
  <format>Hardcover</format>
  <edition_information/>
  <publisher>University Press of Kentucky</publisher>
  <publication_day>4</publication_day>
  <publication_year>2007</publication_year>
  <publication_month>5</publication_month>
  <average_rating>3.59</average_rating>
  <ratings_count>61</ratings_count>
  <description>In the course of fifty years, director Stanley Kubrick produced some of the most haunting and indelible images on film. His films touch on a wide range of topics rife with questions about human life, behavior, and emotions: love and sex, war, crime, madness, social conditioning, and technology. Within this great variety of subject matter, Kubrick examines different sides of reality and unifies them into a rich philosophical vision that is similar to existentialism. Perhaps more than any other philosophical concept, existentialism -- the belief that philosophical truth has meaning only if it is chosen by the individual -- has come down from the ivory tower to influence popular culture at large. In virtually all of Kubrick's films, the protagonist finds himself or herself in opposition to a hard and uncaring world, whether the conflict arises in the natural world or in human institutions. Kubrick's war films (Fear and Desire, Paths of Glory, Dr. Strangelove, and Full Metal Jacket) examine how humans deal with their worst fears -- especially the fear of death -- when facing the absurdity of war. Full Metal Jacket portrays a world of physical and moral change, with an environment in continual flux in which attempting to impose order can be dangerous. The film explores the tragic consequences of an unbending moral code in a constantly changing universe. Essays in the volume examine Kubrick's interest in morality and fate, revealing a Stoic philosophy at the center of many of his films. Several of the contributors find his oeuvre to be characterized by skepticism, irony, and unfettered hedonism. In such films as A Clockwork Orange and 2001: A Space Odyssey, Kubrick confronts the notion that we will struggle against our own scientific and technological innovations. Kubrick's films about the future posit that an active form of nihilism will allow humans to accept the emptiness of the world and push beyond it to form a free and creative view of humanity. Taken together, the essays in The Philosophy of Stanley Kubrick are an engaging look at the director's stark vision of a constantly changing moral and physical universe. They promise to add depth and complexity to the interpretation of Kubrick's signature films.</description>
<authors>
<author>
<id>35053</id>
<name>Jerold J. Abrams</name>
<role>Editor</role>
<image_url nophoto='true'>
<![CDATA[https://s.gr-assets.com/assets/nophoto/user/m_200x266-d279b33f8eec0f27b7272477f09806be.png]]>
</image_url>
<small_image_url nophoto='true'>
<![CDATA[https://s.gr-assets.com/assets/nophoto/user/m_50x66-82093808bca726cb3249a493fbd3bd0f.png]]>
</small_image_url>
<link><![CDATA[https://www.goodreads.com/author/show/35053.Jerold_J_Abrams]]></link>
<average_rating>4.02</average_rating>
<ratings_count>1783</ratings_count>
<text_reviews_count>55</text_reviews_count>
</author>
</authors>
  <published>2007</published>
</book>


      <book>
  <id type="integer">31833</id>
  <isbn>0812695836</isbn>
  <isbn13>9780812695830</isbn13>
  <text_reviews_count type="integer">32</text_reviews_count>
  <title>Star Wars and Philosophy: More Powerful than You Can Possibly Imagine</title>
  <title_without_series>Star Wars and Philosophy: More Powerful than You Can Possibly Imagine</title_without_series>
  <image_url>https://s.gr-assets.com/assets/nophoto/book/111x148-bcc042a9c91a29c1d680899eff700a03.png</image_url>
  <small_image_url>https://s.gr-assets.com/assets/nophoto/book/50x75-a91bf249278a81aabab721ef782c4a74.png</small_image_url>
  <large_image_url/>
  <link>https://www.goodreads.com/book/show/31833.Star_Wars_and_Philosophy</link>
  <num_pages>227</num_pages>
  <format>Paperback</format>
  <edition_information/>
  <publisher>Open Court</publisher>
  <publication_day>23</publication_day>
  <publication_year>2005</publication_year>
  <publication_month>3</publication_month>
  <average_rating>4.05</average_rating>
  <ratings_count>1539</ratings_count>
  <description>The &lt;i&gt;Star Wars&lt;/i&gt; films continue to revolutionize science fiction, creating new standards for cinematographic excellence, and permeating popular culture around the world. The films feature many complex themes ranging from good versus evil and moral development and corruption to religious faith and pragmatism, forgiveness and redemption, and many others.&lt;br /&gt;&lt;br /&gt;The essays in this volume tackle the philosophical questions from these blockbuster films including: Was Anakin predestined to fall to the Dark Side? Are the Jedi truly role models of moral virtue? Why would the citizens and protectors of a democratic Republic allow it to descend into a tyrannical empire? Is Yoda a peaceful Zen master or a great warrior, or both? Why is there both a light and a dark side of the Force? &lt;i&gt;Star Wars and Philosophy&lt;/i&gt; ponders the depths of these subjects and asks what it truly means to be mindful of the "living force."</description>
<authors>
<author>
<id>2074504</id>
<name>Kevin S. Decker</name>
<role>Editor</role>
<image_url nophoto='true'>
<![CDATA[https://s.gr-assets.com/assets/nophoto/user/u_200x266-e183445fd1a1b5cc7075bb1cf7043306.png]]>
</image_url>
<small_image_url nophoto='true'>
<![CDATA[https://s.gr-assets.com/assets/nophoto/user/u_50x66-632230dc9882b4352d753eedf9396530.png]]>
</small_image_url>
<link><![CDATA[https://www.goodreads.com/author/show/2074504.Kevin_S_Decker]]></link>
<average_rating>3.99</average_rating>
<ratings_count>2498</ratings_count>
<text_reviews_count>134</text_reviews_count>
</author>
</authors>
  <published>2005</published>
</book>


      <book>
  <id type="integer">2269577</id>
  <isbn>1405178140</isbn>
  <isbn13>9781405178143</isbn13>
  <text_reviews_count type="integer">20</text_reviews_count>
  <title>Battlestar Galactica and Philosophy: Knowledge Here Begins Out There</title>
  <title_without_series>Battlestar Galactica and Philosophy: Knowledge Here Begins Out There</title_without_series>
  <image_url>https://s.gr-assets.com/assets/nophoto/book/111x148-bcc042a9c91a29c1d680899eff700a03.png</image_url>
  <small_image_url>https://s.gr-assets.com/assets/nophoto/book/50x75-a91bf249278a81aabab721ef782c4a74.png</small_image_url>
  <large_image_url/>
  <link>https://www.goodreads.com/book/show/2269577.Battlestar_Galactica_and_Philosophy</link>
  <num_pages>267</num_pages>
  <format>Paperback</format>
  <edition_information/>
  <publisher>Wiley-Blackwell</publisher>
  <publication_day>14</publication_day>
  <publication_year>2008</publication_year>
  <publication_month>1</publication_month>
  <average_rating>3.82</average_rating>
  <ratings_count>289</ratings_count>
  <description>What's the point of living after your world has been destroyed? This is one of many questions raised by the Sci-Fi Channel's critically acclaimed series &lt;i&gt;Battlestar Galactica&lt;/i&gt;. More than just an action-packed "space opera," each episode offers a dramatic character study of the human survivors and their Cylon pursuers as they confront existential, moral, metaphysical, theological, and political crises.&lt;br /&gt;&lt;br /&gt;This book addresses some of the key questions to which the Colonials won't find easy answers, even when they reach Earth: Are Cylons persons? Is Baltar's scientific worldview superior to Six's religious faith? Can Starbuck be free if she has a special destiny? Is it ethical to cut one's losses and leave people behind? Is collaboration with the enemy ever the right move? Is humanity a "flawed creation?" Should we share the Cylon goal of "transhumanism"? Is it a really a big deal that Starbuck's a woman?</description>
<authors>
<author>
<id>1023266</id>
<name>Jason T. Eberl</name>
<role>Editor</role>
<image_url nophoto='true'>
<![CDATA[https://s.gr-assets.com/assets/nophoto/user/u_200x266-e183445fd1a1b5cc7075bb1cf7043306.png]]>
</image_url>
<small_image_url nophoto='true'>
<![CDATA[https://s.gr-assets.com/assets/nophoto/user/u_50x66-632230dc9882b4352d753eedf9396530.png]]>
</small_image_url>
<link><![CDATA[https://www.goodreads.com/author/show/1023266.Jason_T_Eberl]]></link>
<average_rating>4.00</average_rating>
<ratings_count>2015</ratings_count>
<text_reviews_count>87</text_reviews_count>
</author>
</authors>
  <published>2008</published>
</book>


    </books>
</author>

</GoodreadsResponse>