<?xml version="1.0" encoding="UTF-8"?>
<GoodreadsResponse>
  <Request>
    <authentication>true</authentication>
      <key><![CDATA[sySok63UyYyWi2Wof1HocA]]></key>
    <method><![CDATA[author_show]]></method>
  </Request>
  <author>
  <id>357850</id>
  <name>Carenza Lewis</name>
  <link><![CDATA[https://www.goodreads.com/author/show/357850.Carenza_Lewis]]></link>
  <fans_count type="integer">0</fans_count>
  <author_followers_count type="integer">0</author_followers_count>
  <large_image_url><![CDATA[https://images.gr-assets.com/authors/1477847321p7/357850.jpg]]></large_image_url>
  <image_url><![CDATA[https://images.gr-assets.com/authors/1477847321p5/357850.jpg]]></image_url>
  <small_image_url><![CDATA[https://images.gr-assets.com/authors/1477847321p2/357850.jpg]]></small_image_url>
  <about><![CDATA[Carenza Rachel Lewis (born 30 November 1963) is a British archaeologist who became famous as a result of her appearances on the Channel 4 television series Time Team.<br /><br />Educated at the school (since closed) of the Church of England Community of All Hallows, Norfolk and at Girton College at the University of Cambridge, in 1985 she joined the Royal Commission on the Historical Monuments of England (now part of English Heritage) as a field archaeologist for Wessex. During part of her time with the RCHME she was seconded to the History Department of the University of Birmingham to research the relationship between settlement and landscape in the East Midlands. She followed this with a similar project for Hampshire and the Isle of Wight. In 1999 she was elected a visiting fellow of Corpus Christi College, Cambridge, where she is a Senior Research Associate and Affiliated Lecturer. In 2004 she took on a new post at Cambridge to promote undergraduate archaeology, and created Access Cambridge Archaeology.<br /><br />In 1993 she joined the team creating the first Time Team series, shown in 1994. The success of Time Team encouraged the production of other programmes in similar formats, including What If and House Detectives. In 2000 she fronted an episode of the BBC counter history programme entitled "What If" where she theorised on what would have happened had Boudicca's uprising succeeded in AD 60. In 2002 House Detectives at Large starred Carenza Lewis with architectural historian Dan Cruickshank. She also devised and presented a series called Sacred Sites for HTV. She left Time Team after series 12, filmed in 2004, and returned to television in the 2010 series Michael Wood's Story of England.<br /><br />Carenza Lewis went public about her experience when she was wrongly diagnosed with breast cancer by Dr. James Elwood in 1997 and had an unnecessary double mastectomy.<br /><br />In 2015 Carenza Lewis was appointed Professor of Public Understanding of Research at the University of Lincoln.]]></about>
  <influences></influences>
  <works_count>4</works_count>
  <gender>female</gender>
  <hometown></hometown>
  <born_at>1963/11/30</born_at>
  <died_at></died_at>
  <goodreads_author></goodreads_author>

    <books>
      <book>
  <id type="integer">7815250</id>
  <isbn>0953863034</isbn>
  <isbn13>9780953863037</isbn13>
  <text_reviews_count type="integer">0</text_reviews_count>
  <title>Village, Hamlet and Field: Changing Medieval Settlements in Central England</title>
  <title_without_series>Village, Hamlet and Field: Changing Medieval Settlements in Central England</title_without_series>
  <image_url>https://s.gr-assets.com/assets/nophoto/book/111x148-bcc042a9c91a29c1d680899eff700a03.png</image_url>
  <small_image_url>https://s.gr-assets.com/assets/nophoto/book/50x75-a91bf249278a81aabab721ef782c4a74.png</small_image_url>
  <large_image_url/>
  <link>https://www.goodreads.com/book/show/7815250-village-hamlet-and-field</link>
  <num_pages>200</num_pages>
  <format>Paperback</format>
  <edition_information/>
  <publisher>Windgather Press</publisher>
  <publication_day>1</publication_day>
  <publication_year>2001</publication_year>
  <publication_month>4</publication_month>
  <average_rating>4.00</average_rating>
  <ratings_count>2</ratings_count>
  <description>New research into the development of rural settlements. These studies focus on the period 850-1200 when the basic patterns were established. Incorporates a great deal of new research, mostly based on detailed regional surveys in the east Midland. Essential reading for landscape archaeologists and medieval historians.</description>
<authors>
<author>
<id>357850</id>
<name>Carenza Lewis</name>
<role></role>
<image_url nophoto='false'>
<![CDATA[https://images.gr-assets.com/authors/1477847321p5/357850.jpg]]>
</image_url>
<small_image_url nophoto='false'>
<![CDATA[https://images.gr-assets.com/authors/1477847321p2/357850.jpg]]>
</small_image_url>
<link><![CDATA[https://www.goodreads.com/author/show/357850.Carenza_Lewis]]></link>
<average_rating>4.13</average_rating>
<ratings_count>31</ratings_count>
<text_reviews_count>1</text_reviews_count>
</author>
</authors>
  <published>2001</published>
</book>


      <book>
  <id type="integer">666635</id>
  <isbn>1842170287</isbn>
  <isbn13>9781842170281</isbn13>
  <text_reviews_count type="integer">0</text_reviews_count>
  <title>The Rising Tide: Archaeology and Coastal Landscapes</title>
  <title_without_series>The Rising Tide: Archaeology and Coastal Landscapes</title_without_series>
  <image_url>https://s.gr-assets.com/assets/nophoto/book/111x148-bcc042a9c91a29c1d680899eff700a03.png</image_url>
  <small_image_url>https://s.gr-assets.com/assets/nophoto/book/50x75-a91bf249278a81aabab721ef782c4a74.png</small_image_url>
  <large_image_url/>
  <link>https://www.goodreads.com/book/show/666635.The_Rising_Tide</link>
  <num_pages>250</num_pages>
  <format>Paperback</format>
  <edition_information/>
  <publisher>Oxbow Books Limited</publisher>
  <publication_day>1</publication_day>
  <publication_year>2000</publication_year>
  <publication_month>12</publication_month>
  <average_rating>0.0</average_rating>
  <ratings_count>0</ratings_count>
  <description>The zone where sea meets land is an ever-changing environment, which often reveals fascinating details of human occupation and exploitation od the landscape. This fragile environment also creates both research and management problems. The papers published here were given at a joint conference of the Nautical Archaeology Society and the Society for Landscape Studies. They review various aspects of, and approaches to, archaeological research in British coastal landscapes, bringing together two traditionally separate disciplines; terrestrial and maritime archaeology. Contents: A maritime landscape in East Fife (Colin Martin); The National Trust survey and management in the neptune' zone (Philip Claris); The archaeology of the Essex coast (David Buckley); The Lanstone Harbour inter-tidal archaeological project: building a GIS for data integration (Dominic Fontana, Peter Collier and Alistair Pearson); Maritime Fife (Ian Oxley); The changing landscape and coastline of the Isle of Scilly (Jeanette Ratcliffe and Vanessa Straker); Sea ponds, with reference to the Solent, Hampshire (Christopher Currie); Inter-tidal archaeology in Strangford Lough (Brian Williams); Changing patterns in the use of coastal resources in Southern Britain during the Roman and medieval periods (Stephen Rippon); The archaeo-logical potential of the Scottish inter-tidal zone (Alex Hale); Assessing the terrestrial and submerged archaeological landscape on the shore of the Magnus Portus (David Tomalin); The archaeology of coastal landscapes: the Cleveland experience (Robin Daniels); Archaeology on the North Sea coast of Lower Saxony (Erwin Strahl);</description>
<authors>
<author>
<id>357850</id>
<name>Carenza Lewis</name>
<role>Editor</role>
<image_url nophoto='false'>
<![CDATA[https://images.gr-assets.com/authors/1477847321p5/357850.jpg]]>
</image_url>
<small_image_url nophoto='false'>
<![CDATA[https://images.gr-assets.com/authors/1477847321p2/357850.jpg]]>
</small_image_url>
<link><![CDATA[https://www.goodreads.com/author/show/357850.Carenza_Lewis]]></link>
<average_rating>4.13</average_rating>
<ratings_count>31</ratings_count>
<text_reviews_count>1</text_reviews_count>
</author>
</authors>
  <published>2000</published>
</book>


      <book>
  <id type="integer">861081</id>
  <isbn>0752272187</isbn>
  <isbn13>9780752272184</isbn13>
  <text_reviews_count type="integer">1</text_reviews_count>
  <title>Time Team's Timechester: A Family Guide to Archaeology</title>
  <title_without_series>Time Team's Timechester: A Family Guide to Archaeology</title_without_series>
  <image_url>https://s.gr-assets.com/assets/nophoto/book/111x148-bcc042a9c91a29c1d680899eff700a03.png</image_url>
  <small_image_url>https://s.gr-assets.com/assets/nophoto/book/50x75-a91bf249278a81aabab721ef782c4a74.png</small_image_url>
  <large_image_url/>
  <link>https://www.goodreads.com/book/show/861081.Time_Team_s_Timechester</link>
  <num_pages>157</num_pages>
  <format></format>
  <edition_information/>
  <publisher></publisher>
  <publication_day></publication_day>
  <publication_year></publication_year>
  <publication_month></publication_month>
  <average_rating>4.21</average_rating>
  <ratings_count>28</ratings_count>
  <description></description>
<authors>
<author>
<id>271212</id>
<name>Tim Taylor</name>
<role>Editor</role>
<image_url nophoto='true'>
<![CDATA[https://s.gr-assets.com/assets/nophoto/user/u_200x266-e183445fd1a1b5cc7075bb1cf7043306.png]]>
</image_url>
<small_image_url nophoto='true'>
<![CDATA[https://s.gr-assets.com/assets/nophoto/user/u_50x66-632230dc9882b4352d753eedf9396530.png]]>
</small_image_url>
<link><![CDATA[https://www.goodreads.com/author/show/271212.Tim_Taylor]]></link>
<average_rating>4.07</average_rating>
<ratings_count>219</ratings_count>
<text_reviews_count>13</text_reviews_count>
</author>
</authors>
  <published></published>
</book>


      <book>
  <id type="integer">8677586</id>
  <isbn>0946897786</isbn>
  <isbn13>9780946897780</isbn13>
  <text_reviews_count type="integer">0</text_reviews_count>
  <title>The Medieval Landscape of Wessex</title>
  <title_without_series>The Medieval Landscape of Wessex</title_without_series>
  <image_url>https://images.gr-assets.com/books/1477847163m/8677586.jpg</image_url>
  <small_image_url>https://images.gr-assets.com/books/1477847163s/8677586.jpg</small_image_url>
  <large_image_url/>
  <link>https://www.goodreads.com/book/show/8677586-the-medieval-landscape-of-wessex</link>
  <num_pages>280</num_pages>
  <format>Hardcover</format>
  <edition_information/>
  <publisher>Oxbow Books</publisher>
  <publication_day/>
  <publication_year>1995</publication_year>
  <publication_month>5</publication_month>
  <average_rating>0.0</average_rating>
  <ratings_count>0</ratings_count>
  <description>Wessex formed the heartland of Alfred the Great's kingdom, and continued to wield immense economic power long into the Middle Ages with many extensive and wealthy royal and ecclelesiastical estates. Contributors to this collection of 13 papers on the medieval landscape of Wessex include: B Eagles (The Archaeological evidence for settlement in the 5th to 7th centuries); D Hinton (The archaeology of 8th- to 11th-century Wessex); P Hase (The Church in the Wessex heartlands); D Hooke (The administrative and settlement framework of early medieval Wessex); M Costen (Settlement in Wessex in the 10th century); J Bond (Forests, chases, warrens and parks); J Hare (Agriculture and settlement in Wiltshire and Hampshire); C Lewis (The medieval settlment of Wiltshire); M Hughes (Towns and villages in medieval Hampshire); C Taylor (The regular village plan); M Aston (Medieval settlement in Somerset); S Rippon (Medieval wetland reclamation); R Croft (Protecting medieval settlement sites).</description>
<authors>
<author>
<id>16028632</id>
<name>Michael  Aston</name>
<role>Editor</role>
<image_url nophoto='false'>
<![CDATA[https://images.gr-assets.com/authors/1477845086p5/16028632.jpg]]>
</image_url>
<small_image_url nophoto='false'>
<![CDATA[https://images.gr-assets.com/authors/1477845086p2/16028632.jpg]]>
</small_image_url>
<link><![CDATA[https://www.goodreads.com/author/show/16028632.Michael_Aston]]></link>
<average_rating>3.74</average_rating>
<ratings_count>23</ratings_count>
<text_reviews_count>3</text_reviews_count>
</author>
</authors>
  <published>1995</published>
</book>


    </books>
</author>

</GoodreadsResponse>