<?xml version="1.0" encoding="UTF-8"?>
<GoodreadsResponse>
  <Request>
    <authentication>true</authentication>
      <key><![CDATA[sySok63UyYyWi2Wof1HocA]]></key>
    <method><![CDATA[author_show]]></method>
  </Request>
  <author>
  <id>384702</id>
  <name>Jim Rugg</name>
  <link><![CDATA[https://www.goodreads.com/author/show/384702.Jim_Rugg]]></link>
  <fans_count type="integer">8</fans_count>
  <author_followers_count type="integer">8</author_followers_count>
  <large_image_url><![CDATA[https://s.gr-assets.com/assets/nophoto/user/m_333x500-a9c67bed07ee7e10983a5d5ccc572516.png]]></large_image_url>
  <image_url><![CDATA[https://s.gr-assets.com/assets/nophoto/user/m_200x266-d279b33f8eec0f27b7272477f09806be.png]]></image_url>
  <small_image_url><![CDATA[https://s.gr-assets.com/assets/nophoto/user/m_50x66-82093808bca726cb3249a493fbd3bd0f.png]]></small_image_url>
  <about><![CDATA[Jim Rugg is an illustrator, designer, and cartoonist from Pittsburgh. He earned a BFA from Indiana University of Pennsylvania (95-99). He shares a studio with three cats.<br /><br />His graphic novels and comic collections include Street Angel (SLG Publishing), Afrodisiac (Adhouse Books), the PLAIN Janes and Janes in Love (DC Comics), One Model Nation (Image Comics), and Felicia Day's the Guild (Dark Horse Comics). He has also produced short comics for VH1, New York magazine, True Porn, Meathaus, Cinema Sewer, Strange Tales, the SPX Annual, Project: Superior, Dark Horse Presents, and the Next Issue Project. In 2010, his mini-comic, Rambo 3.5 won the Ignatz Award for Outstanding Mini-Comic.<br /><br />Comics, editorial, and commercial illustrations and design clients include UNICEF, Converse, Smirnoff, American Red Cross, Capcom, Universal, OC Weekly, Harcourt, Marvel Entertainment, Disney, and many others.<br /><br />Awards and recognition from the Society of Illustrators, AIGA, Communication Arts, Print magazine, American Illustration, SPX, Creative Quarterly, and Iron City 12 Fantasy Football league adorn his mantle.]]></about>
  <influences></influences>
  <works_count>44</works_count>
  <gender>male</gender>
  <hometown></hometown>
  <born_at>1977/02/01</born_at>
  <died_at></died_at>
  <goodreads_author></goodreads_author>

    <books>
      <book>
  <id type="integer">893511</id>
  <isbn>1593620128</isbn>
  <isbn13>9781593620127</isbn13>
  <text_reviews_count type="integer">47</text_reviews_count>
  <title>Street Angel</title>
  <title_without_series>Street Angel</title_without_series>
  <image_url>https://images.gr-assets.com/books/1270679203m/893511.jpg</image_url>
  <small_image_url>https://images.gr-assets.com/books/1270679203s/893511.jpg</small_image_url>
  <large_image_url/>
  <link>https://www.goodreads.com/book/show/893511.Street_Angel</link>
  <num_pages>208</num_pages>
  <format>Paperback</format>
  <edition_information/>
  <publisher>SLG Publishing</publisher>
  <publication_day>1</publication_day>
  <publication_year>2005</publication_year>
  <publication_month>6</publication_month>
  <average_rating>3.83</average_rating>
  <ratings_count>352</ratings_count>
  <description>After 13 years on the streets of the grim, impoverished ghetto of Wilkesborough, Jesse Sanchez knows how to take care of herself even if she can't always take a bath. With dazzling martial artistry, peerless skateboarding skills, and questionable study habits, Jesse "Street Angel" Sanchez faces ninja street gangs, evil geologists, Satan worshippers, and anything else that threatens the sanctity of her 'hood. In the tradition of Harry Potter, Bruce Wayne, Annie, and Oliver Twist, make way for fiction's latest orphan superstar, Street Angel. She doesn't have much, but she'll defend it for all she's worth. This collection contains the first five issues of the critically-acclaimed underground series, a previously unpublished story, new squid battles, profiles of some of the most beloved characters, an introduction by Evan Dorkin, and an all-star pinup gallery featuring: Jeffrey Brown, Farel Dalrymple, Jesse Farrell, Richard Hahn, Dean Haspiel, Mike Hawthorne, Paul Hornshemeier, Dave Kiersh, Pat Lewis, Jasen Lex, Andy Macdonald, Jim Mahfood, Ted May, Scott Mills, Scott Morse, Bryan Lee O'Malley, Lark Pien, Ed Piskor, Brian Ralph, Zack Soto, Lauren Weinstein, and Dan Zettwoch.</description>
<authors>
<author>
<id>384702</id>
<name>Jim Rugg</name>
<role></role>
<image_url nophoto='true'>
<![CDATA[https://s.gr-assets.com/assets/nophoto/user/m_200x266-d279b33f8eec0f27b7272477f09806be.png]]>
</image_url>
<small_image_url nophoto='true'>
<![CDATA[https://s.gr-assets.com/assets/nophoto/user/m_50x66-82093808bca726cb3249a493fbd3bd0f.png]]>
</small_image_url>
<link><![CDATA[https://www.goodreads.com/author/show/384702.Jim_Rugg]]></link>
<average_rating>3.86</average_rating>
<ratings_count>16631</ratings_count>
<text_reviews_count>1585</text_reviews_count>
</author>
</authors>
  <published>2005</published>
</book>


      <book>
  <id type="integer">17824228</id>
  <isbn>193523322X</isbn>
  <isbn13>9781935233220</isbn13>
  <text_reviews_count type="integer">2</text_reviews_count>
  <title>Supermag</title>
  <title_without_series>Supermag</title_without_series>
  <image_url>https://s.gr-assets.com/assets/nophoto/book/111x148-bcc042a9c91a29c1d680899eff700a03.png</image_url>
  <small_image_url>https://s.gr-assets.com/assets/nophoto/book/50x75-a91bf249278a81aabab721ef782c4a74.png</small_image_url>
  <large_image_url/>
  <link>https://www.goodreads.com/book/show/17824228-supermag</link>
  <num_pages>56</num_pages>
  <format>Paperback</format>
  <edition_information/>
  <publisher>Adhouse Books</publisher>
  <publication_day>18</publication_day>
  <publication_year>2013</publication_year>
  <publication_month>6</publication_month>
  <average_rating>4.00</average_rating>
  <ratings_count>16</ratings_count>
  <description>SUPERMAG is Jim Rugg's latest print project... a magazine-sized collection of comics and art. It showcases his interests in genre work, irreverent humor, graphic design, drawing, and typography. SUPERMAG features new work as well as collecting the best of his recent anthology contributions. Jim Rugg's past work includes Notebook Drawings: 2010-2011, Afrodisiac, Street Angel, the PLAIN Janes, and Rambo 3.5.</description>
<authors>
<author>
<id>384702</id>
<name>Jim Rugg</name>
<role></role>
<image_url nophoto='true'>
<![CDATA[https://s.gr-assets.com/assets/nophoto/user/m_200x266-d279b33f8eec0f27b7272477f09806be.png]]>
</image_url>
<small_image_url nophoto='true'>
<![CDATA[https://s.gr-assets.com/assets/nophoto/user/m_50x66-82093808bca726cb3249a493fbd3bd0f.png]]>
</small_image_url>
<link><![CDATA[https://www.goodreads.com/author/show/384702.Jim_Rugg]]></link>
<average_rating>3.86</average_rating>
<ratings_count>16631</ratings_count>
<text_reviews_count>1585</text_reviews_count>
</author>
</authors>
  <published>2013</published>
</book>


      <book>
  <id type="integer">22036313</id>
  <isbn nil="true"/>
  <isbn13 nil="true"/>
  <text_reviews_count type="integer">0</text_reviews_count>
  <title>Street Angel #1</title>
  <title_without_series>Street Angel #1</title_without_series>
  <image_url>https://images.gr-assets.com/books/1399169484m/22036313.jpg</image_url>
  <small_image_url>https://images.gr-assets.com/books/1399169484s/22036313.jpg</small_image_url>
  <large_image_url/>
  <link>https://www.goodreads.com/book/show/22036313-street-angel-1</link>
  <num_pages>28</num_pages>
  <format>Paperback</format>
  <edition_information/>
  <publisher>SLG Publishing</publisher>
  <publication_day/>
  <publication_year>2004</publication_year>
  <publication_month/>
  <average_rating>5.00</average_rating>
  <ratings_count>1</ratings_count>
  <description></description>
<authors>
<author>
<id>384702</id>
<name>Jim Rugg</name>
<role></role>
<image_url nophoto='true'>
<![CDATA[https://s.gr-assets.com/assets/nophoto/user/m_200x266-d279b33f8eec0f27b7272477f09806be.png]]>
</image_url>
<small_image_url nophoto='true'>
<![CDATA[https://s.gr-assets.com/assets/nophoto/user/m_50x66-82093808bca726cb3249a493fbd3bd0f.png]]>
</small_image_url>
<link><![CDATA[https://www.goodreads.com/author/show/384702.Jim_Rugg]]></link>
<average_rating>3.86</average_rating>
<ratings_count>16631</ratings_count>
<text_reviews_count>1585</text_reviews_count>
</author>
</authors>
  <published>2004</published>
</book>


      <book>
  <id type="integer">22036499</id>
  <isbn nil="true"/>
  <isbn13 nil="true"/>
  <text_reviews_count type="integer">0</text_reviews_count>
  <title>Street Angel #3</title>
  <title_without_series>Street Angel #3</title_without_series>
  <image_url>https://images.gr-assets.com/books/1399174358m/22036499.jpg</image_url>
  <small_image_url>https://images.gr-assets.com/books/1399174358s/22036499.jpg</small_image_url>
  <large_image_url/>
  <link>https://www.goodreads.com/book/show/22036499-street-angel-3</link>
  <num_pages>28</num_pages>
  <format>Paperback</format>
  <edition_information/>
  <publisher>SLG Publishing</publisher>
  <publication_day/>
  <publication_year>2004</publication_year>
  <publication_month/>
  <average_rating>4.00</average_rating>
  <ratings_count>1</ratings_count>
  <description></description>
<authors>
<author>
<id>384702</id>
<name>Jim Rugg</name>
<role></role>
<image_url nophoto='true'>
<![CDATA[https://s.gr-assets.com/assets/nophoto/user/m_200x266-d279b33f8eec0f27b7272477f09806be.png]]>
</image_url>
<small_image_url nophoto='true'>
<![CDATA[https://s.gr-assets.com/assets/nophoto/user/m_50x66-82093808bca726cb3249a493fbd3bd0f.png]]>
</small_image_url>
<link><![CDATA[https://www.goodreads.com/author/show/384702.Jim_Rugg]]></link>
<average_rating>3.86</average_rating>
<ratings_count>16631</ratings_count>
<text_reviews_count>1585</text_reviews_count>
</author>
</authors>
  <published>2004</published>
</book>


      <book>
  <id type="integer">22036428</id>
  <isbn nil="true"/>
  <isbn13 nil="true"/>
  <text_reviews_count type="integer">0</text_reviews_count>
  <title>Street Angel #2</title>
  <title_without_series>Street Angel #2</title_without_series>
  <image_url>https://images.gr-assets.com/books/1399172260m/22036428.jpg</image_url>
  <small_image_url>https://images.gr-assets.com/books/1399172260s/22036428.jpg</small_image_url>
  <large_image_url/>
  <link>https://www.goodreads.com/book/show/22036428-street-angel-2</link>
  <num_pages>28</num_pages>
  <format>Paperback</format>
  <edition_information/>
  <publisher>SLG Publishing</publisher>
  <publication_day/>
  <publication_year>2004</publication_year>
  <publication_month/>
  <average_rating>4.00</average_rating>
  <ratings_count>1</ratings_count>
  <description></description>
<authors>
<author>
<id>384702</id>
<name>Jim Rugg</name>
<role></role>
<image_url nophoto='true'>
<![CDATA[https://s.gr-assets.com/assets/nophoto/user/m_200x266-d279b33f8eec0f27b7272477f09806be.png]]>
</image_url>
<small_image_url nophoto='true'>
<![CDATA[https://s.gr-assets.com/assets/nophoto/user/m_50x66-82093808bca726cb3249a493fbd3bd0f.png]]>
</small_image_url>
<link><![CDATA[https://www.goodreads.com/author/show/384702.Jim_Rugg]]></link>
<average_rating>3.86</average_rating>
<ratings_count>16631</ratings_count>
<text_reviews_count>1585</text_reviews_count>
</author>
</authors>
  <published>2004</published>
</book>


      <book>
  <id type="integer">313162</id>
  <isbn>1401211151</isbn>
  <isbn13>9781401211158</isbn13>
  <text_reviews_count type="integer">682</text_reviews_count>
  <title>The Plain Janes (Janes, #1)</title>
  <title_without_series>The Plain Janes</title_without_series>
  <image_url>https://s.gr-assets.com/assets/nophoto/book/111x148-bcc042a9c91a29c1d680899eff700a03.png</image_url>
  <small_image_url>https://s.gr-assets.com/assets/nophoto/book/50x75-a91bf249278a81aabab721ef782c4a74.png</small_image_url>
  <large_image_url/>
  <link>https://www.goodreads.com/book/show/313162.The_Plain_Janes</link>
  <num_pages>176</num_pages>
  <format>Paperback</format>
  <edition_information/>
  <publisher>Minx</publisher>
  <publication_day>2</publication_day>
  <publication_year>2007</publication_year>
  <publication_month>5</publication_month>
  <average_rating>3.68</average_rating>
  <ratings_count>6415</ratings_count>
  <description>Noted young adult novelist Cecil Castellucci and artist Jim Rugg launch Minx with the Plain Janes, a story about four girls named Jane. When transfer student Jane is forced to move from the confines of Metro City to Suburbia, she thinks her life is over. But there is the lunch room at the reject table she finds her tribe: three other girls named Jane. Main Jane encourages them to form a secret art gang and paint the town P.L.A.I.N. - People Loving Art In Neighborhoods. But can art attacks really save the hell that is high school?</description>
<authors>
<author>
<id>146783</id>
<name>Cecil Castellucci</name>
<role></role>
<image_url nophoto='false'>
<![CDATA[https://images.gr-assets.com/authors/1227992857p5/146783.jpg]]>
</image_url>
<small_image_url nophoto='false'>
<![CDATA[https://images.gr-assets.com/authors/1227992857p2/146783.jpg]]>
</small_image_url>
<link><![CDATA[https://www.goodreads.com/author/show/146783.Cecil_Castellucci]]></link>
<average_rating>3.73</average_rating>
<ratings_count>45487</ratings_count>
<text_reviews_count>5589</text_reviews_count>
</author>
</authors>
  <published>2007</published>
</book>


      <book>
  <id type="integer">8693600</id>
  <isbn>1595825495</isbn>
  <isbn13>9781595825490</isbn13>
  <text_reviews_count type="integer">348</text_reviews_count>
  <title>The Guild (The Guild, #1)</title>
  <title_without_series>The Guild</title_without_series>
  <image_url>https://images.gr-assets.com/books/1289350918m/8693600.jpg</image_url>
  <small_image_url>https://images.gr-assets.com/books/1289350918s/8693600.jpg</small_image_url>
  <large_image_url/>
  <link>https://www.goodreads.com/book/show/8693600-the-guild</link>
  <num_pages>79</num_pages>
  <format></format>
  <edition_information/>
  <publisher>Dark Horse</publisher>
  <publication_day>24</publication_day>
  <publication_year>2010</publication_year>
  <publication_month>11</publication_month>
  <average_rating>4.22</average_rating>
  <ratings_count>4814</ratings_count>
  <description>Internet phenomenon The Guild comes to comics, courtesy of series creator, writer, and star Felicia Day (Dr. Horrible's Sing-Along Blog)! Chronicling the hilarious on- and offline lives of a group of Internet role-playing gamers, the Knights of Good, The Guild has become a cult hit, and is the winner of numerous awards from SXSW, YouTube, Yahoo, and the Streamys. Now, Day brings the wit and heart of the show to this graphic-novel prequel. In this origin tale of the Knights of Good, we learn about Cyd's life before joining the guild, how she became Codex, her awful breakup with boyfriend Trevor, and how she began to meet the other players who would eventually become her teammates.</description>
<authors>
<author>
<id>3440476</id>
<name>Felicia Day</name>
<role></role>
<image_url nophoto='false'>
<![CDATA[https://images.gr-assets.com/authors/1437521951p5/3440476.jpg]]>
</image_url>
<small_image_url nophoto='false'>
<![CDATA[https://images.gr-assets.com/authors/1437521951p2/3440476.jpg]]>
</small_image_url>
<link><![CDATA[https://www.goodreads.com/author/show/3440476.Felicia_Day]]></link>
<average_rating>4.15</average_rating>
<ratings_count>36752</ratings_count>
<text_reviews_count>5029</text_reviews_count>
</author>
</authors>
  <published>2010</published>
</book>


      <book>
  <id type="integer">2149664</id>
  <isbn>1401213871</isbn>
  <isbn13>9781401213879</isbn13>
  <text_reviews_count type="integer">188</text_reviews_count>
  <title>Janes in Love (Janes, #2)</title>
  <title_without_series>Janes in Love</title_without_series>
  <image_url>https://s.gr-assets.com/assets/nophoto/book/111x148-bcc042a9c91a29c1d680899eff700a03.png</image_url>
  <small_image_url>https://s.gr-assets.com/assets/nophoto/book/50x75-a91bf249278a81aabab721ef782c4a74.png</small_image_url>
  <large_image_url/>
  <link>https://www.goodreads.com/book/show/2149664.Janes_in_Love</link>
  <num_pages>176</num_pages>
  <format>Paperback</format>
  <edition_information/>
  <publisher>Minx</publisher>
  <publication_day>23</publication_day>
  <publication_year>2008</publication_year>
  <publication_month>9</publication_month>
  <average_rating>3.72</average_rating>
  <ratings_count>1843</ratings_count>
  <description>In this sequel to The Plain Janes, the Janes are back. But when the Janes become entangled in matters of the heart, they discover that in art and in love, the rules don't always apply. Young adult.</description>
<authors>
<author>
<id>146783</id>
<name>Cecil Castellucci</name>
<role></role>
<image_url nophoto='false'>
<![CDATA[https://images.gr-assets.com/authors/1227992857p5/146783.jpg]]>
</image_url>
<small_image_url nophoto='false'>
<![CDATA[https://images.gr-assets.com/authors/1227992857p2/146783.jpg]]>
</small_image_url>
<link><![CDATA[https://www.goodreads.com/author/show/146783.Cecil_Castellucci]]></link>
<average_rating>3.73</average_rating>
<ratings_count>45487</ratings_count>
<text_reviews_count>5589</text_reviews_count>
</author>
</authors>
  <published>2008</published>
</book>


      <book>
  <id type="integer">17137630</id>
  <isbn>1401240402</isbn>
  <isbn13>9781401240400</isbn13>
  <text_reviews_count type="integer">41</text_reviews_count>
  <title>Fables: The Deluxe Edition, Book Seven</title>
  <title_without_series>Fables: The Deluxe Edition, Book Seven</title_without_series>
  <image_url>https://images.gr-assets.com/books/1375405686m/17137630.jpg</image_url>
  <small_image_url>https://images.gr-assets.com/books/1375405686s/17137630.jpg</small_image_url>
  <large_image_url/>
  <link>https://www.goodreads.com/book/show/17137630-fables</link>
  <num_pages>240</num_pages>
  <format>Hardcover</format>
  <edition_information>Deluxe Edition</edition_information>
  <publisher>Vertigo</publisher>
  <publication_day>3</publication_day>
  <publication_year>2013</publication_year>
  <publication_month>9</publication_month>
  <average_rating>4.27</average_rating>
  <ratings_count>762</ratings_count>
  <description>Preparation for war between Fabletown and the Empire begins! The Adversary calls a conference of the Imperial elite to decide what to do about Fabletown and Pinocchio has to face up to his divided loyalties between his friends and his family. Meanwhile, Bigby decides the time has come to confront his father, the North Wind, while the cubs learn more of their family and celebrate their birthday! Plus, Burning Questions by the fans answered!&lt;br /&gt;&lt;br /&gt;&lt;b&gt;Collecting&lt;/b&gt;: &lt;i&gt;Fables&lt;/i&gt; 52-59, 64</description>
<authors>
<author>
<id>12444</id>
<name>Bill Willingham</name>
<role>Writer</role>
<image_url nophoto='false'>
<![CDATA[https://images.gr-assets.com/authors/1347423972p5/12444.jpg]]>
</image_url>
<small_image_url nophoto='false'>
<![CDATA[https://images.gr-assets.com/authors/1347423972p2/12444.jpg]]>
</small_image_url>
<link><![CDATA[https://www.goodreads.com/author/show/12444.Bill_Willingham]]></link>
<average_rating>4.06</average_rating>
<ratings_count>464285</ratings_count>
<text_reviews_count>20291</text_reviews_count>
</author>
</authors>
  <published>2013</published>
</book>


      <book>
  <id type="integer">21459622</id>
  <isbn nil="true"/>
  <isbn13 nil="true"/>
  <text_reviews_count type="integer">1</text_reviews_count>
  <title>Dr. Horrible</title>
  <title_without_series>Dr. Horrible</title_without_series>
  <image_url>https://s.gr-assets.com/assets/nophoto/book/111x148-bcc042a9c91a29c1d680899eff700a03.png</image_url>
  <small_image_url>https://s.gr-assets.com/assets/nophoto/book/50x75-a91bf249278a81aabab721ef782c4a74.png</small_image_url>
  <large_image_url/>
  <link>https://www.goodreads.com/book/show/21459622-dr-horrible</link>
  <num_pages></num_pages>
  <format></format>
  <edition_information/>
  <publisher></publisher>
  <publication_day></publication_day>
  <publication_year></publication_year>
  <publication_month></publication_month>
  <average_rating>4.15</average_rating>
  <ratings_count>5137</ratings_count>
  <description>Based on the Emmy Award-winning web series &lt;i&gt;Dr. Horrible's Sing-Along Blog&lt;/i&gt;, this collection of stories written by &lt;b&gt;Zack Whedon&lt;/b&gt; (&lt;i&gt;Deadwood&lt;/i&gt;, &lt;i&gt;Fringe&lt;/i&gt;) chronicles some of the earliest adventures in the lives of archenemies Captain Hammer and Dr. Horrible.&lt;br /&gt;&lt;br /&gt; This anthology solves many unanswered questions left over from the show. For instance: What event inspired Dr. Horrible to become the world's greatest criminal mastermind? Why is Penny, the beautiful girl from the Laundromat, still single? How can you, the reader, be like blustering do-gooder Captain Hammer? And why is Horrible's sidekick, Moist, so . . . um . . . well, you'll find out!&lt;br /&gt;&lt;br /&gt; * Collects the first issue of &lt;i&gt;Dr. Horrible&lt;/i&gt; with all three digital comics from &lt;i&gt;MySpace Dark Horse Presents&lt;/i&gt;.&lt;br /&gt;&lt;br /&gt; * Includes a never-before-seen sixteen-page story, about the &lt;i&gt;top secret&lt;/i&gt; organization The Evil League of Evil.&lt;br /&gt;&lt;br /&gt; * Dark Horse's &lt;i&gt;Dr. Horrible&lt;/i&gt; iTunes app rose to number one in twenty-four hours, Beating out the Bible and Dr. Seuss!&lt;br /&gt;</description>
<authors>
<author>
<id>3189062</id>
<name>Zack Whedon</name>
<role></role>
<image_url nophoto='false'>
<![CDATA[https://images.gr-assets.com/authors/1366677173p5/3189062.jpg]]>
</image_url>
<small_image_url nophoto='false'>
<![CDATA[https://images.gr-assets.com/authors/1366677173p2/3189062.jpg]]>
</small_image_url>
<link><![CDATA[https://www.goodreads.com/author/show/3189062.Zack_Whedon]]></link>
<average_rating>4.15</average_rating>
<ratings_count>24792</ratings_count>
<text_reviews_count>1850</text_reviews_count>
</author>
</authors>
  <published></published>
</book>


    </books>
</author>

</GoodreadsResponse>