<?xml version="1.0" encoding="UTF-8"?>
<GoodreadsResponse>
  <Request>
    <authentication>true</authentication>
      <key><![CDATA[sySok63UyYyWi2Wof1HocA]]></key>
    <method><![CDATA[author_show]]></method>
  </Request>
  <author>
  <id>3848823</id>
  <name>Vernon Crumrine</name>
  <link><![CDATA[https://www.goodreads.com/author/show/3848823.Vernon_Crumrine]]></link>
  <fans_count type="integer">9</fans_count>
  <author_followers_count type="integer">9</author_followers_count>
  <large_image_url><![CDATA[https://images.gr-assets.com/authors/1376707011p7/3848823.jpg]]></large_image_url>
  <image_url><![CDATA[https://images.gr-assets.com/authors/1376707011p5/3848823.jpg]]></image_url>
  <small_image_url><![CDATA[https://images.gr-assets.com/authors/1376707011p2/3848823.jpg]]></small_image_url>
  <about><![CDATA[Vernon Crumrine is the author of six books and countless print and Internet articles and essays. He enjoyed careers in the Oil &amp; Gas Industry, in Banking and in Education prior to deciding to devote almost all of his time to his writing in 2009. He writes social and political commentary and much more on his blog, "Papilio" (vernwrites.blogspot.com) and is an almost daily contributor to Facebook and Twitter. He is currently at work on his twelve book "Felicity Fancy Detective Series" which he plans to release as Amazon e-book exclusives.<br /><br />Crumrine earned his BS from the University of the State of New York and his MA from Excelsior College in Albany. He lives in the North Texas area along with all of life's little necessities and niceties: His loving wife and their beautiful family, his irresistible dog, Cookie, his Kindle Fire, his well-thumbed thesaurus, his vintage Mustang convertible and his prized piano.]]></about>
  <influences><![CDATA[<a href="https://www.goodreads.com/author/show/9355.Dean_Koontz" title="Dean Koontz" rel="nofollow">Dean Koontz</a>, <a href="https://www.goodreads.com/author/show/3389.Stephen_King" title="Stephen King" rel="nofollow">Stephen King</a>, <a href="https://www.goodreads.com/author/show/2384.Janet_Evanovich" title="Janet Evanovich" rel="nofollow">Janet Evanovich</a>]]></influences>
  <works_count>6</works_count>
  <gender>male</gender>
  <hometown>Dallas Texas</hometown>
  <born_at>1946/07/16</born_at>
  <died_at></died_at>
  <goodreads_author>true</goodreads_author>
    <user>
  <id type="integer">20074253</id>
</user>


    <books>
      <book>
  <id type="integer">18229340</id>
  <isbn>148484999X</isbn>
  <isbn13>9781484849996</isbn13>
  <text_reviews_count type="integer">1</text_reviews_count>
  <title>Miracles &amp; Mischief: Meringue for Your Brain</title>
  <title_without_series>Miracles &amp; Mischief: Meringue for Your Brain</title_without_series>
  <image_url>https://images.gr-assets.com/books/1374641474m/18229340.jpg</image_url>
  <small_image_url>https://images.gr-assets.com/books/1374641474s/18229340.jpg</small_image_url>
  <large_image_url/>
  <link>https://www.goodreads.com/book/show/18229340-miracles-mischief</link>
  <num_pages>62</num_pages>
  <format>Paperback</format>
  <edition_information/>
  <publisher>Createspace Independent Publishing Platform</publisher>
  <publication_day>5</publication_day>
  <publication_year>2013</publication_year>
  <publication_month>5</publication_month>
  <average_rating>5.00</average_rating>
  <ratings_count>1</ratings_count>
  <description>It's the icing on the cake. It's one of those all-too-rare special treats. It's what makes life worthwhile. A cold rain falling over New Orleans; endings that haven't been written just yet; doorways that are open to everyone; very real fairy tales; on writing your own rules; what stands between existence and oblivion; we all have our tattoos; when we fly into the sun; what love is, according to a child; patiently waiting on our ghosts; please don't stand in front of the only way out; we may be drowning in a little too much information; and when it's time to go home. These are a small sampling of what's explored in these thirty very readable, thoughtful new poems.</description>
<authors>
<author>
<id>3848823</id>
<name>Vernon Crumrine</name>
<role></role>
<image_url nophoto='false'>
<![CDATA[https://images.gr-assets.com/authors/1376707011p5/3848823.jpg]]>
</image_url>
<small_image_url nophoto='false'>
<![CDATA[https://images.gr-assets.com/authors/1376707011p2/3848823.jpg]]>
</small_image_url>
<link><![CDATA[https://www.goodreads.com/author/show/3848823.Vernon_Crumrine]]></link>
<average_rating>3.75</average_rating>
<ratings_count>4</ratings_count>
<text_reviews_count>2</text_reviews_count>
</author>
</authors>
  <published>2013</published>
</book>


      <book>
  <id type="integer">8173398</id>
  <isbn nil="true"/>
  <isbn13 nil="true"/>
  <text_reviews_count type="integer">1</text_reviews_count>
  <title>Slow Dance with the Wind</title>
  <title_without_series>Slow Dance with the Wind</title_without_series>
  <image_url>https://s.gr-assets.com/assets/nophoto/book/111x148-bcc042a9c91a29c1d680899eff700a03.png</image_url>
  <small_image_url>https://s.gr-assets.com/assets/nophoto/book/50x75-a91bf249278a81aabab721ef782c4a74.png</small_image_url>
  <large_image_url/>
  <link>https://www.goodreads.com/book/show/8173398-slow-dance-with-the-wind</link>
  <num_pages></num_pages>
  <format></format>
  <edition_information/>
  <publisher/>
  <publication_day/>
  <publication_year/>
  <publication_month/>
  <average_rating>5.00</average_rating>
  <ratings_count>1</ratings_count>
  <description></description>
<authors>
<author>
<id>3848823</id>
<name>Vernon Crumrine</name>
<role></role>
<image_url nophoto='false'>
<![CDATA[https://images.gr-assets.com/authors/1376707011p5/3848823.jpg]]>
</image_url>
<small_image_url nophoto='false'>
<![CDATA[https://images.gr-assets.com/authors/1376707011p2/3848823.jpg]]>
</small_image_url>
<link><![CDATA[https://www.goodreads.com/author/show/3848823.Vernon_Crumrine]]></link>
<average_rating>3.75</average_rating>
<ratings_count>4</ratings_count>
<text_reviews_count>2</text_reviews_count>
</author>
</authors>
  <published/>
</book>


      <book>
  <id type="integer">12249153</id>
  <isbn nil="true"/>
  <isbn13 nil="true"/>
  <text_reviews_count type="integer">0</text_reviews_count>
  <title>Thirst for Flame</title>
  <title_without_series>Thirst for Flame</title_without_series>
  <image_url>https://images.gr-assets.com/books/1339177480m/12249153.jpg</image_url>
  <small_image_url>https://images.gr-assets.com/books/1339177480s/12249153.jpg</small_image_url>
  <large_image_url/>
  <link>https://www.goodreads.com/book/show/12249153-thirst-for-flame</link>
  <num_pages></num_pages>
  <format></format>
  <edition_information/>
  <publisher></publisher>
  <publication_day/>
  <publication_year/>
  <publication_month/>
  <average_rating>2.50</average_rating>
  <ratings_count>2</ratings_count>
  <description></description>
<authors>
<author>
<id>3848823</id>
<name>Vernon Crumrine</name>
<role></role>
<image_url nophoto='false'>
<![CDATA[https://images.gr-assets.com/authors/1376707011p5/3848823.jpg]]>
</image_url>
<small_image_url nophoto='false'>
<![CDATA[https://images.gr-assets.com/authors/1376707011p2/3848823.jpg]]>
</small_image_url>
<link><![CDATA[https://www.goodreads.com/author/show/3848823.Vernon_Crumrine]]></link>
<average_rating>3.75</average_rating>
<ratings_count>4</ratings_count>
<text_reviews_count>2</text_reviews_count>
</author>
</authors>
  <published/>
</book>


      <book>
  <id type="integer">25607052</id>
  <isbn nil="true"/>
  <isbn13 nil="true"/>
  <text_reviews_count type="integer">0</text_reviews_count>
  <title>I Wonder... I Wonder (Just For Fun Book 1)</title>
  <title_without_series>I Wonder... I Wonder</title_without_series>
  <image_url>https://s.gr-assets.com/assets/nophoto/book/111x148-bcc042a9c91a29c1d680899eff700a03.png</image_url>
  <small_image_url>https://s.gr-assets.com/assets/nophoto/book/50x75-a91bf249278a81aabab721ef782c4a74.png</small_image_url>
  <large_image_url/>
  <link>https://www.goodreads.com/book/show/25607052-i-wonder-i-wonder</link>
  <num_pages></num_pages>
  <format></format>
  <edition_information/>
  <publisher></publisher>
  <publication_day></publication_day>
  <publication_year></publication_year>
  <publication_month></publication_month>
  <average_rating>0.0</average_rating>
  <ratings_count>0</ratings_count>
  <description></description>
<authors>
<author>
<id>3848823</id>
<name>Vernon Crumrine</name>
<role></role>
<image_url nophoto='false'>
<![CDATA[https://images.gr-assets.com/authors/1376707011p5/3848823.jpg]]>
</image_url>
<small_image_url nophoto='false'>
<![CDATA[https://images.gr-assets.com/authors/1376707011p2/3848823.jpg]]>
</small_image_url>
<link><![CDATA[https://www.goodreads.com/author/show/3848823.Vernon_Crumrine]]></link>
<average_rating>3.75</average_rating>
<ratings_count>4</ratings_count>
<text_reviews_count>2</text_reviews_count>
</author>
</authors>
  <published></published>
</book>


      <book>
  <id type="integer">22096326</id>
  <isbn nil="true"/>
  <isbn13 nil="true"/>
  <text_reviews_count type="integer">0</text_reviews_count>
  <title>Love, Hummingbirds and Hope Trees</title>
  <title_without_series>Love, Hummingbirds and Hope Trees</title_without_series>
  <image_url>https://s.gr-assets.com/assets/nophoto/book/111x148-bcc042a9c91a29c1d680899eff700a03.png</image_url>
  <small_image_url>https://s.gr-assets.com/assets/nophoto/book/50x75-a91bf249278a81aabab721ef782c4a74.png</small_image_url>
  <large_image_url/>
  <link>https://www.goodreads.com/book/show/22096326-love-hummingbirds-and-hope-trees</link>
  <num_pages></num_pages>
  <format></format>
  <edition_information/>
  <publisher></publisher>
  <publication_day></publication_day>
  <publication_year></publication_year>
  <publication_month></publication_month>
  <average_rating>0.0</average_rating>
  <ratings_count>0</ratings_count>
  <description></description>
<authors>
<author>
<id>3848823</id>
<name>Vernon Crumrine</name>
<role></role>
<image_url nophoto='false'>
<![CDATA[https://images.gr-assets.com/authors/1376707011p5/3848823.jpg]]>
</image_url>
<small_image_url nophoto='false'>
<![CDATA[https://images.gr-assets.com/authors/1376707011p2/3848823.jpg]]>
</small_image_url>
<link><![CDATA[https://www.goodreads.com/author/show/3848823.Vernon_Crumrine]]></link>
<average_rating>3.75</average_rating>
<ratings_count>4</ratings_count>
<text_reviews_count>2</text_reviews_count>
</author>
</authors>
  <published></published>
</book>


      <book>
  <id type="integer">18302077</id>
  <isbn nil="true"/>
  <isbn13>B005END6HM</isbn13>
  <text_reviews_count type="integer">0</text_reviews_count>
  <title>Oil and Gas Royalties</title>
  <title_without_series>Oil and Gas Royalties</title_without_series>
  <image_url>https://s.gr-assets.com/assets/nophoto/book/111x148-bcc042a9c91a29c1d680899eff700a03.png</image_url>
  <small_image_url>https://s.gr-assets.com/assets/nophoto/book/50x75-a91bf249278a81aabab721ef782c4a74.png</small_image_url>
  <large_image_url/>
  <link>https://www.goodreads.com/book/show/18302077-oil-and-gas-royalties</link>
  <num_pages>12</num_pages>
  <format>Kindle Edition</format>
  <edition_information/>
  <publisher>Vernon Crumrine, Consultant</publisher>
  <publication_day/>
  <publication_year>2011</publication_year>
  <publication_month/>
  <average_rating>0.0</average_rating>
  <ratings_count>0</ratings_count>
  <description>With our nation's supply of domestic oil and gas reserves in decline, the frantic search for new supplies in previously unexplored areas means some landowners may share in sales proceeds. This short ebook provides just enough detail that anyone not familiar with the industry can still gain a working knowledge of the process. &lt;br /&gt;&lt;br /&gt;If I suddenly find one day that I am now one of the fortunate few who have become a royalty owner, what can I expect?&lt;br /&gt;&lt;br /&gt;Yes, companies are required by law to furnish royalty owners with certain information in a prescribed format, yet pitfalls for the unwary often still remain.&lt;br /&gt;&lt;br /&gt;The author worked in the oil and gas industry for more than 40 years in a variety of capacities. His specialty was in the revenue and royalty disbursement area.&lt;br /&gt;&lt;br /&gt;This short article by no means tells you everything that you may need to know concerning what it means to be a royalty owner, but it offers a concise explanation that arms the reader with at least a working knowledge of the basics.&lt;br /&gt;&lt;br /&gt;Even if you never expect to be a royalty owner, read it to increase your knowledge of the subject. Or, just simply read it for entertainment value...</description>
<authors>
<author>
<id>3848823</id>
<name>Vernon Crumrine</name>
<role></role>
<image_url nophoto='false'>
<![CDATA[https://images.gr-assets.com/authors/1376707011p5/3848823.jpg]]>
</image_url>
<small_image_url nophoto='false'>
<![CDATA[https://images.gr-assets.com/authors/1376707011p2/3848823.jpg]]>
</small_image_url>
<link><![CDATA[https://www.goodreads.com/author/show/3848823.Vernon_Crumrine]]></link>
<average_rating>3.75</average_rating>
<ratings_count>4</ratings_count>
<text_reviews_count>2</text_reviews_count>
</author>
</authors>
  <published>2011</published>
</book>


    </books>
</author>

</GoodreadsResponse>