<?xml version="1.0" encoding="UTF-8"?>
<GoodreadsResponse>
  <Request>
    <authentication>true</authentication>
      <key><![CDATA[sySok63UyYyWi2Wof1HocA]]></key>
    <method><![CDATA[author_show]]></method>
  </Request>
  <author>
  <id>389399</id>
  <name>Donna Hilbert</name>
  <link><![CDATA[https://www.goodreads.com/author/show/389399.Donna_Hilbert]]></link>
  <fans_count type="integer">17</fans_count>
  <author_followers_count type="integer">17</author_followers_count>
  <large_image_url><![CDATA[https://images.gr-assets.com/authors/1340763291p7/389399.jpg]]></large_image_url>
  <image_url><![CDATA[https://images.gr-assets.com/authors/1340763291p5/389399.jpg]]></image_url>
  <small_image_url><![CDATA[https://images.gr-assets.com/authors/1340763291p2/389399.jpg]]></small_image_url>
  <about></about>
  <influences></influences>
  <works_count>13</works_count>
  <gender>female</gender>
  <hometown></hometown>
  <born_at></born_at>
  <died_at></died_at>
  <goodreads_author>true</goodreads_author>
    <user>
  <id type="integer">4258202</id>
</user>


    <books>
      <book>
  <id type="integer">2440458</id>
  <isbn>1888219149</isbn>
  <isbn13>9781888219142</isbn13>
  <text_reviews_count type="integer">1</text_reviews_count>
  <title>Transforming Matter</title>
  <title_without_series>Transforming Matter</title_without_series>
  <image_url>https://images.gr-assets.com/books/1340820664m/2440458.jpg</image_url>
  <small_image_url>https://images.gr-assets.com/books/1340820664s/2440458.jpg</small_image_url>
  <large_image_url/>
  <link>https://www.goodreads.com/book/show/2440458.Transforming_Matter</link>
  <num_pages></num_pages>
  <format></format>
  <edition_information/>
  <publisher></publisher>
  <publication_day></publication_day>
  <publication_year></publication_year>
  <publication_month></publication_month>
  <average_rating>4.91</average_rating>
  <ratings_count>11</ratings_count>
  <description></description>
<authors>
<author>
<id>389399</id>
<name>Donna Hilbert</name>
<role></role>
<image_url nophoto='false'>
<![CDATA[https://images.gr-assets.com/authors/1340763291p5/389399.jpg]]>
</image_url>
<small_image_url nophoto='false'>
<![CDATA[https://images.gr-assets.com/authors/1340763291p2/389399.jpg]]>
</small_image_url>
<link><![CDATA[https://www.goodreads.com/author/show/389399.Donna_Hilbert]]></link>
<average_rating>4.75</average_rating>
<ratings_count>56</ratings_count>
<text_reviews_count>7</text_reviews_count>
</author>
</authors>
  <published></published>
</book>


      <book>
  <id type="integer">2435654</id>
  <isbn>1880391198</isbn>
  <isbn13>9781880391198</isbn13>
  <text_reviews_count type="integer">0</text_reviews_count>
  <title>Two Novelas</title>
  <title_without_series>Two Novelas</title_without_series>
  <image_url>https://s.gr-assets.com/assets/nophoto/book/111x148-bcc042a9c91a29c1d680899eff700a03.png</image_url>
  <small_image_url>https://s.gr-assets.com/assets/nophoto/book/50x75-a91bf249278a81aabab721ef782c4a74.png</small_image_url>
  <large_image_url/>
  <link>https://www.goodreads.com/book/show/2435654.Two_Novelas</link>
  <num_pages></num_pages>
  <format></format>
  <edition_information/>
  <publisher></publisher>
  <publication_day></publication_day>
  <publication_year></publication_year>
  <publication_month></publication_month>
  <average_rating>4.43</average_rating>
  <ratings_count>7</ratings_count>
  <description></description>
<authors>
<author>
<id>389399</id>
<name>Donna Hilbert</name>
<role></role>
<image_url nophoto='false'>
<![CDATA[https://images.gr-assets.com/authors/1340763291p5/389399.jpg]]>
</image_url>
<small_image_url nophoto='false'>
<![CDATA[https://images.gr-assets.com/authors/1340763291p2/389399.jpg]]>
</small_image_url>
<link><![CDATA[https://www.goodreads.com/author/show/389399.Donna_Hilbert]]></link>
<average_rating>4.75</average_rating>
<ratings_count>56</ratings_count>
<text_reviews_count>7</text_reviews_count>
</author>
</authors>
  <published></published>
</book>


      <book>
  <id type="integer">9627977</id>
  <isbn nil="true"/>
  <isbn13>97809817136</isbn13>
  <text_reviews_count type="integer">0</text_reviews_count>
  <title>The Green Season</title>
  <title_without_series>The Green Season</title_without_series>
  <image_url>https://images.gr-assets.com/books/1339277455m/9627977.jpg</image_url>
  <small_image_url>https://images.gr-assets.com/books/1339277455s/9627977.jpg</small_image_url>
  <large_image_url/>
  <link>https://www.goodreads.com/book/show/9627977-the-green-season</link>
  <num_pages>84</num_pages>
  <format>Paperback</format>
  <edition_information/>
  <publisher></publisher>
  <publication_day/>
  <publication_year>2010</publication_year>
  <publication_month/>
  <average_rating>5.00</average_rating>
  <ratings_count>6</ratings_count>
  <description>Poetry and prose.</description>
<authors>
<author>
<id>389399</id>
<name>Donna Hilbert</name>
<role></role>
<image_url nophoto='false'>
<![CDATA[https://images.gr-assets.com/authors/1340763291p5/389399.jpg]]>
</image_url>
<small_image_url nophoto='false'>
<![CDATA[https://images.gr-assets.com/authors/1340763291p2/389399.jpg]]>
</small_image_url>
<link><![CDATA[https://www.goodreads.com/author/show/389399.Donna_Hilbert]]></link>
<average_rating>4.75</average_rating>
<ratings_count>56</ratings_count>
<text_reviews_count>7</text_reviews_count>
</author>
</authors>
  <published>2010</published>
</book>


      <book>
  <id type="integer">17909054</id>
  <isbn nil="true"/>
  <isbn13>9780978798352</isbn13>
  <text_reviews_count type="integer">1</text_reviews_count>
  <title>The Congress of Luminous Bodies</title>
  <title_without_series>The Congress of Luminous Bodies</title_without_series>
  <image_url>https://images.gr-assets.com/books/1368302897m/17909054.jpg</image_url>
  <small_image_url>https://images.gr-assets.com/books/1368302897s/17909054.jpg</small_image_url>
  <large_image_url/>
  <link>https://www.goodreads.com/book/show/17909054-the-congress-of-luminous-bodies</link>
  <num_pages>69</num_pages>
  <format></format>
  <edition_information>1st</edition_information>
  <publisher>Aortic Books</publisher>
  <publication_day/>
  <publication_year>2013</publication_year>
  <publication_month>4</publication_month>
  <average_rating>4.83</average_rating>
  <ratings_count>6</ratings_count>
  <description>Poems of luminous words, luminous insights, memories, sensations, observations, and love.</description>
<authors>
<author>
<id>389399</id>
<name>Donna Hilbert</name>
<role></role>
<image_url nophoto='false'>
<![CDATA[https://images.gr-assets.com/authors/1340763291p5/389399.jpg]]>
</image_url>
<small_image_url nophoto='false'>
<![CDATA[https://images.gr-assets.com/authors/1340763291p2/389399.jpg]]>
</small_image_url>
<link><![CDATA[https://www.goodreads.com/author/show/389399.Donna_Hilbert]]></link>
<average_rating>4.75</average_rating>
<ratings_count>56</ratings_count>
<text_reviews_count>7</text_reviews_count>
</author>
</authors>
  <published>2013</published>
</book>


      <book>
  <id type="integer">733774</id>
  <isbn>1888219254</isbn>
  <isbn13>9781888219258</isbn13>
  <text_reviews_count type="integer">2</text_reviews_count>
  <title>Traveler in Paradise: New and Selected Poems</title>
  <title_without_series>Traveler in Paradise: New and Selected Poems</title_without_series>
  <image_url>https://s.gr-assets.com/assets/nophoto/book/111x148-bcc042a9c91a29c1d680899eff700a03.png</image_url>
  <small_image_url>https://s.gr-assets.com/assets/nophoto/book/50x75-a91bf249278a81aabab721ef782c4a74.png</small_image_url>
  <large_image_url/>
  <link>https://www.goodreads.com/book/show/733774.Traveler_in_Paradise</link>
  <num_pages>86</num_pages>
  <format>Paperback</format>
  <edition_information/>
  <publisher>Pearl Editions</publisher>
  <publication_day>31</publication_day>
  <publication_year>2004</publication_year>
  <publication_month>12</publication_month>
  <average_rating>4.83</average_rating>
  <ratings_count>6</ratings_count>
  <description></description>
<authors>
<author>
<id>389399</id>
<name>Donna Hilbert</name>
<role></role>
<image_url nophoto='false'>
<![CDATA[https://images.gr-assets.com/authors/1340763291p5/389399.jpg]]>
</image_url>
<small_image_url nophoto='false'>
<![CDATA[https://images.gr-assets.com/authors/1340763291p2/389399.jpg]]>
</small_image_url>
<link><![CDATA[https://www.goodreads.com/author/show/389399.Donna_Hilbert]]></link>
<average_rating>4.75</average_rating>
<ratings_count>56</ratings_count>
<text_reviews_count>7</text_reviews_count>
</author>
</authors>
  <published>2004</published>
</book>


      <book>
  <id type="integer">2440460</id>
  <isbn>188039104X</isbn>
  <isbn13>9781880391044</isbn13>
  <text_reviews_count type="integer">1</text_reviews_count>
  <title>Deep Red</title>
  <title_without_series>Deep Red</title_without_series>
  <image_url>https://images.gr-assets.com/books/1340762920m/2440460.jpg</image_url>
  <small_image_url>https://images.gr-assets.com/books/1340762920s/2440460.jpg</small_image_url>
  <large_image_url/>
  <link>https://www.goodreads.com/book/show/2440460.Deep_Red</link>
  <num_pages></num_pages>
  <format></format>
  <edition_information/>
  <publisher></publisher>
  <publication_day></publication_day>
  <publication_year></publication_year>
  <publication_month></publication_month>
  <average_rating>5.00</average_rating>
  <ratings_count>5</ratings_count>
  <description></description>
<authors>
<author>
<id>389399</id>
<name>Donna Hilbert</name>
<role></role>
<image_url nophoto='false'>
<![CDATA[https://images.gr-assets.com/authors/1340763291p5/389399.jpg]]>
</image_url>
<small_image_url nophoto='false'>
<![CDATA[https://images.gr-assets.com/authors/1340763291p2/389399.jpg]]>
</small_image_url>
<link><![CDATA[https://www.goodreads.com/author/show/389399.Donna_Hilbert]]></link>
<average_rating>4.75</average_rating>
<ratings_count>56</ratings_count>
<text_reviews_count>7</text_reviews_count>
</author>
</authors>
  <published></published>
</book>


      <book>
  <id type="integer">2440459</id>
  <isbn>0951052357</isbn>
  <isbn13>9780951052358</isbn13>
  <text_reviews_count type="integer">0</text_reviews_count>
  <title>Women Who Make Money and the Men Who Love Them</title>
  <title_without_series>Women Who Make Money and the Men Who Love Them</title_without_series>
  <image_url>https://s.gr-assets.com/assets/nophoto/book/111x148-bcc042a9c91a29c1d680899eff700a03.png</image_url>
  <small_image_url>https://s.gr-assets.com/assets/nophoto/book/50x75-a91bf249278a81aabab721ef782c4a74.png</small_image_url>
  <large_image_url/>
  <link>https://www.goodreads.com/book/show/2440459.Women_Who_Make_Money_and_the_Men_Who_Love_Them</link>
  <num_pages>60</num_pages>
  <format>Paperback</format>
  <edition_information/>
  <publisher>Staple</publisher>
  <publication_day></publication_day>
  <publication_year></publication_year>
  <publication_month></publication_month>
  <average_rating>4.33</average_rating>
  <ratings_count>3</ratings_count>
  <description></description>
<authors>
<author>
<id>389399</id>
<name>Donna Hilbert</name>
<role></role>
<image_url nophoto='false'>
<![CDATA[https://images.gr-assets.com/authors/1340763291p5/389399.jpg]]>
</image_url>
<small_image_url nophoto='false'>
<![CDATA[https://images.gr-assets.com/authors/1340763291p2/389399.jpg]]>
</small_image_url>
<link><![CDATA[https://www.goodreads.com/author/show/389399.Donna_Hilbert]]></link>
<average_rating>4.75</average_rating>
<ratings_count>56</ratings_count>
<text_reviews_count>7</text_reviews_count>
</author>
</authors>
  <published></published>
</book>


      <book>
  <id type="integer">2449597</id>
  <isbn>0962750107</isbn>
  <isbn13>9780962750106</isbn13>
  <text_reviews_count type="integer">0</text_reviews_count>
  <title>Mansions: Poems</title>
  <title_without_series>Mansions: Poems</title_without_series>
  <image_url>https://s.gr-assets.com/assets/nophoto/book/111x148-bcc042a9c91a29c1d680899eff700a03.png</image_url>
  <small_image_url>https://s.gr-assets.com/assets/nophoto/book/50x75-a91bf249278a81aabab721ef782c4a74.png</small_image_url>
  <large_image_url/>
  <link>https://www.goodreads.com/book/show/2449597.Mansions</link>
  <num_pages></num_pages>
  <format></format>
  <edition_information/>
  <publisher></publisher>
  <publication_day></publication_day>
  <publication_year></publication_year>
  <publication_month></publication_month>
  <average_rating>5.00</average_rating>
  <ratings_count>2</ratings_count>
  <description></description>
<authors>
<author>
<id>389399</id>
<name>Donna Hilbert</name>
<role></role>
<image_url nophoto='false'>
<![CDATA[https://images.gr-assets.com/authors/1340763291p5/389399.jpg]]>
</image_url>
<small_image_url nophoto='false'>
<![CDATA[https://images.gr-assets.com/authors/1340763291p2/389399.jpg]]>
</small_image_url>
<link><![CDATA[https://www.goodreads.com/author/show/389399.Donna_Hilbert]]></link>
<average_rating>4.75</average_rating>
<ratings_count>56</ratings_count>
<text_reviews_count>7</text_reviews_count>
</author>
</authors>
  <published></published>
</book>


      <book>
  <id type="integer">11702693</id>
  <isbn>0962201103</isbn>
  <isbn13>9780962201103</isbn13>
  <text_reviews_count type="integer">0</text_reviews_count>
  <title>Triple Exposure</title>
  <title_without_series>Triple Exposure</title_without_series>
  <image_url>https://s.gr-assets.com/assets/nophoto/book/111x148-bcc042a9c91a29c1d680899eff700a03.png</image_url>
  <small_image_url>https://s.gr-assets.com/assets/nophoto/book/50x75-a91bf249278a81aabab721ef782c4a74.png</small_image_url>
  <large_image_url/>
  <link>https://www.goodreads.com/book/show/11702693-triple-exposure</link>
  <num_pages></num_pages>
  <format></format>
  <edition_information/>
  <publisher></publisher>
  <publication_day></publication_day>
  <publication_year></publication_year>
  <publication_month></publication_month>
  <average_rating>4.50</average_rating>
  <ratings_count>2</ratings_count>
  <description></description>
<authors>
<author>
<id>389399</id>
<name>Donna Hilbert</name>
<role></role>
<image_url nophoto='false'>
<![CDATA[https://images.gr-assets.com/authors/1340763291p5/389399.jpg]]>
</image_url>
<small_image_url nophoto='false'>
<![CDATA[https://images.gr-assets.com/authors/1340763291p2/389399.jpg]]>
</small_image_url>
<link><![CDATA[https://www.goodreads.com/author/show/389399.Donna_Hilbert]]></link>
<average_rating>4.75</average_rating>
<ratings_count>56</ratings_count>
<text_reviews_count>7</text_reviews_count>
</author>
</authors>
  <published></published>
</book>


      <book>
  <id type="integer">25480810</id>
  <isbn nil="true"/>
  <isbn13 nil="true"/>
  <text_reviews_count type="integer">2</text_reviews_count>
  <title>Chiron Review - Issue 97, Fall 2014</title>
  <title_without_series>Chiron Review - Issue 97, Fall 2014</title_without_series>
  <image_url>https://s.gr-assets.com/assets/nophoto/book/111x148-bcc042a9c91a29c1d680899eff700a03.png</image_url>
  <small_image_url>https://s.gr-assets.com/assets/nophoto/book/50x75-a91bf249278a81aabab721ef782c4a74.png</small_image_url>
  <large_image_url/>
  <link>https://www.goodreads.com/book/show/25480810-chiron-review---issue-97-fall-2014</link>
  <num_pages></num_pages>
  <format></format>
  <edition_information/>
  <publisher></publisher>
  <publication_day></publication_day>
  <publication_year></publication_year>
  <publication_month></publication_month>
  <average_rating>4.83</average_rating>
  <ratings_count>6</ratings_count>
  <description></description>
<authors>
<author>
<id>4813575</id>
<name>Nissa Annakindt</name>
<role></role>
<image_url nophoto='false'>
<![CDATA[https://images.gr-assets.com/authors/1433346029p5/4813575.jpg]]>
</image_url>
<small_image_url nophoto='false'>
<![CDATA[https://images.gr-assets.com/authors/1433346029p2/4813575.jpg]]>
</small_image_url>
<link><![CDATA[https://www.goodreads.com/author/show/4813575.Nissa_Annakindt]]></link>
<average_rating>4.62</average_rating>
<ratings_count>8</ratings_count>
<text_reviews_count>3</text_reviews_count>
</author>
</authors>
  <published></published>
</book>


    </books>
</author>

</GoodreadsResponse>