<?xml version="1.0" encoding="UTF-8"?>
<GoodreadsResponse>
  <Request>
    <authentication>true</authentication>
      <key><![CDATA[sySok63UyYyWi2Wof1HocA]]></key>
    <method><![CDATA[author_show]]></method>
  </Request>
  <author>
  <id>389505</id>
  <name>Dale Evans Rogers</name>
  <link><![CDATA[https://www.goodreads.com/author/show/389505.Dale_Evans_Rogers]]></link>
  <fans_count type="integer">12</fans_count>
  <author_followers_count type="integer">12</author_followers_count>
  <large_image_url><![CDATA[https://images.gr-assets.com/authors/1336181691p7/389505.jpg]]></large_image_url>
  <image_url><![CDATA[https://images.gr-assets.com/authors/1336181691p5/389505.jpg]]></image_url>
  <small_image_url><![CDATA[https://images.gr-assets.com/authors/1336181691p2/389505.jpg]]></small_image_url>
  <about><![CDATA[American writer, film actress, singer, and songwriter. She was the second wife of Roy Rogers.]]></about>
  <influences></influences>
  <works_count>39</works_count>
  <gender>female</gender>
  <hometown>Uvalde, TX</hometown>
  <born_at>1912/10/31</born_at>
  <died_at>2001/02/07</died_at>
  <goodreads_author></goodreads_author>

    <books>
      <book>
  <id type="integer">1002393</id>
  <isbn>0800759311</isbn>
  <isbn13>9780800759315</isbn13>
  <text_reviews_count type="integer">47</text_reviews_count>
  <title>Angel Unaware: A Touching Story of Love and Loss</title>
  <title_without_series>Angel Unaware: A Touching Story of Love and Loss</title_without_series>
  <image_url>https://s.gr-assets.com/assets/nophoto/book/111x148-bcc042a9c91a29c1d680899eff700a03.png</image_url>
  <small_image_url>https://s.gr-assets.com/assets/nophoto/book/50x75-a91bf249278a81aabab721ef782c4a74.png</small_image_url>
  <large_image_url/>
  <link>https://www.goodreads.com/book/show/1002393.Angel_Unaware</link>
  <num_pages>94</num_pages>
  <format>Paperback</format>
  <edition_information/>
  <publisher>Fleming H. Revell Company</publisher>
  <publication_day>1</publication_day>
  <publication_year>2004</publication_year>
  <publication_month>2</publication_month>
  <average_rating>4.23</average_rating>
  <ratings_count>474</ratings_count>
  <description>Entertainers Roy and Dale Evans Rogers were thrilled when their little daughter Robin was born. But their excitement turned to concern when they were informed that Robin was born with Down's Syndrome and advised to -put her away.- The Rogers ignored such talk and instead kept Robin, and she graced their home for two and a half years. Though Robin's time on earth was short, she changed her parents' lives and even made life better for other children born with special needs in the years to come.&lt;br /&gt;	Angel Unaware is Robin's account of her life as she looks down from heaven. As she speaks to God about the mission of love she just completed on earth, the reader sees how she brought her parents closer to God and encouraged them to help other children in need. &lt;br /&gt;	This book, which changed the way America treated children with special needs, is now available to a new generation. It is the perfect gift for parents of special needs children, parents grieving the death of a child, or anyone whose life has been touched by a special child.</description>
<authors>
<author>
<id>389505</id>
<name>Dale Evans Rogers</name>
<role></role>
<image_url nophoto='false'>
<![CDATA[https://images.gr-assets.com/authors/1336181691p5/389505.jpg]]>
</image_url>
<small_image_url nophoto='false'>
<![CDATA[https://images.gr-assets.com/authors/1336181691p2/389505.jpg]]>
</small_image_url>
<link><![CDATA[https://www.goodreads.com/author/show/389505.Dale_Evans_Rogers]]></link>
<average_rating>4.11</average_rating>
<ratings_count>768</ratings_count>
<text_reviews_count>99</text_reviews_count>
</author>
</authors>
  <published>2004</published>
</book>


      <book>
  <id type="integer">1661965</id>
  <isbn>0800700651</isbn>
  <isbn13>9780800700652</isbn13>
  <text_reviews_count type="integer">2</text_reviews_count>
  <title>Dearest Debbie</title>
  <title_without_series>Dearest Debbie</title_without_series>
  <image_url>https://s.gr-assets.com/assets/nophoto/book/111x148-bcc042a9c91a29c1d680899eff700a03.png</image_url>
  <small_image_url>https://s.gr-assets.com/assets/nophoto/book/50x75-a91bf249278a81aabab721ef782c4a74.png</small_image_url>
  <large_image_url/>
  <link>https://www.goodreads.com/book/show/1661965.Dearest_Debbie</link>
  <num_pages>62</num_pages>
  <format></format>
  <edition_information/>
  <publisher></publisher>
  <publication_day></publication_day>
  <publication_year></publication_year>
  <publication_month></publication_month>
  <average_rating>4.00</average_rating>
  <ratings_count>36</ratings_count>
  <description>Dale Evans Rogers brings a quality of spirit that the world will not soon forget as she faces the tragic death of her adopted Korean daughter. She remembers the frightened three-and-a-half year old placed in her arms, unable to speak English... the joys of growth, physical and spiritual... the trails and pain of learning so familiar to all mothers and daughters.</description>
<authors>
<author>
<id>389505</id>
<name>Dale Evans Rogers</name>
<role></role>
<image_url nophoto='false'>
<![CDATA[https://images.gr-assets.com/authors/1336181691p5/389505.jpg]]>
</image_url>
<small_image_url nophoto='false'>
<![CDATA[https://images.gr-assets.com/authors/1336181691p2/389505.jpg]]>
</small_image_url>
<link><![CDATA[https://www.goodreads.com/author/show/389505.Dale_Evans_Rogers]]></link>
<average_rating>4.11</average_rating>
<ratings_count>768</ratings_count>
<text_reviews_count>99</text_reviews_count>
</author>
</authors>
  <published></published>
</book>


      <book>
  <id type="integer">1661963</id>
  <isbn>0816161356</isbn>
  <isbn13>9780816161355</isbn13>
  <text_reviews_count type="integer">5</text_reviews_count>
  <title>The Woman At The Well</title>
  <title_without_series>The Woman At The Well</title_without_series>
  <image_url>https://s.gr-assets.com/assets/nophoto/book/111x148-bcc042a9c91a29c1d680899eff700a03.png</image_url>
  <small_image_url>https://s.gr-assets.com/assets/nophoto/book/50x75-a91bf249278a81aabab721ef782c4a74.png</small_image_url>
  <large_image_url/>
  <link>https://www.goodreads.com/book/show/1661963.The_Woman_At_The_Well</link>
  <num_pages/>
  <format></format>
  <edition_information>Large Print</edition_information>
  <publisher></publisher>
  <publication_day></publication_day>
  <publication_year></publication_year>
  <publication_month></publication_month>
  <average_rating>3.60</average_rating>
  <ratings_count>42</ratings_count>
  <description></description>
<authors>
<author>
<id>389505</id>
<name>Dale Evans Rogers</name>
<role></role>
<image_url nophoto='false'>
<![CDATA[https://images.gr-assets.com/authors/1336181691p5/389505.jpg]]>
</image_url>
<small_image_url nophoto='false'>
<![CDATA[https://images.gr-assets.com/authors/1336181691p2/389505.jpg]]>
</small_image_url>
<link><![CDATA[https://www.goodreads.com/author/show/389505.Dale_Evans_Rogers]]></link>
<average_rating>4.11</average_rating>
<ratings_count>768</ratings_count>
<text_reviews_count>99</text_reviews_count>
</author>
</authors>
  <published></published>
</book>


      <book>
  <id type="integer">1477914</id>
  <isbn>0800717694</isbn>
  <isbn13>9780800717698</isbn13>
  <text_reviews_count type="integer">1</text_reviews_count>
  <title>Dale Evans Rogers: Rainbow on a Hard Trail</title>
  <title_without_series>Dale Evans Rogers: Rainbow on a Hard Trail</title_without_series>
  <image_url>https://s.gr-assets.com/assets/nophoto/book/111x148-bcc042a9c91a29c1d680899eff700a03.png</image_url>
  <small_image_url>https://s.gr-assets.com/assets/nophoto/book/50x75-a91bf249278a81aabab721ef782c4a74.png</small_image_url>
  <large_image_url/>
  <link>https://www.goodreads.com/book/show/1477914.Dale_Evans_Rogers</link>
  <num_pages>141</num_pages>
  <format>Hardcover</format>
  <edition_information/>
  <publisher>Baker Publishing Group (MI)</publisher>
  <publication_day>1</publication_day>
  <publication_year>1999</publication_year>
  <publication_month>7</publication_month>
  <average_rating>4.06</average_rating>
  <ratings_count>18</ratings_count>
  <description>Dale recounts how God's grace enabled her to find hope on less than happy trails, such as her rocky rise to stardom in Hollywood's golden era, the tragic deaths of three of her children, and recently, her grueling rehabilitation from her stroke. She also lovingly pays tribute to Roy Rogers, with whom she shared almost fifty-one years of marriage. The book will be released on the anniversary of his death.</description>
<authors>
<author>
<id>389505</id>
<name>Dale Evans Rogers</name>
<role></role>
<image_url nophoto='false'>
<![CDATA[https://images.gr-assets.com/authors/1336181691p5/389505.jpg]]>
</image_url>
<small_image_url nophoto='false'>
<![CDATA[https://images.gr-assets.com/authors/1336181691p2/389505.jpg]]>
</small_image_url>
<link><![CDATA[https://www.goodreads.com/author/show/389505.Dale_Evans_Rogers]]></link>
<average_rating>4.11</average_rating>
<ratings_count>768</ratings_count>
<text_reviews_count>99</text_reviews_count>
</author>
</authors>
  <published>1999</published>
</book>


      <book>
  <id type="integer">3411136</id>
  <isbn>0800709837</isbn>
  <isbn13>9780800709839</isbn13>
  <text_reviews_count type="integer">2</text_reviews_count>
  <title>Christmas Is Always</title>
  <title_without_series>Christmas Is Always</title_without_series>
  <image_url>https://s.gr-assets.com/assets/nophoto/book/111x148-bcc042a9c91a29c1d680899eff700a03.png</image_url>
  <small_image_url>https://s.gr-assets.com/assets/nophoto/book/50x75-a91bf249278a81aabab721ef782c4a74.png</small_image_url>
  <large_image_url/>
  <link>https://www.goodreads.com/book/show/3411136-christmas-is-always</link>
  <num_pages></num_pages>
  <format></format>
  <edition_information/>
  <publisher></publisher>
  <publication_day></publication_day>
  <publication_year></publication_year>
  <publication_month></publication_month>
  <average_rating>4.44</average_rating>
  <ratings_count>9</ratings_count>
  <description></description>
<authors>
<author>
<id>389505</id>
<name>Dale Evans Rogers</name>
<role></role>
<image_url nophoto='false'>
<![CDATA[https://images.gr-assets.com/authors/1336181691p5/389505.jpg]]>
</image_url>
<small_image_url nophoto='false'>
<![CDATA[https://images.gr-assets.com/authors/1336181691p2/389505.jpg]]>
</small_image_url>
<link><![CDATA[https://www.goodreads.com/author/show/389505.Dale_Evans_Rogers]]></link>
<average_rating>4.11</average_rating>
<ratings_count>768</ratings_count>
<text_reviews_count>99</text_reviews_count>
</author>
</authors>
  <published></published>
</book>


      <book>
  <id type="integer">842291</id>
  <isbn>0785283005</isbn>
  <isbn13>9780785283003</isbn13>
  <text_reviews_count type="integer">2</text_reviews_count>
  <title>In the Hands of the Potter: From Life's Fiercest Trials Come Reassuring Truths about God's...</title>
  <title_without_series>In the Hands of the Potter: From Life's Fiercest Trials Come Reassuring Truths about God's...</title_without_series>
  <image_url>https://s.gr-assets.com/assets/nophoto/book/111x148-bcc042a9c91a29c1d680899eff700a03.png</image_url>
  <small_image_url>https://s.gr-assets.com/assets/nophoto/book/50x75-a91bf249278a81aabab721ef782c4a74.png</small_image_url>
  <large_image_url/>
  <link>https://www.goodreads.com/book/show/842291.In_the_Hands_of_the_Potter</link>
  <num_pages>212</num_pages>
  <format>Hardcover</format>
  <edition_information/>
  <publisher>Thomas Nelson Publishers</publisher>
  <publication_day>31</publication_day>
  <publication_year>1994</publication_year>
  <publication_month>12</publication_month>
  <average_rating>3.90</average_rating>
  <ratings_count>10</ratings_count>
  <description>With honesty and seasoned maturity, Dale Evans Rogers shares with readers the journey of her life. And though she writes of career crises, the birth of a child with Down's syndrome, the death of three children, and severe health problems, the tale she offers is one of triumph, not of tragedy, as she shows how she has trusted in the Master Potter to shape her into a vessel useful for His glory. 8-page photo insert.</description>
<authors>
<author>
<id>389505</id>
<name>Dale Evans Rogers</name>
<role></role>
<image_url nophoto='false'>
<![CDATA[https://images.gr-assets.com/authors/1336181691p5/389505.jpg]]>
</image_url>
<small_image_url nophoto='false'>
<![CDATA[https://images.gr-assets.com/authors/1336181691p2/389505.jpg]]>
</small_image_url>
<link><![CDATA[https://www.goodreads.com/author/show/389505.Dale_Evans_Rogers]]></link>
<average_rating>4.11</average_rating>
<ratings_count>768</ratings_count>
<text_reviews_count>99</text_reviews_count>
</author>
</authors>
  <published>1994</published>
</book>


      <book>
  <id type="integer">2867339</id>
  <isbn>0800703170</isbn>
  <isbn13>9780800703172</isbn13>
  <text_reviews_count type="integer">2</text_reviews_count>
  <title>Time Out, Ladies!</title>
  <title_without_series>Time Out, Ladies!</title_without_series>
  <image_url>https://images.gr-assets.com/books/1384806212m/2867339.jpg</image_url>
  <small_image_url>https://images.gr-assets.com/books/1384806212s/2867339.jpg</small_image_url>
  <large_image_url/>
  <link>https://www.goodreads.com/book/show/2867339-time-out-ladies</link>
  <num_pages></num_pages>
  <format></format>
  <edition_information/>
  <publisher></publisher>
  <publication_day></publication_day>
  <publication_year></publication_year>
  <publication_month></publication_month>
  <average_rating>3.70</average_rating>
  <ratings_count>10</ratings_count>
  <description></description>
<authors>
<author>
<id>389505</id>
<name>Dale Evans Rogers</name>
<role></role>
<image_url nophoto='false'>
<![CDATA[https://images.gr-assets.com/authors/1336181691p5/389505.jpg]]>
</image_url>
<small_image_url nophoto='false'>
<![CDATA[https://images.gr-assets.com/authors/1336181691p2/389505.jpg]]>
</small_image_url>
<link><![CDATA[https://www.goodreads.com/author/show/389505.Dale_Evans_Rogers]]></link>
<average_rating>4.11</average_rating>
<ratings_count>768</ratings_count>
<text_reviews_count>99</text_reviews_count>
</author>
</authors>
  <published></published>
</book>


      <book>
  <id type="integer">3537852</id>
  <isbn>0000555390</isbn>
  <isbn13 nil="true"/>
  <text_reviews_count type="integer">0</text_reviews_count>
  <title>My Spiritual Diary</title>
  <title_without_series>My Spiritual Diary</title_without_series>
  <image_url>https://s.gr-assets.com/assets/nophoto/book/111x148-bcc042a9c91a29c1d680899eff700a03.png</image_url>
  <small_image_url>https://s.gr-assets.com/assets/nophoto/book/50x75-a91bf249278a81aabab721ef782c4a74.png</small_image_url>
  <large_image_url/>
  <link>https://www.goodreads.com/book/show/3537852-my-spiritual-diary</link>
  <num_pages>144</num_pages>
  <format></format>
  <edition_information/>
  <publisher>Fleming H. Revell Co.</publisher>
  <publication_day/>
  <publication_year>1955</publication_year>
  <publication_month/>
  <average_rating>4.00</average_rating>
  <ratings_count>8</ratings_count>
  <description></description>
<authors>
<author>
<id>389505</id>
<name>Dale Evans Rogers</name>
<role></role>
<image_url nophoto='false'>
<![CDATA[https://images.gr-assets.com/authors/1336181691p5/389505.jpg]]>
</image_url>
<small_image_url nophoto='false'>
<![CDATA[https://images.gr-assets.com/authors/1336181691p2/389505.jpg]]>
</small_image_url>
<link><![CDATA[https://www.goodreads.com/author/show/389505.Dale_Evans_Rogers]]></link>
<average_rating>4.11</average_rating>
<ratings_count>768</ratings_count>
<text_reviews_count>99</text_reviews_count>
</author>
</authors>
  <published>1955</published>
</book>


      <book>
  <id type="integer">3979789</id>
  <isbn>0816163219</isbn>
  <isbn13>9780816163212</isbn13>
  <text_reviews_count type="integer">1</text_reviews_count>
  <title>Where He Leads</title>
  <title_without_series>Where He Leads</title_without_series>
  <image_url>https://s.gr-assets.com/assets/nophoto/book/111x148-bcc042a9c91a29c1d680899eff700a03.png</image_url>
  <small_image_url>https://s.gr-assets.com/assets/nophoto/book/50x75-a91bf249278a81aabab721ef782c4a74.png</small_image_url>
  <large_image_url/>
  <link>https://www.goodreads.com/book/show/3979789-where-he-leads</link>
  <num_pages></num_pages>
  <format></format>
  <edition_information>Large Print</edition_information>
  <publisher></publisher>
  <publication_day></publication_day>
  <publication_year></publication_year>
  <publication_month></publication_month>
  <average_rating>3.89</average_rating>
  <ratings_count>9</ratings_count>
  <description></description>
<authors>
<author>
<id>389505</id>
<name>Dale Evans Rogers</name>
<role></role>
<image_url nophoto='false'>
<![CDATA[https://images.gr-assets.com/authors/1336181691p5/389505.jpg]]>
</image_url>
<small_image_url nophoto='false'>
<![CDATA[https://images.gr-assets.com/authors/1336181691p2/389505.jpg]]>
</small_image_url>
<link><![CDATA[https://www.goodreads.com/author/show/389505.Dale_Evans_Rogers]]></link>
<average_rating>4.11</average_rating>
<ratings_count>768</ratings_count>
<text_reviews_count>99</text_reviews_count>
</author>
</authors>
  <published></published>
</book>


      <book>
  <id type="integer">1959992</id>
  <isbn>0800716965</isbn>
  <isbn13>9780800716967</isbn13>
  <text_reviews_count type="integer">0</text_reviews_count>
  <title>Say Yes to Tomorrow</title>
  <title_without_series>Say Yes to Tomorrow</title_without_series>
  <image_url>https://s.gr-assets.com/assets/nophoto/book/111x148-bcc042a9c91a29c1d680899eff700a03.png</image_url>
  <small_image_url>https://s.gr-assets.com/assets/nophoto/book/50x75-a91bf249278a81aabab721ef782c4a74.png</small_image_url>
  <large_image_url/>
  <link>https://www.goodreads.com/book/show/1959992.Say_Yes_to_Tomorrow</link>
  <num_pages>128</num_pages>
  <format>Hardcover</format>
  <edition_information/>
  <publisher>Fleming H. Revell Company</publisher>
  <publication_day>1</publication_day>
  <publication_year>1993</publication_year>
  <publication_month>11</publication_month>
  <average_rating>4.40</average_rating>
  <ratings_count>5</ratings_count>
  <description>Writing in a warm, effervescent style, Dale Rogers offers fresh insights into familiar Bible stories and shares her own experiences to bring us into a new relationship with the Creator of all our tomorrows.</description>
<authors>
<author>
<id>389505</id>
<name>Dale Evans Rogers</name>
<role></role>
<image_url nophoto='false'>
<![CDATA[https://images.gr-assets.com/authors/1336181691p5/389505.jpg]]>
</image_url>
<small_image_url nophoto='false'>
<![CDATA[https://images.gr-assets.com/authors/1336181691p2/389505.jpg]]>
</small_image_url>
<link><![CDATA[https://www.goodreads.com/author/show/389505.Dale_Evans_Rogers]]></link>
<average_rating>4.11</average_rating>
<ratings_count>768</ratings_count>
<text_reviews_count>99</text_reviews_count>
</author>
</authors>
  <published>1993</published>
</book>


    </books>
</author>

</GoodreadsResponse>