<?xml version="1.0" encoding="UTF-8"?>
<GoodreadsResponse>
  <Request>
    <authentication>true</authentication>
      <key><![CDATA[sySok63UyYyWi2Wof1HocA]]></key>
    <method><![CDATA[author_show]]></method>
  </Request>
  <author>
  <id>3909000</id>
  <name>James A.G. Rehn</name>
  <link><![CDATA[https://www.goodreads.com/author/show/3909000.James_A_G_Rehn]]></link>
  <fans_count type="integer">1</fans_count>
  <author_followers_count type="integer">1</author_followers_count>
  <large_image_url><![CDATA[https://images.gr-assets.com/authors/1480931045p7/3909000.jpg]]></large_image_url>
  <image_url><![CDATA[https://images.gr-assets.com/authors/1480931045p5/3909000.jpg]]></image_url>
  <small_image_url><![CDATA[https://images.gr-assets.com/authors/1480931045p2/3909000.jpg]]></small_image_url>
  <about><![CDATA[James Abram Garfield Rehn (1881-1965) was a charter member of the original Entomological Society of America. He acted as their Vice-President in 1940 and then President in 1945. He was long associated with the Academy of Natural Sciences of Philadelphia, joining as an apprentice aged 18, and then in 1900 becoming a Jessup Fund Student. In 1938 he was the Academy's Corresponding Secretary.]]></about>
  <influences></influences>
  <works_count>7</works_count>
  <gender>male</gender>
  <hometown></hometown>
  <born_at></born_at>
  <died_at></died_at>
  <goodreads_author></goodreads_author>

    <books>
      <book>
  <id type="integer">7774249</id>
  <isbn nil="true"/>
  <isbn13>2940008464252</isbn13>
  <text_reviews_count type="integer">0</text_reviews_count>
  <title>A revision of the Mammalian Genus Macrotus</title>
  <title_without_series>A revision of the Mammalian Genus Macrotus</title_without_series>
  <image_url>https://s.gr-assets.com/assets/nophoto/book/111x148-bcc042a9c91a29c1d680899eff700a03.png</image_url>
  <small_image_url>https://s.gr-assets.com/assets/nophoto/book/50x75-a91bf249278a81aabab721ef782c4a74.png</small_image_url>
  <large_image_url/>
  <link>https://www.goodreads.com/book/show/7774249-a-revision-of-the-mammalian-genus-macrotus</link>
  <num_pages></num_pages>
  <format></format>
  <edition_information/>
  <publisher></publisher>
  <publication_day></publication_day>
  <publication_year></publication_year>
  <publication_month></publication_month>
  <average_rating>0.0</average_rating>
  <ratings_count>0</ratings_count>
  <description></description>
<authors>
<author>
<id>3909000</id>
<name>James A.G. Rehn</name>
<role></role>
<image_url nophoto='false'>
<![CDATA[https://images.gr-assets.com/authors/1480931045p5/3909000.jpg]]>
</image_url>
<small_image_url nophoto='false'>
<![CDATA[https://images.gr-assets.com/authors/1480931045p2/3909000.jpg]]>
</small_image_url>
<link><![CDATA[https://www.goodreads.com/author/show/3909000.James_A_G_Rehn]]></link>
<average_rating>0.0</average_rating>
<ratings_count>0</ratings_count>
<text_reviews_count>0</text_reviews_count>
</author>
</authors>
  <published></published>
</book>


      <book>
  <id type="integer">5927670</id>
  <isbn>0756765757</isbn>
  <isbn13>9780756765750</isbn13>
  <text_reviews_count type="integer">0</text_reviews_count>
  <title>Bird Studies at Old Cape May: An Ornithology of Coastal New Jersey</title>
  <title_without_series>Bird Studies at Old Cape May: An Ornithology of Coastal New Jersey</title_without_series>
  <image_url>https://s.gr-assets.com/assets/nophoto/book/111x148-bcc042a9c91a29c1d680899eff700a03.png</image_url>
  <small_image_url>https://s.gr-assets.com/assets/nophoto/book/50x75-a91bf249278a81aabab721ef782c4a74.png</small_image_url>
  <large_image_url/>
  <link>https://www.goodreads.com/book/show/5927670-bird-studies-at-old-cape-may</link>
  <num_pages></num_pages>
  <format></format>
  <edition_information/>
  <publisher></publisher>
  <publication_day></publication_day>
  <publication_year></publication_year>
  <publication_month></publication_month>
  <average_rating>0.0</average_rating>
  <ratings_count>0</ratings_count>
  <description></description>
<authors>
<author>
<id>757159</id>
<name>Witmer Stone</name>
<role></role>
<image_url nophoto='true'>
<![CDATA[https://s.gr-assets.com/assets/nophoto/user/u_200x266-e183445fd1a1b5cc7075bb1cf7043306.png]]>
</image_url>
<small_image_url nophoto='true'>
<![CDATA[https://s.gr-assets.com/assets/nophoto/user/u_50x66-632230dc9882b4352d753eedf9396530.png]]>
</small_image_url>
<link><![CDATA[https://www.goodreads.com/author/show/757159.Witmer_Stone]]></link>
<average_rating>4.20</average_rating>
<ratings_count>5</ratings_count>
<text_reviews_count>1</text_reviews_count>
</author>
</authors>
  <published></published>
</book>


      <book>
  <id type="integer">29288900</id>
  <isbn>1346990859</isbn>
  <isbn13>9781346990859</isbn13>
  <text_reviews_count type="integer">0</text_reviews_count>
  <title>Systematic Results of the Study of North American Land Mammals During the Years 1901 and 1902</title>
  <title_without_series>Systematic Results of the Study of North American Land Mammals During the Years 1901 and 1902</title_without_series>
  <image_url>https://s.gr-assets.com/assets/nophoto/book/111x148-bcc042a9c91a29c1d680899eff700a03.png</image_url>
  <small_image_url>https://s.gr-assets.com/assets/nophoto/book/50x75-a91bf249278a81aabab721ef782c4a74.png</small_image_url>
  <large_image_url/>
  <link>https://www.goodreads.com/book/show/29288900-systematic-results-of-the-study-of-north-american-land-mammals-during-th</link>
  <num_pages>98</num_pages>
  <format>Hardcover</format>
  <edition_information/>
  <publisher>Palala Press</publisher>
  <publication_day>20</publication_day>
  <publication_year>2015</publication_year>
  <publication_month>11</publication_month>
  <average_rating>0.0</average_rating>
  <ratings_count>0</ratings_count>
  <description>"Progress in the study of the North American mammal fauna has been exceptionally rapid during during the years 1901 and 1902. So great an advance in this field has probably never before been made in a like period, even during the remarkable activity of the preceding twelve years. Since 1900 there has been published the first general work on North American mammals subsequent to that of Baird; many changes in nomenclature have been found necessary, and the elaboration of material has resulted in the discovery of over 300 forms unknown two years ago.&lt;br /&gt;&lt;br /&gt;To present a short summary of this work, much of which has been issued in short special articles, is the object of this paper. So far as possible all personal opinion is excluded, and the facts are stated with no other end in view than that of history. While this method entails occasional difficulties and apparent inconsistencies, it is undoubtedly preferable to any attempt at a critical treatment of the subject that could now be made."&lt;br /&gt;p.1</description>
<authors>
<author>
<id>14379819</id>
<name>Gerrit S. Miller Jr.</name>
<role></role>
<image_url nophoto='false'>
<![CDATA[https://images.gr-assets.com/authors/1480931265p5/14379819.jpg]]>
</image_url>
<small_image_url nophoto='false'>
<![CDATA[https://images.gr-assets.com/authors/1480931265p2/14379819.jpg]]>
</small_image_url>
<link><![CDATA[https://www.goodreads.com/author/show/14379819.Gerrit_S_Miller_Jr_]]></link>
<average_rating>5.00</average_rating>
<ratings_count>1</ratings_count>
<text_reviews_count>0</text_reviews_count>
</author>
</authors>
  <published>2015</published>
</book>


      <book>
  <id type="integer">32000420</id>
  <isbn>1372476377</isbn>
  <isbn13>9781372476372</isbn13>
  <text_reviews_count type="integer">0</text_reviews_count>
  <title>Systematic Results of the Study of North American Land Mammals to the Close of the Year 1900</title>
  <title_without_series>Systematic Results of the Study of North American Land Mammals to the Close of the Year 1900</title_without_series>
  <image_url>https://images.gr-assets.com/books/1480931577m/32000420.jpg</image_url>
  <small_image_url>https://images.gr-assets.com/books/1480931577s/32000420.jpg</small_image_url>
  <large_image_url/>
  <link>https://www.goodreads.com/book/show/32000420-systematic-results-of-the-study-of-north-american-land-mammals-to-the-cl</link>
  <num_pages>368</num_pages>
  <format>Paperback</format>
  <edition_information/>
  <publisher>Wentworth Press</publisher>
  <publication_day>28</publication_day>
  <publication_year>2016</publication_year>
  <publication_month>8</publication_month>
  <average_rating>0.0</average_rating>
  <ratings_count>0</ratings_count>
  <description>"This present paper is intended to summarize the systematic results of the study of North American land mammals to the close of the year 1900, and to furnish an index to the literature of the subject for the past fifteen years. It is not an expression of individual opinion; and no revisionary work has entered into its preparation. North America, as here understood, is the entire American continent north of a line drawn across the Isthmus of Panama from Colon to the City of Panama, together with Greenland, and those islands of the West Indies the fauna of which is not purely South American in its affinities."&lt;br /&gt;Pp 1-2</description>
<authors>
<author>
<id>14379819</id>
<name>Gerrit S. Miller Jr.</name>
<role>Creator</role>
<image_url nophoto='false'>
<![CDATA[https://images.gr-assets.com/authors/1480931265p5/14379819.jpg]]>
</image_url>
<small_image_url nophoto='false'>
<![CDATA[https://images.gr-assets.com/authors/1480931265p2/14379819.jpg]]>
</small_image_url>
<link><![CDATA[https://www.goodreads.com/author/show/14379819.Gerrit_S_Miller_Jr_]]></link>
<average_rating>5.00</average_rating>
<ratings_count>1</ratings_count>
<text_reviews_count>0</text_reviews_count>
</author>
</authors>
  <published>2016</published>
</book>


    </books>
</author>

</GoodreadsResponse>