<?xml version="1.0" encoding="UTF-8"?>
<GoodreadsResponse>
  <Request>
    <authentication>true</authentication>
      <key><![CDATA[sySok63UyYyWi2Wof1HocA]]></key>
    <method><![CDATA[author_show]]></method>
  </Request>
  <author>
  <id>3929077</id>
  <name>Francis C. Lau</name>
  <link><![CDATA[https://www.goodreads.com/author/show/3929077.Francis_C_Lau]]></link>
  <fans_count type="integer">1</fans_count>
  <author_followers_count type="integer">1</author_followers_count>
  <large_image_url><![CDATA[https://s.gr-assets.com/assets/nophoto/user/m_333x500-a9c67bed07ee7e10983a5d5ccc572516.png]]></large_image_url>
  <image_url><![CDATA[https://s.gr-assets.com/assets/nophoto/user/m_200x266-d279b33f8eec0f27b7272477f09806be.png]]></image_url>
  <small_image_url><![CDATA[https://s.gr-assets.com/assets/nophoto/user/m_50x66-82093808bca726cb3249a493fbd3bd0f.png]]></small_image_url>
  <about></about>
  <influences></influences>
  <works_count>2</works_count>
  <gender>male</gender>
  <hometown></hometown>
  <born_at></born_at>
  <died_at></died_at>
  <goodreads_author></goodreads_author>

    <books>
      <book>
  <id type="integer">17175094</id>
  <isbn>1280707453</isbn>
  <isbn13>9781280707452</isbn13>
  <text_reviews_count type="integer">0</text_reviews_count>
  <title>Digital Communications with Chaos: Multiple Access Techniques and Performance</title>
  <title_without_series>Digital Communications with Chaos: Multiple Access Techniques and Performance</title_without_series>
  <image_url>https://images.gr-assets.com/books/1410137781m/17175094.jpg</image_url>
  <small_image_url>https://images.gr-assets.com/books/1410137781s/17175094.jpg</small_image_url>
  <large_image_url/>
  <link>https://www.goodreads.com/book/show/17175094-digital-communications-with-chaos</link>
  <num_pages>238</num_pages>
  <format>ebook</format>
  <edition_information/>
  <publisher>Elsevier Science &amp; Technology</publisher>
  <publication_day>10</publication_day>
  <publication_year>2010</publication_year>
  <publication_month>1</publication_month>
  <average_rating>5.00</average_rating>
  <ratings_count>2</ratings_count>
  <description>Since the 1970's, there has been a great deal of research effort spent on studying &lt;br /&gt;chaotic systems and the properties of the chaotic signals generated. Characterized by their wideband, impulse-like autocorrelation and low cross-correlation properties, chaotic signals are useful spread-spectrum signals for carrying digital information. Spectrum spreading has become one of the most popular modulation techniques for high-speed wireless communications. It makes use of signals of very wide bandwidth to carry information at relatively low data rates, and possesses advantages such as low probability of interception, resistance to jamming, multiple-access capability and mitigation to multipath effect, which are particularly important in a wireless scenario. In addition to enjoying the aforementioned benefits, chaotic signals can be generated using simple circuitries, thus lowering the cost of transceivers. &lt;br /&gt;Early study of chaos-based communication systems was focused on a single-user case. In the past few years, more effort has been put on investigating systems with multiple-access capability, which is a key feature of spread-spectrum communication systems. This book presents a detailed study of some multiple-access schemes used for chaos-based communications, and evaluates their performance. In addition, the effectiveness of the multiuser detection techniques, whose primary objective is to reduce interference between users and hence improve performance, is evaluated in the context of multiple-access digital communication systems. &lt;br /&gt;* Hot research topic&lt;br /&gt;* Describes communication technologies for the future&lt;br /&gt;* Authors among the pioneers researching in chaos-based communications</description>
<authors>
<author>
<id>7606706</id>
<name>Wai M. Tam</name>
<role></role>
<image_url nophoto='true'>
<![CDATA[https://s.gr-assets.com/assets/nophoto/user/u_200x266-e183445fd1a1b5cc7075bb1cf7043306.png]]>
</image_url>
<small_image_url nophoto='true'>
<![CDATA[https://s.gr-assets.com/assets/nophoto/user/u_50x66-632230dc9882b4352d753eedf9396530.png]]>
</small_image_url>
<link><![CDATA[https://www.goodreads.com/author/show/7606706.Wai_M_Tam]]></link>
<average_rating>5.00</average_rating>
<ratings_count>2</ratings_count>
<text_reviews_count>0</text_reviews_count>
</author>
</authors>
  <published>2010</published>
</book>


      <book>
  <id type="integer">8192073</id>
  <isbn>1420087118</isbn>
  <isbn13>9781420087116</isbn13>
  <text_reviews_count type="integer">1</text_reviews_count>
  <title>Biotechnology in Functional Foods and Nutraceuticals</title>
  <title_without_series>Biotechnology in Functional Foods and Nutraceuticals</title_without_series>
  <image_url>https://s.gr-assets.com/assets/nophoto/book/111x148-bcc042a9c91a29c1d680899eff700a03.png</image_url>
  <small_image_url>https://s.gr-assets.com/assets/nophoto/book/50x75-a91bf249278a81aabab721ef782c4a74.png</small_image_url>
  <large_image_url/>
  <link>https://www.goodreads.com/book/show/8192073-biotechnology-in-functional-foods-and-nutraceuticals</link>
  <num_pages>573</num_pages>
  <format>Hardcover</format>
  <edition_information/>
  <publisher>CRC Press</publisher>
  <publication_day>21</publication_day>
  <publication_year>2010</publication_year>
  <publication_month>4</publication_month>
  <average_rating>0.0</average_rating>
  <ratings_count>0</ratings_count>
  <description>This title provides a review of current research on biotechnology in the food and nutraceuticals industries. It describes state-of-the art procedures for the genetic engineering of functional foods, applications of marine and animal biotechnology in nutrition and enhancement of bioactive phenolic metabolites.</description>
<authors>
<author>
<id>173766</id>
<name>Debasis Bagchi</name>
<role>Editor</role>
<image_url nophoto='true'>
<![CDATA[https://s.gr-assets.com/assets/nophoto/user/u_200x266-e183445fd1a1b5cc7075bb1cf7043306.png]]>
</image_url>
<small_image_url nophoto='true'>
<![CDATA[https://s.gr-assets.com/assets/nophoto/user/u_50x66-632230dc9882b4352d753eedf9396530.png]]>
</small_image_url>
<link><![CDATA[https://www.goodreads.com/author/show/173766.Debasis_Bagchi]]></link>
<average_rating>4.00</average_rating>
<ratings_count>7</ratings_count>
<text_reviews_count>2</text_reviews_count>
</author>
</authors>
  <published>2010</published>
</book>


    </books>
</author>

</GoodreadsResponse>