<?xml version="1.0" encoding="UTF-8"?>
<GoodreadsResponse>
  <Request>
    <authentication>true</authentication>
      <key><![CDATA[sySok63UyYyWi2Wof1HocA]]></key>
    <method><![CDATA[author_show]]></method>
  </Request>
  <author>
  <id>4090656</id>
  <name>Jeremy Parrish</name>
  <link><![CDATA[https://www.goodreads.com/author/show/4090656.Jeremy_Parrish]]></link>
  <fans_count type="integer">0</fans_count>
  <author_followers_count type="integer">0</author_followers_count>
  <large_image_url><![CDATA[https://images.gr-assets.com/authors/1353296622p7/4090656.jpg]]></large_image_url>
  <image_url><![CDATA[https://images.gr-assets.com/authors/1353296622p5/4090656.jpg]]></image_url>
  <small_image_url><![CDATA[https://images.gr-assets.com/authors/1353296622p2/4090656.jpg]]></small_image_url>
  <about><![CDATA[Trained in the fine arts, web dev and design, graphic design, and 3d animation production, Jeremy developed an interest in teaching and writing. Most recently, Jeremy has written several novels. He is currently developing interactive iPad books to support the development of assets in Autodesk Maya. Checkout "Deformers and Influences," the first of many future editions. Click Below to checkout my interactive Maya Guide for iPad...<br /><a target="_blank" href="http://itunes.apple.com/us/book/deformers-and-influence/id515898541?mt=11&amp;ls=1" rel="nofollow">itunes.apple.com/us/book/deformers-an...</a>]]></about>
  <influences></influences>
  <works_count>5</works_count>
  <gender>male</gender>
  <hometown></hometown>
  <born_at></born_at>
  <died_at></died_at>
  <goodreads_author>true</goodreads_author>
    <user>
  <id type="integer">9147729</id>
</user>


    <books>
      <book>
  <id type="integer">18888384</id>
  <isbn nil="true"/>
  <isbn13 nil="true"/>
  <text_reviews_count type="integer">0</text_reviews_count>
  <title>P.O.R.T. 101 - Dark Horizon</title>
  <title_without_series>P.O.R.T. 101 - Dark Horizon</title_without_series>
  <image_url>https://images.gr-assets.com/books/1396519359m/18888384.jpg</image_url>
  <small_image_url>https://images.gr-assets.com/books/1396519359s/18888384.jpg</small_image_url>
  <large_image_url/>
  <link>https://www.goodreads.com/book/show/18888384-p-o-r-t-101---dark-horizon</link>
  <num_pages></num_pages>
  <format></format>
  <edition_information/>
  <publisher></publisher>
  <publication_day>13</publication_day>
  <publication_year>2010</publication_year>
  <publication_month>2</publication_month>
  <average_rating>2.38</average_rating>
  <ratings_count>8</ratings_count>
  <description></description>
<authors>
<author>
<id>4090656</id>
<name>Jeremy Parrish</name>
<role></role>
<image_url nophoto='false'>
<![CDATA[https://images.gr-assets.com/authors/1353296622p5/4090656.jpg]]>
</image_url>
<small_image_url nophoto='false'>
<![CDATA[https://images.gr-assets.com/authors/1353296622p2/4090656.jpg]]>
</small_image_url>
<link><![CDATA[https://www.goodreads.com/author/show/4090656.Jeremy_Parrish]]></link>
<average_rating>2.38</average_rating>
<ratings_count>21</ratings_count>
<text_reviews_count>2</text_reviews_count>
</author>
</authors>
  <published>2010</published>
</book>


      <book>
  <id type="integer">23523701</id>
  <isbn nil="true"/>
  <isbn13>9780985313166</isbn13>
  <text_reviews_count type="integer">1</text_reviews_count>
  <title>Walt of Ether</title>
  <title_without_series>Walt of Ether</title_without_series>
  <image_url>https://images.gr-assets.com/books/1415626737m/23523701.jpg</image_url>
  <small_image_url>https://images.gr-assets.com/books/1415626737s/23523701.jpg</small_image_url>
  <large_image_url/>
  <link>https://www.goodreads.com/book/show/23523701-walt-of-ether</link>
  <num_pages>210</num_pages>
  <format>ebook</format>
  <edition_information>1st</edition_information>
  <publisher>Jeremy Parrish</publisher>
  <publication_day>7</publication_day>
  <publication_year>2014</publication_year>
  <publication_month>11</publication_month>
  <average_rating>2.33</average_rating>
  <ratings_count>3</ratings_count>
  <description></description>
<authors>
<author>
<id>4090656</id>
<name>Jeremy Parrish</name>
<role></role>
<image_url nophoto='false'>
<![CDATA[https://images.gr-assets.com/authors/1353296622p5/4090656.jpg]]>
</image_url>
<small_image_url nophoto='false'>
<![CDATA[https://images.gr-assets.com/authors/1353296622p2/4090656.jpg]]>
</small_image_url>
<link><![CDATA[https://www.goodreads.com/author/show/4090656.Jeremy_Parrish]]></link>
<average_rating>2.38</average_rating>
<ratings_count>21</ratings_count>
<text_reviews_count>2</text_reviews_count>
</author>
</authors>
  <published>2014</published>
</book>


      <book>
  <id type="integer">16158612</id>
  <isbn nil="true"/>
  <isbn13>9780985313135</isbn13>
  <text_reviews_count type="integer">1</text_reviews_count>
  <title>Catalyst: PORT101 - Book Three</title>
  <title_without_series>Catalyst: PORT101 - Book Three</title_without_series>
  <image_url>https://images.gr-assets.com/books/1353312749m/16158612.jpg</image_url>
  <small_image_url>https://images.gr-assets.com/books/1353312749s/16158612.jpg</small_image_url>
  <large_image_url/>
  <link>https://www.goodreads.com/book/show/16158612-catalyst</link>
  <num_pages></num_pages>
  <format>ebook</format>
  <edition_information>1</edition_information>
  <publisher>Smashwords / Jeremy Parrish</publisher>
  <publication_day>17</publication_day>
  <publication_year>2012</publication_year>
  <publication_month>9</publication_month>
  <average_rating>2.50</average_rating>
  <ratings_count>4</ratings_count>
  <description>In the beginning, the horizon was marked with darkness and the heavens threatened to swallow all that was and could ever be. Then, one with the knowledge of that darkness sought a way to prevent the storm while harnessing its power. But despite all efforts, the darkness remained, unyielding.&lt;br /&gt;&lt;br /&gt;But as the darkness continues to stretch across time, a woman and her daughter may hold the key to undoing all that has come before and that which has occurred since. &lt;br /&gt;&lt;br /&gt;After rescuing a stranger found freezing in the snow, a woman and her daughter are inadvertently sucked into a series of events which may lead to their destruction and to the end of life on Earth as we know it. &lt;br /&gt;&lt;br /&gt;&lt;br /&gt;&lt;a target="_blank" href="https://www.smashwords.com/books/view/236944" rel="nofollow"&gt;https://www.smashwords.com/books/view...&lt;/a&gt;</description>
<authors>
<author>
<id>4090656</id>
<name>Jeremy Parrish</name>
<role></role>
<image_url nophoto='false'>
<![CDATA[https://images.gr-assets.com/authors/1353296622p5/4090656.jpg]]>
</image_url>
<small_image_url nophoto='false'>
<![CDATA[https://images.gr-assets.com/authors/1353296622p2/4090656.jpg]]>
</small_image_url>
<link><![CDATA[https://www.goodreads.com/author/show/4090656.Jeremy_Parrish]]></link>
<average_rating>2.38</average_rating>
<ratings_count>21</ratings_count>
<text_reviews_count>2</text_reviews_count>
</author>
</authors>
  <published>2012</published>
</book>


      <book>
  <id type="integer">11985641</id>
  <isbn nil="true"/>
  <isbn13>2940011314254</isbn13>
  <text_reviews_count type="integer">0</text_reviews_count>
  <title>Strays - The City</title>
  <title_without_series>Strays - The City</title_without_series>
  <image_url>https://images.gr-assets.com/books/1353297779m/11985641.jpg</image_url>
  <small_image_url>https://images.gr-assets.com/books/1353297779s/11985641.jpg</small_image_url>
  <large_image_url/>
  <link>https://www.goodreads.com/book/show/11985641-strays---the-city</link>
  <num_pages></num_pages>
  <format></format>
  <edition_information/>
  <publisher></publisher>
  <publication_day></publication_day>
  <publication_year></publication_year>
  <publication_month></publication_month>
  <average_rating>3.00</average_rating>
  <ratings_count>2</ratings_count>
  <description>Waking to find the world changing each day, Jerrod struggles to find out why he appears to be the only one who notices. While trying to understand what is happening to The City, Jerrod discovers that the woman of his dreams is real, but so is the danger that she is running from.</description>
<authors>
<author>
<id>4090656</id>
<name>Jeremy Parrish</name>
<role></role>
<image_url nophoto='false'>
<![CDATA[https://images.gr-assets.com/authors/1353296622p5/4090656.jpg]]>
</image_url>
<small_image_url nophoto='false'>
<![CDATA[https://images.gr-assets.com/authors/1353296622p2/4090656.jpg]]>
</small_image_url>
<link><![CDATA[https://www.goodreads.com/author/show/4090656.Jeremy_Parrish]]></link>
<average_rating>2.38</average_rating>
<ratings_count>21</ratings_count>
<text_reviews_count>2</text_reviews_count>
</author>
</authors>
  <published></published>
</book>


      <book>
  <id type="integer">11340011</id>
  <isbn nil="true"/>
  <isbn13>2940000887387</isbn13>
  <text_reviews_count type="integer">0</text_reviews_count>
  <title>P.O.R.T. 101 - Book Two - Divergence</title>
  <title_without_series>P.O.R.T. 101 - Book Two - Divergence</title_without_series>
  <image_url>https://images.gr-assets.com/books/1353297727m/11340011.jpg</image_url>
  <small_image_url>https://images.gr-assets.com/books/1353297727s/11340011.jpg</small_image_url>
  <large_image_url/>
  <link>https://www.goodreads.com/book/show/11340011-p-o-r-t-101---book-two---divergence</link>
  <num_pages></num_pages>
  <format></format>
  <edition_information/>
  <publisher></publisher>
  <publication_day></publication_day>
  <publication_year></publication_year>
  <publication_month></publication_month>
  <average_rating>2.00</average_rating>
  <ratings_count>4</ratings_count>
  <description>The second book in the P.O.R.T. 101 series, a followup and a look at the true genesis of the experiment. Armed with knowledge of the future, Sonya Riley embarks on a journey which may lead her to a future that she is determined to prevent. Once again drawn into a scientist's obsession, Alex struggles to find a way back to his life in the twenty-first century.</description>
<authors>
<author>
<id>4090656</id>
<name>Jeremy Parrish</name>
<role></role>
<image_url nophoto='false'>
<![CDATA[https://images.gr-assets.com/authors/1353296622p5/4090656.jpg]]>
</image_url>
<small_image_url nophoto='false'>
<![CDATA[https://images.gr-assets.com/authors/1353296622p2/4090656.jpg]]>
</small_image_url>
<link><![CDATA[https://www.goodreads.com/author/show/4090656.Jeremy_Parrish]]></link>
<average_rating>2.38</average_rating>
<ratings_count>21</ratings_count>
<text_reviews_count>2</text_reviews_count>
</author>
</authors>
  <published></published>
</book>


    </books>
</author>

</GoodreadsResponse>