<?xml version="1.0" encoding="UTF-8"?>
<GoodreadsResponse>
  <Request>
    <authentication>true</authentication>
      <key><![CDATA[sySok63UyYyWi2Wof1HocA]]></key>
    <method><![CDATA[author_show]]></method>
  </Request>
  <author>
  <id>4153508</id>
  <name>Philip Horky</name>
  <link><![CDATA[https://www.goodreads.com/author/show/4153508.Philip_Horky]]></link>
  <fans_count type="integer">2</fans_count>
  <author_followers_count type="integer">2</author_followers_count>
  <large_image_url><![CDATA[https://images.gr-assets.com/authors/1442520157p7/4153508.jpg]]></large_image_url>
  <image_url><![CDATA[https://images.gr-assets.com/authors/1442520157p5/4153508.jpg]]></image_url>
  <small_image_url><![CDATA[https://images.gr-assets.com/authors/1442520157p2/4153508.jpg]]></small_image_url>
  <about></about>
  <influences></influences>
  <works_count>1</works_count>
  <gender>male</gender>
  <hometown></hometown>
  <born_at></born_at>
  <died_at></died_at>
  <goodreads_author>true</goodreads_author>
    <user>
  <id type="integer">21901103</id>
</user>


    <books>
      <book>
  <id type="integer">8700456</id>
  <isbn>1861062044</isbn>
  <isbn13>9781861062048</isbn13>
  <text_reviews_count type="integer">0</text_reviews_count>
  <title>Child's Reflections, Cold Play</title>
  <title_without_series>Child's Reflections, Cold Play</title_without_series>
  <image_url>https://s.gr-assets.com/assets/nophoto/book/111x148-bcc042a9c91a29c1d680899eff700a03.png</image_url>
  <small_image_url>https://s.gr-assets.com/assets/nophoto/book/50x75-a91bf249278a81aabab721ef782c4a74.png</small_image_url>
  <large_image_url/>
  <link>https://www.goodreads.com/book/show/8700456-child-s-reflections-cold-play</link>
  <num_pages></num_pages>
  <format></format>
  <edition_information/>
  <publisher></publisher>
  <publication_day></publication_day>
  <publication_year></publication_year>
  <publication_month></publication_month>
  <average_rating>0.0</average_rating>
  <ratings_count>0</ratings_count>
  <description></description>
<authors>
<author>
<id>4153508</id>
<name>Philip Horky</name>
<role></role>
<image_url nophoto='false'>
<![CDATA[https://images.gr-assets.com/authors/1442520157p5/4153508.jpg]]>
</image_url>
<small_image_url nophoto='false'>
<![CDATA[https://images.gr-assets.com/authors/1442520157p2/4153508.jpg]]>
</small_image_url>
<link><![CDATA[https://www.goodreads.com/author/show/4153508.Philip_Horky]]></link>
<average_rating>0.0</average_rating>
<ratings_count>0</ratings_count>
<text_reviews_count>0</text_reviews_count>
</author>
</authors>
  <published></published>
</book>


    </books>
</author>

</GoodreadsResponse>