<?xml version="1.0" encoding="UTF-8"?>
<GoodreadsResponse>
  <Request>
    <authentication>true</authentication>
      <key><![CDATA[sySok63UyYyWi2Wof1HocA]]></key>
    <method><![CDATA[author_show]]></method>
  </Request>
  <author>
  <id>4158539</id>
  <name>John D. Whish</name>
  <link><![CDATA[https://www.goodreads.com/author/show/4158539.John_D_Whish]]></link>
  <fans_count type="integer">0</fans_count>
  <author_followers_count type="integer">0</author_followers_count>
  <large_image_url><![CDATA[https://s.gr-assets.com/assets/nophoto/user/m_333x500-a9c67bed07ee7e10983a5d5ccc572516.png]]></large_image_url>
  <image_url><![CDATA[https://s.gr-assets.com/assets/nophoto/user/m_200x266-d279b33f8eec0f27b7272477f09806be.png]]></image_url>
  <small_image_url><![CDATA[https://s.gr-assets.com/assets/nophoto/user/m_50x66-82093808bca726cb3249a493fbd3bd0f.png]]></small_image_url>
  <about></about>
  <influences></influences>
  <works_count>3</works_count>
  <gender>male</gender>
  <hometown></hometown>
  <born_at></born_at>
  <died_at></died_at>
  <goodreads_author></goodreads_author>

    <books>
      <book>
  <id type="integer">33576371</id>
  <isbn>1334649855</isbn>
  <isbn13>9781334649851</isbn13>
  <text_reviews_count type="integer">0</text_reviews_count>
  <title>Albany Tourist's Handy Guide</title>
  <title_without_series>Albany Tourist's Handy Guide</title_without_series>
  <image_url>https://images.gr-assets.com/books/1482827680m/33576371.jpg</image_url>
  <small_image_url>https://images.gr-assets.com/books/1482827680s/33576371.jpg</small_image_url>
  <large_image_url/>
  <link>https://www.goodreads.com/book/show/33576371-albany-tourist-s-handy-guide</link>
  <num_pages></num_pages>
  <format>Paperback</format>
  <edition_information/>
  <publisher>Forgotten Books</publisher>
  <publication_day>18</publication_day>
  <publication_year>2016</publication_year>
  <publication_month>12</publication_month>
  <average_rating>0.0</average_rating>
  <ratings_count>0</ratings_count>
  <description>Excerpt from Albany Tourist's Handy Guide &lt;br /&gt;Erie canal, and practically head of Hudson river navigation. Has every advantage to make a hust ling business city. Was once big manufacturing center, live stock, lumber and grain market. Fairly busy yet, and steadily growing. Present area sq. Mi. Is a political center, usually democratic. Total property valuation (1899) including personal exempt from taxation, owned by city, Total city debt (mch. 31, 1900) less sinking funds Cost to run city about yearly. On August 17, 1848, the Great Fire destroyed 600 houses, causing loss of The city has (1900) 390 places where liquor is sold to be drunk on the premises. Before the Raines law (1896) there were 744 saloons. It is substantially built, has excellent pavements (jan. I, 1900, granite block, 28 miles; brick 16 miles; asphalt 9 miles; macadam 3 miles); is thoroughly lighted by electricity, and well drained. It has ample public buildings and churches; good schools, police and fire departments, street car and telephone service. Average Summer temperature (june, July, August); average Winter temperature 2 5. 3 (decem ber, January, February); average annual rainfall.</description>
<authors>
<author>
<id>4158539</id>
<name>John D. Whish</name>
<role></role>
<image_url nophoto='true'>
<![CDATA[https://s.gr-assets.com/assets/nophoto/user/m_200x266-d279b33f8eec0f27b7272477f09806be.png]]>
</image_url>
<small_image_url nophoto='true'>
<![CDATA[https://s.gr-assets.com/assets/nophoto/user/m_50x66-82093808bca726cb3249a493fbd3bd0f.png]]>
</small_image_url>
<link><![CDATA[https://www.goodreads.com/author/show/4158539.John_D_Whish]]></link>
<average_rating>0.0</average_rating>
<ratings_count>0</ratings_count>
<text_reviews_count>0</text_reviews_count>
</author>
</authors>
  <published>2016</published>
</book>


      <book>
  <id type="integer">31231655</id>
  <isbn>1332883621</isbn>
  <isbn13>9781332883622</isbn13>
  <text_reviews_count type="integer">0</text_reviews_count>
  <title>Albany Guide Book</title>
  <title_without_series>Albany Guide Book</title_without_series>
  <image_url>https://s.gr-assets.com/assets/nophoto/book/111x148-bcc042a9c91a29c1d680899eff700a03.png</image_url>
  <small_image_url>https://s.gr-assets.com/assets/nophoto/book/50x75-a91bf249278a81aabab721ef782c4a74.png</small_image_url>
  <large_image_url/>
  <link>https://www.goodreads.com/book/show/31231655-albany-guide-book</link>
  <num_pages>250</num_pages>
  <format>Paperback</format>
  <edition_information/>
  <publisher>Forgotten Books</publisher>
  <publication_day>23</publication_day>
  <publication_year>2016</publication_year>
  <publication_month>7</publication_month>
  <average_rating>0.0</average_rating>
  <ratings_count>0</ratings_count>
  <description>Excerpt from Albany Guide Book &lt;br /&gt;The average death rate (state Health Depart ment record) is per showing the city to be one of the healthiest in the country. &lt;br /&gt;In 1916, Albany spent for education per capita; for health and sanitation, and for recreation purposes, parks, playgrounds, etc., The records also show during the same period building permits issued, covering an estimated expenditure of and including 2 schools, 1 hotel, 6 office buildings, 152 garages, 5 factories, 11 stores, 8 warehouses, 459 dwellings and many extensions to existing structures.</description>
<authors>
<author>
<id>4158539</id>
<name>John D. Whish</name>
<role></role>
<image_url nophoto='true'>
<![CDATA[https://s.gr-assets.com/assets/nophoto/user/m_200x266-d279b33f8eec0f27b7272477f09806be.png]]>
</image_url>
<small_image_url nophoto='true'>
<![CDATA[https://s.gr-assets.com/assets/nophoto/user/m_50x66-82093808bca726cb3249a493fbd3bd0f.png]]>
</small_image_url>
<link><![CDATA[https://www.goodreads.com/author/show/4158539.John_D_Whish]]></link>
<average_rating>0.0</average_rating>
<ratings_count>0</ratings_count>
<text_reviews_count>0</text_reviews_count>
</author>
</authors>
  <published>2016</published>
</book>


    </books>
</author>

</GoodreadsResponse>