<?xml version="1.0" encoding="UTF-8"?>
<GoodreadsResponse>
  <Request>
    <authentication>true</authentication>
      <key><![CDATA[sySok63UyYyWi2Wof1HocA]]></key>
    <method><![CDATA[author_show]]></method>
  </Request>
  <author>
  <id>417739</id>
  <name>Susan Floyd</name>
  <link><![CDATA[https://www.goodreads.com/author/show/417739.Susan_Floyd]]></link>
  <fans_count type="integer">1</fans_count>
  <author_followers_count type="integer">1</author_followers_count>
  <large_image_url><![CDATA[https://s.gr-assets.com/assets/nophoto/user/f_333x500-c8899232290ea51bb160dea14c29470b.png]]></large_image_url>
  <image_url><![CDATA[https://s.gr-assets.com/assets/nophoto/user/f_200x266-3061b784cc8e7f021c6430c9aba94587.png]]></image_url>
  <small_image_url><![CDATA[https://s.gr-assets.com/assets/nophoto/user/f_50x66-6a03a5c12233c941481992b82eea8d23.png]]></small_image_url>
  <about>aka Susan Kimoto</about>
  <influences></influences>
  <works_count>7</works_count>
  <gender>female</gender>
  <hometown></hometown>
  <born_at></born_at>
  <died_at></died_at>
  <goodreads_author></goodreads_author>

    <books>
      <book>
  <id type="integer">2211713</id>
  <isbn>0373710291</isbn>
  <isbn13>9780373710294</isbn13>
  <text_reviews_count type="integer">3</text_reviews_count>
  <title>A Cowboy for Clementine</title>
  <title_without_series>A Cowboy for Clementine</title_without_series>
  <image_url>https://s.gr-assets.com/assets/nophoto/book/111x148-bcc042a9c91a29c1d680899eff700a03.png</image_url>
  <small_image_url>https://s.gr-assets.com/assets/nophoto/book/50x75-a91bf249278a81aabab721ef782c4a74.png</small_image_url>
  <large_image_url/>
  <link>https://www.goodreads.com/book/show/2211713.A_Cowboy_for_Clementine</link>
  <num_pages>299</num_pages>
  <format>Paperback</format>
  <edition_information/>
  <publisher>Harlequin Books</publisher>
  <publication_day>1</publication_day>
  <publication_year>2001</publication_year>
  <publication_month>12</publication_month>
  <average_rating>3.42</average_rating>
  <ratings_count>19</ratings_count>
  <description>Clem Wells has made a career out of screwing up. First she quit school to get married. Then she spent years being the perfect corporate wife - only to get dumped. Finally she went home to manage her family's ranch, figuring even she couldn't wreck a smoothly running operation. But she'd saved the worst for last.&lt;br /&gt;&lt;br /&gt;Who would've guessed that those sweet little cows she'd put out to pasture would turn into feral beasts that refused to be rounded up? Simple math said 0 cows = $0. And $0 meant her family's ranch was in jeopardy.&lt;br /&gt;&lt;br /&gt;What Clementine needed now was a miracle. Hard to believe that a miracle would take the form of Dexter Scott. But if a silent ornery and stubborn cowboy was all that was available, then she'd take what she could get.</description>
<authors>
<author>
<id>417739</id>
<name>Susan Floyd</name>
<role></role>
<image_url nophoto='true'>
<![CDATA[https://s.gr-assets.com/assets/nophoto/user/f_200x266-3061b784cc8e7f021c6430c9aba94587.png]]>
</image_url>
<small_image_url nophoto='true'>
<![CDATA[https://s.gr-assets.com/assets/nophoto/user/f_50x66-6a03a5c12233c941481992b82eea8d23.png]]>
</small_image_url>
<link><![CDATA[https://www.goodreads.com/author/show/417739.Susan_Floyd]]></link>
<average_rating>3.54</average_rating>
<ratings_count>67</ratings_count>
<text_reviews_count>9</text_reviews_count>
</author>
</authors>
  <published>2001</published>
</book>


      <book>
  <id type="integer">2444727</id>
  <isbn>0373710976</isbn>
  <isbn13>9780373710973</isbn13>
  <text_reviews_count type="integer">2</text_reviews_count>
  <title>My Three Girls</title>
  <title_without_series>My Three Girls</title_without_series>
  <image_url>https://s.gr-assets.com/assets/nophoto/book/111x148-bcc042a9c91a29c1d680899eff700a03.png</image_url>
  <small_image_url>https://s.gr-assets.com/assets/nophoto/book/50x75-a91bf249278a81aabab721ef782c4a74.png</small_image_url>
  <large_image_url/>
  <link>https://www.goodreads.com/book/show/2444727.My_Three_Girls</link>
  <num_pages>304</num_pages>
  <format>Paperback</format>
  <edition_information/>
  <publisher>Harlequin Books</publisher>
  <publication_day>1</publication_day>
  <publication_year>2002</publication_year>
  <publication_month>11</publication_month>
  <average_rating>3.59</average_rating>
  <ratings_count>17</ratings_count>
  <description></description>
<authors>
<author>
<id>417739</id>
<name>Susan Floyd</name>
<role></role>
<image_url nophoto='true'>
<![CDATA[https://s.gr-assets.com/assets/nophoto/user/f_200x266-3061b784cc8e7f021c6430c9aba94587.png]]>
</image_url>
<small_image_url nophoto='true'>
<![CDATA[https://s.gr-assets.com/assets/nophoto/user/f_50x66-6a03a5c12233c941481992b82eea8d23.png]]>
</small_image_url>
<link><![CDATA[https://www.goodreads.com/author/show/417739.Susan_Floyd]]></link>
<average_rating>3.54</average_rating>
<ratings_count>67</ratings_count>
<text_reviews_count>9</text_reviews_count>
</author>
</authors>
  <published>2002</published>
</book>


      <book>
  <id type="integer">2982744</id>
  <isbn>0373709196</isbn>
  <isbn13>9780373709199</isbn13>
  <text_reviews_count type="integer">2</text_reviews_count>
  <title>Mr. Elliott Finds a Family (A Little Secret) (Harlequin Superromance #919)</title>
  <title_without_series>Mr. Elliott Finds a Family (A Little Secret)</title_without_series>
  <image_url>https://images.gr-assets.com/books/1304775319m/2982744.jpg</image_url>
  <small_image_url>https://images.gr-assets.com/books/1304775319s/2982744.jpg</small_image_url>
  <large_image_url/>
  <link>https://www.goodreads.com/book/show/2982744-mr-elliott-finds-a-family-a-little-secret</link>
  <num_pages>296</num_pages>
  <format>Paperback</format>
  <edition_information/>
  <publisher>Harlequin</publisher>
  <publication_day>1</publication_day>
  <publication_year>2000</publication_year>
  <publication_month>6</publication_month>
  <average_rating>3.82</average_rating>
  <ratings_count>11</ratings_count>
  <description>CHRISTIAN ELLIOTT HAS A LOT TO LEARN!&lt;br /&gt;&lt;br /&gt;Christian knows about money, million-dollar contracts and hard-line negotiations. But he doesn't know anything about family, babies or love. Then some unfinished business takes him to the home of his dead wife's sister ...&lt;br /&gt;&lt;br /&gt;BETH ANN BELLAMY IS THE WOMAN WHO'S GOING TO TEACH HIM!&lt;br /&gt;&lt;br /&gt;Beth Ann gave up a promising career to take care of her elderly grandmother and the daughter her sister abandoned. Then her sister's husband shows up, and Beth Ann starts to wonder if the truth about her sister's child will tear her perfect family apart. Before long, Beth Ann realizes that if she wants to keep her family together, Christian Elliott will have to be part of it. Now she has to figure out how to convince him!</description>
<authors>
<author>
<id>417739</id>
<name>Susan Floyd</name>
<role></role>
<image_url nophoto='true'>
<![CDATA[https://s.gr-assets.com/assets/nophoto/user/f_200x266-3061b784cc8e7f021c6430c9aba94587.png]]>
</image_url>
<small_image_url nophoto='true'>
<![CDATA[https://s.gr-assets.com/assets/nophoto/user/f_50x66-6a03a5c12233c941481992b82eea8d23.png]]>
</small_image_url>
<link><![CDATA[https://www.goodreads.com/author/show/417739.Susan_Floyd]]></link>
<average_rating>3.54</average_rating>
<ratings_count>67</ratings_count>
<text_reviews_count>9</text_reviews_count>
</author>
</authors>
  <published>2000</published>
</book>


      <book>
  <id type="integer">2715716</id>
  <isbn>0373708904</isbn>
  <isbn13>9780373708901</isbn13>
  <text_reviews_count type="integer">1</text_reviews_count>
  <title>One of the Family</title>
  <title_without_series>One of the Family</title_without_series>
  <image_url>https://images.gr-assets.com/books/1304775871m/2715716.jpg</image_url>
  <small_image_url>https://images.gr-assets.com/books/1304775871s/2715716.jpg</small_image_url>
  <large_image_url/>
  <link>https://www.goodreads.com/book/show/2715716-one-of-the-family</link>
  <num_pages>296</num_pages>
  <format>Paperback</format>
  <edition_information>Harlequin Superromance #890</edition_information>
  <publisher>Harlequin Books</publisher>
  <publication_day>1</publication_day>
  <publication_year>2000</publication_year>
  <publication_month>2</publication_month>
  <average_rating>3.45</average_rating>
  <ratings_count>11</ratings_count>
  <description>WHAT HAPPENS WHEN LOVE CAN'T LEAD TO MARRIAGE?&lt;br /&gt;&lt;br /&gt;The last thing Phoebe Douglas ever expected when she came to the isolated dairy farm was that she'd learn to like it. Farms were dirty, and she wasn't the kind of woman who was interested in dirty. But before long, Mitch Hawkins, the strong, handsome dairy owner with a troubled past --- and his family --- taught her that some things were worth getting dirty for ...&lt;br /&gt;&lt;br /&gt;Mitch always figured love and marriage went hand in hand. But that was before he met Phoebe. Sure, she wasn't the stuck-up city slicker he'd once thought she was. In fact, she was more than willing stay and take on his problems --- and his family's. But he knew he couldn't let her. Because he was the kind of man who'd do anything to protect the woman he loved, even if that meant not marrying her.</description>
<authors>
<author>
<id>417739</id>
<name>Susan Floyd</name>
<role></role>
<image_url nophoto='true'>
<![CDATA[https://s.gr-assets.com/assets/nophoto/user/f_200x266-3061b784cc8e7f021c6430c9aba94587.png]]>
</image_url>
<small_image_url nophoto='true'>
<![CDATA[https://s.gr-assets.com/assets/nophoto/user/f_50x66-6a03a5c12233c941481992b82eea8d23.png]]>
</small_image_url>
<link><![CDATA[https://www.goodreads.com/author/show/417739.Susan_Floyd]]></link>
<average_rating>3.54</average_rating>
<ratings_count>67</ratings_count>
<text_reviews_count>9</text_reviews_count>
</author>
</authors>
  <published>2000</published>
</book>


      <book>
  <id type="integer">2715709</id>
  <isbn>0373709838</isbn>
  <isbn13>9780373709830</isbn13>
  <text_reviews_count type="integer">0</text_reviews_count>
  <title>Faith and Our Father</title>
  <title_without_series>Faith and Our Father</title_without_series>
  <image_url>https://s.gr-assets.com/assets/nophoto/book/111x148-bcc042a9c91a29c1d680899eff700a03.png</image_url>
  <small_image_url>https://s.gr-assets.com/assets/nophoto/book/50x75-a91bf249278a81aabab721ef782c4a74.png</small_image_url>
  <large_image_url/>
  <link>https://www.goodreads.com/book/show/2715709-faith-and-our-father</link>
  <num_pages>296</num_pages>
  <format>Paperback</format>
  <edition_information/>
  <publisher>Harlequin Books</publisher>
  <publication_day>1</publication_day>
  <publication_year>2001</publication_year>
  <publication_month>4</publication_month>
  <average_rating>3.17</average_rating>
  <ratings_count>6</ratings_count>
  <description></description>
<authors>
<author>
<id>417739</id>
<name>Susan Floyd</name>
<role></role>
<image_url nophoto='true'>
<![CDATA[https://s.gr-assets.com/assets/nophoto/user/f_200x266-3061b784cc8e7f021c6430c9aba94587.png]]>
</image_url>
<small_image_url nophoto='true'>
<![CDATA[https://s.gr-assets.com/assets/nophoto/user/f_50x66-6a03a5c12233c941481992b82eea8d23.png]]>
</small_image_url>
<link><![CDATA[https://www.goodreads.com/author/show/417739.Susan_Floyd]]></link>
<average_rating>3.54</average_rating>
<ratings_count>67</ratings_count>
<text_reviews_count>9</text_reviews_count>
</author>
</authors>
  <published>2001</published>
</book>


      <book>
  <id type="integer">28780202</id>
  <isbn>1460351010</isbn>
  <isbn13>9781460351017</isbn13>
  <text_reviews_count type="integer">0</text_reviews_count>
  <title>Phoebe's Gift</title>
  <title_without_series>Phoebe's Gift</title_without_series>
  <image_url>https://s.gr-assets.com/assets/nophoto/book/111x148-bcc042a9c91a29c1d680899eff700a03.png</image_url>
  <small_image_url>https://s.gr-assets.com/assets/nophoto/book/50x75-a91bf249278a81aabab721ef782c4a74.png</small_image_url>
  <large_image_url/>
  <link>https://www.goodreads.com/book/show/28780202-phoebe-s-gift</link>
  <num_pages>304</num_pages>
  <format>ebook</format>
  <edition_information/>
  <publisher>Harlequin Superromance Classic</publisher>
  <publication_day>15</publication_day>
  <publication_year>2014</publication_year>
  <publication_month>9</publication_month>
  <average_rating>0.0</average_rating>
  <ratings_count>0</ratings_count>
  <description>WHAT HAPPENS WHEN LOVE CAN'T LEAD TO MARRIAGE?&lt;br /&gt;&lt;br /&gt;The last thing Phoebe Douglas ever expected when she came to the isolated dairy farm was that she'd learn to like it. Farms were dirty, and she wasn't the kind of woman who was interested in dirty. But before long, Mitch Hawkins, the strong, handsome dairy owner with a troubled past--and his family--taught her that some things were worth getting dirty for...&lt;br /&gt;&lt;br /&gt;Mitch always figured love and marriage went hand in hand. But that was before he met Phoebe. Sure, she wasn't the stuck-up city slicker he'd once thought she was. In fact, she was more than willing stay and take on his problems--and his family's. But he knew he couldn't let her. Because he was the kind of man who'd do anything to protect the woman he loved, even if that meant not marrying her.</description>
<authors>
<author>
<id>417739</id>
<name>Susan Floyd</name>
<role></role>
<image_url nophoto='true'>
<![CDATA[https://s.gr-assets.com/assets/nophoto/user/f_200x266-3061b784cc8e7f021c6430c9aba94587.png]]>
</image_url>
<small_image_url nophoto='true'>
<![CDATA[https://s.gr-assets.com/assets/nophoto/user/f_50x66-6a03a5c12233c941481992b82eea8d23.png]]>
</small_image_url>
<link><![CDATA[https://www.goodreads.com/author/show/417739.Susan_Floyd]]></link>
<average_rating>3.54</average_rating>
<ratings_count>67</ratings_count>
<text_reviews_count>9</text_reviews_count>
</author>
</authors>
  <published>2014</published>
</book>


      <book>
  <id type="integer">996038</id>
  <isbn>0373713924</isbn>
  <isbn13>9780373713929</isbn13>
  <text_reviews_count type="integer">1</text_reviews_count>
  <title>Who Needs Cupid?: The Max Factor/A Valentine for Rebecca/Lucky in Love</title>
  <title_without_series>Who Needs Cupid?: The Max Factor/A Valentine for Rebecca/Lucky in Love</title_without_series>
  <image_url>https://s.gr-assets.com/assets/nophoto/book/111x148-bcc042a9c91a29c1d680899eff700a03.png</image_url>
  <small_image_url>https://s.gr-assets.com/assets/nophoto/book/50x75-a91bf249278a81aabab721ef782c4a74.png</small_image_url>
  <large_image_url/>
  <link>https://www.goodreads.com/book/show/996038.Who_Needs_Cupid_</link>
  <num_pages>296</num_pages>
  <format>Paperback</format>
  <edition_information/>
  <publisher>Harlequin Books</publisher>
  <publication_day>9</publication_day>
  <publication_year>2007</publication_year>
  <publication_month>1</publication_month>
  <average_rating>3.14</average_rating>
  <ratings_count>14</ratings_count>
  <description>Down with Cupid! Elle Adams, Rebecca Potter and Lucky Morgan all have valid reasons for distrusting Cupid. And with February 14 coming on fast, they decide to take matters into their own hands. If the plucky little cherub can't do his job, they'll sweeten the odds. But it looks as if Cupid wasn't out to lunch. He was just waiting for the right moment to make things interesting. Now find out what happens when he finally launches those arrows.</description>
<authors>
<author>
<id>326855</id>
<name>Debra Salonen</name>
<role></role>
<image_url nophoto='false'>
<![CDATA[https://images.gr-assets.com/authors/1409852476p5/326855.jpg]]>
</image_url>
<small_image_url nophoto='false'>
<![CDATA[https://images.gr-assets.com/authors/1409852476p2/326855.jpg]]>
</small_image_url>
<link><![CDATA[https://www.goodreads.com/author/show/326855.Debra_Salonen]]></link>
<average_rating>3.98</average_rating>
<ratings_count>2634</ratings_count>
<text_reviews_count>637</text_reviews_count>
</author>
</authors>
  <published>2007</published>
</book>


    </books>
</author>

</GoodreadsResponse>