<?xml version="1.0" encoding="UTF-8"?>
<GoodreadsResponse>
  <Request>
    <authentication>true</authentication>
      <key><![CDATA[sySok63UyYyWi2Wof1HocA]]></key>
    <method><![CDATA[author_show]]></method>
  </Request>
  <author>
  <id>4213257</id>
  <name>George R. Crafts</name>
  <link><![CDATA[https://www.goodreads.com/author/show/4213257.George_R_Crafts]]></link>
  <fans_count type="integer">0</fans_count>
  <author_followers_count type="integer">0</author_followers_count>
  <large_image_url><![CDATA[https://s.gr-assets.com/assets/nophoto/user/m_333x500-a9c67bed07ee7e10983a5d5ccc572516.png]]></large_image_url>
  <image_url><![CDATA[https://s.gr-assets.com/assets/nophoto/user/m_200x266-d279b33f8eec0f27b7272477f09806be.png]]></image_url>
  <small_image_url><![CDATA[https://s.gr-assets.com/assets/nophoto/user/m_50x66-82093808bca726cb3249a493fbd3bd0f.png]]></small_image_url>
  <about></about>
  <influences></influences>
  <works_count>3</works_count>
  <gender>male</gender>
  <hometown></hometown>
  <born_at></born_at>
  <died_at></died_at>
  <goodreads_author></goodreads_author>

    <books>
      <book>
  <id type="integer">20961476</id>
  <isbn>1468023292</isbn>
  <isbn13>9781468023299</isbn13>
  <text_reviews_count type="integer">0</text_reviews_count>
  <title>Morgan's Expose of Freemasonry: The Mysteries of Freemasonry</title>
  <title_without_series>Morgan's Expose of Freemasonry: The Mysteries of Freemasonry</title_without_series>
  <image_url>https://s.gr-assets.com/assets/nophoto/book/111x148-bcc042a9c91a29c1d680899eff700a03.png</image_url>
  <small_image_url>https://s.gr-assets.com/assets/nophoto/book/50x75-a91bf249278a81aabab721ef782c4a74.png</small_image_url>
  <large_image_url/>
  <link>https://www.goodreads.com/book/show/20961476-morgan-s-expose-of-freemasonry</link>
  <num_pages>416</num_pages>
  <format>Paperback</format>
  <edition_information/>
  <publisher>Createspace Independent Publishing Platform</publisher>
  <publication_day>3</publication_day>
  <publication_year>2011</publication_year>
  <publication_month>12</publication_month>
  <average_rating>0.0</average_rating>
  <ratings_count>0</ratings_count>
  <description>Thank you for checking out this book by Theophania Publishing. We appreciate your business and look forward to serving you soon. We have thousands of titles available, and we invite you to search for us by name, contact us via our website, or download our most recent catalogues. THE Mysteries of Freemasonry CONTAINING ALL THE DEGREES OF THE ORDER CONFERRED IN A MASTER'S LODGE, AS WRITTEN BY CAPTAIN WILLIAM MORGAN. All the Degrees Conferred in the Royal Arch Chapter and Grand Encampment of Knights Templars, Knights of the Red Cross, of the Christian Mark, and of the Holy Sepulchre. ALSO The Eleven Ineffable Degrees Conferred in the Lodge of Perfection, and the still higher degrees of Prince of Jerusalem, Knights of the East and West, Venerable Grand Masters of Symbolic Lodges, Knights and Adepts of the Eagle or Sun, Princes of the Royal Secret, Sovereign Inspector General, etc. Revised and Corrected to Correspond with the Most Approved Forms and Ceremonies in the Various Lodges of Free Masons Throughout the United States.</description>
<authors>
<author>
<id>4213257</id>
<name>George R. Crafts</name>
<role></role>
<image_url nophoto='true'>
<![CDATA[https://s.gr-assets.com/assets/nophoto/user/m_200x266-d279b33f8eec0f27b7272477f09806be.png]]>
</image_url>
<small_image_url nophoto='true'>
<![CDATA[https://s.gr-assets.com/assets/nophoto/user/m_50x66-82093808bca726cb3249a493fbd3bd0f.png]]>
</small_image_url>
<link><![CDATA[https://www.goodreads.com/author/show/4213257.George_R_Crafts]]></link>
<average_rating>4.10</average_rating>
<ratings_count>10</ratings_count>
<text_reviews_count>1</text_reviews_count>
</author>
</authors>
  <published>2011</published>
</book>


      <book>
  <id type="integer">9900524</id>
  <isbn>1564593428</isbn>
  <isbn13>9781564593429</isbn13>
  <text_reviews_count type="integer">0</text_reviews_count>
  <title>Mysteries of Freemasonry: The Morgan Expos</title>
  <title_without_series>Mysteries of Freemasonry: The Morgan Expos</title_without_series>
  <image_url>https://s.gr-assets.com/assets/nophoto/book/111x148-bcc042a9c91a29c1d680899eff700a03.png</image_url>
  <small_image_url>https://s.gr-assets.com/assets/nophoto/book/50x75-a91bf249278a81aabab721ef782c4a74.png</small_image_url>
  <large_image_url/>
  <link>https://www.goodreads.com/book/show/9900524-mysteries-of-freemasonry</link>
  <num_pages></num_pages>
  <format></format>
  <edition_information/>
  <publisher></publisher>
  <publication_day></publication_day>
  <publication_year></publication_year>
  <publication_month></publication_month>
  <average_rating>0.0</average_rating>
  <ratings_count>0</ratings_count>
  <description></description>
<authors>
<author>
<id>4213257</id>
<name>George R. Crafts</name>
<role></role>
<image_url nophoto='true'>
<![CDATA[https://s.gr-assets.com/assets/nophoto/user/m_200x266-d279b33f8eec0f27b7272477f09806be.png]]>
</image_url>
<small_image_url nophoto='true'>
<![CDATA[https://s.gr-assets.com/assets/nophoto/user/m_50x66-82093808bca726cb3249a493fbd3bd0f.png]]>
</small_image_url>
<link><![CDATA[https://www.goodreads.com/author/show/4213257.George_R_Crafts]]></link>
<average_rating>4.10</average_rating>
<ratings_count>10</ratings_count>
<text_reviews_count>1</text_reviews_count>
</author>
</authors>
  <published></published>
</book>


      <book>
  <id type="integer">20429065</id>
  <isbn nil="true"/>
  <isbn13 nil="true"/>
  <text_reviews_count type="integer">1</text_reviews_count>
  <title>The Mysteries of Freemasonry</title>
  <title_without_series>The Mysteries of Freemasonry</title_without_series>
  <image_url>https://s.gr-assets.com/assets/nophoto/book/111x148-bcc042a9c91a29c1d680899eff700a03.png</image_url>
  <small_image_url>https://s.gr-assets.com/assets/nophoto/book/50x75-a91bf249278a81aabab721ef782c4a74.png</small_image_url>
  <large_image_url/>
  <link>https://www.goodreads.com/book/show/20429065-the-mysteries-of-freemasonry</link>
  <num_pages></num_pages>
  <format></format>
  <edition_information/>
  <publisher></publisher>
  <publication_day></publication_day>
  <publication_year></publication_year>
  <publication_month></publication_month>
  <average_rating>3.69</average_rating>
  <ratings_count>13</ratings_count>
  <description></description>
<authors>
<author>
<id>7495879</id>
<name>William  Morgan</name>
<role></role>
<image_url nophoto='true'>
<![CDATA[https://s.gr-assets.com/assets/nophoto/user/u_200x266-e183445fd1a1b5cc7075bb1cf7043306.png]]>
</image_url>
<small_image_url nophoto='true'>
<![CDATA[https://s.gr-assets.com/assets/nophoto/user/u_50x66-632230dc9882b4352d753eedf9396530.png]]>
</small_image_url>
<link><![CDATA[https://www.goodreads.com/author/show/7495879.William_Morgan]]></link>
<average_rating>3.79</average_rating>
<ratings_count>14</ratings_count>
<text_reviews_count>1</text_reviews_count>
</author>
</authors>
  <published></published>
</book>


    </books>
</author>

</GoodreadsResponse>