<?xml version="1.0" encoding="UTF-8"?>
<GoodreadsResponse>
  <Request>
    <authentication>true</authentication>
      <key><![CDATA[sySok63UyYyWi2Wof1HocA]]></key>
    <method><![CDATA[author_show]]></method>
  </Request>
  <author>
  <id>4229131</id>
  <name>Kimberlie Smith</name>
  <link><![CDATA[https://www.goodreads.com/author/show/4229131.Kimberlie_Smith]]></link>
  <fans_count type="integer">0</fans_count>
  <author_followers_count type="integer">0</author_followers_count>
  <large_image_url><![CDATA[https://images.gr-assets.com/authors/1282331980p7/4229131.jpg]]></large_image_url>
  <image_url><![CDATA[https://images.gr-assets.com/authors/1282331980p5/4229131.jpg]]></image_url>
  <small_image_url><![CDATA[https://images.gr-assets.com/authors/1282331980p2/4229131.jpg]]></small_image_url>
  <about></about>
  <influences></influences>
  <works_count>1</works_count>
  <gender>female</gender>
  <hometown></hometown>
  <born_at></born_at>
  <died_at></died_at>
  <goodreads_author>true</goodreads_author>
    <user>
  <id type="integer">4180198</id>
</user>


    <books>
      <book>
  <id type="integer">8963820</id>
  <isbn>1439261288</isbn>
  <isbn13>9781439261286</isbn13>
  <text_reviews_count type="integer">0</text_reviews_count>
  <title>All In A Day</title>
  <title_without_series>All In A Day</title_without_series>
  <image_url>https://s.gr-assets.com/assets/nophoto/book/111x148-bcc042a9c91a29c1d680899eff700a03.png</image_url>
  <small_image_url>https://s.gr-assets.com/assets/nophoto/book/50x75-a91bf249278a81aabab721ef782c4a74.png</small_image_url>
  <large_image_url/>
  <link>https://www.goodreads.com/book/show/8963820-all-in-a-day</link>
  <num_pages></num_pages>
  <format></format>
  <edition_information/>
  <publisher></publisher>
  <publication_day></publication_day>
  <publication_year></publication_year>
  <publication_month></publication_month>
  <average_rating>5.00</average_rating>
  <ratings_count>1</ratings_count>
  <description></description>
<authors>
<author>
<id>4229131</id>
<name>Kimberlie Smith</name>
<role></role>
<image_url nophoto='false'>
<![CDATA[https://images.gr-assets.com/authors/1282331980p5/4229131.jpg]]>
</image_url>
<small_image_url nophoto='false'>
<![CDATA[https://images.gr-assets.com/authors/1282331980p2/4229131.jpg]]>
</small_image_url>
<link><![CDATA[https://www.goodreads.com/author/show/4229131.Kimberlie_Smith]]></link>
<average_rating>5.00</average_rating>
<ratings_count>1</ratings_count>
<text_reviews_count>0</text_reviews_count>
</author>
</authors>
  <published></published>
</book>


    </books>
</author>

</GoodreadsResponse>