<?xml version="1.0" encoding="UTF-8"?>
<GoodreadsResponse>
  <Request>
    <authentication>true</authentication>
      <key><![CDATA[sySok63UyYyWi2Wof1HocA]]></key>
    <method><![CDATA[author_show]]></method>
  </Request>
  <author>
  <id>4321833</id>
  <name>David P. Ketelsen</name>
  <link><![CDATA[https://www.goodreads.com/author/show/4321833.David_P_Ketelsen]]></link>
  <fans_count type="integer">10</fans_count>
  <author_followers_count type="integer">10</author_followers_count>
  <large_image_url><![CDATA[https://images.gr-assets.com/authors/1321670654p7/4321833.jpg]]></large_image_url>
  <image_url><![CDATA[https://images.gr-assets.com/authors/1321670654p5/4321833.jpg]]></image_url>
  <small_image_url><![CDATA[https://images.gr-assets.com/authors/1321670654p2/4321833.jpg]]></small_image_url>
  <about></about>
  <influences></influences>
  <works_count>1</works_count>
  <gender>male</gender>
  <hometown></hometown>
  <born_at></born_at>
  <died_at></died_at>
  <goodreads_author>true</goodreads_author>
    <user>
  <id type="integer">4710769</id>
</user>


    <books>
      <book>
  <id type="integer">9206462</id>
  <isbn>0766018962</isbn>
  <isbn13>9780766018969</isbn13>
  <text_reviews_count type="integer">2</text_reviews_count>
  <title>Schizophrenia</title>
  <title_without_series>Schizophrenia</title_without_series>
  <image_url>https://s.gr-assets.com/assets/nophoto/book/111x148-bcc042a9c91a29c1d680899eff700a03.png</image_url>
  <small_image_url>https://s.gr-assets.com/assets/nophoto/book/50x75-a91bf249278a81aabab721ef782c4a74.png</small_image_url>
  <large_image_url/>
  <link>https://www.goodreads.com/book/show/9206462-schizophrenia</link>
  <num_pages>112</num_pages>
  <format>Hardcover</format>
  <edition_information/>
  <publisher>Enslow Publishers</publisher>
  <publication_day>1</publication_day>
  <publication_year>2003</publication_year>
  <publication_month>1</publication_month>
  <average_rating>4.50</average_rating>
  <ratings_count>8</ratings_count>
  <description>These books on diseases will be useful in the library for reports or in the classroom for science and health education courses. The authors discuss diagnosis, treatment, and prevention of each disease and look at possibilities for the future, including new research toward faster and better cures. Each book contains fascinating case studies, as well as questions and answers, a timeline, further information, chapter notes, a glossary, a further reading list, Internet resources, and an index.In this new addition to the Diseases and People series, authors Jane Phillips and David Ketelsen trace the history of schizophrenia from the ancient terms and diagnoses to the disorder we recognize today. In simple, clear language, they discuss current research trends and the treatment options that are available today. Attention to controversial issues, such as social stigma and medicating schizophrenia, sheds light on this often misunderstood disorder that affects approximately 1 percent of the population.</description>
<authors>
<author>
<id>3934729</id>
<name>Jane E. Phillips</name>
<role></role>
<image_url nophoto='true'>
<![CDATA[https://s.gr-assets.com/assets/nophoto/user/u_200x266-e183445fd1a1b5cc7075bb1cf7043306.png]]>
</image_url>
<small_image_url nophoto='true'>
<![CDATA[https://s.gr-assets.com/assets/nophoto/user/u_50x66-632230dc9882b4352d753eedf9396530.png]]>
</small_image_url>
<link><![CDATA[https://www.goodreads.com/author/show/3934729.Jane_E_Phillips]]></link>
<average_rating>4.33</average_rating>
<ratings_count>9</ratings_count>
<text_reviews_count>2</text_reviews_count>
</author>
</authors>
  <published>2003</published>
</book>


    </books>
</author>

</GoodreadsResponse>