<?xml version="1.0" encoding="UTF-8"?>
<GoodreadsResponse>
  <Request>
    <authentication>true</authentication>
      <key><![CDATA[sySok63UyYyWi2Wof1HocA]]></key>
    <method><![CDATA[author_show]]></method>
  </Request>
  <author>
  <id>4365992</id>
  <name>Jeffrey A. Stuart</name>
  <link><![CDATA[https://www.goodreads.com/author/show/4365992.Jeffrey_A_Stuart]]></link>
  <fans_count type="integer">0</fans_count>
  <author_followers_count type="integer">0</author_followers_count>
  <large_image_url><![CDATA[https://s.gr-assets.com/assets/nophoto/user/m_333x500-a9c67bed07ee7e10983a5d5ccc572516.png]]></large_image_url>
  <image_url><![CDATA[https://s.gr-assets.com/assets/nophoto/user/m_200x266-d279b33f8eec0f27b7272477f09806be.png]]></image_url>
  <small_image_url><![CDATA[https://s.gr-assets.com/assets/nophoto/user/m_50x66-82093808bca726cb3249a493fbd3bd0f.png]]></small_image_url>
  <about></about>
  <influences></influences>
  <works_count>2</works_count>
  <gender>male</gender>
  <hometown></hometown>
  <born_at></born_at>
  <died_at></died_at>
  <goodreads_author></goodreads_author>

    <books>
      <book>
  <id type="integer">17353891</id>
  <isbn>1461469678</isbn>
  <isbn13>9781461469674</isbn13>
  <text_reviews_count type="integer">0</text_reviews_count>
  <title>Bioactive Polyphenols from Wine Grapes</title>
  <title_without_series>Bioactive Polyphenols from Wine Grapes</title_without_series>
  <image_url>https://images.gr-assets.com/books/1384712047m/17353891.jpg</image_url>
  <small_image_url>https://images.gr-assets.com/books/1384712047s/17353891.jpg</small_image_url>
  <large_image_url/>
  <link>https://www.goodreads.com/book/show/17353891-bioactive-polyphenols-from-wine-grapes</link>
  <num_pages>66</num_pages>
  <format>Paperback</format>
  <edition_information/>
  <publisher>Springer</publisher>
  <publication_day>4</publication_day>
  <publication_year>2013</publication_year>
  <publication_month>4</publication_month>
  <average_rating>0.0</average_rating>
  <ratings_count>0</ratings_count>
  <description>Is red wine good for you? And if so, why?How much? And what are the actual benefits? This addition to the SpringerBriefs in Cell Biology series thoroughly but succinctly answers these questions. It covers the biochemistry, health benefits and therapeutic potential of wine grapes. It begins with an overview of phytoalexin production in Vitis vinifera (Common Grape Vine), detailing the relationship of resveratrol to analogues such as pterostilbene, piceid and the viniferins (resveratrol oligomers). The discussion then turns to the hundreds of reports linking resveratrol and related grape vine polyphenols to various beneficial health effects especially cardio- and cerebro- vascular, metabolic, anti-inflammatory and more. Also addressed are the numerous intracellular mechanisms that have been shown to mediate the effects of these compounds in mammalian cells and tissues. Finally, the authors discuss aspects of polyphenol bioavailability and how this will influence choices taken for delivering these compounds as nutritional supplements. A brief chapter containing general conclusions and prospectus rounds out the information. "</description>
<authors>
<author>
<id>4365992</id>
<name>Jeffrey A. Stuart</name>
<role></role>
<image_url nophoto='true'>
<![CDATA[https://s.gr-assets.com/assets/nophoto/user/m_200x266-d279b33f8eec0f27b7272477f09806be.png]]>
</image_url>
<small_image_url nophoto='true'>
<![CDATA[https://s.gr-assets.com/assets/nophoto/user/m_50x66-82093808bca726cb3249a493fbd3bd0f.png]]>
</small_image_url>
<link><![CDATA[https://www.goodreads.com/author/show/4365992.Jeffrey_A_Stuart]]></link>
<average_rating>0.0</average_rating>
<ratings_count>0</ratings_count>
<text_reviews_count>0</text_reviews_count>
</author>
</authors>
  <published>2013</published>
</book>


      <book>
  <id type="integer">11111190</id>
  <isbn>160761037X</isbn>
  <isbn13>9781607610373</isbn13>
  <text_reviews_count type="integer">0</text_reviews_count>
  <title>Mitochondrial DNA</title>
  <title_without_series>Mitochondrial DNA</title_without_series>
  <image_url>https://images.gr-assets.com/books/1344721396m/11111190.jpg</image_url>
  <small_image_url>https://images.gr-assets.com/books/1344721396s/11111190.jpg</small_image_url>
  <large_image_url/>
  <link>https://www.goodreads.com/book/show/11111190-mitochondrial-dna</link>
  <num_pages></num_pages>
  <format></format>
  <edition_information/>
  <publisher></publisher>
  <publication_day></publication_day>
  <publication_year></publication_year>
  <publication_month></publication_month>
  <average_rating>0.0</average_rating>
  <ratings_count>0</ratings_count>
  <description></description>
<authors>
<author>
<id>4365992</id>
<name>Jeffrey A. Stuart</name>
<role></role>
<image_url nophoto='true'>
<![CDATA[https://s.gr-assets.com/assets/nophoto/user/m_200x266-d279b33f8eec0f27b7272477f09806be.png]]>
</image_url>
<small_image_url nophoto='true'>
<![CDATA[https://s.gr-assets.com/assets/nophoto/user/m_50x66-82093808bca726cb3249a493fbd3bd0f.png]]>
</small_image_url>
<link><![CDATA[https://www.goodreads.com/author/show/4365992.Jeffrey_A_Stuart]]></link>
<average_rating>0.0</average_rating>
<ratings_count>0</ratings_count>
<text_reviews_count>0</text_reviews_count>
</author>
</authors>
  <published></published>
</book>


    </books>
</author>

</GoodreadsResponse>