<?xml version="1.0" encoding="UTF-8"?>
<GoodreadsResponse>
  <Request>
    <authentication>true</authentication>
      <key><![CDATA[sySok63UyYyWi2Wof1HocA]]></key>
    <method><![CDATA[author_show]]></method>
  </Request>
  <author>
  <id>4409104</id>
  <name>Jeanne Buesser</name>
  <link><![CDATA[https://www.goodreads.com/author/show/4409104.Jeanne_Buesser]]></link>
  <fans_count type="integer">0</fans_count>
  <author_followers_count type="integer">0</author_followers_count>
  <large_image_url><![CDATA[https://images.gr-assets.com/authors/1287084396p7/4409104.jpg]]></large_image_url>
  <image_url><![CDATA[https://images.gr-assets.com/authors/1287084396p5/4409104.jpg]]></image_url>
  <small_image_url><![CDATA[https://images.gr-assets.com/authors/1287084396p2/4409104.jpg]]></small_image_url>
  <about></about>
  <influences></influences>
  <works_count>6</works_count>
  <gender>female</gender>
  <hometown></hometown>
  <born_at></born_at>
  <died_at></died_at>
  <goodreads_author>true</goodreads_author>
    <user>
  <id type="integer">4416866</id>
</user>


    <books>
      <book>
  <id type="integer">9512881</id>
  <isbn>1452025959</isbn>
  <isbn13>9781452025957</isbn13>
  <text_reviews_count type="integer">5</text_reviews_count>
  <title>He Talks Funny: A Heartwarming Story of Everyday Life</title>
  <title_without_series>He Talks Funny: A Heartwarming Story of Everyday Life</title_without_series>
  <image_url>https://s.gr-assets.com/assets/nophoto/book/111x148-bcc042a9c91a29c1d680899eff700a03.png</image_url>
  <small_image_url>https://s.gr-assets.com/assets/nophoto/book/50x75-a91bf249278a81aabab721ef782c4a74.png</small_image_url>
  <large_image_url/>
  <link>https://www.goodreads.com/book/show/9512881-he-talks-funny</link>
  <num_pages>28</num_pages>
  <format>Paperback</format>
  <edition_information/>
  <publisher>Authorhouse</publisher>
  <publication_day>9</publication_day>
  <publication_year>2010</publication_year>
  <publication_month>9</publication_month>
  <average_rating>4.71</average_rating>
  <ratings_count>7</ratings_count>
  <description>Jeanne Buesser has written a wonderful and educating story. Many, many children are affected by speech disorders. The story teaches the reader about this condition which many people are unaware of, especially children. I applaud Jeanne for raising the awareness of this through a children's story. There is a stigma attached to these kinds of disabilities; people tend to think that children like this are not smart. This important point is mentioned in the story. Well done. SHAHIDUN RAHMAN, Author of "Ibrahim where on the spectrum does he belong? The story " He Talks Funny" is about a "special needs child" who has a neurological speech disorder and cannot be understood when he talks. How his mother helps educate his camp counselor and camp mates about her son's disability is the essence of the boy's acceptance into camp. It has been read by speech and language pathologists. They have found it satisfactory.</description>
<authors>
<author>
<id>4409104</id>
<name>Jeanne Buesser</name>
<role></role>
<image_url nophoto='false'>
<![CDATA[https://images.gr-assets.com/authors/1287084396p5/4409104.jpg]]>
</image_url>
<small_image_url nophoto='false'>
<![CDATA[https://images.gr-assets.com/authors/1287084396p2/4409104.jpg]]>
</small_image_url>
<link><![CDATA[https://www.goodreads.com/author/show/4409104.Jeanne_Buesser]]></link>
<average_rating>4.69</average_rating>
<ratings_count>16</ratings_count>
<text_reviews_count>6</text_reviews_count>
</author>
</authors>
  <published>2010</published>
</book>


      <book>
  <id type="integer">16193800</id>
  <isbn>0615660940</isbn>
  <isbn13>9780615660943</isbn13>
  <text_reviews_count type="integer">0</text_reviews_count>
  <title>Moonlight Till Dawn</title>
  <title_without_series>Moonlight Till Dawn</title_without_series>
  <image_url>https://images.gr-assets.com/books/1392029047m/16193800.jpg</image_url>
  <small_image_url>https://images.gr-assets.com/books/1392029047s/16193800.jpg</small_image_url>
  <large_image_url/>
  <link>https://www.goodreads.com/book/show/16193800-moonlight-till-dawn</link>
  <num_pages>52</num_pages>
  <format>Paperback</format>
  <edition_information/>
  <publisher>Jeanne Buesser</publisher>
  <publication_day>10</publication_day>
  <publication_year>2012</publication_year>
  <publication_month>7</publication_month>
  <average_rating>4.25</average_rating>
  <ratings_count>4</ratings_count>
  <description>This is the 2nd poetry book by Jeanne Buesser, author of Journey from Darkness to Light, and He Talks Funny. This book describes her survival with her children on her new path after her husband passed away</description>
<authors>
<author>
<id>4409104</id>
<name>Jeanne Buesser</name>
<role></role>
<image_url nophoto='false'>
<![CDATA[https://images.gr-assets.com/authors/1287084396p5/4409104.jpg]]>
</image_url>
<small_image_url nophoto='false'>
<![CDATA[https://images.gr-assets.com/authors/1287084396p2/4409104.jpg]]>
</small_image_url>
<link><![CDATA[https://www.goodreads.com/author/show/4409104.Jeanne_Buesser]]></link>
<average_rating>4.69</average_rating>
<ratings_count>16</ratings_count>
<text_reviews_count>6</text_reviews_count>
</author>
</authors>
  <published>2012</published>
</book>


      <book>
  <id type="integer">16193870</id>
  <isbn>0692015140</isbn>
  <isbn13>9780692015148</isbn13>
  <text_reviews_count type="integer">0</text_reviews_count>
  <title>Journey from Darkness to Light</title>
  <title_without_series>Journey from Darkness to Light</title_without_series>
  <image_url>https://images.gr-assets.com/books/1392027923m/16193870.jpg</image_url>
  <small_image_url>https://images.gr-assets.com/books/1392027923s/16193870.jpg</small_image_url>
  <large_image_url/>
  <link>https://www.goodreads.com/book/show/16193870-journey-from-darkness-to-light</link>
  <num_pages>64</num_pages>
  <format>Paperback</format>
  <edition_information/>
  <publisher>Jeanne Buesser</publisher>
  <publication_day>9</publication_day>
  <publication_year>2012</publication_year>
  <publication_month>7</publication_month>
  <average_rating>5.00</average_rating>
  <ratings_count>3</ratings_count>
  <description>A uplifting book of poetry written from the heart, telling my journey. First of two books. Second book called Moonlight Till Dawn.</description>
<authors>
<author>
<id>4409104</id>
<name>Jeanne Buesser</name>
<role></role>
<image_url nophoto='false'>
<![CDATA[https://images.gr-assets.com/authors/1287084396p5/4409104.jpg]]>
</image_url>
<small_image_url nophoto='false'>
<![CDATA[https://images.gr-assets.com/authors/1287084396p2/4409104.jpg]]>
</small_image_url>
<link><![CDATA[https://www.goodreads.com/author/show/4409104.Jeanne_Buesser]]></link>
<average_rating>4.69</average_rating>
<ratings_count>16</ratings_count>
<text_reviews_count>6</text_reviews_count>
</author>
</authors>
  <published>2012</published>
</book>


      <book>
  <id type="integer">19580644</id>
  <isbn nil="true"/>
  <isbn13 nil="true"/>
  <text_reviews_count type="integer">1</text_reviews_count>
  <title>He Talks Funny : A Heartwarming Story of Everyday Life</title>
  <title_without_series>He Talks Funny : A Heartwarming Story of Everyday Life</title_without_series>
  <image_url>https://s.gr-assets.com/assets/nophoto/book/111x148-bcc042a9c91a29c1d680899eff700a03.png</image_url>
  <small_image_url>https://s.gr-assets.com/assets/nophoto/book/50x75-a91bf249278a81aabab721ef782c4a74.png</small_image_url>
  <large_image_url/>
  <link>https://www.goodreads.com/book/show/19580644-he-talks-funny</link>
  <num_pages></num_pages>
  <format></format>
  <edition_information/>
  <publisher></publisher>
  <publication_day></publication_day>
  <publication_year></publication_year>
  <publication_month></publication_month>
  <average_rating>5.00</average_rating>
  <ratings_count>2</ratings_count>
  <description></description>
<authors>
<author>
<id>4409104</id>
<name>Jeanne Buesser</name>
<role></role>
<image_url nophoto='false'>
<![CDATA[https://images.gr-assets.com/authors/1287084396p5/4409104.jpg]]>
</image_url>
<small_image_url nophoto='false'>
<![CDATA[https://images.gr-assets.com/authors/1287084396p2/4409104.jpg]]>
</small_image_url>
<link><![CDATA[https://www.goodreads.com/author/show/4409104.Jeanne_Buesser]]></link>
<average_rating>4.69</average_rating>
<ratings_count>16</ratings_count>
<text_reviews_count>6</text_reviews_count>
</author>
</authors>
  <published></published>
</book>


      <book>
  <id type="integer">32739746</id>
  <isbn>0615660924</isbn>
  <isbn13>9780615660929</isbn13>
  <text_reviews_count type="integer">0</text_reviews_count>
  <title>Water Line: A Special Story</title>
  <title_without_series>Water Line: A Special Story</title_without_series>
  <image_url>https://s.gr-assets.com/assets/nophoto/book/111x148-bcc042a9c91a29c1d680899eff700a03.png</image_url>
  <small_image_url>https://s.gr-assets.com/assets/nophoto/book/50x75-a91bf249278a81aabab721ef782c4a74.png</small_image_url>
  <large_image_url/>
  <link>https://www.goodreads.com/book/show/32739746-water-line</link>
  <num_pages></num_pages>
  <format>Paperback</format>
  <edition_information/>
  <publisher>Jeanne Buesser</publisher>
  <publication_day>21</publication_day>
  <publication_year>2016</publication_year>
  <publication_month>10</publication_month>
  <average_rating>0.0</average_rating>
  <ratings_count>0</ratings_count>
  <description>Jeanne Buesser writes another wonderful story for families about life, its lessons and changes. She takes hold of your heart strings and doesn't let go. Look for her upcoming story and other books available everywhere.</description>
<authors>
<author>
<id>4409104</id>
<name>Jeanne Buesser</name>
<role></role>
<image_url nophoto='false'>
<![CDATA[https://images.gr-assets.com/authors/1287084396p5/4409104.jpg]]>
</image_url>
<small_image_url nophoto='false'>
<![CDATA[https://images.gr-assets.com/authors/1287084396p2/4409104.jpg]]>
</small_image_url>
<link><![CDATA[https://www.goodreads.com/author/show/4409104.Jeanne_Buesser]]></link>
<average_rating>4.69</average_rating>
<ratings_count>16</ratings_count>
<text_reviews_count>6</text_reviews_count>
</author>
</authors>
  <published>2016</published>
</book>


      <book>
  <id type="integer">30201254</id>
  <isbn>0692565914</isbn>
  <isbn13>9780692565919</isbn13>
  <text_reviews_count type="integer">0</text_reviews_count>
  <title>Willow Tree</title>
  <title_without_series>Willow Tree</title_without_series>
  <image_url>https://images.gr-assets.com/books/1463952183m/30201254.jpg</image_url>
  <small_image_url>https://images.gr-assets.com/books/1463952183s/30201254.jpg</small_image_url>
  <large_image_url/>
  <link>https://www.goodreads.com/book/show/30201254-willow-tree</link>
  <num_pages>30</num_pages>
  <format>Paperback</format>
  <edition_information/>
  <publisher>Jeanne Buesser</publisher>
  <publication_day>30</publication_day>
  <publication_year>2016</publication_year>
  <publication_month>4</publication_month>
  <average_rating>0.0</average_rating>
  <ratings_count>0</ratings_count>
  <description>This sweet inspirational story is about a willow tree seed, and it's journey from birth to maturity. What life challenges it faces and the lesson it learns. It can be applied to anyone.</description>
<authors>
<author>
<id>4409104</id>
<name>Jeanne Buesser</name>
<role></role>
<image_url nophoto='false'>
<![CDATA[https://images.gr-assets.com/authors/1287084396p5/4409104.jpg]]>
</image_url>
<small_image_url nophoto='false'>
<![CDATA[https://images.gr-assets.com/authors/1287084396p2/4409104.jpg]]>
</small_image_url>
<link><![CDATA[https://www.goodreads.com/author/show/4409104.Jeanne_Buesser]]></link>
<average_rating>4.69</average_rating>
<ratings_count>16</ratings_count>
<text_reviews_count>6</text_reviews_count>
</author>
</authors>
  <published>2016</published>
</book>


    </books>
</author>

</GoodreadsResponse>