<?xml version="1.0" encoding="UTF-8"?>
<GoodreadsResponse>
  <Request>
    <authentication>true</authentication>
      <key><![CDATA[sySok63UyYyWi2Wof1HocA]]></key>
    <method><![CDATA[author_show]]></method>
  </Request>
  <author>
  <id>4453525</id>
  <name>Jeff Kusner</name>
  <link><![CDATA[https://www.goodreads.com/author/show/4453525.Jeff_Kusner]]></link>
  <fans_count type="integer">1</fans_count>
  <author_followers_count type="integer">1</author_followers_count>
  <large_image_url><![CDATA[https://images.gr-assets.com/authors/1487368449p7/4453525.jpg]]></large_image_url>
  <image_url><![CDATA[https://images.gr-assets.com/authors/1487368449p5/4453525.jpg]]></image_url>
  <small_image_url><![CDATA[https://images.gr-assets.com/authors/1487368449p2/4453525.jpg]]></small_image_url>
  <about><![CDATA[Follower of Jesus, love my wife, enjoy photography and technology. More info about me at <a href="http://365fearnots.com/index.php/about-the-author/" rel="nofollow">http://365fearnots.com</a>.<br /><br />Runs <a href="http://www.koozzzpublishing.com" rel="nofollow">Koozzz Publishing</a>, a small christian publishing company and <a href="http://www.thundersoftware.com" rel="nofollow">Thunder Software LLC</a> and <a href="http://www.oneyearbibleonline.com" rel="nofollow">OneYearBibleOnline.com</a>, a site to assist in reading through the Bible in a year. ]]></about>
  <influences></influences>
  <works_count>3</works_count>
  <gender>male</gender>
  <hometown></hometown>
  <born_at></born_at>
  <died_at></died_at>
  <goodreads_author>true</goodreads_author>
    <user>
  <id type="integer">5280232</id>
</user>


    <books>
      <book>
  <id type="integer">9672784</id>
  <isbn>0615402321</isbn>
  <isbn13>9780615402321</isbn13>
  <text_reviews_count type="integer">2</text_reviews_count>
  <title>Fearful to Fearless</title>
  <title_without_series>Fearful to Fearless</title_without_series>
  <image_url>https://s.gr-assets.com/assets/nophoto/book/111x148-bcc042a9c91a29c1d680899eff700a03.png</image_url>
  <small_image_url>https://s.gr-assets.com/assets/nophoto/book/50x75-a91bf249278a81aabab721ef782c4a74.png</small_image_url>
  <large_image_url/>
  <link>https://www.goodreads.com/book/show/9672784-fearful-to-fearless</link>
  <num_pages>220</num_pages>
  <format>Paperback</format>
  <edition_information/>
  <publisher>Koozzz</publisher>
  <publication_day>22</publication_day>
  <publication_year>2010</publication_year>
  <publication_month>9</publication_month>
  <average_rating>4.20</average_rating>
  <ratings_count>5</ratings_count>
  <description>Fearful To Fearless brings together almost 400 passages that demonstrate or direct us to not be afraid, to not worry or be anxious, to look to Christ for strength and comfort, and be transformed to have a worshipful fear and awe of God. Each passage of scripture is accompanied by a short biblical truth to help provide clarity and encouragement. The inspiration for Fearful To Fearless is the biblical account of Jesus calming the storm in Mark 4:35-41. It's a demonstration of Christ's power over nature and His ability to comfort us in the storm. It showcases our need to call on Him in prayer and place our trust and reliance on Him. But what we also see in this passage is the transformation from being afraid, to having the fear of God. The disciples just witnessed the power that He had over the sea and storm and realized the power that He had over them. They were now in awe, they marveled at what they just observed and were filled with the fear of God, a godly fear of the power and grace of Christ during the calm, a fear of the Lord and all His goodness, a reverent awe that was full of honor and glorifying to Christ.</description>
<authors>
<author>
<id>4453525</id>
<name>Jeff Kusner</name>
<role></role>
<image_url nophoto='false'>
<![CDATA[https://images.gr-assets.com/authors/1487368449p5/4453525.jpg]]>
</image_url>
<small_image_url nophoto='false'>
<![CDATA[https://images.gr-assets.com/authors/1487368449p2/4453525.jpg]]>
</small_image_url>
<link><![CDATA[https://www.goodreads.com/author/show/4453525.Jeff_Kusner]]></link>
<average_rating>3.86</average_rating>
<ratings_count>7</ratings_count>
<text_reviews_count>2</text_reviews_count>
</author>
</authors>
  <published>2010</published>
</book>


      <book>
  <id type="integer">9713790</id>
  <isbn nil="true"/>
  <isbn13 nil="true"/>
  <text_reviews_count type="integer">0</text_reviews_count>
  <title>Fearful To Fearless</title>
  <title_without_series>Fearful To Fearless</title_without_series>
  <image_url>https://s.gr-assets.com/assets/nophoto/book/111x148-bcc042a9c91a29c1d680899eff700a03.png</image_url>
  <small_image_url>https://s.gr-assets.com/assets/nophoto/book/50x75-a91bf249278a81aabab721ef782c4a74.png</small_image_url>
  <large_image_url/>
  <link>https://www.goodreads.com/book/show/9713790-fearful-to-fearless</link>
  <num_pages></num_pages>
  <format></format>
  <edition_information/>
  <publisher/>
  <publication_day/>
  <publication_year/>
  <publication_month/>
  <average_rating>3.00</average_rating>
  <ratings_count>2</ratings_count>
  <description></description>
<authors>
<author>
<id>4453525</id>
<name>Jeff Kusner</name>
<role></role>
<image_url nophoto='false'>
<![CDATA[https://images.gr-assets.com/authors/1487368449p5/4453525.jpg]]>
</image_url>
<small_image_url nophoto='false'>
<![CDATA[https://images.gr-assets.com/authors/1487368449p2/4453525.jpg]]>
</small_image_url>
<link><![CDATA[https://www.goodreads.com/author/show/4453525.Jeff_Kusner]]></link>
<average_rating>3.86</average_rating>
<ratings_count>7</ratings_count>
<text_reviews_count>2</text_reviews_count>
</author>
</authors>
  <published/>
</book>


      <book>
  <id type="integer">12224854</id>
  <isbn nil="true"/>
  <isbn13>2940012204134</isbn13>
  <text_reviews_count type="integer">0</text_reviews_count>
  <title>Fearful To Fearless</title>
  <title_without_series>Fearful To Fearless</title_without_series>
  <image_url>https://s.gr-assets.com/assets/nophoto/book/111x148-bcc042a9c91a29c1d680899eff700a03.png</image_url>
  <small_image_url>https://s.gr-assets.com/assets/nophoto/book/50x75-a91bf249278a81aabab721ef782c4a74.png</small_image_url>
  <large_image_url/>
  <link>https://www.goodreads.com/book/show/12224854-fearful-to-fearless</link>
  <num_pages></num_pages>
  <format></format>
  <edition_information/>
  <publisher></publisher>
  <publication_day></publication_day>
  <publication_year></publication_year>
  <publication_month></publication_month>
  <average_rating>0.0</average_rating>
  <ratings_count>0</ratings_count>
  <description></description>
<authors>
<author>
<id>4453525</id>
<name>Jeff Kusner</name>
<role></role>
<image_url nophoto='false'>
<![CDATA[https://images.gr-assets.com/authors/1487368449p5/4453525.jpg]]>
</image_url>
<small_image_url nophoto='false'>
<![CDATA[https://images.gr-assets.com/authors/1487368449p2/4453525.jpg]]>
</small_image_url>
<link><![CDATA[https://www.goodreads.com/author/show/4453525.Jeff_Kusner]]></link>
<average_rating>3.86</average_rating>
<ratings_count>7</ratings_count>
<text_reviews_count>2</text_reviews_count>
</author>
</authors>
  <published></published>
</book>


    </books>
</author>

</GoodreadsResponse>