<?xml version="1.0" encoding="UTF-8"?>
<GoodreadsResponse>
  <Request>
    <authentication>true</authentication>
      <key><![CDATA[sySok63UyYyWi2Wof1HocA]]></key>
    <method><![CDATA[author_show]]></method>
  </Request>
  <author>
  <id>4667677</id>
  <name>Kathleen E. Kelley</name>
  <link><![CDATA[https://www.goodreads.com/author/show/4667677.Kathleen_E_Kelley]]></link>
  <fans_count type="integer">0</fans_count>
  <author_followers_count type="integer">0</author_followers_count>
  <large_image_url><![CDATA[https://s.gr-assets.com/assets/nophoto/user/f_333x500-c8899232290ea51bb160dea14c29470b.png]]></large_image_url>
  <image_url><![CDATA[https://s.gr-assets.com/assets/nophoto/user/f_200x266-3061b784cc8e7f021c6430c9aba94587.png]]></image_url>
  <small_image_url><![CDATA[https://s.gr-assets.com/assets/nophoto/user/f_50x66-6a03a5c12233c941481992b82eea8d23.png]]></small_image_url>
  <about></about>
  <influences></influences>
  <works_count>2</works_count>
  <gender>female</gender>
  <hometown></hometown>
  <born_at></born_at>
  <died_at></died_at>
  <goodreads_author></goodreads_author>

    <books>
      <book>
  <id type="integer">4883234</id>
  <isbn>0895710080</isbn>
  <isbn13>9780895710086</isbn13>
  <text_reviews_count type="integer">0</text_reviews_count>
  <title>Guilt: Issues of Emotional Living in an Age of Stress for Clergy and Religious</title>
  <title_without_series>Guilt: Issues of Emotional Living in an Age of Stress for Clergy and Religious</title_without_series>
  <image_url>https://images.gr-assets.com/books/1392393816m/4883234.jpg</image_url>
  <small_image_url>https://images.gr-assets.com/books/1392393816s/4883234.jpg</small_image_url>
  <large_image_url/>
  <link>https://www.goodreads.com/book/show/4883234-guilt</link>
  <num_pages>144</num_pages>
  <format>Paperback</format>
  <edition_information/>
  <publisher>Affirmation Books</publisher>
  <publication_day/>
  <publication_year>1980</publication_year>
  <publication_month/>
  <average_rating>0.0</average_rating>
  <ratings_count>0</ratings_count>
  <description>The Fifth Psychotheological Symposium</description>
<authors>
<author>
<id>4667677</id>
<name>Kathleen E. Kelley</name>
<role>Editor</role>
<image_url nophoto='true'>
<![CDATA[https://s.gr-assets.com/assets/nophoto/user/f_200x266-3061b784cc8e7f021c6430c9aba94587.png]]>
</image_url>
<small_image_url nophoto='true'>
<![CDATA[https://s.gr-assets.com/assets/nophoto/user/f_50x66-6a03a5c12233c941481992b82eea8d23.png]]>
</small_image_url>
<link><![CDATA[https://www.goodreads.com/author/show/4667677.Kathleen_E_Kelley]]></link>
<average_rating>0.0</average_rating>
<ratings_count>0</ratings_count>
<text_reviews_count>0</text_reviews_count>
</author>
</authors>
  <published>1980</published>
</book>


      <book>
  <id type="integer">10562211</id>
  <isbn>0897668650</isbn>
  <isbn13>9780897668651</isbn13>
  <text_reviews_count type="integer">0</text_reviews_count>
  <title>Electrical Injury: A Multidisciplinary Approach to Therapy, Prevention, and Rehabilitation, Vol. 720</title>
  <title_without_series>Electrical Injury: A Multidisciplinary Approach to Therapy, Prevention, and Rehabilitation, Vol. 720</title_without_series>
  <image_url>https://s.gr-assets.com/assets/nophoto/book/111x148-bcc042a9c91a29c1d680899eff700a03.png</image_url>
  <small_image_url>https://s.gr-assets.com/assets/nophoto/book/50x75-a91bf249278a81aabab721ef782c4a74.png</small_image_url>
  <large_image_url/>
  <link>https://www.goodreads.com/book/show/10562211-electrical-injury</link>
  <num_pages></num_pages>
  <format></format>
  <edition_information/>
  <publisher></publisher>
  <publication_day></publication_day>
  <publication_year></publication_year>
  <publication_month></publication_month>
  <average_rating>0.0</average_rating>
  <ratings_count>0</ratings_count>
  <description></description>
<authors>
<author>
<id>610997</id>
<name>Raphael C. Lee</name>
<role></role>
<image_url nophoto='true'>
<![CDATA[https://s.gr-assets.com/assets/nophoto/user/u_200x266-e183445fd1a1b5cc7075bb1cf7043306.png]]>
</image_url>
<small_image_url nophoto='true'>
<![CDATA[https://s.gr-assets.com/assets/nophoto/user/u_50x66-632230dc9882b4352d753eedf9396530.png]]>
</small_image_url>
<link><![CDATA[https://www.goodreads.com/author/show/610997.Raphael_C_Lee]]></link>
<average_rating>0.0</average_rating>
<ratings_count>0</ratings_count>
<text_reviews_count>0</text_reviews_count>
</author>
</authors>
  <published></published>
</book>


    </books>
</author>

</GoodreadsResponse>