<?xml version="1.0" encoding="UTF-8"?>
<GoodreadsResponse>
  <Request>
    <authentication>true</authentication>
      <key><![CDATA[sySok63UyYyWi2Wof1HocA]]></key>
    <method><![CDATA[author_show]]></method>
  </Request>
  <author>
  <id>4681295</id>
  <name>Jacqueline Day</name>
  <link><![CDATA[https://www.goodreads.com/author/show/4681295.Jacqueline_Day]]></link>
  <fans_count type="integer">0</fans_count>
  <author_followers_count type="integer">0</author_followers_count>
  <large_image_url><![CDATA[https://images.gr-assets.com/authors/1299029800p7/4681295.jpg]]></large_image_url>
  <image_url><![CDATA[https://images.gr-assets.com/authors/1299029800p5/4681295.jpg]]></image_url>
  <small_image_url><![CDATA[https://images.gr-assets.com/authors/1299029800p2/4681295.jpg]]></small_image_url>
  <about></about>
  <influences></influences>
  <works_count>4</works_count>
  <gender>female</gender>
  <hometown></hometown>
  <born_at></born_at>
  <died_at></died_at>
  <goodreads_author>true</goodreads_author>
    <user>
  <id type="integer">5051724</id>
</user>


    <books>
      <book>
  <id type="integer">33086818</id>
  <isbn>2310007900</isbn>
  <isbn13>9782310007900</isbn13>
  <text_reviews_count type="integer">0</text_reviews_count>
  <title>Ma Vie a Fleur D'Eau</title>
  <title_without_series>Ma Vie a Fleur D'Eau</title_without_series>
  <image_url>https://s.gr-assets.com/assets/nophoto/book/111x148-bcc042a9c91a29c1d680899eff700a03.png</image_url>
  <small_image_url>https://s.gr-assets.com/assets/nophoto/book/50x75-a91bf249278a81aabab721ef782c4a74.png</small_image_url>
  <large_image_url/>
  <link>https://www.goodreads.com/book/show/33086818-ma-vie-a-fleur-d-eau</link>
  <num_pages></num_pages>
  <format>Unknown Binding</format>
  <edition_information/>
  <publisher>Amaltha(c)E</publisher>
  <publication_day>15</publication_day>
  <publication_year>2010</publication_year>
  <publication_month>12</publication_month>
  <average_rating>0.0</average_rating>
  <ratings_count>0</ratings_count>
  <description></description>
<authors>
<author>
<id>4681295</id>
<name>Jacqueline Day</name>
<role></role>
<image_url nophoto='false'>
<![CDATA[https://images.gr-assets.com/authors/1299029800p5/4681295.jpg]]>
</image_url>
<small_image_url nophoto='false'>
<![CDATA[https://images.gr-assets.com/authors/1299029800p2/4681295.jpg]]>
</small_image_url>
<link><![CDATA[https://www.goodreads.com/author/show/4681295.Jacqueline_Day]]></link>
<average_rating>0.0</average_rating>
<ratings_count>0</ratings_count>
<text_reviews_count>0</text_reviews_count>
</author>
</authors>
  <published>2010</published>
</book>


      <book>
  <id type="integer">22217520</id>
  <isbn>1452529744</isbn>
  <isbn13>9781452529745</isbn13>
  <text_reviews_count type="integer">0</text_reviews_count>
  <title>Aspiring to Mastery the Foundation: The Secret Laws of Attracting Mastery Into Your Life.</title>
  <title_without_series>Aspiring to Mastery the Foundation: The Secret Laws of Attracting Mastery Into Your Life.</title_without_series>
  <image_url>https://s.gr-assets.com/assets/nophoto/book/111x148-bcc042a9c91a29c1d680899eff700a03.png</image_url>
  <small_image_url>https://s.gr-assets.com/assets/nophoto/book/50x75-a91bf249278a81aabab721ef782c4a74.png</small_image_url>
  <large_image_url/>
  <link>https://www.goodreads.com/book/show/22217520-aspiring-to-mastery-the-foundation</link>
  <num_pages></num_pages>
  <format>ebook</format>
  <edition_information/>
  <publisher>Balboa Press</publisher>
  <publication_day>14</publication_day>
  <publication_year>2011</publication_year>
  <publication_month>9</publication_month>
  <average_rating>0.0</average_rating>
  <ratings_count>0</ratings_count>
  <description>In her book Aspiring To Mastery, Jacqueline offers you a step by step A-Z Guide and helps you to aspire to master all that you desire. The life principles, universal laws and law of attraction which you learn about in this book all belong together and compliment one another. Use them daily. Learn how your conscious mind, your subconscious mind and universal mind through thought are the key to mastering the results you want in your life. In this program you will discover how an idea, a thought, can be your inner wealth. Many of Jacqueline clients have had their biggest breakthrough in life with this realisation. Learn how to translate this into the life of your dreams.&lt;br /&gt; Discover how to tap into your resourcefulness, maximize your potential, and become an unstoppable human being. Discovering your life purpose and living with passion will be a revelation for you. Learn how you can be the cause of some great effects in your life so that you radiate joy, and follow your bliss with the greatest of passion and belief. Use Aspiring To Mastery - The Foundation to -&lt;br /&gt;&lt;br /&gt;Develop your self awareness&lt;br /&gt; Develop unlimited resourcefulness&lt;br /&gt; Communicate with elegance&lt;br /&gt; Create the future you desire&lt;br /&gt; Maximize your potential&lt;br /&gt; Discover your life purpose&lt;br /&gt; Increase your belief and confidence&lt;br /&gt; Follow your bliss, radiate joy&lt;br /&gt; Become focused on your goals&lt;br /&gt; Be creative and imaginative&lt;br /&gt; Improve your state, live with passion&lt;br /&gt; Be the cause of some great effects in your life&lt;br /&gt; Become unstoppable, achieve all that you want&lt;br /&gt; Create your own happiness, health, wealth and destiny</description>
<authors>
<author>
<id>4681295</id>
<name>Jacqueline Day</name>
<role></role>
<image_url nophoto='false'>
<![CDATA[https://images.gr-assets.com/authors/1299029800p5/4681295.jpg]]>
</image_url>
<small_image_url nophoto='false'>
<![CDATA[https://images.gr-assets.com/authors/1299029800p2/4681295.jpg]]>
</small_image_url>
<link><![CDATA[https://www.goodreads.com/author/show/4681295.Jacqueline_Day]]></link>
<average_rating>0.0</average_rating>
<ratings_count>0</ratings_count>
<text_reviews_count>0</text_reviews_count>
</author>
</authors>
  <published>2011</published>
</book>


      <book>
  <id type="integer">21362900</id>
  <isbn nil="true"/>
  <isbn13 nil="true"/>
  <text_reviews_count type="integer">0</text_reviews_count>
  <title>ASPIRING TO MASTERY The Foundation: The Secret Laws of attracting Mastery into your life.</title>
  <title_without_series>ASPIRING TO MASTERY The Foundation: The Secret Laws of attracting Mastery into your life.</title_without_series>
  <image_url>https://s.gr-assets.com/assets/nophoto/book/111x148-bcc042a9c91a29c1d680899eff700a03.png</image_url>
  <small_image_url>https://s.gr-assets.com/assets/nophoto/book/50x75-a91bf249278a81aabab721ef782c4a74.png</small_image_url>
  <large_image_url/>
  <link>https://www.goodreads.com/book/show/21362900-aspiring-to-mastery-the-foundation</link>
  <num_pages></num_pages>
  <format></format>
  <edition_information/>
  <publisher></publisher>
  <publication_day></publication_day>
  <publication_year></publication_year>
  <publication_month></publication_month>
  <average_rating>0.0</average_rating>
  <ratings_count>0</ratings_count>
  <description></description>
<authors>
<author>
<id>4681295</id>
<name>Jacqueline Day</name>
<role></role>
<image_url nophoto='false'>
<![CDATA[https://images.gr-assets.com/authors/1299029800p5/4681295.jpg]]>
</image_url>
<small_image_url nophoto='false'>
<![CDATA[https://images.gr-assets.com/authors/1299029800p2/4681295.jpg]]>
</small_image_url>
<link><![CDATA[https://www.goodreads.com/author/show/4681295.Jacqueline_Day]]></link>
<average_rating>0.0</average_rating>
<ratings_count>0</ratings_count>
<text_reviews_count>0</text_reviews_count>
</author>
</authors>
  <published></published>
</book>


      <book>
  <id type="integer">10622758</id>
  <isbn>1452529736</isbn>
  <isbn13>9781452529738</isbn13>
  <text_reviews_count type="integer">0</text_reviews_count>
  <title>Aspiring to Mastery the Foundation: The Secret Laws of Attracting Mastery Into Your Life.</title>
  <title_without_series>Aspiring to Mastery the Foundation: The Secret Laws of Attracting Mastery Into Your Life.</title_without_series>
  <image_url>https://s.gr-assets.com/assets/nophoto/book/111x148-bcc042a9c91a29c1d680899eff700a03.png</image_url>
  <small_image_url>https://s.gr-assets.com/assets/nophoto/book/50x75-a91bf249278a81aabab721ef782c4a74.png</small_image_url>
  <large_image_url/>
  <link>https://www.goodreads.com/book/show/10622758-aspiring-to-mastery-the-foundation</link>
  <num_pages>284</num_pages>
  <format>Paperback</format>
  <edition_information/>
  <publisher>Balboa Press</publisher>
  <publication_day>13</publication_day>
  <publication_year>2011</publication_year>
  <publication_month>1</publication_month>
  <average_rating>0.0</average_rating>
  <ratings_count>0</ratings_count>
  <description>In her book Aspiring To Mastery, Jacqueline offers you a step by step A-Z Guide and helps you to aspire to master all that you desire. The life principles, universal laws and law of attraction which you learn about in this book all belong together and compliment one another. Use them daily. Learn how your conscious mind, your subconscious mind and universal mind through thought are the key to mastering the results you want in your life. In this program you will discover how an idea, a thought, can be your inner wealth. Many of Jacqueline clients have had their biggest breakthrough in life with this realisation. Learn how to translate this into the life of your dreams.&lt;br /&gt; Discover how to tap into your resourcefulness, maximize your potential, and become an unstoppable human being. Discovering your life purpose and living with passion will be a revelation for you. Learn how you can be the cause of some great effects in your life so that you radiate joy, and follow your bliss with the greatest of passion and belief. Use Aspiring To Mastery - The Foundation to -&lt;br /&gt;&lt;br /&gt;Develop your self awareness&lt;br /&gt; Develop unlimited resourcefulness&lt;br /&gt; Communicate with elegance&lt;br /&gt; Create the future you desire&lt;br /&gt; Maximize your potential&lt;br /&gt; Discover your life purpose&lt;br /&gt; Increase your belief and confidence&lt;br /&gt; Follow your bliss, radiate joy&lt;br /&gt; Become focused on your goals&lt;br /&gt; Be creative and imaginative&lt;br /&gt; Improve your state, live with passion&lt;br /&gt; Be the cause of some great effects in your life&lt;br /&gt; Become unstoppable, achieve all that you want&lt;br /&gt; Create your own happiness, health, wealth and destiny</description>
<authors>
<author>
<id>4681295</id>
<name>Jacqueline Day</name>
<role></role>
<image_url nophoto='false'>
<![CDATA[https://images.gr-assets.com/authors/1299029800p5/4681295.jpg]]>
</image_url>
<small_image_url nophoto='false'>
<![CDATA[https://images.gr-assets.com/authors/1299029800p2/4681295.jpg]]>
</small_image_url>
<link><![CDATA[https://www.goodreads.com/author/show/4681295.Jacqueline_Day]]></link>
<average_rating>0.0</average_rating>
<ratings_count>0</ratings_count>
<text_reviews_count>0</text_reviews_count>
</author>
</authors>
  <published>2011</published>
</book>


    </books>
</author>

</GoodreadsResponse>