<?xml version="1.0" encoding="UTF-8"?>
<GoodreadsResponse>
  <Request>
    <authentication>true</authentication>
      <key><![CDATA[sySok63UyYyWi2Wof1HocA]]></key>
    <method><![CDATA[author_show]]></method>
  </Request>
  <author>
  <id>4684772</id>
  <name>Dave  Johnson</name>
  <link><![CDATA[https://www.goodreads.com/author/show/4684772.Dave_Johnson]]></link>
  <fans_count type="integer">19</fans_count>
  <author_followers_count type="integer">19</author_followers_count>
  <large_image_url><![CDATA[https://images.gr-assets.com/authors/1299026833p7/4684772.jpg]]></large_image_url>
  <image_url><![CDATA[https://images.gr-assets.com/authors/1299026833p5/4684772.jpg]]></image_url>
  <small_image_url><![CDATA[https://images.gr-assets.com/authors/1299026833p2/4684772.jpg]]></small_image_url>
  <about></about>
  <influences></influences>
  <works_count>1</works_count>
  <gender>male</gender>
  <hometown></hometown>
  <born_at></born_at>
  <died_at></died_at>
  <goodreads_author>true</goodreads_author>
    <user>
  <id type="integer">776528</id>
</user>


    <books>
      <book>
  <id type="integer">10602231</id>
  <isbn nil="true"/>
  <isbn13 nil="true"/>
  <text_reviews_count type="integer">3</text_reviews_count>
  <title>The Countdown</title>
  <title_without_series>The Countdown</title_without_series>
  <image_url>https://images.gr-assets.com/books/1308361611m/10602231.jpg</image_url>
  <small_image_url>https://images.gr-assets.com/books/1308361611s/10602231.jpg</small_image_url>
  <large_image_url/>
  <link>https://www.goodreads.com/book/show/10602231-the-countdown</link>
  <num_pages></num_pages>
  <format>Kindle Edition</format>
  <edition_information/>
  <publisher>Dake Publishing</publisher>
  <publication_day>24</publication_day>
  <publication_year>2011</publication_year>
  <publication_month>2</publication_month>
  <average_rating>4.75</average_rating>
  <ratings_count>8</ratings_count>
  <description>The Countdown is a labor of love for those wanting to understand Biblical themes with modern-day examples and narrative. This series counts down ten extremely important topics for every Christian, from unforgiveness and love to significance and our God-given value. Especially targeted, but not limited to, a younger audience, this book nails the contemporary analogies of these themes to books, movies, music, video games, and television. If you are tired of inaccessible theological books and want a fresh, young, current voice, The Countdown will not let you down. But the real question is, are you ready to let God change you? Are you ready to start The Countdown?</description>
<authors>
<author>
<id>4684772</id>
<name>Dave  Johnson</name>
<role></role>
<image_url nophoto='false'>
<![CDATA[https://images.gr-assets.com/authors/1299026833p5/4684772.jpg]]>
</image_url>
<small_image_url nophoto='false'>
<![CDATA[https://images.gr-assets.com/authors/1299026833p2/4684772.jpg]]>
</small_image_url>
<link><![CDATA[https://www.goodreads.com/author/show/4684772.Dave_Johnson]]></link>
<average_rating>4.75</average_rating>
<ratings_count>8</ratings_count>
<text_reviews_count>5</text_reviews_count>
</author>
</authors>
  <published>2011</published>
</book>


    </books>
</author>

</GoodreadsResponse>