<?xml version="1.0" encoding="UTF-8"?>
<GoodreadsResponse>
  <Request>
    <authentication>true</authentication>
      <key><![CDATA[sySok63UyYyWi2Wof1HocA]]></key>
    <method><![CDATA[author_show]]></method>
  </Request>
  <author>
  <id>4685176</id>
  <name>Lesa Jones (Karmel Divine)</name>
  <link><![CDATA[https://www.goodreads.com/author/show/4685176.Lesa_Jones_Karmel_Divine_]]></link>
  <fans_count type="integer">43</fans_count>
  <author_followers_count type="integer">43</author_followers_count>
  <large_image_url><![CDATA[https://images.gr-assets.com/authors/1430790600p7/4685176.jpg]]></large_image_url>
  <image_url><![CDATA[https://images.gr-assets.com/authors/1430790600p5/4685176.jpg]]></image_url>
  <small_image_url><![CDATA[https://images.gr-assets.com/authors/1430790600p2/4685176.jpg]]></small_image_url>
  <about></about>
  <influences></influences>
  <works_count>1</works_count>
  <gender>female</gender>
  <hometown></hometown>
  <born_at></born_at>
  <died_at></died_at>
  <goodreads_author>true</goodreads_author>
    <user>
  <id type="integer">1250473</id>
</user>


    <books>
      <book>
  <id type="integer">10640079</id>
  <isbn>0983393230</isbn>
  <isbn13>9780983393238</isbn13>
  <text_reviews_count type="integer">10</text_reviews_count>
  <title>Vexed</title>
  <title_without_series>Vexed</title_without_series>
  <image_url>https://images.gr-assets.com/books/1340744272m/10640079.jpg</image_url>
  <small_image_url>https://images.gr-assets.com/books/1340744272s/10640079.jpg</small_image_url>
  <large_image_url/>
  <link>https://www.goodreads.com/book/show/10640079-vexed</link>
  <num_pages>246</num_pages>
  <format>Paperback</format>
  <edition_information/>
  <publisher>La' Femme Fatale' Publishing</publisher>
  <publication_day>1</publication_day>
  <publication_year>2011</publication_year>
  <publication_month>7</publication_month>
  <average_rating>3.76</average_rating>
  <ratings_count>21</ratings_count>
  <description>The biggest problem women face in relationships is knowing when to hold on and when to let go. In some cases, there's nothing left to hold on to. VEXED explores the lives of three women in three different stereotypical relationships. The loser, the abuser, and the baller. How much is enough to make a woman finally see the light and recognize that she is worthy of so much more? Will it be Alisha, Jennifer, or Trustine that will walk away? What would you do? Would you leave or would you stay?</description>
<authors>
<author>
<id>4685176</id>
<name>Lesa Jones (Karmel Divine)</name>
<role></role>
<image_url nophoto='false'>
<![CDATA[https://images.gr-assets.com/authors/1430790600p5/4685176.jpg]]>
</image_url>
<small_image_url nophoto='false'>
<![CDATA[https://images.gr-assets.com/authors/1430790600p2/4685176.jpg]]>
</small_image_url>
<link><![CDATA[https://www.goodreads.com/author/show/4685176.Lesa_Jones_Karmel_Divine_]]></link>
<average_rating>3.76</average_rating>
<ratings_count>21</ratings_count>
<text_reviews_count>11</text_reviews_count>
</author>
</authors>
  <published>2011</published>
</book>


    </books>
</author>

</GoodreadsResponse>