<?xml version="1.0" encoding="UTF-8"?>
<GoodreadsResponse>
  <Request>
    <authentication>true</authentication>
      <key><![CDATA[sySok63UyYyWi2Wof1HocA]]></key>
    <method><![CDATA[author_show]]></method>
  </Request>
  <author>
  <id>469684</id>
  <name>Paul S Bradley</name>
  <link><![CDATA[https://www.goodreads.com/author/show/469684.Paul_S_Bradley]]></link>
  <fans_count type="integer">2</fans_count>
  <author_followers_count type="integer">2</author_followers_count>
  <large_image_url><![CDATA[https://images.gr-assets.com/authors/1453290661p7/469684.jpg]]></large_image_url>
  <image_url><![CDATA[https://images.gr-assets.com/authors/1453290661p5/469684.jpg]]></image_url>
  <small_image_url><![CDATA[https://images.gr-assets.com/authors/1453290661p2/469684.jpg]]></small_image_url>
  <about><![CDATA[Paul S Bradley, originally from London, England, lives in the delightful seaside town of Nerja, situated on the Mediterranean coast of Southern Spain.<br />Paul has traveled extensively throughout the Iberian Peninsula for over twenty years. His popular Spanish Property Guides, Lifestyle Magazines and Travelogues have been published in English, Spanish and German.<br />Stolen Lives is his debut novel.<br />]]></about>
  <influences></influences>
  <works_count>2</works_count>
  <gender>male</gender>
  <hometown>London</hometown>
  <born_at>1949/05/13</born_at>
  <died_at></died_at>
  <goodreads_author>true</goodreads_author>
    <user>
  <id type="integer">49842804</id>
</user>


    <books>
      <book>
  <id type="integer">33150862</id>
  <isbn nil="true"/>
  <isbn13>9781370115655</isbn13>
  <text_reviews_count type="integer">0</text_reviews_count>
  <title>Archiving Digital Photographs on Linux</title>
  <title_without_series>Archiving Digital Photographs on Linux</title_without_series>
  <image_url>https://images.gr-assets.com/books/1480457808m/33150862.jpg</image_url>
  <small_image_url>https://images.gr-assets.com/books/1480457808s/33150862.jpg</small_image_url>
  <large_image_url/>
  <link>https://www.goodreads.com/book/show/33150862-archiving-digital-photographs-on-linux</link>
  <num_pages></num_pages>
  <format>ebook</format>
  <edition_information/>
  <publisher>Paul Bradley</publisher>
  <publication_day>30</publication_day>
  <publication_year>2017</publication_year>
  <publication_month>6</publication_month>
  <average_rating>0.0</average_rating>
  <ratings_count>0</ratings_count>
  <description>Like the majority of people I had little interest in ensuring that my digital photo collection was sufficiently archived. That was until one day I noticed a photograph from my wedding album had become corrupted due to digital bit rot. I needed to develop a process which would ensure the family photos would be preserved and remain accessible for future generations. Now that I have young children preserving these memories has taken on even more importance.&lt;br /&gt;&lt;br /&gt;&lt;br /&gt;This book outlines a process which will help you organize your ever growing photo collection and ensures that the images are securely stored for future generations. You'll look at the merits of using cloud backup solutions &amp;amp; compare the ongoing costs against using local storage solutions. You'll learn how to use a collection of Linux command line utilities to help manage and protect your digital photo albums.&lt;br /&gt;&lt;br /&gt;&lt;br /&gt;You'll learn how to use HASHDEEP, a utility which audits your files and can be used to automate the detection of file degradation due to bit rot. PHOTOREC is a utility which can help you recover deleted photos from your cameras SD card. There is also a small section on using Dropbox's new image compression technology LEPTON which will help you save disk space for large collections of JPEG images.</description>
<authors>
<author>
<id>469684</id>
<name>Paul S Bradley</name>
<role></role>
<image_url nophoto='false'>
<![CDATA[https://images.gr-assets.com/authors/1453290661p5/469684.jpg]]>
</image_url>
<small_image_url nophoto='false'>
<![CDATA[https://images.gr-assets.com/authors/1453290661p2/469684.jpg]]>
</small_image_url>
<link><![CDATA[https://www.goodreads.com/author/show/469684.Paul_S_Bradley]]></link>
<average_rating>0.0</average_rating>
<ratings_count>0</ratings_count>
<text_reviews_count>0</text_reviews_count>
</author>
</authors>
  <published>2017</published>
</book>


      <book>
  <id type="integer">31216470</id>
  <isbn nil="true"/>
  <isbn13>9781311928634</isbn13>
  <text_reviews_count type="integer">0</text_reviews_count>
  <title>Using the XML data type within an SQL server project</title>
  <title_without_series>Using the XML data type within an SQL server project</title_without_series>
  <image_url>https://images.gr-assets.com/books/1469492344m/31216470.jpg</image_url>
  <small_image_url>https://images.gr-assets.com/books/1469492344s/31216470.jpg</small_image_url>
  <large_image_url/>
  <link>https://www.goodreads.com/book/show/31216470-using-the-xml-data-type-within-an-sql-server-project</link>
  <num_pages></num_pages>
  <format>ebook</format>
  <edition_information/>
  <publisher>Paul Bradley</publisher>
  <publication_day>18</publication_day>
  <publication_year>2016</publication_year>
  <publication_month>7</publication_month>
  <average_rating>0.0</average_rating>
  <ratings_count>0</ratings_count>
  <description>A concise book which demonstrates how and when to implement the XML data type into an SQL server project. The book covers a real life example used within a clinical application. Example SQL code shows how to create an XML field within a table, how to index both the XML paths and data values. A sample search query is given showing how to search particular XML nodes for a given value.</description>
<authors>
<author>
<id>469684</id>
<name>Paul S Bradley</name>
<role></role>
<image_url nophoto='false'>
<![CDATA[https://images.gr-assets.com/authors/1453290661p5/469684.jpg]]>
</image_url>
<small_image_url nophoto='false'>
<![CDATA[https://images.gr-assets.com/authors/1453290661p2/469684.jpg]]>
</small_image_url>
<link><![CDATA[https://www.goodreads.com/author/show/469684.Paul_S_Bradley]]></link>
<average_rating>0.0</average_rating>
<ratings_count>0</ratings_count>
<text_reviews_count>0</text_reviews_count>
</author>
</authors>
  <published>2016</published>
</book>


    </books>
</author>

</GoodreadsResponse>