<?xml version="1.0" encoding="UTF-8"?>
<GoodreadsResponse>
  <Request>
    <authentication>true</authentication>
      <key><![CDATA[sySok63UyYyWi2Wof1HocA]]></key>
    <method><![CDATA[author_show]]></method>
  </Request>
  <author>
  <id>4739777</id>
  <name>Angela Day</name>
  <link><![CDATA[https://www.goodreads.com/author/show/4739777.Angela_Day]]></link>
  <fans_count type="integer">15</fans_count>
  <author_followers_count type="integer">15</author_followers_count>
  <large_image_url><![CDATA[https://images.gr-assets.com/authors/1354501416p7/4739777.jpg]]></large_image_url>
  <image_url><![CDATA[https://images.gr-assets.com/authors/1354501416p5/4739777.jpg]]></image_url>
  <small_image_url><![CDATA[https://images.gr-assets.com/authors/1354501416p2/4739777.jpg]]></small_image_url>
  <about></about>
  <influences></influences>
  <works_count>5</works_count>
  <gender>female</gender>
  <hometown></hometown>
  <born_at></born_at>
  <died_at></died_at>
  <goodreads_author>true</goodreads_author>
    <user>
  <id type="integer">6538086</id>
</user>


    <books>
      <book>
  <id type="integer">16141358</id>
  <isbn>0615724957</isbn>
  <isbn13>9780615724959</isbn13>
  <text_reviews_count type="integer">18</text_reviews_count>
  <title>The Darkest Lie (Shaerealm, #1)</title>
  <title_without_series>The Darkest Lie</title_without_series>
  <image_url>https://images.gr-assets.com/books/1352605771m/16141358.jpg</image_url>
  <small_image_url>https://images.gr-assets.com/books/1352605771s/16141358.jpg</small_image_url>
  <large_image_url/>
  <link>https://www.goodreads.com/book/show/16141358-the-darkest-lie</link>
  <num_pages>472</num_pages>
  <format>Paperback</format>
  <edition_information/>
  <publisher>Onyx House</publisher>
  <publication_day/>
  <publication_year>2012</publication_year>
  <publication_month>11</publication_month>
  <average_rating>4.32</average_rating>
  <ratings_count>63</ratings_count>
  <description>You'd think after being drugged, taken to a secret military facility, attacked by a flying red monkey, finding out one of your parents isn't human, being shot, imprisoned, thrown out of a collapsing building and shot again, that the thing Thane wouldn't be most afraid of was his high school chemistry teacher. But you'd be wrong.&lt;br /&gt;&lt;br /&gt;15 year old Thane is invisible. At least he's worked really hard to be, and all he wants is to get through school unnoticed. Things were going well for him until Remi showed up. She's pretty, fun, outgoing, and she picked Thane for a friend. If only a temporary one. Being with Remi means everybody notices him too, even Cressida Rasmussen, the beautiful and possibly insane chemistry teacher who seems to be trying to kill him with science, and Brennan Tayler, the thirty-something man who only shows up when Thane is in trouble and who may or may not be a figment of Thane's stressed imagination.&lt;br /&gt;&lt;br /&gt;When Ms. Rasmussen ensures that a science experiment goes horribly wrong, Thane is a suspect in an attempted murder where he's the one who should have died. Brennan offers Thane a way to escape-- enter Sanctum, a secret pseudo-military organization that's been tracking him. If Thane doesn't go, at best Ms. Rasmussen will try again and next time someone might die. But if he does the price might just be Thane's freedom, humanity, and self-control. The most powerful magic and the most advanced technology together won't save him, and neither will understanding the song and science of the universe. The only hope he has is to find a way to disbelieve a lie he's been told all his life, the darkest lie we're ever told, and find out what's true for himself.</description>
<authors>
<author>
<id>4739777</id>
<name>Angela Day</name>
<role></role>
<image_url nophoto='false'>
<![CDATA[https://images.gr-assets.com/authors/1354501416p5/4739777.jpg]]>
</image_url>
<small_image_url nophoto='false'>
<![CDATA[https://images.gr-assets.com/authors/1354501416p2/4739777.jpg]]>
</small_image_url>
<link><![CDATA[https://www.goodreads.com/author/show/4739777.Angela_Day]]></link>
<average_rating>4.33</average_rating>
<ratings_count>79</ratings_count>
<text_reviews_count>23</text_reviews_count>
</author>
</authors>
  <published>2012</published>
</book>


      <book>
  <id type="integer">24205894</id>
  <isbn>0988599546</isbn>
  <isbn13>9780988599543</isbn13>
  <text_reviews_count type="integer">2</text_reviews_count>
  <title>The Sound at the Edge (Shaerealm, #2)</title>
  <title_without_series>The Sound at the Edge</title_without_series>
  <image_url>https://images.gr-assets.com/books/1420338509m/24205894.jpg</image_url>
  <small_image_url>https://images.gr-assets.com/books/1420338509s/24205894.jpg</small_image_url>
  <large_image_url/>
  <link>https://www.goodreads.com/book/show/24205894-the-sound-at-the-edge</link>
  <num_pages>430</num_pages>
  <format>Paperback</format>
  <edition_information/>
  <publisher>Onyx House</publisher>
  <publication_day>29</publication_day>
  <publication_year>2014</publication_year>
  <publication_month>12</publication_month>
  <average_rating>4.38</average_rating>
  <ratings_count>16</ratings_count>
  <description>Thane found the power of his Song in time to save his best friend Remi, but in so doing, burned it out. He's left part dragon, part human, and songless to start over again in Sanctum to train himself to control the monster that rages within. Remi comes along and discovers her mother is alive. Trapped in the Shaerealm and held captive, Remi's mother might have found a weapon that could change the balance of power in the realms forever. But Sanctum won't save her. It's up to Remi, Thane, and anyone else they can convince to come with them to break all the rules and bargain with the ancient ones to find a way across the void of space and escape to a world where all the laws of nature have changed. If they succeed they'll reunite a family. If they fail, they and anyone with them will die. And if they can't make the journey in the right way at the right time with the right people, the Weave itself may unravel and drag all their worlds into unmaking.</description>
<authors>
<author>
<id>4739777</id>
<name>Angela Day</name>
<role></role>
<image_url nophoto='false'>
<![CDATA[https://images.gr-assets.com/authors/1354501416p5/4739777.jpg]]>
</image_url>
<small_image_url nophoto='false'>
<![CDATA[https://images.gr-assets.com/authors/1354501416p2/4739777.jpg]]>
</small_image_url>
<link><![CDATA[https://www.goodreads.com/author/show/4739777.Angela_Day]]></link>
<average_rating>4.33</average_rating>
<ratings_count>79</ratings_count>
<text_reviews_count>23</text_reviews_count>
</author>
</authors>
  <published>2014</published>
</book>


      <book>
  <id type="integer">33370211</id>
  <isbn>1524565318</isbn>
  <isbn13>9781524565312</isbn13>
  <text_reviews_count type="integer">0</text_reviews_count>
  <title>Discovering a New Ground, After the Storm</title>
  <title_without_series>Discovering a New Ground, After the Storm</title_without_series>
  <image_url>https://images.gr-assets.com/books/1482996388m/33370211.jpg</image_url>
  <small_image_url>https://images.gr-assets.com/books/1482996388s/33370211.jpg</small_image_url>
  <large_image_url/>
  <link>https://www.goodreads.com/book/show/33370211-discovering-a-new-ground-after-the-storm</link>
  <num_pages></num_pages>
  <format>Hardcover</format>
  <edition_information/>
  <publisher>Xlibris</publisher>
  <publication_day>7</publication_day>
  <publication_year>2016</publication_year>
  <publication_month>12</publication_month>
  <average_rating>0.0</average_rating>
  <ratings_count>0</ratings_count>
  <description>Discovering a New Ground after the Storm is based on a true story in 2010. It will always remain an unforgettable year to Angela Day, due to the suicide of her only son. It is from out of a support group of other parents of suicide children that Angela found her mission--to tell the story of a parent who did not know the personal struggles of her child and to show that there is life after suicide. This true story was written to teach you how to transition from your heavy burdens and cares of this world, to encourage you when all hope is gone, and to show you how to connect to your inner spirit and find peace to carry you through your storm while standing on the promises of God's word in Romans 8:28 and Isaiah 55: 8-9.</description>
<authors>
<author>
<id>4739777</id>
<name>Angela Day</name>
<role></role>
<image_url nophoto='false'>
<![CDATA[https://images.gr-assets.com/authors/1354501416p5/4739777.jpg]]>
</image_url>
<small_image_url nophoto='false'>
<![CDATA[https://images.gr-assets.com/authors/1354501416p2/4739777.jpg]]>
</small_image_url>
<link><![CDATA[https://www.goodreads.com/author/show/4739777.Angela_Day]]></link>
<average_rating>4.33</average_rating>
<ratings_count>79</ratings_count>
<text_reviews_count>23</text_reviews_count>
</author>
</authors>
  <published>2016</published>
</book>


      <book>
  <id type="integer">33370210</id>
  <isbn>152456530X</isbn>
  <isbn13>9781524565305</isbn13>
  <text_reviews_count type="integer">0</text_reviews_count>
  <title>Discovering a New Ground, After the Storm</title>
  <title_without_series>Discovering a New Ground, After the Storm</title_without_series>
  <image_url>https://s.gr-assets.com/assets/nophoto/book/111x148-bcc042a9c91a29c1d680899eff700a03.png</image_url>
  <small_image_url>https://s.gr-assets.com/assets/nophoto/book/50x75-a91bf249278a81aabab721ef782c4a74.png</small_image_url>
  <large_image_url/>
  <link>https://www.goodreads.com/book/show/33370210-discovering-a-new-ground-after-the-storm</link>
  <num_pages></num_pages>
  <format>Paperback</format>
  <edition_information/>
  <publisher>Xlibris</publisher>
  <publication_day>7</publication_day>
  <publication_year>2016</publication_year>
  <publication_month>12</publication_month>
  <average_rating>0.0</average_rating>
  <ratings_count>0</ratings_count>
  <description>Discovering a New Ground after the Storm is based on a true story in 2010. It will always remain an unforgettable year to Angela Day, due to the suicide of her only son. It is from out of a support group of other parents of suicide children that Angela found her mission--to tell the story of a parent who did not know the personal struggles of her child and to show that there is life after suicide. This true story was written to teach you how to transition from your heavy burdens and cares of this world, to encourage you when all hope is gone, and to show you how to connect to your inner spirit and find peace to carry you through your storm while standing on the promises of God's word in Romans 8:28 and Isaiah 55: 8-9.</description>
<authors>
<author>
<id>4739777</id>
<name>Angela Day</name>
<role></role>
<image_url nophoto='false'>
<![CDATA[https://images.gr-assets.com/authors/1354501416p5/4739777.jpg]]>
</image_url>
<small_image_url nophoto='false'>
<![CDATA[https://images.gr-assets.com/authors/1354501416p2/4739777.jpg]]>
</small_image_url>
<link><![CDATA[https://www.goodreads.com/author/show/4739777.Angela_Day]]></link>
<average_rating>4.33</average_rating>
<ratings_count>79</ratings_count>
<text_reviews_count>23</text_reviews_count>
</author>
</authors>
  <published>2016</published>
</book>


      <book>
  <id type="integer">21608834</id>
  <isbn nil="true"/>
  <isbn13>9781458051417</isbn13>
  <text_reviews_count type="integer">0</text_reviews_count>
  <title>Let It Flow: Praise Through Prose</title>
  <title_without_series>Let It Flow: Praise Through Prose</title_without_series>
  <image_url>https://images.gr-assets.com/books/1397239460m/21608834.jpg</image_url>
  <small_image_url>https://images.gr-assets.com/books/1397239460s/21608834.jpg</small_image_url>
  <large_image_url/>
  <link>https://www.goodreads.com/book/show/21608834-let-it-flow</link>
  <num_pages></num_pages>
  <format>ebook</format>
  <edition_information/>
  <publisher>Smashwords Edition</publisher>
  <publication_day>23</publication_day>
  <publication_year>2011</publication_year>
  <publication_month>4</publication_month>
  <average_rating>0.0</average_rating>
  <ratings_count>0</ratings_count>
  <description>Let It Flow: Praise Through Prose is a collection of poems written to inspire Christian believers and help them reveal the praiser within.</description>
<authors>
<author>
<id>4739777</id>
<name>Angela Day</name>
<role></role>
<image_url nophoto='false'>
<![CDATA[https://images.gr-assets.com/authors/1354501416p5/4739777.jpg]]>
</image_url>
<small_image_url nophoto='false'>
<![CDATA[https://images.gr-assets.com/authors/1354501416p2/4739777.jpg]]>
</small_image_url>
<link><![CDATA[https://www.goodreads.com/author/show/4739777.Angela_Day]]></link>
<average_rating>4.33</average_rating>
<ratings_count>79</ratings_count>
<text_reviews_count>23</text_reviews_count>
</author>
</authors>
  <published>2011</published>
</book>


    </books>
</author>

</GoodreadsResponse>