<?xml version="1.0" encoding="UTF-8"?>
<GoodreadsResponse>
  <Request>
    <authentication>true</authentication>
      <key><![CDATA[sySok63UyYyWi2Wof1HocA]]></key>
    <method><![CDATA[author_show]]></method>
  </Request>
  <author>
  <id>4769790</id>
  <name>Tara Benwell</name>
  <link><![CDATA[https://www.goodreads.com/author/show/4769790.Tara_Benwell]]></link>
  <fans_count type="integer">27</fans_count>
  <author_followers_count type="integer">27</author_followers_count>
  <large_image_url><![CDATA[https://images.gr-assets.com/authors/1308001461p7/4769790.jpg]]></large_image_url>
  <image_url><![CDATA[https://images.gr-assets.com/authors/1308001461p5/4769790.jpg]]></image_url>
  <small_image_url><![CDATA[https://images.gr-assets.com/authors/1308001461p2/4769790.jpg]]></small_image_url>
  <about><![CDATA[Tara Benwell (<a target="_blank" href="http://www.tarabenwell.com" rel="nofollow">www.tarabenwell.com</a>) is an ESL teacher and materials writer who balances a freelance career with fiction writing and motherhood. Her debut novel, The Proper Order of Things, is available on Amazon (print or Kindle). In 2010, Tara decided to let her agent go and publish her first novel on her own. Reading this editor's comment second-hand through her agent helped Tara decide that after years of writing, revising, and waiting, it was okay to hire an editor and get the job done on her own:<br />"Sorry it's taken me forever to answer you about Tara Benwell's novel. I've really been agonizing over it! What a great book! Crazy characters, really fine writing, good narrative. I loved every minute of reading it! But I've been swamped with exceptional manuscripts. And we can publish only four or five novels per year. After struggling my way to several really difficult decisions, I find myself unfortunately having to say no. Please tell Tara how impressed I am with the novel and her writing and congratulate her. And please do keep me in mind for any of her future projects."<br />Visit Tara's website to read her blog, listen to her podcasts, and find out what she's writing next. You can also check out the discussion forum below to read the first few reviews from Tara's readers. A video reading from Chapter 1 is available on the left of this screen. Listen to Chapter 1-3 on Tara's blog: <a target="_blank" href="http://www.tarabenwell.com" rel="nofollow">www.tarabenwell.com</a><br />Follow Tara on twitter @tarabenwell]]></about>
  <influences></influences>
  <works_count>1</works_count>
  <gender>female</gender>
  <hometown></hometown>
  <born_at></born_at>
  <died_at></died_at>
  <goodreads_author>true</goodreads_author>
    <user>
  <id type="integer">3851305</id>
</user>


    <books>
      <book>
  <id type="integer">11020776</id>
  <isbn>0986865907</isbn>
  <isbn13>9780986865909</isbn13>
  <text_reviews_count type="integer">1</text_reviews_count>
  <title>The Proper Order of Things</title>
  <title_without_series>The Proper Order of Things</title_without_series>
  <image_url>https://s.gr-assets.com/assets/nophoto/book/111x148-bcc042a9c91a29c1d680899eff700a03.png</image_url>
  <small_image_url>https://s.gr-assets.com/assets/nophoto/book/50x75-a91bf249278a81aabab721ef782c4a74.png</small_image_url>
  <large_image_url/>
  <link>https://www.goodreads.com/book/show/11020776-the-proper-order-of-things</link>
  <num_pages>262</num_pages>
  <format>Paperback</format>
  <edition_information/>
  <publisher>Tara Benwell</publisher>
  <publication_day>18</publication_day>
  <publication_year>2011</publication_year>
  <publication_month>3</publication_month>
  <average_rating>5.00</average_rating>
  <ratings_count>5</ratings_count>
  <description>Inspired by the true life Connecticut circus fire of 1944, The Proper Order of Things is a coming-of-age novel set in the 1980s in Southwestern Ontario. Unsure why she is the only child (of 9) who gets to choose between moving with her dad to an apartment in the city and staying with her mother in her remote hometown, Caroline receives an answer that she will contemplate throughout her adolescent years: "You are the lucky one." With parents whose secret past haunts every limb of the family tree, and siblings who range from rats to copycats, Caroline is sure to face a difficult journey no matter which household she chooses. While her compulsive mother allows the family to multiply exponentially in hopes of replacing what was lost, her superstitious father is petrified of history repeating itself. Caroline's only hope is to move closer to Chester, the one person who truly understands the importance of a pinkie swear. In a family where a birthday is more sacred than life itself, only one member's death can reveal the truth about the others.</description>
<authors>
<author>
<id>4769790</id>
<name>Tara Benwell</name>
<role></role>
<image_url nophoto='false'>
<![CDATA[https://images.gr-assets.com/authors/1308001461p5/4769790.jpg]]>
</image_url>
<small_image_url nophoto='false'>
<![CDATA[https://images.gr-assets.com/authors/1308001461p2/4769790.jpg]]>
</small_image_url>
<link><![CDATA[https://www.goodreads.com/author/show/4769790.Tara_Benwell]]></link>
<average_rating>5.00</average_rating>
<ratings_count>5</ratings_count>
<text_reviews_count>1</text_reviews_count>
</author>
</authors>
  <published>2011</published>
</book>


    </books>
</author>

</GoodreadsResponse>