<?xml version="1.0" encoding="UTF-8"?>
<GoodreadsResponse>
  <Request>
    <authentication>true</authentication>
      <key><![CDATA[sySok63UyYyWi2Wof1HocA]]></key>
    <method><![CDATA[author_show]]></method>
  </Request>
  <author>
  <id>4779122</id>
  <name>George W. Murray</name>
  <link><![CDATA[https://www.goodreads.com/author/show/4779122.George_W_Murray]]></link>
  <fans_count type="integer">0</fans_count>
  <author_followers_count type="integer">0</author_followers_count>
  <large_image_url><![CDATA[https://s.gr-assets.com/assets/nophoto/user/m_333x500-a9c67bed07ee7e10983a5d5ccc572516.png]]></large_image_url>
  <image_url><![CDATA[https://s.gr-assets.com/assets/nophoto/user/m_200x266-d279b33f8eec0f27b7272477f09806be.png]]></image_url>
  <small_image_url><![CDATA[https://s.gr-assets.com/assets/nophoto/user/m_50x66-82093808bca726cb3249a493fbd3bd0f.png]]></small_image_url>
  <about></about>
  <influences></influences>
  <works_count>5</works_count>
  <gender>male</gender>
  <hometown></hometown>
  <born_at></born_at>
  <died_at></died_at>
  <goodreads_author></goodreads_author>

    <books>
      <book>
  <id type="integer">26691517</id>
  <isbn>1298754240</isbn>
  <isbn13>9781298754240</isbn13>
  <text_reviews_count type="integer">0</text_reviews_count>
  <title>A History of George W. Murray, and His Long Confinement at Andersonville, Georgia. Also the Starvation and Death of His Three Brothers at the Same Place</title>
  <title_without_series>A History of George W. Murray, and His Long Confinement at Andersonville, Georgia. Also the Starvation and Death of His Three Brothers at the Same Place</title_without_series>
  <image_url>https://images.gr-assets.com/books/1444646634m/26691517.jpg</image_url>
  <small_image_url>https://images.gr-assets.com/books/1444646634s/26691517.jpg</small_image_url>
  <large_image_url/>
  <link>https://www.goodreads.com/book/show/26691517-a-history-of-george-w-murray-and-his-long-confinement-at-andersonville</link>
  <num_pages>34</num_pages>
  <format>Hardcover</format>
  <edition_information/>
  <publisher>Andesite Press</publisher>
  <publication_day>12</publication_day>
  <publication_year>2015</publication_year>
  <publication_month>8</publication_month>
  <average_rating>0.0</average_rating>
  <ratings_count>0</ratings_count>
  <description>This work has been selected by scholars as being culturally important, and is part of the knowledge base of civilization as we know it. This work was reproduced from the original artifact, and remains as true to the original work as possible. Therefore, you will see the original copyright references, library stamps (as most of these works have been housed in our most important libraries around the world), and other notations in the work. This work is in the public domain in the United States of America, and possibly other nations. Within the United States, you may freely copy and distribute this work, as no entity (individual or corporate) has a copyright on the body of the work.As a reproduction of a historical artifact, this work may contain missing or blurred pages, poor pictures, errant marks, etc. Scholars believe, and we concur, that this work is important enough to be preserved, reproduced, and made generally available to the public. We appreciate your support of the preservation process, and thank you for being an important part of keeping this knowledge alive and relevant.</description>
<authors>
<author>
<id>4779122</id>
<name>George W. Murray</name>
<role></role>
<image_url nophoto='true'>
<![CDATA[https://s.gr-assets.com/assets/nophoto/user/m_200x266-d279b33f8eec0f27b7272477f09806be.png]]>
</image_url>
<small_image_url nophoto='true'>
<![CDATA[https://s.gr-assets.com/assets/nophoto/user/m_50x66-82093808bca726cb3249a493fbd3bd0f.png]]>
</small_image_url>
<link><![CDATA[https://www.goodreads.com/author/show/4779122.George_W_Murray]]></link>
<average_rating>0.0</average_rating>
<ratings_count>0</ratings_count>
<text_reviews_count>0</text_reviews_count>
</author>
</authors>
  <published>2015</published>
</book>


      <book>
  <id type="integer">20375194</id>
  <isbn>5518746946</isbn>
  <isbn13>9785518746947</isbn13>
  <text_reviews_count type="integer">0</text_reviews_count>
  <title>The Life and Adventures of Sergt. G. W. Murray</title>
  <title_without_series>The Life and Adventures of Sergt. G. W. Murray</title_without_series>
  <image_url>https://s.gr-assets.com/assets/nophoto/book/111x148-bcc042a9c91a29c1d680899eff700a03.png</image_url>
  <small_image_url>https://s.gr-assets.com/assets/nophoto/book/50x75-a91bf249278a81aabab721ef782c4a74.png</small_image_url>
  <large_image_url/>
  <link>https://www.goodreads.com/book/show/20375194-the-life-and-adventures-of-sergt-g-w-murray</link>
  <num_pages>56</num_pages>
  <format>Paperback</format>
  <edition_information/>
  <publisher>Book on Demand Ltd.</publisher>
  <publication_day>8</publication_day>
  <publication_year>2013</publication_year>
  <publication_month>8</publication_month>
  <average_rating>0.0</average_rating>
  <ratings_count>0</ratings_count>
  <description>The life and adventures of Sergt. G. W. Murray, a soldier on the Army of the Potomac. This book, "The life and adventures of Sergt. G. W. Murray," by George W. Murray, is a replication of a book originally published before 1872. It has been restored by human beings, page by page, so that you may enjoy it in a form as close to the original as possible.</description>
<authors>
<author>
<id>4779122</id>
<name>George W. Murray</name>
<role></role>
<image_url nophoto='true'>
<![CDATA[https://s.gr-assets.com/assets/nophoto/user/m_200x266-d279b33f8eec0f27b7272477f09806be.png]]>
</image_url>
<small_image_url nophoto='true'>
<![CDATA[https://s.gr-assets.com/assets/nophoto/user/m_50x66-82093808bca726cb3249a493fbd3bd0f.png]]>
</small_image_url>
<link><![CDATA[https://www.goodreads.com/author/show/4779122.George_W_Murray]]></link>
<average_rating>0.0</average_rating>
<ratings_count>0</ratings_count>
<text_reviews_count>0</text_reviews_count>
</author>
</authors>
  <published>2013</published>
</book>


    </books>
</author>

</GoodreadsResponse>