<?xml version="1.0" encoding="UTF-8"?>
<GoodreadsResponse>
  <Request>
    <authentication>true</authentication>
      <key><![CDATA[sySok63UyYyWi2Wof1HocA]]></key>
    <method><![CDATA[author_show]]></method>
  </Request>
  <author>
  <id>4802100</id>
  <name>Henry K. Simpson</name>
  <link><![CDATA[https://www.goodreads.com/author/show/4802100.Henry_K_Simpson]]></link>
  <fans_count type="integer">1</fans_count>
  <author_followers_count type="integer">1</author_followers_count>
  <large_image_url><![CDATA[https://s.gr-assets.com/assets/nophoto/user/m_333x500-a9c67bed07ee7e10983a5d5ccc572516.png]]></large_image_url>
  <image_url><![CDATA[https://s.gr-assets.com/assets/nophoto/user/m_200x266-d279b33f8eec0f27b7272477f09806be.png]]></image_url>
  <small_image_url><![CDATA[https://s.gr-assets.com/assets/nophoto/user/m_50x66-82093808bca726cb3249a493fbd3bd0f.png]]></small_image_url>
  <about></about>
  <influences></influences>
  <works_count>3</works_count>
  <gender>male</gender>
  <hometown></hometown>
  <born_at></born_at>
  <died_at></died_at>
  <goodreads_author></goodreads_author>

    <books>
      <book>
  <id type="integer">27175848</id>
  <isbn>1517289300</isbn>
  <isbn13>9781517289300</isbn13>
  <text_reviews_count type="integer">0</text_reviews_count>
  <title>Finding Elysium: Hacked 'n Wacked</title>
  <title_without_series>Finding Elysium: Hacked 'n Wacked</title_without_series>
  <image_url>https://images.gr-assets.com/books/1444882025m/27175848.jpg</image_url>
  <small_image_url>https://images.gr-assets.com/books/1444882025s/27175848.jpg</small_image_url>
  <large_image_url/>
  <link>https://www.goodreads.com/book/show/27175848-finding-elysium</link>
  <num_pages>204</num_pages>
  <format>Paperback</format>
  <edition_information/>
  <publisher>Createspace Independent Publishing Platform</publisher>
  <publication_day>9</publication_day>
  <publication_year>2015</publication_year>
  <publication_month>9</publication_month>
  <average_rating>0.0</average_rating>
  <ratings_count>0</ratings_count>
  <description>The protagonist of this tale is Ed Lane, a retired Army officer, widower, and father of a twenty-one year old daughter about to leave for law school. A few years ago, he embarrassed a congressman and was fired from his job as a Federal Police Inspector. Lately, he's been working at odd jobs-bail agent, pizza deliveryman, private investigator, and, most recently, bartender at Keiko's, a small jazz club. A Keiko's regular, the president of Elysium Analytics, hires Ed Lane to identify the person who hacked into his company's computer network and posted damaging information on the Internet. Lane interviews company founders, managers, employees, ex-employees, and others. All are dissatisfied and want something-managers, more power; employees, better working conditions and job security. All want company stock and more say in executive decisions, but the powers that be won't sell. When an Elysium co-founder is murdered, his wife hires Lane to find the killer. Two other co-founders have died recently, possibly murdered. Lane uncovers an old case of hacking followed by a murder. He theorizes that Elysium's hacking and murders were linked and follows up with an investigation that takes him to a computer chip manufacturer, marriage and family counselor, country club, decrepit RV, tank gunnery range, fanciful Oz, popular surfing spot, Elysium competitor, and lemon grove. Along the way, a suspect initiates a love affair, he tracks a killer, gets in tight spots, endures obstructive cops, applies creative interrogation techniques, unravels a twisted narrative of who did what to whom and why, and gains a greater appreciation of mom, apple pie, and the American flag.</description>
<authors>
<author>
<id>4802100</id>
<name>Henry K. Simpson</name>
<role></role>
<image_url nophoto='true'>
<![CDATA[https://s.gr-assets.com/assets/nophoto/user/m_200x266-d279b33f8eec0f27b7272477f09806be.png]]>
</image_url>
<small_image_url nophoto='true'>
<![CDATA[https://s.gr-assets.com/assets/nophoto/user/m_50x66-82093808bca726cb3249a493fbd3bd0f.png]]>
</small_image_url>
<link><![CDATA[https://www.goodreads.com/author/show/4802100.Henry_K_Simpson]]></link>
<average_rating>0.0</average_rating>
<ratings_count>0</ratings_count>
<text_reviews_count>0</text_reviews_count>
</author>
</authors>
  <published>2015</published>
</book>


      <book>
  <id type="integer">11229671</id>
  <isbn>0830626506</isbn>
  <isbn13>9780830626502</isbn13>
  <text_reviews_count type="integer">0</text_reviews_count>
  <title>Serious Programming in Basic</title>
  <title_without_series>Serious Programming in Basic</title_without_series>
  <image_url>https://s.gr-assets.com/assets/nophoto/book/111x148-bcc042a9c91a29c1d680899eff700a03.png</image_url>
  <small_image_url>https://s.gr-assets.com/assets/nophoto/book/50x75-a91bf249278a81aabab721ef782c4a74.png</small_image_url>
  <large_image_url/>
  <link>https://www.goodreads.com/book/show/11229671-serious-programming-in-basic</link>
  <num_pages></num_pages>
  <format></format>
  <edition_information/>
  <publisher></publisher>
  <publication_day></publication_day>
  <publication_year></publication_year>
  <publication_month></publication_month>
  <average_rating>0.0</average_rating>
  <ratings_count>0</ratings_count>
  <description></description>
<authors>
<author>
<id>4802100</id>
<name>Henry K. Simpson</name>
<role></role>
<image_url nophoto='true'>
<![CDATA[https://s.gr-assets.com/assets/nophoto/user/m_200x266-d279b33f8eec0f27b7272477f09806be.png]]>
</image_url>
<small_image_url nophoto='true'>
<![CDATA[https://s.gr-assets.com/assets/nophoto/user/m_50x66-82093808bca726cb3249a493fbd3bd0f.png]]>
</small_image_url>
<link><![CDATA[https://www.goodreads.com/author/show/4802100.Henry_K_Simpson]]></link>
<average_rating>0.0</average_rating>
<ratings_count>0</ratings_count>
<text_reviews_count>0</text_reviews_count>
</author>
</authors>
  <published></published>
</book>


      <book>
  <id type="integer">11164872</id>
  <isbn>0830619607</isbn>
  <isbn13>9780830619603</isbn13>
  <text_reviews_count type="integer">0</text_reviews_count>
  <title>Serious Programming for Your Apple II, IIE, IIC</title>
  <title_without_series>Serious Programming for Your Apple II, IIE, IIC</title_without_series>
  <image_url>https://s.gr-assets.com/assets/nophoto/book/111x148-bcc042a9c91a29c1d680899eff700a03.png</image_url>
  <small_image_url>https://s.gr-assets.com/assets/nophoto/book/50x75-a91bf249278a81aabab721ef782c4a74.png</small_image_url>
  <large_image_url/>
  <link>https://www.goodreads.com/book/show/11164872-serious-programming-for-your-apple-ii-iie-iic</link>
  <num_pages></num_pages>
  <format></format>
  <edition_information/>
  <publisher></publisher>
  <publication_day></publication_day>
  <publication_year></publication_year>
  <publication_month></publication_month>
  <average_rating>0.0</average_rating>
  <ratings_count>0</ratings_count>
  <description></description>
<authors>
<author>
<id>4802100</id>
<name>Henry K. Simpson</name>
<role></role>
<image_url nophoto='true'>
<![CDATA[https://s.gr-assets.com/assets/nophoto/user/m_200x266-d279b33f8eec0f27b7272477f09806be.png]]>
</image_url>
<small_image_url nophoto='true'>
<![CDATA[https://s.gr-assets.com/assets/nophoto/user/m_50x66-82093808bca726cb3249a493fbd3bd0f.png]]>
</small_image_url>
<link><![CDATA[https://www.goodreads.com/author/show/4802100.Henry_K_Simpson]]></link>
<average_rating>0.0</average_rating>
<ratings_count>0</ratings_count>
<text_reviews_count>0</text_reviews_count>
</author>
</authors>
  <published></published>
</book>


    </books>
</author>

</GoodreadsResponse>