<?xml version="1.0" encoding="UTF-8"?>
<GoodreadsResponse>
  <Request>
    <authentication>true</authentication>
      <key><![CDATA[sySok63UyYyWi2Wof1HocA]]></key>
    <method><![CDATA[author_show]]></method>
  </Request>
  <author>
  <id>4861576</id>
  <name>Emily Soroko</name>
  <link><![CDATA[https://www.goodreads.com/author/show/4861576.Emily_Soroko]]></link>
  <fans_count type="integer">2</fans_count>
  <author_followers_count type="integer">2</author_followers_count>
  <large_image_url><![CDATA[https://images.gr-assets.com/authors/1466796089p7/4861576.jpg]]></large_image_url>
  <image_url><![CDATA[https://images.gr-assets.com/authors/1466796089p5/4861576.jpg]]></image_url>
  <small_image_url><![CDATA[https://images.gr-assets.com/authors/1466796089p2/4861576.jpg]]></small_image_url>
  <about><![CDATA[Adversity expert, author, and international speaker Emily Soroko motivates, inspires and empowers her readers with insights on Scripture principles for rising above adversity. At some point in life, everyone will face adversity in one form or another. Let Emily's message of healing, restoration, transformation and hope teach you strategies to overcome adversity and embrace the opportunities it presents to live a purposeful, victorious life.<br /><br />Emily Soroko is a philanthropist and a co-founder of Jamii International Outreach Ministries, an organization that assists orphans, vulnerable children, widows and widowers in her native country Kenya. She works at the Department of State in Washington, D.C. and she lives in Fairfax, VA with her family.]]></about>
  <influences></influences>
  <works_count>1</works_count>
  <gender>female</gender>
  <hometown></hometown>
  <born_at></born_at>
  <died_at></died_at>
  <goodreads_author>true</goodreads_author>
    <user>
  <id type="integer">9132195</id>
</user>


    <books>
      <book>
  <id type="integer">11396228</id>
  <isbn>0984149775</isbn>
  <isbn13>9780984149773</isbn13>
  <text_reviews_count type="integer">0</text_reviews_count>
  <title>Rising Above Adversity: A Life Journey for High Achievers: How to Determine What You Want and Then Execute a Plan to Get It</title>
  <title_without_series>Rising Above Adversity: A Life Journey for High Achievers: How to Determine What You Want and Then Execute a Plan to Get It</title_without_series>
  <image_url>https://s.gr-assets.com/assets/nophoto/book/111x148-bcc042a9c91a29c1d680899eff700a03.png</image_url>
  <small_image_url>https://s.gr-assets.com/assets/nophoto/book/50x75-a91bf249278a81aabab721ef782c4a74.png</small_image_url>
  <large_image_url/>
  <link>https://www.goodreads.com/book/show/11396228-rising-above-adversity</link>
  <num_pages></num_pages>
  <format></format>
  <edition_information/>
  <publisher></publisher>
  <publication_day></publication_day>
  <publication_year></publication_year>
  <publication_month></publication_month>
  <average_rating>4.00</average_rating>
  <ratings_count>2</ratings_count>
  <description></description>
<authors>
<author>
<id>4861576</id>
<name>Emily Soroko</name>
<role></role>
<image_url nophoto='false'>
<![CDATA[https://images.gr-assets.com/authors/1466796089p5/4861576.jpg]]>
</image_url>
<small_image_url nophoto='false'>
<![CDATA[https://images.gr-assets.com/authors/1466796089p2/4861576.jpg]]>
</small_image_url>
<link><![CDATA[https://www.goodreads.com/author/show/4861576.Emily_Soroko]]></link>
<average_rating>4.00</average_rating>
<ratings_count>2</ratings_count>
<text_reviews_count>0</text_reviews_count>
</author>
</authors>
  <published></published>
</book>


    </books>
</author>

</GoodreadsResponse>