<?xml version="1.0" encoding="UTF-8"?>
<GoodreadsResponse>
  <Request>
    <authentication>true</authentication>
      <key><![CDATA[sySok63UyYyWi2Wof1HocA]]></key>
    <method><![CDATA[author_show]]></method>
  </Request>
  <author>
  <id>4890226</id>
  <name>C.K. Quarterman</name>
  <link><![CDATA[https://www.goodreads.com/author/show/4890226.C_K_Quarterman]]></link>
  <fans_count type="integer">4</fans_count>
  <author_followers_count type="integer">4</author_followers_count>
  <large_image_url><![CDATA[https://images.gr-assets.com/authors/1321673161p7/4890226.jpg]]></large_image_url>
  <image_url><![CDATA[https://images.gr-assets.com/authors/1321673161p5/4890226.jpg]]></image_url>
  <small_image_url><![CDATA[https://images.gr-assets.com/authors/1321673161p2/4890226.jpg]]></small_image_url>
  <about><![CDATA[CK Quarterman attended Bible college but pursued a career in business. He has also studied such varied subjects as electronics, medicine, and law while being a business and franchise owner. He is the author of The American Dream, a systematic guide to starting your own business. However, a chance encounter on an evening walk brought all of this to an abrupt end. From that evening on, Quarterman has worked solely for the purpose of exposing the darkness that soon will overtake the earth. ]]></about>
  <influences></influences>
  <works_count>8</works_count>
  <gender>male</gender>
  <hometown></hometown>
  <born_at></born_at>
  <died_at></died_at>
  <goodreads_author>true</goodreads_author>
    <user>
  <id type="integer">5561461</id>
</user>


    <books>
      <book>
  <id type="integer">13078678</id>
  <isbn>1935507893</isbn>
  <isbn13>9781935507895</isbn13>
  <text_reviews_count type="integer">7</text_reviews_count>
  <title>Fallen Angels: Giants, UFO Encounters and the New World Order</title>
  <title_without_series>Fallen Angels: Giants, UFO Encounters and the New World Order</title_without_series>
  <image_url>https://s.gr-assets.com/assets/nophoto/book/111x148-bcc042a9c91a29c1d680899eff700a03.png</image_url>
  <small_image_url>https://s.gr-assets.com/assets/nophoto/book/50x75-a91bf249278a81aabab721ef782c4a74.png</small_image_url>
  <large_image_url/>
  <link>https://www.goodreads.com/book/show/13078678-fallen-angels</link>
  <num_pages>144</num_pages>
  <format>Paperback</format>
  <edition_information/>
  <publisher>Ambassador-Emerald International</publisher>
  <publication_day>1</publication_day>
  <publication_year>2011</publication_year>
  <publication_month>12</publication_month>
  <average_rating>3.83</average_rating>
  <ratings_count>18</ratings_count>
  <description>One of the most fascinating and strategic topics in ancient texts is the record of fallen angels, giants, and UFO's. Fallen angels and giants are shrouded in mystery and belong to the age of pyramids and other great wonders of the world. It is an epoch that was destroyed by God's judgment, a flood, which left the world everlastingly changed, the evidence of which is found in the tales, folklore, and traditions of many cultures around the world. "There were giants in the earth in those days; and also after that, when the sons of God came in unto the daughters of men, and they bare children to them, the same became mighty men which were of old, men of renown" (Genesis 6:4).&lt;br /&gt;&lt;br /&gt;This vivid language defines the conspiracy of evil which has beset our world. The ancient books, Enoch and Jubilees, tell us of a race of nephilim, which are hybrids, alive in history and today, fathered by fallen angels. Strange as this may seem, the Lord declares that this conspiracy of evil is to be repeated before</description>
<authors>
<author>
<id>4890226</id>
<name>C.K. Quarterman</name>
<role></role>
<image_url nophoto='false'>
<![CDATA[https://images.gr-assets.com/authors/1321673161p5/4890226.jpg]]>
</image_url>
<small_image_url nophoto='false'>
<![CDATA[https://images.gr-assets.com/authors/1321673161p2/4890226.jpg]]>
</small_image_url>
<link><![CDATA[https://www.goodreads.com/author/show/4890226.C_K_Quarterman]]></link>
<average_rating>4.00</average_rating>
<ratings_count>29</ratings_count>
<text_reviews_count>9</text_reviews_count>
</author>
</authors>
  <published>2011</published>
</book>


      <book>
  <id type="integer">23299582</id>
  <isbn nil="true"/>
  <isbn13 nil="true"/>
  <text_reviews_count type="integer">0</text_reviews_count>
  <title>The Watchers</title>
  <title_without_series>The Watchers</title_without_series>
  <image_url>https://s.gr-assets.com/assets/nophoto/book/111x148-bcc042a9c91a29c1d680899eff700a03.png</image_url>
  <small_image_url>https://s.gr-assets.com/assets/nophoto/book/50x75-a91bf249278a81aabab721ef782c4a74.png</small_image_url>
  <large_image_url/>
  <link>https://www.goodreads.com/book/show/23299582-the-watchers</link>
  <num_pages></num_pages>
  <format></format>
  <edition_information/>
  <publisher></publisher>
  <publication_day></publication_day>
  <publication_year></publication_year>
  <publication_month></publication_month>
  <average_rating>3.80</average_rating>
  <ratings_count>5</ratings_count>
  <description></description>
<authors>
<author>
<id>4890226</id>
<name>C.K. Quarterman</name>
<role></role>
<image_url nophoto='false'>
<![CDATA[https://images.gr-assets.com/authors/1321673161p5/4890226.jpg]]>
</image_url>
<small_image_url nophoto='false'>
<![CDATA[https://images.gr-assets.com/authors/1321673161p2/4890226.jpg]]>
</small_image_url>
<link><![CDATA[https://www.goodreads.com/author/show/4890226.C_K_Quarterman]]></link>
<average_rating>4.00</average_rating>
<ratings_count>29</ratings_count>
<text_reviews_count>9</text_reviews_count>
</author>
</authors>
  <published></published>
</book>


      <book>
  <id type="integer">17044995</id>
  <isbn>1480161497</isbn>
  <isbn13>9781480161498</isbn13>
  <text_reviews_count type="integer">1</text_reviews_count>
  <title>Genesis Secrets Revealed: Primeval</title>
  <title_without_series>Genesis Secrets Revealed: Primeval</title_without_series>
  <image_url>https://images.gr-assets.com/books/1356015356m/17044995.jpg</image_url>
  <small_image_url>https://images.gr-assets.com/books/1356015356s/17044995.jpg</small_image_url>
  <large_image_url/>
  <link>https://www.goodreads.com/book/show/17044995-genesis-secrets-revealed</link>
  <num_pages>160</num_pages>
  <format>Paperback</format>
  <edition_information/>
  <publisher>Createspace</publisher>
  <publication_day>1</publication_day>
  <publication_year>2012</publication_year>
  <publication_month>10</publication_month>
  <average_rating>4.75</average_rating>
  <ratings_count>4</ratings_count>
  <description>In Genesis Secrets Revealed, CK Quarterman draws back the curtain concealing some of life's greatest mysteries. He endeavors to be as precise as possible, and concentrates on conveying the picture in ways that it has never been presented. This book is written for the layperson, not the theologian. Genesis is essential to truly understanding the Bible. The entire Bible rests on the foundation of Genesis because it forms part of all subsequent inspiration. However, many in today's society consider this book as a collection of myths, but certainly not a record of what really happened. CK Quarterman challenges that view and shows how the Cosmogony of Genesis is in direct contradiction to that of the world's creation myths. Genesis is an account of Divine creative actions, not that of myth, or the corruption of primitive truth handed down by tradition. Furthermore, Genesis is a book of origins; those of the universe, life and man. Plus, it places man in his cosmic setting, shows his particular uniqueness, and begins to trace the flow of Divine revelation through space and time. This book offers clear and concise answers to every major difficulty within Genesis, staunchly defending the authority of Scripture. In addition, it is noted for its clear exposition of Scripture, unique analysis, and readability. Ideally, it is also a model resource for personal Bible study.</description>
<authors>
<author>
<id>4890226</id>
<name>C.K. Quarterman</name>
<role></role>
<image_url nophoto='false'>
<![CDATA[https://images.gr-assets.com/authors/1321673161p5/4890226.jpg]]>
</image_url>
<small_image_url nophoto='false'>
<![CDATA[https://images.gr-assets.com/authors/1321673161p2/4890226.jpg]]>
</small_image_url>
<link><![CDATA[https://www.goodreads.com/author/show/4890226.C_K_Quarterman]]></link>
<average_rating>4.00</average_rating>
<ratings_count>29</ratings_count>
<text_reviews_count>9</text_reviews_count>
</author>
</authors>
  <published>2012</published>
</book>


      <book>
  <id type="integer">6380515</id>
  <isbn>0979418003</isbn>
  <isbn13>9780979418006</isbn13>
  <text_reviews_count type="integer">1</text_reviews_count>
  <title>The American Dream: Sixteen Steps to Successful Business Ownership</title>
  <title_without_series>The American Dream: Sixteen Steps to Successful Business Ownership</title_without_series>
  <image_url>https://s.gr-assets.com/assets/nophoto/book/111x148-bcc042a9c91a29c1d680899eff700a03.png</image_url>
  <small_image_url>https://s.gr-assets.com/assets/nophoto/book/50x75-a91bf249278a81aabab721ef782c4a74.png</small_image_url>
  <large_image_url/>
  <link>https://www.goodreads.com/book/show/6380515-the-american-dream</link>
  <num_pages></num_pages>
  <format></format>
  <edition_information/>
  <publisher></publisher>
  <publication_day></publication_day>
  <publication_year></publication_year>
  <publication_month></publication_month>
  <average_rating>5.00</average_rating>
  <ratings_count>1</ratings_count>
  <description></description>
<authors>
<author>
<id>4890226</id>
<name>C.K. Quarterman</name>
<role></role>
<image_url nophoto='false'>
<![CDATA[https://images.gr-assets.com/authors/1321673161p5/4890226.jpg]]>
</image_url>
<small_image_url nophoto='false'>
<![CDATA[https://images.gr-assets.com/authors/1321673161p2/4890226.jpg]]>
</small_image_url>
<link><![CDATA[https://www.goodreads.com/author/show/4890226.C_K_Quarterman]]></link>
<average_rating>4.00</average_rating>
<ratings_count>29</ratings_count>
<text_reviews_count>9</text_reviews_count>
</author>
</authors>
  <published></published>
</book>


      <book>
  <id type="integer">19454414</id>
  <isbn nil="true"/>
  <isbn13 nil="true"/>
  <text_reviews_count type="integer">0</text_reviews_count>
  <title>Demons &amp; Deliverance</title>
  <title_without_series>Demons &amp; Deliverance</title_without_series>
  <image_url>https://s.gr-assets.com/assets/nophoto/book/111x148-bcc042a9c91a29c1d680899eff700a03.png</image_url>
  <small_image_url>https://s.gr-assets.com/assets/nophoto/book/50x75-a91bf249278a81aabab721ef782c4a74.png</small_image_url>
  <large_image_url/>
  <link>https://www.goodreads.com/book/show/19454414-demons-deliverance</link>
  <num_pages></num_pages>
  <format></format>
  <edition_information/>
  <publisher></publisher>
  <publication_day></publication_day>
  <publication_year></publication_year>
  <publication_month></publication_month>
  <average_rating>4.00</average_rating>
  <ratings_count>1</ratings_count>
  <description>Demons, Deliverance, and Suffering ... what are they all about? Discover in these pages the origin and nature of evil and how to combat forces you cannot see. Learn what devils and demons are and what you can do to ensure you are never a victim. To understand what a person has experienced we must look to Scripture. Scripture says many things about invisible forces. This book is straight-forward, authoritative, with Biblical insights and help for those who desire to understand or escape demonic oppression. This book discusses the occult, mediums, demon possession, werewolves, vampires, and other related topics. That evil exists in this world none might argue, however if God is all-powerful and also purely good, why does He still allow suffering to exist? We look at these and other questions. Once you see how much of our world is spiritually influenced, your world view will change! You will begin to realize the spiritual war we are fighting. You will understand the forces arrayed against us. You will see the victory in Jesus' name. The world is in a slumber, hoping for a better tomorrow, but the forces of spiritual darkness take no rest and sleep not. Our sufferings are rooted in this great struggle with the powers of darkness! For we wrestle not against flesh and blood, but against principalities, against powers, against the rulers of the darkness of this world, against spiritual wickedness in high places (Ephesians 6:12).</description>
<authors>
<author>
<id>4890226</id>
<name>C.K. Quarterman</name>
<role></role>
<image_url nophoto='false'>
<![CDATA[https://images.gr-assets.com/authors/1321673161p5/4890226.jpg]]>
</image_url>
<small_image_url nophoto='false'>
<![CDATA[https://images.gr-assets.com/authors/1321673161p2/4890226.jpg]]>
</small_image_url>
<link><![CDATA[https://www.goodreads.com/author/show/4890226.C_K_Quarterman]]></link>
<average_rating>4.00</average_rating>
<ratings_count>29</ratings_count>
<text_reviews_count>9</text_reviews_count>
</author>
</authors>
  <published></published>
</book>


      <book>
  <id type="integer">25576335</id>
  <isbn nil="true"/>
  <isbn13 nil="true"/>
  <text_reviews_count type="integer">0</text_reviews_count>
  <title>Casting Out Demons</title>
  <title_without_series>Casting Out Demons</title_without_series>
  <image_url>https://s.gr-assets.com/assets/nophoto/book/111x148-bcc042a9c91a29c1d680899eff700a03.png</image_url>
  <small_image_url>https://s.gr-assets.com/assets/nophoto/book/50x75-a91bf249278a81aabab721ef782c4a74.png</small_image_url>
  <large_image_url/>
  <link>https://www.goodreads.com/book/show/25576335-casting-out-demons</link>
  <num_pages></num_pages>
  <format></format>
  <edition_information/>
  <publisher></publisher>
  <publication_day></publication_day>
  <publication_year></publication_year>
  <publication_month></publication_month>
  <average_rating>0.0</average_rating>
  <ratings_count>0</ratings_count>
  <description></description>
<authors>
<author>
<id>4890226</id>
<name>C.K. Quarterman</name>
<role></role>
<image_url nophoto='false'>
<![CDATA[https://images.gr-assets.com/authors/1321673161p5/4890226.jpg]]>
</image_url>
<small_image_url nophoto='false'>
<![CDATA[https://images.gr-assets.com/authors/1321673161p2/4890226.jpg]]>
</small_image_url>
<link><![CDATA[https://www.goodreads.com/author/show/4890226.C_K_Quarterman]]></link>
<average_rating>4.00</average_rating>
<ratings_count>29</ratings_count>
<text_reviews_count>9</text_reviews_count>
</author>
</authors>
  <published></published>
</book>


      <book>
  <id type="integer">24719167</id>
  <isbn nil="true"/>
  <isbn13 nil="true"/>
  <text_reviews_count type="integer">0</text_reviews_count>
  <title>Revelation</title>
  <title_without_series>Revelation</title_without_series>
  <image_url>https://s.gr-assets.com/assets/nophoto/book/111x148-bcc042a9c91a29c1d680899eff700a03.png</image_url>
  <small_image_url>https://s.gr-assets.com/assets/nophoto/book/50x75-a91bf249278a81aabab721ef782c4a74.png</small_image_url>
  <large_image_url/>
  <link>https://www.goodreads.com/book/show/24719167-revelation</link>
  <num_pages></num_pages>
  <format></format>
  <edition_information/>
  <publisher></publisher>
  <publication_day></publication_day>
  <publication_year></publication_year>
  <publication_month></publication_month>
  <average_rating>0.0</average_rating>
  <ratings_count>0</ratings_count>
  <description></description>
<authors>
<author>
<id>4890226</id>
<name>C.K. Quarterman</name>
<role></role>
<image_url nophoto='false'>
<![CDATA[https://images.gr-assets.com/authors/1321673161p5/4890226.jpg]]>
</image_url>
<small_image_url nophoto='false'>
<![CDATA[https://images.gr-assets.com/authors/1321673161p2/4890226.jpg]]>
</small_image_url>
<link><![CDATA[https://www.goodreads.com/author/show/4890226.C_K_Quarterman]]></link>
<average_rating>4.00</average_rating>
<ratings_count>29</ratings_count>
<text_reviews_count>9</text_reviews_count>
</author>
</authors>
  <published></published>
</book>


      <book>
  <id type="integer">11500374</id>
  <isbn nil="true"/>
  <isbn13>2940012599179</isbn13>
  <text_reviews_count type="integer">0</text_reviews_count>
  <title>The General: Nephilim Giants, Fallen Angels, and Alien Hybrids</title>
  <title_without_series>The General: Nephilim Giants, Fallen Angels, and Alien Hybrids</title_without_series>
  <image_url>https://s.gr-assets.com/assets/nophoto/book/111x148-bcc042a9c91a29c1d680899eff700a03.png</image_url>
  <small_image_url>https://s.gr-assets.com/assets/nophoto/book/50x75-a91bf249278a81aabab721ef782c4a74.png</small_image_url>
  <large_image_url/>
  <link>https://www.goodreads.com/book/show/11500374-the-general</link>
  <num_pages></num_pages>
  <format></format>
  <edition_information/>
  <publisher></publisher>
  <publication_day></publication_day>
  <publication_year></publication_year>
  <publication_month></publication_month>
  <average_rating>0.0</average_rating>
  <ratings_count>0</ratings_count>
  <description></description>
<authors>
<author>
<id>4890226</id>
<name>C.K. Quarterman</name>
<role></role>
<image_url nophoto='false'>
<![CDATA[https://images.gr-assets.com/authors/1321673161p5/4890226.jpg]]>
</image_url>
<small_image_url nophoto='false'>
<![CDATA[https://images.gr-assets.com/authors/1321673161p2/4890226.jpg]]>
</small_image_url>
<link><![CDATA[https://www.goodreads.com/author/show/4890226.C_K_Quarterman]]></link>
<average_rating>4.00</average_rating>
<ratings_count>29</ratings_count>
<text_reviews_count>9</text_reviews_count>
</author>
</authors>
  <published></published>
</book>


    </books>
</author>

</GoodreadsResponse>