<?xml version="1.0" encoding="UTF-8"?>
<GoodreadsResponse>
  <Request>
    <authentication>true</authentication>
      <key><![CDATA[sySok63UyYyWi2Wof1HocA]]></key>
    <method><![CDATA[author_show]]></method>
  </Request>
  <author>
  <id>4897246</id>
  <name>Margie Taylor Lisbona</name>
  <link><![CDATA[https://www.goodreads.com/author/show/4897246.Margie_Taylor_Lisbona]]></link>
  <fans_count type="integer">2</fans_count>
  <author_followers_count type="integer">2</author_followers_count>
  <large_image_url><![CDATA[https://images.gr-assets.com/authors/1311184988p7/4897246.jpg]]></large_image_url>
  <image_url><![CDATA[https://images.gr-assets.com/authors/1311184988p5/4897246.jpg]]></image_url>
  <small_image_url><![CDATA[https://images.gr-assets.com/authors/1311184988p2/4897246.jpg]]></small_image_url>
  <about></about>
  <influences></influences>
  <works_count>2</works_count>
  <gender>female</gender>
  <hometown></hometown>
  <born_at></born_at>
  <died_at></died_at>
  <goodreads_author>true</goodreads_author>
    <user>
  <id type="integer">5557121</id>
</user>


    <books>
      <book>
  <id type="integer">22163825</id>
  <isbn>1770675310</isbn>
  <isbn13>9781770675315</isbn13>
  <text_reviews_count type="integer">0</text_reviews_count>
  <title>Rock and Rhino Learn Responsibility</title>
  <title_without_series>Rock and Rhino Learn Responsibility</title_without_series>
  <image_url>https://s.gr-assets.com/assets/nophoto/book/111x148-bcc042a9c91a29c1d680899eff700a03.png</image_url>
  <small_image_url>https://s.gr-assets.com/assets/nophoto/book/50x75-a91bf249278a81aabab721ef782c4a74.png</small_image_url>
  <large_image_url/>
  <link>https://www.goodreads.com/book/show/22163825-rock-and-rhino-learn-responsibility</link>
  <num_pages></num_pages>
  <format>ebook</format>
  <edition_information/>
  <publisher>FriesenPress</publisher>
  <publication_day>1</publication_day>
  <publication_year>2011</publication_year>
  <publication_month>5</publication_month>
  <average_rating>0.0</average_rating>
  <ratings_count>0</ratings_count>
  <description>Have YOU ever met a "Rhino?" Have you ever witnessed a child who is being unmanageable and out of control? Perhaps you've seen this "Rhino" in an airport, restaurant, public event or even in their own home. If your answer is a resounding "YES," then this book series is made just for you!The tired and frustrated parent/guardian is ready for a better way of "training up" their children, overcoming behavioral and organizational issues. A voice to help guide them along the way. The first book in the series is "Rock &amp;amp; Rhino Learn Responsibility." This book offers an exciting and engaging way for kids to have fun and learn at the same time. The book is divided into three parts showcasing the lovable and quirky Rock &amp;amp; Rhino demonstrating fun and easy examples of what to do, and what not to do, in everyday childhood situations. The third part of the book is for "adults only." This will give you a "Treasure Trove" of information, plus the tools needed to fix the inappropriate behavior. The result will be happier kids and parents! The ultimate goal is for your children to be "ROCKSTARS" and not "Whiney Rhineys!"</description>
<authors>
<author>
<id>4897246</id>
<name>Margie Taylor Lisbona</name>
<role></role>
<image_url nophoto='false'>
<![CDATA[https://images.gr-assets.com/authors/1311184988p5/4897246.jpg]]>
</image_url>
<small_image_url nophoto='false'>
<![CDATA[https://images.gr-assets.com/authors/1311184988p2/4897246.jpg]]>
</small_image_url>
<link><![CDATA[https://www.goodreads.com/author/show/4897246.Margie_Taylor_Lisbona]]></link>
<average_rating>5.00</average_rating>
<ratings_count>2</ratings_count>
<text_reviews_count>1</text_reviews_count>
</author>
</authors>
  <published>2011</published>
</book>


      <book>
  <id type="integer">11598423</id>
  <isbn>1770675302</isbn>
  <isbn13>9781770675308</isbn13>
  <text_reviews_count type="integer">1</text_reviews_count>
  <title>Rock and Rhino Learn Responsibility</title>
  <title_without_series>Rock and Rhino Learn Responsibility</title_without_series>
  <image_url>https://s.gr-assets.com/assets/nophoto/book/111x148-bcc042a9c91a29c1d680899eff700a03.png</image_url>
  <small_image_url>https://s.gr-assets.com/assets/nophoto/book/50x75-a91bf249278a81aabab721ef782c4a74.png</small_image_url>
  <large_image_url/>
  <link>https://www.goodreads.com/book/show/11598423-rock-and-rhino-learn-responsibility</link>
  <num_pages>24</num_pages>
  <format>Paperback</format>
  <edition_information/>
  <publisher>FriesenPress</publisher>
  <publication_day>1</publication_day>
  <publication_year>2011</publication_year>
  <publication_month>5</publication_month>
  <average_rating>5.00</average_rating>
  <ratings_count>2</ratings_count>
  <description>Rock and Rhino show children RIGHTWAY examples and WRONGWAY examples, all in 'kid language' they can understand and absorb.&lt;br /&gt;&lt;br /&gt;BOOK SERIES TITLES:&lt;br /&gt;"Rock and Rhino Learn Responsibility" released June 2011&lt;br /&gt;"Rock and Rhino Learn Manners" to release 8-2013&lt;br /&gt;"Rock and Rhino Learn To Make Choices", to release 9-2013&lt;br /&gt;"Rock and Rhino Meet Bart The Bully", to release 10-2013&lt;br /&gt;"Rock and Rhino's 'A-B-C's and 1-2-3's" to release 11-2013&lt;br /&gt;"Rock and Rhino's Prayers to Pray" to release 12-2013&lt;br /&gt;"Rock and Rhino Learn The Lord's Prayer" to release 1-2014&lt;br /&gt;"Rock and Rhino Learn The 10 Commandments" to release 2-2014&lt;br /&gt;"Rock and Rhino Travel To The Old Testament" to release 3-2014&lt;br /&gt;"Rock and Rhino Travel To The New Testament" to release 4-2014&lt;br /&gt;"See The USA, The Rock And Rhino Way" to release 5-2014&lt;br /&gt;"Rock and Rhino's 'For Kids Only' Cookbook" to release 6-2014&lt;br /&gt;&lt;br /&gt;Please, if you have any questions concerning the book series, contact YaYa and the boys at:&lt;br /&gt;&lt;br /&gt;Email: yaya@rockandrhino.com OR&lt;br /&gt;Website: &lt;a target="_blank" href="http://www.rockandrhino.com" rel="nofollow"&gt;www.rockandrhino.com&lt;/a&gt;&lt;br /&gt;&lt;br /&gt;Love ya, Bye, See ya Later!&lt;br /&gt;Margie Taylor Lisbona (YaYa)&lt;br /&gt;Creator &amp;amp; Author of the "Rock &amp;amp; Rhino" series.</description>
<authors>
<author>
<id>7191252</id>
<name>Karen Dishaw</name>
<role>Illustrator</role>
<image_url nophoto='true'>
<![CDATA[https://s.gr-assets.com/assets/nophoto/user/u_200x266-e183445fd1a1b5cc7075bb1cf7043306.png]]>
</image_url>
<small_image_url nophoto='true'>
<![CDATA[https://s.gr-assets.com/assets/nophoto/user/u_50x66-632230dc9882b4352d753eedf9396530.png]]>
</small_image_url>
<link><![CDATA[https://www.goodreads.com/author/show/7191252.Karen_Dishaw]]></link>
<average_rating>4.03</average_rating>
<ratings_count>29</ratings_count>
<text_reviews_count>4</text_reviews_count>
</author>
</authors>
  <published>2011</published>
</book>


    </books>
</author>

</GoodreadsResponse>