<?xml version="1.0" encoding="UTF-8"?>
<GoodreadsResponse>
  <Request>
    <authentication>true</authentication>
      <key><![CDATA[sySok63UyYyWi2Wof1HocA]]></key>
    <method><![CDATA[author_show]]></method>
  </Request>
  <author>
  <id>4910558</id>
  <name>Leo Mark</name>
  <link><![CDATA[https://www.goodreads.com/author/show/4910558.Leo_Mark]]></link>
  <fans_count type="integer">2</fans_count>
  <author_followers_count type="integer">2</author_followers_count>
  <large_image_url><![CDATA[https://s.gr-assets.com/assets/nophoto/user/m_333x500-a9c67bed07ee7e10983a5d5ccc572516.png]]></large_image_url>
  <image_url><![CDATA[https://s.gr-assets.com/assets/nophoto/user/m_200x266-d279b33f8eec0f27b7272477f09806be.png]]></image_url>
  <small_image_url><![CDATA[https://s.gr-assets.com/assets/nophoto/user/m_50x66-82093808bca726cb3249a493fbd3bd0f.png]]></small_image_url>
  <about></about>
  <influences></influences>
  <works_count>2</works_count>
  <gender>male</gender>
  <hometown></hometown>
  <born_at></born_at>
  <died_at></died_at>
  <goodreads_author>true</goodreads_author>
    <user>
  <id type="integer">17541916</id>
</user>


    <books>
      <book>
  <id type="integer">11571306</id>
  <isbn>1461018323</isbn>
  <isbn13>9781461018322</isbn13>
  <text_reviews_count type="integer">1</text_reviews_count>
  <title>Jesus the Extraterrestrial - Origins</title>
  <title_without_series>Jesus the Extraterrestrial - Origins</title_without_series>
  <image_url>https://s.gr-assets.com/assets/nophoto/book/111x148-bcc042a9c91a29c1d680899eff700a03.png</image_url>
  <small_image_url>https://s.gr-assets.com/assets/nophoto/book/50x75-a91bf249278a81aabab721ef782c4a74.png</small_image_url>
  <large_image_url/>
  <link>https://www.goodreads.com/book/show/11571306-jesus-the-extraterrestrial---origins</link>
  <num_pages>338</num_pages>
  <format>Paperback</format>
  <edition_information/>
  <publisher>Createspace Independent Publishing Platform</publisher>
  <publication_day>1</publication_day>
  <publication_year>2011</publication_year>
  <publication_month>6</publication_month>
  <average_rating>4.23</average_rating>
  <ratings_count>22</ratings_count>
  <description>See the Book trailer in http: //JesusTheExtraterrestrial.com What is the true origin of Jesus? Who is the real Jesus Christ? Who is the real Satan? What is the true origin of mankind? These and many other questions will be answered in this novel which is based on historical documents. The year is 34 AD. While Jesus is taken to Calvary to be crucified, in the desert nearby a spaceship descends from the skies and the occupant approaches Joseph of Arimathaea and gives him a cylinder in which he is to collect and keep the blood of Jesus. Joseph believes that it is an angel of God, and does as he is told. He collects the blood of Jesus and hides the cylinder inside the chalice which Jesus used at the Last Supper. The blood of Jesus... The lineage of Jesus Christ and Mary Magdalene. Time passes. 1992: Jesus is born again, now with the name of David. The Illuminati, members of a secret society linked to Satan, begin to pursue the boy. Years later, David is taken into a spaceship whose occupants reveal who he really is, what his mission is on earth and the true origin of mankind. Some time later, David returns to the USA and embarks on his mission: to prepare mankind for the return of the first Jesus Christ and for Armageddon, the Third World War and the final conflict between Jesus Christ and Satan. First however he must prevent Satan from dominating the world through the New World Order set up by the Illuminati in order to enslave mankind again. Get ready to read an exciting story, packed with revelations, which starts with Jesus The Extraterrestrial - Origins.</description>
<authors>
<author>
<id>4910558</id>
<name>Leo Mark</name>
<role></role>
<image_url nophoto='true'>
<![CDATA[https://s.gr-assets.com/assets/nophoto/user/m_200x266-d279b33f8eec0f27b7272477f09806be.png]]>
</image_url>
<small_image_url nophoto='true'>
<![CDATA[https://s.gr-assets.com/assets/nophoto/user/m_50x66-82093808bca726cb3249a493fbd3bd0f.png]]>
</small_image_url>
<link><![CDATA[https://www.goodreads.com/author/show/4910558.Leo_Mark]]></link>
<average_rating>4.23</average_rating>
<ratings_count>22</ratings_count>
<text_reviews_count>2</text_reviews_count>
</author>
</authors>
  <published>2011</published>
</book>


      <book>
  <id type="integer">20930142</id>
  <isbn nil="true"/>
  <isbn13 nil="true"/>
  <text_reviews_count type="integer">0</text_reviews_count>
  <title>A Origem - Jesus Extraterrestre</title>
  <title_without_series>A Origem - Jesus Extraterrestre</title_without_series>
  <image_url>https://s.gr-assets.com/assets/nophoto/book/111x148-bcc042a9c91a29c1d680899eff700a03.png</image_url>
  <small_image_url>https://s.gr-assets.com/assets/nophoto/book/50x75-a91bf249278a81aabab721ef782c4a74.png</small_image_url>
  <large_image_url/>
  <link>https://www.goodreads.com/book/show/20930142-a-origem---jesus-extraterrestre</link>
  <num_pages></num_pages>
  <format></format>
  <edition_information/>
  <publisher></publisher>
  <publication_day></publication_day>
  <publication_year></publication_year>
  <publication_month></publication_month>
  <average_rating>0.0</average_rating>
  <ratings_count>0</ratings_count>
  <description></description>
<authors>
<author>
<id>4910558</id>
<name>Leo Mark</name>
<role></role>
<image_url nophoto='true'>
<![CDATA[https://s.gr-assets.com/assets/nophoto/user/m_200x266-d279b33f8eec0f27b7272477f09806be.png]]>
</image_url>
<small_image_url nophoto='true'>
<![CDATA[https://s.gr-assets.com/assets/nophoto/user/m_50x66-82093808bca726cb3249a493fbd3bd0f.png]]>
</small_image_url>
<link><![CDATA[https://www.goodreads.com/author/show/4910558.Leo_Mark]]></link>
<average_rating>4.23</average_rating>
<ratings_count>22</ratings_count>
<text_reviews_count>2</text_reviews_count>
</author>
</authors>
  <published></published>
</book>


    </books>
</author>

</GoodreadsResponse>