<?xml version="1.0" encoding="UTF-8"?>
<GoodreadsResponse>
  <Request>
    <authentication>true</authentication>
      <key><![CDATA[sySok63UyYyWi2Wof1HocA]]></key>
    <method><![CDATA[author_show]]></method>
  </Request>
  <author>
  <id>4970378</id>
  <name>Connie Dunn</name>
  <link><![CDATA[https://www.goodreads.com/author/show/4970378.Connie_Dunn]]></link>
  <fans_count type="integer">3</fans_count>
  <author_followers_count type="integer">3</author_followers_count>
  <large_image_url><![CDATA[https://s.gr-assets.com/assets/nophoto/user/f_333x500-c8899232290ea51bb160dea14c29470b.png]]></large_image_url>
  <image_url><![CDATA[https://s.gr-assets.com/assets/nophoto/user/f_200x266-3061b784cc8e7f021c6430c9aba94587.png]]></image_url>
  <small_image_url><![CDATA[https://s.gr-assets.com/assets/nophoto/user/f_50x66-6a03a5c12233c941481992b82eea8d23.png]]></small_image_url>
  <about></about>
  <influences></influences>
  <works_count>43</works_count>
  <gender>female</gender>
  <hometown></hometown>
  <born_at></born_at>
  <died_at></died_at>
  <goodreads_author>true</goodreads_author>
    <user>
  <id type="integer">29579714</id>
</user>


    <books>
      <book>
  <id type="integer">29883061</id>
  <isbn>1483446093</isbn>
  <isbn13>9781483446097</isbn13>
  <text_reviews_count type="integer">1</text_reviews_count>
  <title>Touch of Jules</title>
  <title_without_series>Touch of Jules</title_without_series>
  <image_url>https://s.gr-assets.com/assets/nophoto/book/111x148-bcc042a9c91a29c1d680899eff700a03.png</image_url>
  <small_image_url>https://s.gr-assets.com/assets/nophoto/book/50x75-a91bf249278a81aabab721ef782c4a74.png</small_image_url>
  <large_image_url/>
  <link>https://www.goodreads.com/book/show/29883061-touch-of-jules</link>
  <num_pages>456</num_pages>
  <format>Hardcover</format>
  <edition_information/>
  <publisher>Lulu Publishing Services</publisher>
  <publication_day>23</publication_day>
  <publication_year>2012</publication_year>
  <publication_month>3</publication_month>
  <average_rating>4.14</average_rating>
  <ratings_count>7</ratings_count>
  <description>Forty-year-old Julia Whitman is finally independent after escaping from a controlling mother and an adulterous husband. Julia has left her past behind in Missouri and made a new life for herself in Scottsdale, Arizona. She and her friend Lauren have open</description>
<authors>
<author>
<id>4970378</id>
<name>Connie Dunn</name>
<role></role>
<image_url nophoto='true'>
<![CDATA[https://s.gr-assets.com/assets/nophoto/user/f_200x266-3061b784cc8e7f021c6430c9aba94587.png]]>
</image_url>
<small_image_url nophoto='true'>
<![CDATA[https://s.gr-assets.com/assets/nophoto/user/f_50x66-6a03a5c12233c941481992b82eea8d23.png]]>
</small_image_url>
<link><![CDATA[https://www.goodreads.com/author/show/4970378.Connie_Dunn]]></link>
<average_rating>4.18</average_rating>
<ratings_count>11</ratings_count>
<text_reviews_count>3</text_reviews_count>
</author>
</authors>
  <published>2012</published>
</book>


      <book>
  <id type="integer">12996295</id>
  <isbn>0615531954</isbn>
  <isbn13>9780615531953</isbn13>
  <text_reviews_count type="integer">0</text_reviews_count>
  <title>Miss Odell: The Privileges of Being Present at the End of Her Life</title>
  <title_without_series>Miss Odell: The Privileges of Being Present at the End of Her Life</title_without_series>
  <image_url>https://s.gr-assets.com/assets/nophoto/book/111x148-bcc042a9c91a29c1d680899eff700a03.png</image_url>
  <small_image_url>https://s.gr-assets.com/assets/nophoto/book/50x75-a91bf249278a81aabab721ef782c4a74.png</small_image_url>
  <large_image_url/>
  <link>https://www.goodreads.com/book/show/12996295-miss-odell</link>
  <num_pages>136</num_pages>
  <format>Paperback</format>
  <edition_information/>
  <publisher>Nature Woman Wisdom</publisher>
  <publication_day>4</publication_day>
  <publication_year>2011</publication_year>
  <publication_month>10</publication_month>
  <average_rating>4.00</average_rating>
  <ratings_count>2</ratings_count>
  <description>A book about taking care of an elder and being there for the end of their life. There are pearls for those who are there at the end of anyone's life. This is the story about my mom, Miss Odell, and the privileges that I reaped from being present at the end of her life.</description>
<authors>
<author>
<id>4970378</id>
<name>Connie Dunn</name>
<role></role>
<image_url nophoto='true'>
<![CDATA[https://s.gr-assets.com/assets/nophoto/user/f_200x266-3061b784cc8e7f021c6430c9aba94587.png]]>
</image_url>
<small_image_url nophoto='true'>
<![CDATA[https://s.gr-assets.com/assets/nophoto/user/f_50x66-6a03a5c12233c941481992b82eea8d23.png]]>
</small_image_url>
<link><![CDATA[https://www.goodreads.com/author/show/4970378.Connie_Dunn]]></link>
<average_rating>4.18</average_rating>
<ratings_count>11</ratings_count>
<text_reviews_count>3</text_reviews_count>
</author>
</authors>
  <published>2011</published>
</book>


      <book>
  <id type="integer">27823760</id>
  <isbn nil="true"/>
  <isbn13 nil="true"/>
  <text_reviews_count type="integer">0</text_reviews_count>
  <title>The Celebrity Authorpreneur: From Entrepreneur Coach to Celebrity Authorpreneur Coach</title>
  <title_without_series>The Celebrity Authorpreneur: From Entrepreneur Coach to Celebrity Authorpreneur Coach</title_without_series>
  <image_url>https://s.gr-assets.com/assets/nophoto/book/111x148-bcc042a9c91a29c1d680899eff700a03.png</image_url>
  <small_image_url>https://s.gr-assets.com/assets/nophoto/book/50x75-a91bf249278a81aabab721ef782c4a74.png</small_image_url>
  <large_image_url/>
  <link>https://www.goodreads.com/book/show/27823760-the-celebrity-authorpreneur</link>
  <num_pages></num_pages>
  <format></format>
  <edition_information/>
  <publisher></publisher>
  <publication_day></publication_day>
  <publication_year></publication_year>
  <publication_month></publication_month>
  <average_rating>5.00</average_rating>
  <ratings_count>1</ratings_count>
  <description></description>
<authors>
<author>
<id>4970378</id>
<name>Connie Dunn</name>
<role></role>
<image_url nophoto='true'>
<![CDATA[https://s.gr-assets.com/assets/nophoto/user/f_200x266-3061b784cc8e7f021c6430c9aba94587.png]]>
</image_url>
<small_image_url nophoto='true'>
<![CDATA[https://s.gr-assets.com/assets/nophoto/user/f_50x66-6a03a5c12233c941481992b82eea8d23.png]]>
</small_image_url>
<link><![CDATA[https://www.goodreads.com/author/show/4970378.Connie_Dunn]]></link>
<average_rating>4.18</average_rating>
<ratings_count>11</ratings_count>
<text_reviews_count>3</text_reviews_count>
</author>
</authors>
  <published></published>
</book>


      <book>
  <id type="integer">17574463</id>
  <isbn>0615747701</isbn>
  <isbn13>9780615747705</isbn13>
  <text_reviews_count type="integer">1</text_reviews_count>
  <title>The Fairies of Ferry Beach: And Other Stories</title>
  <title_without_series>The Fairies of Ferry Beach: And Other Stories</title_without_series>
  <image_url>https://images.gr-assets.com/books/1363585461m/17574463.jpg</image_url>
  <small_image_url>https://images.gr-assets.com/books/1363585461s/17574463.jpg</small_image_url>
  <large_image_url/>
  <link>https://www.goodreads.com/book/show/17574463-the-fairies-of-ferry-beach</link>
  <num_pages>92</num_pages>
  <format>Paperback</format>
  <edition_information/>
  <publisher>Nature Woman Wisdom</publisher>
  <publication_day>2</publication_day>
  <publication_year>2013</publication_year>
  <publication_month>1</publication_month>
  <average_rating>4.00</average_rating>
  <ratings_count>1</ratings_count>
  <description>This book is a collection of stories for all ages. Learn about Quillen Shinn, founder of Ferry Beach Camp and Conference Center over 200 years ago. Laugh at Aunt Twit and the Texas Mosquitos. Experience a kid camp with Willie the Whale. Experience a Banathalon with the Fairies of Ferry Beach. Learn the lessons in stories, such as Musca and the Chalice, Three Wise Unitarians, and Seeds for Pumpkin.</description>
<authors>
<author>
<id>4970378</id>
<name>Connie Dunn</name>
<role></role>
<image_url nophoto='true'>
<![CDATA[https://s.gr-assets.com/assets/nophoto/user/f_200x266-3061b784cc8e7f021c6430c9aba94587.png]]>
</image_url>
<small_image_url nophoto='true'>
<![CDATA[https://s.gr-assets.com/assets/nophoto/user/f_50x66-6a03a5c12233c941481992b82eea8d23.png]]>
</small_image_url>
<link><![CDATA[https://www.goodreads.com/author/show/4970378.Connie_Dunn]]></link>
<average_rating>4.18</average_rating>
<ratings_count>11</ratings_count>
<text_reviews_count>3</text_reviews_count>
</author>
</authors>
  <published>2013</published>
</book>


      <book>
  <id type="integer">33908908</id>
  <isbn>1542309670</isbn>
  <isbn13>9781542309677</isbn13>
  <text_reviews_count type="integer">0</text_reviews_count>
  <title>My Personal Journey with Ceres and Proserpina</title>
  <title_without_series>My Personal Journey with Ceres and Proserpina</title_without_series>
  <image_url>https://images.gr-assets.com/books/1484916816m/33908908.jpg</image_url>
  <small_image_url>https://images.gr-assets.com/books/1484916816s/33908908.jpg</small_image_url>
  <large_image_url/>
  <link>https://www.goodreads.com/book/show/33908908-my-personal-journey-with-ceres-and-proserpina</link>
  <num_pages></num_pages>
  <format>Paperback</format>
  <edition_information/>
  <publisher>Createspace Independent Publishing Platform</publisher>
  <publication_day>1</publication_day>
  <publication_year>2017</publication_year>
  <publication_month>1</publication_month>
  <average_rating>0.0</average_rating>
  <ratings_count>0</ratings_count>
  <description>This Journal is about the Roman Goddesses Ceres and Proserpina, who are the Goddesses of Grain and Fertility. My Personal Journey with Ceres and Proserpina is scheduled to be released during the week of September 5. The focus of this Journal is Trust. Ceres and Proserpina were not only Mother and Daughter but friends. However, one day Ceres went out with friends and came home late. When her mother inquired about where she had been, Proserpina was not straight forward with her answer. This happened over and over. One day Proserpina did leave and Ceres was so upset, she laid down and mourned. She did not tend to the fields of grain. All the leaves fell off the trees. Snow fell and covered the earth. Then, one day a tear fell from her eye and a new green shoot grew where it fell. Ceres did not TRUST that her daughter would return. This Journal contains the story of Ceres and Proserpina, information about our focus - trust, a reflection, and 31 Guided Daily Journal Pages, plus Coloring and Doodling Pages scattered throughout.</description>
<authors>
<author>
<id>4970378</id>
<name>Connie Dunn</name>
<role></role>
<image_url nophoto='true'>
<![CDATA[https://s.gr-assets.com/assets/nophoto/user/f_200x266-3061b784cc8e7f021c6430c9aba94587.png]]>
</image_url>
<small_image_url nophoto='true'>
<![CDATA[https://s.gr-assets.com/assets/nophoto/user/f_50x66-6a03a5c12233c941481992b82eea8d23.png]]>
</small_image_url>
<link><![CDATA[https://www.goodreads.com/author/show/4970378.Connie_Dunn]]></link>
<average_rating>4.18</average_rating>
<ratings_count>11</ratings_count>
<text_reviews_count>3</text_reviews_count>
</author>
</authors>
  <published>2017</published>
</book>


      <book>
  <id type="integer">33528658</id>
  <isbn>1539530086</isbn>
  <isbn13>9781539530084</isbn13>
  <text_reviews_count type="integer">0</text_reviews_count>
  <title>Legend of Lovers' Leap</title>
  <title_without_series>Legend of Lovers' Leap</title_without_series>
  <image_url>https://images.gr-assets.com/books/1482347335m/33528658.jpg</image_url>
  <small_image_url>https://images.gr-assets.com/books/1482347335s/33528658.jpg</small_image_url>
  <large_image_url/>
  <link>https://www.goodreads.com/book/show/33528658-legend-of-lovers-leap</link>
  <num_pages></num_pages>
  <format>Paperback</format>
  <edition_information/>
  <publisher>Createspace Independent Publishing Platform</publisher>
  <publication_day>14</publication_day>
  <publication_year>2016</publication_year>
  <publication_month>10</publication_month>
  <average_rating>0.0</average_rating>
  <ratings_count>0</ratings_count>
  <description>Legend of Lovers' Leap is the tragic story of two young lovers, much like Shakespeare's Romeo and Juliet, who are forbidden to act on their love because of differences between two Peoples (tribes). Little Rainbow and He Who Runs Like Lightning were children of chiefs, the leaders of their People. For years, the two children had met at the Bosque River, which separated the two villages. They swam, chased rabbits, and did what children everywhere and in any time period do: play. Through their play, the children grew into young adults as best friends and secret from their families and villages. They knew only too well what the sentiments of their villages were. Each hated the other village and considered them an enemy. Here in the 21st Century, the differences between countries, cultures, and religions still exist. This is a timeless story from which we can all learn.</description>
<authors>
<author>
<id>4970378</id>
<name>Connie Dunn</name>
<role></role>
<image_url nophoto='true'>
<![CDATA[https://s.gr-assets.com/assets/nophoto/user/f_200x266-3061b784cc8e7f021c6430c9aba94587.png]]>
</image_url>
<small_image_url nophoto='true'>
<![CDATA[https://s.gr-assets.com/assets/nophoto/user/f_50x66-6a03a5c12233c941481992b82eea8d23.png]]>
</small_image_url>
<link><![CDATA[https://www.goodreads.com/author/show/4970378.Connie_Dunn]]></link>
<average_rating>4.18</average_rating>
<ratings_count>11</ratings_count>
<text_reviews_count>3</text_reviews_count>
</author>
</authors>
  <published>2016</published>
</book>


      <book>
  <id type="integer">32779811</id>
  <isbn>1539545881</isbn>
  <isbn13>9781539545880</isbn13>
  <text_reviews_count type="integer">0</text_reviews_count>
  <title>My Personal Journey with Selu Corn Woman</title>
  <title_without_series>My Personal Journey with Selu Corn Woman</title_without_series>
  <image_url>https://s.gr-assets.com/assets/nophoto/book/111x148-bcc042a9c91a29c1d680899eff700a03.png</image_url>
  <small_image_url>https://s.gr-assets.com/assets/nophoto/book/50x75-a91bf249278a81aabab721ef782c4a74.png</small_image_url>
  <large_image_url/>
  <link>https://www.goodreads.com/book/show/32779811-my-personal-journey-with-selu-corn-woman</link>
  <num_pages></num_pages>
  <format>Paperback</format>
  <edition_information/>
  <publisher>Createspace Independent Publishing Platform</publisher>
  <publication_day>15</publication_day>
  <publication_year>2016</publication_year>
  <publication_month>10</publication_month>
  <average_rating>0.0</average_rating>
  <ratings_count>0</ratings_count>
  <description>My Personal Journey with Selu Corn Woman is all about exploring our Motherly Love. Mothers are givers of love, sustenance, and emotional support. Mothers often profess that they will give their life for their children. Selu Corn Woman does give her life to bring corn and beans to the People and to provide sustenance for her children. Our Personal Journey involves many paths. Please note that there are 12 different Personal Journey Journals, each with a different focus. Each journal is a 31-day journal to accommodate months with 28-31 days. With 12 Journals in all, this makes one year's worth of journaling. To see which Goddesses are included, see the list at the back of this journal.</description>
<authors>
<author>
<id>4970378</id>
<name>Connie Dunn</name>
<role></role>
<image_url nophoto='true'>
<![CDATA[https://s.gr-assets.com/assets/nophoto/user/f_200x266-3061b784cc8e7f021c6430c9aba94587.png]]>
</image_url>
<small_image_url nophoto='true'>
<![CDATA[https://s.gr-assets.com/assets/nophoto/user/f_50x66-6a03a5c12233c941481992b82eea8d23.png]]>
</small_image_url>
<link><![CDATA[https://www.goodreads.com/author/show/4970378.Connie_Dunn]]></link>
<average_rating>4.18</average_rating>
<ratings_count>11</ratings_count>
<text_reviews_count>3</text_reviews_count>
</author>
</authors>
  <published>2016</published>
</book>


      <book>
  <id type="integer">32682884</id>
  <isbn>1537558919</isbn>
  <isbn13>9781537558912</isbn13>
  <text_reviews_count type="integer">0</text_reviews_count>
  <title>My Personal Journey with Gaia</title>
  <title_without_series>My Personal Journey with Gaia</title_without_series>
  <image_url>https://images.gr-assets.com/books/1476871692m/32682884.jpg</image_url>
  <small_image_url>https://images.gr-assets.com/books/1476871692s/32682884.jpg</small_image_url>
  <large_image_url/>
  <link>https://www.goodreads.com/book/show/32682884-my-personal-journey-with-gaia</link>
  <num_pages></num_pages>
  <format>Paperback</format>
  <edition_information/>
  <publisher>Createspace Independent Publishing Platform</publisher>
  <publication_day>7</publication_day>
  <publication_year>2016</publication_year>
  <publication_month>9</publication_month>
  <average_rating>0.0</average_rating>
  <ratings_count>0</ratings_count>
  <description>Book 6: My Personal Journey with Gaia (Nurturing). This journal is about the Greek Goddess Gaia. She is literally our Mother Earth. She will Teach You About Nurturing.</description>
<authors>
<author>
<id>4970378</id>
<name>Connie Dunn</name>
<role></role>
<image_url nophoto='true'>
<![CDATA[https://s.gr-assets.com/assets/nophoto/user/f_200x266-3061b784cc8e7f021c6430c9aba94587.png]]>
</image_url>
<small_image_url nophoto='true'>
<![CDATA[https://s.gr-assets.com/assets/nophoto/user/f_50x66-6a03a5c12233c941481992b82eea8d23.png]]>
</small_image_url>
<link><![CDATA[https://www.goodreads.com/author/show/4970378.Connie_Dunn]]></link>
<average_rating>4.18</average_rating>
<ratings_count>11</ratings_count>
<text_reviews_count>3</text_reviews_count>
</author>
</authors>
  <published>2016</published>
</book>


      <book>
  <id type="integer">31860373</id>
  <isbn>1537395874</isbn>
  <isbn13>9781537395876</isbn13>
  <text_reviews_count type="integer">0</text_reviews_count>
  <title>Children's Book Writing System: 30-Day Challenge Workbook</title>
  <title_without_series>Children's Book Writing System: 30-Day Challenge Workbook</title_without_series>
  <image_url>https://images.gr-assets.com/books/1473404182m/31860373.jpg</image_url>
  <small_image_url>https://images.gr-assets.com/books/1473404182s/31860373.jpg</small_image_url>
  <large_image_url/>
  <link>https://www.goodreads.com/book/show/31860373-children-s-book-writing-system</link>
  <num_pages>146</num_pages>
  <format>Paperback</format>
  <edition_information/>
  <publisher>Createspace Independent Publishing Platform</publisher>
  <publication_day>30</publication_day>
  <publication_year>2016</publication_year>
  <publication_month>8</publication_month>
  <average_rating>0.0</average_rating>
  <ratings_count>0</ratings_count>
  <description>The "Children's Book Writing System" is part of the "Behind the Scenes with Connie" series. This 30-Day Challenge Workbook is filled with information, journal pages, and worksheets, which all help you write your children's book. From concept to marketing, this workbook is designed to take you step-by-step to write your book - whether you publish indie or traditionally.</description>
<authors>
<author>
<id>4970378</id>
<name>Connie Dunn</name>
<role></role>
<image_url nophoto='true'>
<![CDATA[https://s.gr-assets.com/assets/nophoto/user/f_200x266-3061b784cc8e7f021c6430c9aba94587.png]]>
</image_url>
<small_image_url nophoto='true'>
<![CDATA[https://s.gr-assets.com/assets/nophoto/user/f_50x66-6a03a5c12233c941481992b82eea8d23.png]]>
</small_image_url>
<link><![CDATA[https://www.goodreads.com/author/show/4970378.Connie_Dunn]]></link>
<average_rating>4.18</average_rating>
<ratings_count>11</ratings_count>
<text_reviews_count>3</text_reviews_count>
</author>
</authors>
  <published>2016</published>
</book>


      <book>
  <id type="integer">31167708</id>
  <isbn>1535155078</isbn>
  <isbn13>9781535155076</isbn13>
  <text_reviews_count type="integer">0</text_reviews_count>
  <title>My Personal Journey with Yemaya</title>
  <title_without_series>My Personal Journey with Yemaya</title_without_series>
  <image_url>https://s.gr-assets.com/assets/nophoto/book/111x148-bcc042a9c91a29c1d680899eff700a03.png</image_url>
  <small_image_url>https://s.gr-assets.com/assets/nophoto/book/50x75-a91bf249278a81aabab721ef782c4a74.png</small_image_url>
  <large_image_url/>
  <link>https://www.goodreads.com/book/show/31167708-my-personal-journey-with-yemaya</link>
  <num_pages>88</num_pages>
  <format>Paperback</format>
  <edition_information/>
  <publisher>Createspace Independent Publishing Platform</publisher>
  <publication_day>6</publication_day>
  <publication_year>2016</publication_year>
  <publication_month>7</publication_month>
  <average_rating>0.0</average_rating>
  <ratings_count>0</ratings_count>
  <description>Book 2: My Personal Journey with Yemaya (Personal Dreams). This journal is about the Yoruban Mermaid Goddess Yemaya. She is a strong Goddess, who gave birth to the women and saved West Africa by providing rivers. She is also a DREAM Goddess and will help you learn about Your Own Dreams.</description>
<authors>
<author>
<id>4970378</id>
<name>Connie Dunn</name>
<role></role>
<image_url nophoto='true'>
<![CDATA[https://s.gr-assets.com/assets/nophoto/user/f_200x266-3061b784cc8e7f021c6430c9aba94587.png]]>
</image_url>
<small_image_url nophoto='true'>
<![CDATA[https://s.gr-assets.com/assets/nophoto/user/f_50x66-6a03a5c12233c941481992b82eea8d23.png]]>
</small_image_url>
<link><![CDATA[https://www.goodreads.com/author/show/4970378.Connie_Dunn]]></link>
<average_rating>4.18</average_rating>
<ratings_count>11</ratings_count>
<text_reviews_count>3</text_reviews_count>
</author>
</authors>
  <published>2016</published>
</book>


    </books>
</author>

</GoodreadsResponse>