<?xml version="1.0" encoding="UTF-8"?>
<GoodreadsResponse>
  <Request>
    <authentication>true</authentication>
      <key><![CDATA[sySok63UyYyWi2Wof1HocA]]></key>
    <method><![CDATA[author_show]]></method>
  </Request>
  <author>
  <id>4988693</id>
  <name>John Hodish Jr.</name>
  <link><![CDATA[https://www.goodreads.com/author/show/4988693.John_Hodish_Jr_]]></link>
  <fans_count type="integer">0</fans_count>
  <author_followers_count type="integer">0</author_followers_count>
  <large_image_url><![CDATA[https://images.gr-assets.com/authors/1309198534p7/4988693.jpg]]></large_image_url>
  <image_url><![CDATA[https://images.gr-assets.com/authors/1309198534p5/4988693.jpg]]></image_url>
  <small_image_url><![CDATA[https://images.gr-assets.com/authors/1309198534p2/4988693.jpg]]></small_image_url>
  <about></about>
  <influences></influences>
  <works_count>2</works_count>
  <gender>male</gender>
  <hometown></hometown>
  <born_at></born_at>
  <died_at></died_at>
  <goodreads_author>true</goodreads_author>
    <user>
  <id type="integer">5699044</id>
</user>


    <books>
      <book>
  <id type="integer">11854927</id>
  <isbn>1462870570</isbn>
  <isbn13>9781462870578</isbn13>
  <text_reviews_count type="integer">0</text_reviews_count>
  <title>Inner City Living: Deviant Behavior: Deviant Behavior</title>
  <title_without_series>Inner City Living: Deviant Behavior: Deviant Behavior</title_without_series>
  <image_url>https://s.gr-assets.com/assets/nophoto/book/111x148-bcc042a9c91a29c1d680899eff700a03.png</image_url>
  <small_image_url>https://s.gr-assets.com/assets/nophoto/book/50x75-a91bf249278a81aabab721ef782c4a74.png</small_image_url>
  <large_image_url/>
  <link>https://www.goodreads.com/book/show/11854927-inner-city-living</link>
  <num_pages>124</num_pages>
  <format>Paperback</format>
  <edition_information/>
  <publisher>Xlibris Corporation</publisher>
  <publication_day>10</publication_day>
  <publication_year>2011</publication_year>
  <publication_month>6</publication_month>
  <average_rating>5.00</average_rating>
  <ratings_count>1</ratings_count>
  <description></description>
<authors>
<author>
<id>4988693</id>
<name>John Hodish Jr.</name>
<role></role>
<image_url nophoto='false'>
<![CDATA[https://images.gr-assets.com/authors/1309198534p5/4988693.jpg]]>
</image_url>
<small_image_url nophoto='false'>
<![CDATA[https://images.gr-assets.com/authors/1309198534p2/4988693.jpg]]>
</small_image_url>
<link><![CDATA[https://www.goodreads.com/author/show/4988693.John_Hodish_Jr_]]></link>
<average_rating>5.00</average_rating>
<ratings_count>1</ratings_count>
<text_reviews_count>0</text_reviews_count>
</author>
</authors>
  <published>2011</published>
</book>


      <book>
  <id type="integer">19857871</id>
  <isbn nil="true"/>
  <isbn13 nil="true"/>
  <text_reviews_count type="integer">0</text_reviews_count>
  <title>Inner City Living: Deviant Behavior</title>
  <title_without_series>Inner City Living: Deviant Behavior</title_without_series>
  <image_url>https://s.gr-assets.com/assets/nophoto/book/111x148-bcc042a9c91a29c1d680899eff700a03.png</image_url>
  <small_image_url>https://s.gr-assets.com/assets/nophoto/book/50x75-a91bf249278a81aabab721ef782c4a74.png</small_image_url>
  <large_image_url/>
  <link>https://www.goodreads.com/book/show/19857871-inner-city-living</link>
  <num_pages></num_pages>
  <format></format>
  <edition_information/>
  <publisher></publisher>
  <publication_day></publication_day>
  <publication_year></publication_year>
  <publication_month></publication_month>
  <average_rating>0.0</average_rating>
  <ratings_count>0</ratings_count>
  <description></description>
<authors>
<author>
<id>4988693</id>
<name>John Hodish Jr.</name>
<role></role>
<image_url nophoto='false'>
<![CDATA[https://images.gr-assets.com/authors/1309198534p5/4988693.jpg]]>
</image_url>
<small_image_url nophoto='false'>
<![CDATA[https://images.gr-assets.com/authors/1309198534p2/4988693.jpg]]>
</small_image_url>
<link><![CDATA[https://www.goodreads.com/author/show/4988693.John_Hodish_Jr_]]></link>
<average_rating>5.00</average_rating>
<ratings_count>1</ratings_count>
<text_reviews_count>0</text_reviews_count>
</author>
</authors>
  <published></published>
</book>


    </books>
</author>

</GoodreadsResponse>