<?xml version="1.0" encoding="UTF-8"?>
<GoodreadsResponse>
  <Request>
    <authentication>true</authentication>
      <key><![CDATA[sySok63UyYyWi2Wof1HocA]]></key>
    <method><![CDATA[author_show]]></method>
  </Request>
  <author>
  <id>50314</id>
  <name>James Hogg</name>
  <link><![CDATA[https://www.goodreads.com/author/show/50314.James_Hogg]]></link>
  <fans_count type="integer">29</fans_count>
  <author_followers_count type="integer">29</author_followers_count>
  <large_image_url><![CDATA[https://images.gr-assets.com/authors/1236911718p7/50314.jpg]]></large_image_url>
  <image_url><![CDATA[https://images.gr-assets.com/authors/1236911718p5/50314.jpg]]></image_url>
  <small_image_url><![CDATA[https://images.gr-assets.com/authors/1236911718p2/50314.jpg]]></small_image_url>
  <about><![CDATA[James Hogg was a Scottish poet, novelist and essayist who wrote in Scots and English. As a young man he worked as a shepherd and farmhand, and was largely self-educated through reading. He was a friend of many of the great writers of his day, including Sir Walter Scott, of whom he later wrote an unauthorized biography. He became widely known as the "Ettrick Shepherd", a nickname under which some of his works were published, and the character name he was given in the widely read series Noctes Ambrosianae, published in Blackwood's Magazine. He is best known today for his novel <i>The Private Memoirs and Confessions of a Justified Sinner</i>. His other works include the long poem <i>The Queen's Wake</i>, his collection of songs <i>Jacobite Reliques</i>, and the novels <i>The Three Perils of Man</i>, <i>The Three Perils of Woman</i>, and <i>The Brownie of Bodsbeck</i>.]]></about>
  <influences><![CDATA[<a href="https://www.goodreads.com/author/show/75831.Robert_Burns" title="Robert Burns" rel="nofollow">Robert Burns</a> <a href="https://www.goodreads.com/author/show/4345.Walter_Scott" title="Walter Scott" rel="nofollow">Walter Scott</a>]]></influences>
  <works_count>317</works_count>
  <gender>male</gender>
  <hometown>Ettrickhall, Scotland</hometown>
  <born_at>1770/01/01</born_at>
  <died_at>1835/11/21</died_at>
  <goodreads_author></goodreads_author>

    <books>
      <book>
  <id type="integer">87580</id>
  <isbn>0192835904</isbn>
  <isbn13>9780192835901</isbn13>
  <text_reviews_count type="integer">216</text_reviews_count>
  <title>The Private Memoirs and Confessions of a Justified Sinner</title>
  <title_without_series>The Private Memoirs and Confessions of a Justified Sinner</title_without_series>
  <image_url>https://images.gr-assets.com/books/1407402411m/87580.jpg</image_url>
  <small_image_url>https://images.gr-assets.com/books/1407402411s/87580.jpg</small_image_url>
  <large_image_url/>
  <link>https://www.goodreads.com/book/show/87580.The_Private_Memoirs_and_Confessions_of_a_Justified_Sinner</link>
  <num_pages>258</num_pages>
  <format>Paperback</format>
  <edition_information>Oxford World's Classics</edition_information>
  <publisher>Oxford University Press</publisher>
  <publication_day>7</publication_day>
  <publication_year>1999</publication_year>
  <publication_month>10</publication_month>
  <average_rating>3.67</average_rating>
  <ratings_count>5299</ratings_count>
  <description></description>
<authors>
<author>
<id>50314</id>
<name>James Hogg</name>
<role></role>
<image_url nophoto='false'>
<![CDATA[https://images.gr-assets.com/authors/1236911718p5/50314.jpg]]>
</image_url>
<small_image_url nophoto='false'>
<![CDATA[https://images.gr-assets.com/authors/1236911718p2/50314.jpg]]>
</small_image_url>
<link><![CDATA[https://www.goodreads.com/author/show/50314.James_Hogg]]></link>
<average_rating>3.69</average_rating>
<ratings_count>6334</ratings_count>
<text_reviews_count>421</text_reviews_count>
</author>
</authors>
  <published>1999</published>
</book>


      <book>
  <id type="integer">1667250</id>
  <isbn>0862416469</isbn>
  <isbn13>9780862416461</isbn13>
  <text_reviews_count type="integer">6</text_reviews_count>
  <title>The Three Perils of Man (Canongate Classics S)</title>
  <title_without_series>The Three Perils of Man</title_without_series>
  <image_url>https://images.gr-assets.com/books/1344677937m/1667250.jpg</image_url>
  <small_image_url>https://images.gr-assets.com/books/1344677937s/1667250.jpg</small_image_url>
  <large_image_url/>
  <link>https://www.goodreads.com/book/show/1667250.The_Three_Perils_of_Man</link>
  <num_pages></num_pages>
  <format></format>
  <edition_information/>
  <publisher></publisher>
  <publication_day></publication_day>
  <publication_year></publication_year>
  <publication_month></publication_month>
  <average_rating>4.29</average_rating>
  <ratings_count>24</ratings_count>
  <description>&lt;i&gt;The Three Perils of Man&lt;/i&gt; is regarded as Hogg's most ambitious work of fiction. The book's extraordinary combination of the fantastic, the funny, the serious, and the historically realistic must be unique in literature. The adventures of its characters, told with the author's characteristically bold simplicity, are many, mad, and breathtakingly fast. Ranging from Galloway to Northumberland, the main focus of the book is to be found in the Scottish Borders.&lt;br /&gt;&lt;br /&gt;Hogg knew and loved the Borders well, and the book is full of their oral tradition and local lore. In his attempt to synthesize this material with history, romance, and the high literary ideals of his time, Hogg's nearest modern parallels would be a combination of Tolkien and Iain Banks. Hogg's fusion of traditional folklore and innovative style was viewed as an anachronism by his contemporaries, and it is only now that his work is recognized as one of the most original and masterly in the Scottish canon.&lt;br /&gt;&lt;br /&gt;Edited and introduced by Douglas Gifford.</description>
<authors>
<author>
<id>50314</id>
<name>James Hogg</name>
<role></role>
<image_url nophoto='false'>
<![CDATA[https://images.gr-assets.com/authors/1236911718p5/50314.jpg]]>
</image_url>
<small_image_url nophoto='false'>
<![CDATA[https://images.gr-assets.com/authors/1236911718p2/50314.jpg]]>
</small_image_url>
<link><![CDATA[https://www.goodreads.com/author/show/50314.James_Hogg]]></link>
<average_rating>3.69</average_rating>
<ratings_count>6334</ratings_count>
<text_reviews_count>421</text_reviews_count>
</author>
</authors>
  <published></published>
</book>


      <book>
  <id type="integer">2327495</id>
  <isbn>1841951587</isbn>
  <isbn13>9781841951584</isbn13>
  <text_reviews_count type="integer">5</text_reviews_count>
  <title>Four Tales</title>
  <title_without_series>Four Tales</title_without_series>
  <image_url>https://images.gr-assets.com/books/1344736170m/2327495.jpg</image_url>
  <small_image_url>https://images.gr-assets.com/books/1344736170s/2327495.jpg</small_image_url>
  <large_image_url/>
  <link>https://www.goodreads.com/book/show/2327495.Four_Tales</link>
  <num_pages>144</num_pages>
  <format>Paperback</format>
  <edition_information/>
  <publisher>Birlinn Ltd</publisher>
  <publication_day>1</publication_day>
  <publication_year>2001</publication_year>
  <publication_month>4</publication_month>
  <average_rating>3.61</average_rating>
  <ratings_count>23</ratings_count>
  <description>James Hogg's incomparable stories of the supernatural hark back to the oral traditions of his own upbringing and tales of wonder around the fireside. &lt;i&gt;The Brownie of the Black Haggs&lt;/i&gt; tells of the eerie relationship between the violent-tempered Lady Wheelhope and her strange servant, the ill-favoured Merodach, who has 'the form of a boy, but the features of a hundred years old'. &lt;i&gt;The Cameronian Preacher's Tale&lt;/i&gt; tells of murder, spiritual apparition and God's justice in a world of hidden bodies and uncertain witnesses. &lt;i&gt;Mary Burnet&lt;/i&gt; is one of the 'traditionary tales' that Hogg loved to recount, while his poem &lt;i&gt;Kilmeny&lt;/i&gt; offers another account of faerie visitation and a virgin's vision of the future. All of these pieces explore themes that echo in his masterpiece, &lt;i&gt;The Private Memoirs and Confessions of a Justified Sinner&lt;/i&gt;.</description>
<authors>
<author>
<id>50314</id>
<name>James Hogg</name>
<role></role>
<image_url nophoto='false'>
<![CDATA[https://images.gr-assets.com/authors/1236911718p5/50314.jpg]]>
</image_url>
<small_image_url nophoto='false'>
<![CDATA[https://images.gr-assets.com/authors/1236911718p2/50314.jpg]]>
</small_image_url>
<link><![CDATA[https://www.goodreads.com/author/show/50314.James_Hogg]]></link>
<average_rating>3.69</average_rating>
<ratings_count>6334</ratings_count>
<text_reviews_count>421</text_reviews_count>
</author>
</authors>
  <published>2001</published>
</book>


      <book>
  <id type="integer">7605353</id>
  <isbn>1859680224</isbn>
  <isbn13>9781859680223</isbn13>
  <text_reviews_count type="integer">3</text_reviews_count>
  <title>The Brownie of the Black Haggs</title>
  <title_without_series>The Brownie of the Black Haggs</title_without_series>
  <image_url>https://s.gr-assets.com/assets/nophoto/book/111x148-bcc042a9c91a29c1d680899eff700a03.png</image_url>
  <small_image_url>https://s.gr-assets.com/assets/nophoto/book/50x75-a91bf249278a81aabab721ef782c4a74.png</small_image_url>
  <large_image_url/>
  <link>https://www.goodreads.com/book/show/7605353-the-brownie-of-the-black-haggs</link>
  <num_pages></num_pages>
  <format>Audiobook</format>
  <edition_information/>
  <publisher>Canongate Books</publisher>
  <publication_day/>
  <publication_year/>
  <publication_month/>
  <average_rating>3.53</average_rating>
  <ratings_count>17</ratings_count>
  <description>Scottish author James Hogg was one of the most popular authors of his day, and has recently undergone on a widespread critical revival. &lt;i&gt;The Brownie of the Black Haggs&lt;/i&gt; is one of his best-remembered short stories, featuring a domineering Countess and a mysterious servant. Many of the finest stories of magic and fantasy, particularly those dating back to the 1900s and before, are now extremely scarce and increasingly expensive. We are republishing these classic works in affordable, high quality, modern editions, using the original text and artwork.</description>
<authors>
<author>
<id>50314</id>
<name>James Hogg</name>
<role></role>
<image_url nophoto='false'>
<![CDATA[https://images.gr-assets.com/authors/1236911718p5/50314.jpg]]>
</image_url>
<small_image_url nophoto='false'>
<![CDATA[https://images.gr-assets.com/authors/1236911718p2/50314.jpg]]>
</small_image_url>
<link><![CDATA[https://www.goodreads.com/author/show/50314.James_Hogg]]></link>
<average_rating>3.69</average_rating>
<ratings_count>6334</ratings_count>
<text_reviews_count>421</text_reviews_count>
</author>
</authors>
  <published/>
</book>


      <book>
  <id type="integer">710729</id>
  <isbn>0748663169</isbn>
  <isbn13>9780748663163</isbn13>
  <text_reviews_count type="integer">2</text_reviews_count>
  <title>The Shepherd's Calendar</title>
  <title_without_series>The Shepherd's Calendar</title_without_series>
  <image_url>https://images.gr-assets.com/books/1375671010m/710729.jpg</image_url>
  <small_image_url>https://images.gr-assets.com/books/1375671010s/710729.jpg</small_image_url>
  <large_image_url/>
  <link>https://www.goodreads.com/book/show/710729.The_Shepherd_s_Calendar</link>
  <num_pages>320</num_pages>
  <format>Paperback</format>
  <edition_information/>
  <publisher>Edinburgh University Press</publisher>
  <publication_day>30</publication_day>
  <publication_year>2002</publication_year>
  <publication_month>5</publication_month>
  <average_rating>3.70</average_rating>
  <ratings_count>10</ratings_count>
  <description>James Hogg is one of the acknowledged masters of the short story. Some of his best stories appeared in &lt;i&gt;The Shepherd's Calendar&lt;/i&gt;, a work of the 1820s in which he sets out to re-create on paper the manner and the content of the traditional oral storytelling of Ettrick Forest, the upland sheep-farming district in which he grew up. Like Hogg's masterpiece &lt;i&gt;The Private Memoirs and Confessions of a Justified Sinner&lt;/i&gt;, several of the stories from &lt;i&gt;The Shepherd's Calendar&lt;/i&gt; deal disturbingly with the supernatural, and explore psychological depths with a remarkable insight and intensity.&lt;br /&gt;&lt;br /&gt;&lt;i&gt;The Shepherd's Calendar&lt;/i&gt; also draws on Hogg's experiences as a young shepherd in the 1790s, giving a convincing and very human picture of the dangers, pleasures, and tensions of the lives of the rural poor in Scotland in the years that followed the French Revolution.&lt;br /&gt;&lt;br /&gt;This paperback is based on the hardback edition of &lt;i&gt;The Shepherd's Calendar&lt;/i&gt; for the Stirling / South Carolina Col</description>
<authors>
<author>
<id>50314</id>
<name>James Hogg</name>
<role></role>
<image_url nophoto='false'>
<![CDATA[https://images.gr-assets.com/authors/1236911718p5/50314.jpg]]>
</image_url>
<small_image_url nophoto='false'>
<![CDATA[https://images.gr-assets.com/authors/1236911718p2/50314.jpg]]>
</small_image_url>
<link><![CDATA[https://www.goodreads.com/author/show/50314.James_Hogg]]></link>
<average_rating>3.69</average_rating>
<ratings_count>6334</ratings_count>
<text_reviews_count>421</text_reviews_count>
</author>
</authors>
  <published>2002</published>
</book>


      <book>
  <id type="integer">23582843</id>
  <isbn nil="true"/>
  <isbn13 nil="true"/>
  <text_reviews_count type="integer">1</text_reviews_count>
  <title>George Dobson's Expedition to Hell</title>
  <title_without_series>George Dobson's Expedition to Hell</title_without_series>
  <image_url>https://s.gr-assets.com/assets/nophoto/book/111x148-bcc042a9c91a29c1d680899eff700a03.png</image_url>
  <small_image_url>https://s.gr-assets.com/assets/nophoto/book/50x75-a91bf249278a81aabab721ef782c4a74.png</small_image_url>
  <large_image_url/>
  <link>https://www.goodreads.com/book/show/23582843-george-dobson-s-expedition-to-hell</link>
  <num_pages>12</num_pages>
  <format>ebook</format>
  <edition_information/>
  <publisher></publisher>
  <publication_day/>
  <publication_year>1827</publication_year>
  <publication_month/>
  <average_rating>3.14</average_rating>
  <ratings_count>7</ratings_count>
  <description></description>
<authors>
<author>
<id>50314</id>
<name>James Hogg</name>
<role></role>
<image_url nophoto='false'>
<![CDATA[https://images.gr-assets.com/authors/1236911718p5/50314.jpg]]>
</image_url>
<small_image_url nophoto='false'>
<![CDATA[https://images.gr-assets.com/authors/1236911718p2/50314.jpg]]>
</small_image_url>
<link><![CDATA[https://www.goodreads.com/author/show/50314.James_Hogg]]></link>
<average_rating>3.69</average_rating>
<ratings_count>6334</ratings_count>
<text_reviews_count>421</text_reviews_count>
</author>
</authors>
  <published>1827</published>
</book>


      <book>
  <id type="integer">451724</id>
  <isbn>0748604774</isbn>
  <isbn13>9780748604777</isbn13>
  <text_reviews_count type="integer">0</text_reviews_count>
  <title>The Three Perils of Woman</title>
  <title_without_series>The Three Perils of Woman</title_without_series>
  <image_url>https://images.gr-assets.com/books/1379329366m/451724.jpg</image_url>
  <small_image_url>https://images.gr-assets.com/books/1379329366s/451724.jpg</small_image_url>
  <large_image_url/>
  <link>https://www.goodreads.com/book/show/451724.The_Three_Perils_of_Woman</link>
  <num_pages>512</num_pages>
  <format>Hardcover</format>
  <edition_information/>
  <publisher>Edinburgh University Press</publisher>
  <publication_day>1</publication_day>
  <publication_year>1995</publication_year>
  <publication_month>5</publication_month>
  <average_rating>3.12</average_rating>
  <ratings_count>8</ratings_count>
  <description>"Commentators once dismissed &lt;i&gt;The Three Perils of Woman&lt;/i&gt; as a bad book because it trampled on the flowerbeds of early-nineteenth-century decorum; they now acclaim it a masterpiece for the very same reason, reading subversive craft in the place of oafishness."&lt;br /&gt;&lt;b&gt;Ian Duncan&lt;/b&gt;, &lt;i&gt;Studies in Hogg and his World&lt;/i&gt;&lt;br /&gt;&lt;br /&gt;The two stories in &lt;i&gt;The Three Perils of Woman&lt;/i&gt; are generically diverse and self-consciously impure. Hogg described them as 'domestic tales', apparently soliciting a female readership whose delicacy he then assaults with speculations about promiscuity and prostitution, and with prayers so chattily informal that reviewers found them blasphemous. Both stories modulate suddenly from comedy to tragedy, though one - but which? - struggles through to what may be a happy ending.&lt;br /&gt;&lt;br /&gt;What matters about &lt;i&gt;The Three Perils of Woman&lt;/i&gt; is not the conclusions it has to offer about the issues it raises, but the fact that these are addressed with such painful urgency. They have become urgent once again, and will continue to be so.</description>
<authors>
<author>
<id>50314</id>
<name>James Hogg</name>
<role></role>
<image_url nophoto='false'>
<![CDATA[https://images.gr-assets.com/authors/1236911718p5/50314.jpg]]>
</image_url>
<small_image_url nophoto='false'>
<![CDATA[https://images.gr-assets.com/authors/1236911718p2/50314.jpg]]>
</small_image_url>
<link><![CDATA[https://www.goodreads.com/author/show/50314.James_Hogg]]></link>
<average_rating>3.69</average_rating>
<ratings_count>6334</ratings_count>
<text_reviews_count>421</text_reviews_count>
</author>
</authors>
  <published>1995</published>
</book>


      <book>
  <id type="integer">3223903</id>
  <isbn>0748615563</isbn>
  <isbn13>9780748615568</isbn13>
  <text_reviews_count type="integer">0</text_reviews_count>
  <title>Winter Evening Tales</title>
  <title_without_series>Winter Evening Tales</title_without_series>
  <image_url>https://images.gr-assets.com/books/1375670078m/3223903.jpg</image_url>
  <small_image_url>https://images.gr-assets.com/books/1375670078s/3223903.jpg</small_image_url>
  <large_image_url/>
  <link>https://www.goodreads.com/book/show/3223903-winter-evening-tales</link>
  <num_pages>648</num_pages>
  <format>Hardcover</format>
  <edition_information>The Collected Works of James Hogg, Stirling / South Carolina Edition</edition_information>
  <publisher>Edinburgh University Press</publisher>
  <publication_day>15</publication_day>
  <publication_year>2002</publication_year>
  <publication_month>11</publication_month>
  <average_rating>3.50</average_rating>
  <ratings_count>8</ratings_count>
  <description>&lt;i&gt;Winter Evening Tales&lt;/i&gt; (1820; second edition 1821) was James Hogg's most successful work of prose fiction in his lifetime. Its experimental medley of novellas, tales, poems and sketches posed a lively alternative to the dominant form of the historical novel established by Walter Scott. The collection includes terse masterpieces of mystery and the uncanny, virtuoso improvisations on folktale themes, and two brilliant autobiographical novellas, &lt;i&gt;The Renowned Adventures of Basil Lee&lt;/i&gt; and &lt;i&gt;Love Adventures of Mr George Cochrane&lt;/i&gt;. &lt;br /&gt;&lt;br /&gt;This edition takes account of newly-discovered information about &lt;i&gt;An Old Soldier's Tale&lt;/i&gt; and &lt;i&gt;The Long Pack&lt;/i&gt;. A critical introduction, explanatory notes, reading list and Hogg chronology are provided to assist the reader in appreciating Hogg's entertaining and challenging tale collection to the full.</description>
<authors>
<author>
<id>50314</id>
<name>James Hogg</name>
<role></role>
<image_url nophoto='false'>
<![CDATA[https://images.gr-assets.com/authors/1236911718p5/50314.jpg]]>
</image_url>
<small_image_url nophoto='false'>
<![CDATA[https://images.gr-assets.com/authors/1236911718p2/50314.jpg]]>
</small_image_url>
<link><![CDATA[https://www.goodreads.com/author/show/50314.James_Hogg]]></link>
<average_rating>3.69</average_rating>
<ratings_count>6334</ratings_count>
<text_reviews_count>421</text_reviews_count>
</author>
</authors>
  <published>2002</published>
</book>


      <book>
  <id type="integer">5080039</id>
  <isbn>0748633855</isbn>
  <isbn13>9780748633852</isbn13>
  <text_reviews_count type="integer">0</text_reviews_count>
  <title>The Brownie of Bodsbeck and Other Tales</title>
  <title_without_series>The Brownie of Bodsbeck and Other Tales</title_without_series>
  <image_url>https://images.gr-assets.com/books/1370837425m/5080039.jpg</image_url>
  <small_image_url>https://images.gr-assets.com/books/1370837425s/5080039.jpg</small_image_url>
  <large_image_url/>
  <link>https://www.goodreads.com/book/show/5080039-the-brownie-of-bodsbeck-and-other-tales</link>
  <num_pages>400</num_pages>
  <format>Hardcover</format>
  <edition_information>The Collected Works of James Hogg, Stirling / South Carolina Edition</edition_information>
  <publisher>Edinburgh University Press</publisher>
  <publication_day>14</publication_day>
  <publication_year>2014</publication_year>
  <publication_month>1</publication_month>
  <average_rating>4.00</average_rating>
  <ratings_count>5</ratings_count>
  <description>This title consists of an introductory poem, a short novel, and two stories. Hogg shapes this collection in ways that allow him to explore the life of his native district of Ettrick Forest during the different historical periods.</description>
<authors>
<author>
<id>50314</id>
<name>James Hogg</name>
<role></role>
<image_url nophoto='false'>
<![CDATA[https://images.gr-assets.com/authors/1236911718p5/50314.jpg]]>
</image_url>
<small_image_url nophoto='false'>
<![CDATA[https://images.gr-assets.com/authors/1236911718p2/50314.jpg]]>
</small_image_url>
<link><![CDATA[https://www.goodreads.com/author/show/50314.James_Hogg]]></link>
<average_rating>3.69</average_rating>
<ratings_count>6334</ratings_count>
<text_reviews_count>421</text_reviews_count>
</author>
</authors>
  <published>2014</published>
</book>


      <book>
  <id type="integer">27557734</id>
  <isbn nil="true"/>
  <isbn13 nil="true"/>
  <text_reviews_count type="integer">0</text_reviews_count>
  <title>The Mysterious Bride</title>
  <title_without_series>The Mysterious Bride</title_without_series>
  <image_url>https://images.gr-assets.com/books/1446905099m/27557734.jpg</image_url>
  <small_image_url>https://images.gr-assets.com/books/1446905099s/27557734.jpg</small_image_url>
  <large_image_url/>
  <link>https://www.goodreads.com/book/show/27557734-the-mysterious-bride</link>
  <num_pages></num_pages>
  <format></format>
  <edition_information/>
  <publisher></publisher>
  <publication_day></publication_day>
  <publication_year></publication_year>
  <publication_month></publication_month>
  <average_rating>2.50</average_rating>
  <ratings_count>6</ratings_count>
  <description></description>
<authors>
<author>
<id>50314</id>
<name>James Hogg</name>
<role></role>
<image_url nophoto='false'>
<![CDATA[https://images.gr-assets.com/authors/1236911718p5/50314.jpg]]>
</image_url>
<small_image_url nophoto='false'>
<![CDATA[https://images.gr-assets.com/authors/1236911718p2/50314.jpg]]>
</small_image_url>
<link><![CDATA[https://www.goodreads.com/author/show/50314.James_Hogg]]></link>
<average_rating>3.69</average_rating>
<ratings_count>6334</ratings_count>
<text_reviews_count>421</text_reviews_count>
</author>
</authors>
  <published></published>
</book>


    </books>
</author>

</GoodreadsResponse>