<?xml version="1.0" encoding="UTF-8"?>
<GoodreadsResponse>
  <Request>
    <authentication>true</authentication>
      <key><![CDATA[sySok63UyYyWi2Wof1HocA]]></key>
    <method><![CDATA[author_show]]></method>
  </Request>
  <author>
  <id>5043259</id>
  <name>Domenico Italo Composto-Hart</name>
  <link><![CDATA[https://www.goodreads.com/author/show/5043259.Domenico_Italo_Composto_Hart]]></link>
  <fans_count type="integer">142</fans_count>
  <author_followers_count type="integer">142</author_followers_count>
  <large_image_url><![CDATA[https://images.gr-assets.com/authors/1455698515p7/5043259.jpg]]></large_image_url>
  <image_url><![CDATA[https://images.gr-assets.com/authors/1455698515p5/5043259.jpg]]></image_url>
  <small_image_url><![CDATA[https://images.gr-assets.com/authors/1455698515p2/5043259.jpg]]></small_image_url>
  <about><![CDATA[Domenico Italo Compost-Hart is the author of Dark Legacy: Book I - Trinity of The Legacy Cycle series. He was born and raised in Chicago, Illinois. He studied Archaeology and Anthropology at Boston University and lived in Tokyo, Japan for over three years pursuing a career as a freelance musician. He currently teaches economics for the International Baccalaureate (IB) Diploma Programme at an international high school. He lives with his wife and sons in Barcelona, Spain.<br /><br />Visit the author's website at<br /><a href="http://www.thedragonbone.com" rel="nofollow">www.thedragonbone.com</a><br /><br />For more information regarding Dark Legacy: Book I - Trinity visit:<br /><a href="http://www.TheLegacyCycle.com" rel="nofollow">www.TheLegacyCycle.com</a><br /><a href="http://www.facebook.com/TheLegacyCycle" rel="nofollow">www.facebook.com/TheLegacyCycle</a><br /><a href="https://www.instagram.com/thelegacycycle/" rel="nofollow">www.instagram.com/thelegacycycle</a><br /><a href="http://www.twitter.com/TheLegacyCycle" rel="nofollow">www.twitter.com/TheLegacyCycle</a><br /><a href="https://www.radishfiction.com/users/TheLegacyCycle" rel="nofollow">www.radishfiction.com/users/TheLegacyCycle</a><br /><a href="http://www.wattpad.com/user/TheLegacyCycle" rel="nofollow">www.wattpad.com/TheLegacyCycle</a><br /><a href="http://www.youtube.com/TheLegacyCycle" rel="nofollow">www.youtube.com/TheLegacyCycle</a><br /><a href="http://thedragonbone.blogspot.com" rel="nofollow">thedragonbone.blogspot.com</a><br /><br />To buy Dark Legacy: Book I - Trinity visit:<br /><a href="http://www.amazon.com/author/domenicocomposto" rel="nofollow">Dark Legacy: Book I - Trinity @ Amazon (Kindle &amp; Paperback)</a><br /><a href="http://www.barnesandnoble.com/w/dark-legacy-domenico-italo-composto-hart/1111324126?ean=9780615550961" rel="nofollow">Dark Legacy: Book I - Trinity @ Barnes &amp; Noble (NOOK &amp; Paperback)</a><br /><a href="https://play.google.com/store/books/author?id=Domenico+Italo+Composto-Hart" rel="nofollow">Dark Legacy: Book I - Trinity @ Google Play (Android)</a><br /><a href="http://itunes.apple.com/us/book/dark-legacy/id494590017?mt=11" rel="nofollow">Dark Legacy: Book I - Trinity @ iBookstore (iPad, iPod, iPhone)</a><br /><a href="http://www.kobobooks.com/ebook/Dark-Legacy/book-BQKBi0I13k6xXa6h8s6jRw/page1.html?s=kEm-PzPFRky2783HEznEbA&amp;r=1" rel="nofollow">Dark Legacy: Book I - Trinity @ KOBO (ePub)</a><br /><a href="http://www.lulu.com/spotlight/darklegacytrinity" rel="nofollow">Dark Legacy: Book I - Trinity @ Lulu (Hardcover, Paperback, ePub)</a><br /><a href="https://www.radishfiction.com/users/TheLegacyCycle" rel="nofollow">Dark Legacy: Book I - Trinity @ Radish (Mobile App)</a>]]></about>
  <influences><![CDATA[<a href="https://www.goodreads.com/author/show/8146.Mark_Helprin" title="Mark Helprin" rel="nofollow">Mark Helprin</a>, <a href="https://www.goodreads.com/author/show/7628.Iain_M__Banks" title="Iain M. Banks" rel="nofollow">Iain M. Banks</a>, <a href="https://www.goodreads.com/author/show/656983.J_R_R__Tolkien" title="J.R.R. Tolkien" rel="nofollow">J.R.R. Tolkien</a>, <a href="https://www.goodreads.com/author/show/3389.Stephen_King" title="Stephen King" rel="nofollow">Stephen King</a>]]></influences>
  <works_count>2</works_count>
  <gender>male</gender>
  <hometown>Chicago</hometown>
  <born_at></born_at>
  <died_at></died_at>
  <goodreads_author>true</goodreads_author>
    <user>
  <id type="integer">6113130</id>
</user>


    <books>
      <book>
  <id type="integer">29337118</id>
  <isbn>0985017759</isbn>
  <isbn13>9780985017750</isbn13>
  <text_reviews_count type="integer">1</text_reviews_count>
  <title>Trinity (Dark Legacy Cycle, #1)</title>
  <title_without_series>Trinity</title_without_series>
  <image_url>https://images.gr-assets.com/books/1456398572m/29337118.jpg</image_url>
  <small_image_url>https://images.gr-assets.com/books/1456398572s/29337118.jpg</small_image_url>
  <large_image_url/>
  <link>https://www.goodreads.com/book/show/29337118-trinity</link>
  <num_pages>638</num_pages>
  <format>Hardcover</format>
  <edition_information>First Edition</edition_information>
  <publisher>Dragon Bone Books</publisher>
  <publication_day>21</publication_day>
  <publication_year>2011</publication_year>
  <publication_month>1</publication_month>
  <average_rating>4.26</average_rating>
  <ratings_count>124</ratings_count>
  <description>Book I - Trinity of the Dark Legacy Cycle details the violent end of the Kai Order - an ancient, spiritual guild of warrior guardians and priestesses who have sworn their lives to protect the Oracle Queen of Atlantis - at the hands of Maniok, the being referred to as the "Great Evil" in the age-old Song of the Oracle King.&lt;br /&gt;&lt;br /&gt;It is a chronicle of Arkan, the last Kai guardian, and his desperate attempt to save the life of his priestess who carries his unborn son, and his escape from Atlantis.&lt;br /&gt;&lt;br /&gt;It is the story of Kieko, a lonely Lemurian boy of mixed blood who seeks to know more about his absent father's mysterious Atlantean past. Constantly bullied by Aiko, he eventually takes refuge with the village priest in the Kadek Temple where he studies medicinal and culinary arts, calligraphy, and ultimately, the art of Ki sword. Under the tutelage of the priest he comes to know the grim truth about his father, and is prepared to face the horrific assault of the armies of the Atlantean Empire upon his humble world.&lt;br /&gt;&lt;br /&gt;And this is just the beginning . . .</description>
<authors>
<author>
<id>5043259</id>
<name>Domenico Italo Composto-Hart</name>
<role></role>
<image_url nophoto='false'>
<![CDATA[https://images.gr-assets.com/authors/1455698515p5/5043259.jpg]]>
</image_url>
<small_image_url nophoto='false'>
<![CDATA[https://images.gr-assets.com/authors/1455698515p2/5043259.jpg]]>
</small_image_url>
<link><![CDATA[https://www.goodreads.com/author/show/5043259.Domenico_Italo_Composto_Hart]]></link>
<average_rating>4.22</average_rating>
<ratings_count>177</ratings_count>
<text_reviews_count>54</text_reviews_count>
</author>
</authors>
  <published>2011</published>
</book>


      <book>
  <id type="integer">31272679</id>
  <isbn nil="true"/>
  <isbn13 nil="true"/>
  <text_reviews_count type="integer">0</text_reviews_count>
  <title>The End of the Kai (Dark Legacy Cycle, #0.5)</title>
  <title_without_series>The End of the Kai</title_without_series>
  <image_url>https://images.gr-assets.com/books/1469619432m/31272679.jpg</image_url>
  <small_image_url>https://images.gr-assets.com/books/1469619432s/31272679.jpg</small_image_url>
  <large_image_url/>
  <link>https://www.goodreads.com/book/show/31272679-the-end-of-the-kai</link>
  <num_pages>638</num_pages>
  <format>ebook</format>
  <edition_information>First Edition</edition_information>
  <publisher>Dragon Bone Books</publisher>
  <publication_day>21</publication_day>
  <publication_year>2012</publication_year>
  <publication_month>1</publication_month>
  <average_rating>4.13</average_rating>
  <ratings_count>53</ratings_count>
  <description>Alternate cover edition for original cover edition ISBN: 0985017732 (ISBN-13: 9780985017736).&lt;br /&gt;&lt;br /&gt;The End of the Kai of the Dark Legacy Cycle details the violent end of the Kai Order - an ancient, spiritual guild of warrior guardians and priestesses who have sworn their lives to protect the Oracle Queen of Atlantis - at the hands of Maniok, the being referred to as the "Great Evil" in the age-old Song of the Oracle King.&lt;br /&gt;&lt;br /&gt;It is a chronicle of Arkan, the last Kai guardian, and his desperate attempt to save the life of his priestess who carries his unborn son, and his escape from Atlantis.&lt;br /&gt;&lt;br /&gt;Book I - Trinity is the story of Kieko, a lonely Lemurian boy of mixed blood who seeks to know more about his absent father's mysterious Atlantean past. Constantly bullied by Aiko, he eventually takes refuge with the village priest in the Kadek Temple where he studies medicinal and culinary arts, calligraphy, and ultimately, the art of Ki sword. Under the tutelage of the priest he comes to know the grim truth about his father, and is prepared to face the horrific assault of the armies of the Atlantean Empire upon his humble world.&lt;br /&gt;&lt;br /&gt;And this is just the beginning . . .</description>
<authors>
<author>
<id>5043259</id>
<name>Domenico Italo Composto-Hart</name>
<role></role>
<image_url nophoto='false'>
<![CDATA[https://images.gr-assets.com/authors/1455698515p5/5043259.jpg]]>
</image_url>
<small_image_url nophoto='false'>
<![CDATA[https://images.gr-assets.com/authors/1455698515p2/5043259.jpg]]>
</small_image_url>
<link><![CDATA[https://www.goodreads.com/author/show/5043259.Domenico_Italo_Composto_Hart]]></link>
<average_rating>4.22</average_rating>
<ratings_count>177</ratings_count>
<text_reviews_count>54</text_reviews_count>
</author>
</authors>
  <published>2012</published>
</book>


    </books>
</author>

</GoodreadsResponse>