<?xml version="1.0" encoding="UTF-8"?>
<GoodreadsResponse>
  <Request>
    <authentication>true</authentication>
      <key><![CDATA[sySok63UyYyWi2Wof1HocA]]></key>
    <method><![CDATA[author_show]]></method>
  </Request>
  <author>
  <id>5170389</id>
  <name>Imar de Vries</name>
  <link><![CDATA[https://www.goodreads.com/author/show/5170389.Imar_de_Vries]]></link>
  <fans_count type="integer">3</fans_count>
  <author_followers_count type="integer">3</author_followers_count>
  <large_image_url><![CDATA[https://images.gr-assets.com/authors/1442603720p7/5170389.jpg]]></large_image_url>
  <image_url><![CDATA[https://images.gr-assets.com/authors/1442603720p5/5170389.jpg]]></image_url>
  <small_image_url><![CDATA[https://images.gr-assets.com/authors/1442603720p2/5170389.jpg]]></small_image_url>
  <about></about>
  <influences></influences>
  <works_count>1</works_count>
  <gender>male</gender>
  <hometown></hometown>
  <born_at></born_at>
  <died_at></died_at>
  <goodreads_author>true</goodreads_author>
    <user>
  <id type="integer">10548399</id>
</user>


    <books>
      <book>
  <id type="integer">12499640</id>
  <isbn>9089643540</isbn>
  <isbn13>9789089643544</isbn13>
  <text_reviews_count type="integer">0</text_reviews_count>
  <title>Tantalisingly Close: An Archaeology of Communication Desires in Discourses of Mobile Wireless Media</title>
  <title_without_series>Tantalisingly Close: An Archaeology of Communication Desires in Discourses of Mobile Wireless Media</title_without_series>
  <image_url>https://images.gr-assets.com/books/1344673932m/12499640.jpg</image_url>
  <small_image_url>https://images.gr-assets.com/books/1344673932s/12499640.jpg</small_image_url>
  <large_image_url/>
  <link>https://www.goodreads.com/book/show/12499640-tantalisingly-close</link>
  <num_pages>256</num_pages>
  <format>Paperback</format>
  <edition_information/>
  <publisher>Amsterdam University Press</publisher>
  <publication_day>15</publication_day>
  <publication_year>2013</publication_year>
  <publication_month>4</publication_month>
  <average_rating>3.67</average_rating>
  <ratings_count>3</ratings_count>
  <description>In this important new study, Imar de Vries takes a historical and comparative approach in researching our intimate relationship with present-day mobile wireless technologies. By analyzing the full range of human expectations and behavior in regard to mobile devices, de Vries looks at how wireless gadgets have changed our ideas about communication, while at the same time he demonstrates how modern technology surprisingly repeats the patterns of older media. Applying a far-reaching and archaeological perspective to communication media, &lt;i&gt;Tantalisingly Close &lt;/i&gt;looks at the human desire to connect and the way that it has both shaped and been shaped by technology, past and present.&lt;br /&gt;&lt;br /&gt;Order or download the book at &lt;a target="_blank" href="http://www.tantalisinglyclose.com" rel="nofollow"&gt;http://www.tantalisinglyclose.com&lt;/a&gt;</description>
<authors>
<author>
<id>5170389</id>
<name>Imar de Vries</name>
<role></role>
<image_url nophoto='false'>
<![CDATA[https://images.gr-assets.com/authors/1442603720p5/5170389.jpg]]>
</image_url>
<small_image_url nophoto='false'>
<![CDATA[https://images.gr-assets.com/authors/1442603720p2/5170389.jpg]]>
</small_image_url>
<link><![CDATA[https://www.goodreads.com/author/show/5170389.Imar_de_Vries]]></link>
<average_rating>3.67</average_rating>
<ratings_count>3</ratings_count>
<text_reviews_count>0</text_reviews_count>
</author>
</authors>
  <published>2013</published>
</book>


    </books>
</author>

</GoodreadsResponse>