<?xml version="1.0" encoding="UTF-8"?>
<GoodreadsResponse>
  <Request>
    <authentication>true</authentication>
      <key><![CDATA[sySok63UyYyWi2Wof1HocA]]></key>
    <method><![CDATA[author_show]]></method>
  </Request>
  <author>
  <id>5172024</id>
  <name>Suzanne L. Davis</name>
  <link><![CDATA[https://www.goodreads.com/author/show/5172024.Suzanne_L_Davis]]></link>
  <fans_count type="integer">48</fans_count>
  <author_followers_count type="integer">48</author_followers_count>
  <large_image_url><![CDATA[https://images.gr-assets.com/authors/1357596265p7/5172024.jpg]]></large_image_url>
  <image_url><![CDATA[https://images.gr-assets.com/authors/1357596265p5/5172024.jpg]]></image_url>
  <small_image_url><![CDATA[https://images.gr-assets.com/authors/1357596265p2/5172024.jpg]]></small_image_url>
  <about></about>
  <influences></influences>
  <works_count>3</works_count>
  <gender>female</gender>
  <hometown></hometown>
  <born_at>1970/09/16</born_at>
  <died_at></died_at>
  <goodreads_author></goodreads_author>

    <books>
      <book>
  <id type="integer">15993211</id>
  <isbn nil="true"/>
  <isbn13 nil="true"/>
  <text_reviews_count type="integer">57</text_reviews_count>
  <title>Ten Interesting Things about Human Behavior</title>
  <title_without_series>Ten Interesting Things about Human Behavior</title_without_series>
  <image_url>https://images.gr-assets.com/books/1346955242m/15993211.jpg</image_url>
  <small_image_url>https://images.gr-assets.com/books/1346955242s/15993211.jpg</small_image_url>
  <large_image_url/>
  <link>https://www.goodreads.com/book/show/15993211-ten-interesting-things-about-human-behavior</link>
  <num_pages>56</num_pages>
  <format>Kindle Edition</format>
  <edition_information/>
  <publisher>Mind Game</publisher>
  <publication_day>1</publication_day>
  <publication_year>2011</publication_year>
  <publication_month>10</publication_month>
  <average_rating>3.29</average_rating>
  <ratings_count>1222</ratings_count>
  <description>Ten Interesting Things About Human Behavior is a short, lighthearted look at 10 things human beings do, why we do them, and their significance in our everyday lives. How do we resolve psychological conflict that occurs when our behavior violates our attitudes? Why are we so quick to blame others for their behavior while offering excuses for our own? What should we make of the talking heads on cable TV who argue about the cause of TV violence on children's behavior - whose explanation is correct? Why are reality TV shows, some of which portray contestants as pathetic and dysfunctional, so popular?&lt;br /&gt;&lt;br /&gt;Questions like these usually provoke different answers from different people, each of whom may attribute his or her answers to "common sense." One person argues that "of course children mimic violence they see on TV - my kids do" while another attributes it to "poor parenting - because my kids don't." Which is it, and why?&lt;br /&gt;&lt;br /&gt;Research psychologists try to answer these questions as best we can. This book is a brief look at the answers to 10 aspects of human behavior - answers derived from controlled behavioral research that is designed to test various theories about behavior. Certainly, there is more to human behavior than the 10 things I chose for this short book. And there are hundreds of primary sources and research reports that describe the research findings in more depth. They're out there if you'd like to read more.&lt;br /&gt;&lt;br /&gt;But for those who are new to the field of Experimental Psychology, 10 Things may pique your interest in learning more about the subject. And for those "armchair psychologists" out there who'd like a quick read about the most fascinating creatures on the planet - human beings - I think you'll like it, too.</description>
<authors>
<author>
<id>5172024</id>
<name>Suzanne L. Davis</name>
<role></role>
<image_url nophoto='false'>
<![CDATA[https://images.gr-assets.com/authors/1357596265p5/5172024.jpg]]>
</image_url>
<small_image_url nophoto='false'>
<![CDATA[https://images.gr-assets.com/authors/1357596265p2/5172024.jpg]]>
</small_image_url>
<link><![CDATA[https://www.goodreads.com/author/show/5172024.Suzanne_L_Davis]]></link>
<average_rating>3.29</average_rating>
<ratings_count>1227</ratings_count>
<text_reviews_count>99</text_reviews_count>
</author>
</authors>
  <published>2011</published>
</book>


      <book>
  <id type="integer">12505551</id>
  <isbn nil="true"/>
  <isbn13>2940011238116</isbn13>
  <text_reviews_count type="integer">2</text_reviews_count>
  <title>Faith and Trust</title>
  <title_without_series>Faith and Trust</title_without_series>
  <image_url>https://images.gr-assets.com/books/1325040779m/12505551.jpg</image_url>
  <small_image_url>https://images.gr-assets.com/books/1325040779s/12505551.jpg</small_image_url>
  <large_image_url/>
  <link>https://www.goodreads.com/book/show/12505551-faith-and-trust</link>
  <num_pages></num_pages>
  <format></format>
  <edition_information/>
  <publisher>Suzanne L. Davis / mindgame books</publisher>
  <publication_day></publication_day>
  <publication_year></publication_year>
  <publication_month></publication_month>
  <average_rating>4.00</average_rating>
  <ratings_count>3</ratings_count>
  <description>This book is out of print and has been modified and re-titled "Me or Whatever.&lt;br /&gt;&lt;br /&gt;Faith &amp;amp; Trust: A Novel-in-Stories definitely leans experimental but is very readable. Each chapter is a stand-alone story depicting a single event in the life of Faith Thomas, a moderately neurotic but very articulate young woman enduring the 1990s. Together, the stories capture her personality, strengths, flaws, dreams, daydreams, and psychological reactions to both the mundane and significant moments in her life.</description>
<authors>
<author>
<id>5172024</id>
<name>Suzanne L. Davis</name>
<role></role>
<image_url nophoto='false'>
<![CDATA[https://images.gr-assets.com/authors/1357596265p5/5172024.jpg]]>
</image_url>
<small_image_url nophoto='false'>
<![CDATA[https://images.gr-assets.com/authors/1357596265p2/5172024.jpg]]>
</small_image_url>
<link><![CDATA[https://www.goodreads.com/author/show/5172024.Suzanne_L_Davis]]></link>
<average_rating>3.29</average_rating>
<ratings_count>1227</ratings_count>
<text_reviews_count>99</text_reviews_count>
</author>
</authors>
  <published></published>
</book>


      <book>
  <id type="integer">25747645</id>
  <isbn nil="true"/>
  <isbn13 nil="true"/>
  <text_reviews_count type="integer">2</text_reviews_count>
  <title>Me or Whatever</title>
  <title_without_series>Me or Whatever</title_without_series>
  <image_url>https://s.gr-assets.com/assets/nophoto/book/111x148-bcc042a9c91a29c1d680899eff700a03.png</image_url>
  <small_image_url>https://s.gr-assets.com/assets/nophoto/book/50x75-a91bf249278a81aabab721ef782c4a74.png</small_image_url>
  <large_image_url/>
  <link>https://www.goodreads.com/book/show/25747645-me-or-whatever</link>
  <num_pages></num_pages>
  <format></format>
  <edition_information/>
  <publisher></publisher>
  <publication_day></publication_day>
  <publication_year></publication_year>
  <publication_month></publication_month>
  <average_rating>4.00</average_rating>
  <ratings_count>2</ratings_count>
  <description></description>
<authors>
<author>
<id>5172024</id>
<name>Suzanne L. Davis</name>
<role></role>
<image_url nophoto='false'>
<![CDATA[https://images.gr-assets.com/authors/1357596265p5/5172024.jpg]]>
</image_url>
<small_image_url nophoto='false'>
<![CDATA[https://images.gr-assets.com/authors/1357596265p2/5172024.jpg]]>
</small_image_url>
<link><![CDATA[https://www.goodreads.com/author/show/5172024.Suzanne_L_Davis]]></link>
<average_rating>3.29</average_rating>
<ratings_count>1227</ratings_count>
<text_reviews_count>99</text_reviews_count>
</author>
</authors>
  <published></published>
</book>


    </books>
</author>

</GoodreadsResponse>