<?xml version="1.0" encoding="UTF-8"?>
<GoodreadsResponse>
  <Request>
    <authentication>true</authentication>
      <key><![CDATA[sySok63UyYyWi2Wof1HocA]]></key>
    <method><![CDATA[author_show]]></method>
  </Request>
  <author>
  <id>5306929</id>
  <name>Lori Myles-Carullo</name>
  <link><![CDATA[https://www.goodreads.com/author/show/5306929.Lori_Myles_Carullo]]></link>
  <fans_count type="integer">1</fans_count>
  <author_followers_count type="integer">1</author_followers_count>
  <large_image_url><![CDATA[https://images.gr-assets.com/authors/1323290471p7/5306929.jpg]]></large_image_url>
  <image_url><![CDATA[https://images.gr-assets.com/authors/1323290471p5/5306929.jpg]]></image_url>
  <small_image_url><![CDATA[https://images.gr-assets.com/authors/1323290471p2/5306929.jpg]]></small_image_url>
  <about><![CDATA[Lori Myles-Carullo has a deep passion for the beauty of wholeness and the adventure of healing. She has spent the past two decades helping others live their most radiant lives.]]></about>
  <influences></influences>
  <works_count>1</works_count>
  <gender>female</gender>
  <hometown></hometown>
  <born_at></born_at>
  <died_at></died_at>
  <goodreads_author>true</goodreads_author>
    <user>
  <id type="integer">7121815</id>
</user>


    <books>
      <book>
  <id type="integer">12988087</id>
  <isbn>1452537178</isbn>
  <isbn13>9781452537177</isbn13>
  <text_reviews_count type="integer">0</text_reviews_count>
  <title>Beauty's Way: Inspiration on the Path of Awakening</title>
  <title_without_series>Beauty's Way: Inspiration on the Path of Awakening</title_without_series>
  <image_url>https://s.gr-assets.com/assets/nophoto/book/111x148-bcc042a9c91a29c1d680899eff700a03.png</image_url>
  <small_image_url>https://s.gr-assets.com/assets/nophoto/book/50x75-a91bf249278a81aabab721ef782c4a74.png</small_image_url>
  <large_image_url/>
  <link>https://www.goodreads.com/book/show/12988087-beauty-s-way</link>
  <num_pages>184</num_pages>
  <format>Paperback</format>
  <edition_information/>
  <publisher>Balboa Press</publisher>
  <publication_day>24</publication_day>
  <publication_year>2011</publication_year>
  <publication_month>8</publication_month>
  <average_rating>0.0</average_rating>
  <ratings_count>0</ratings_count>
  <description>Inspired by the Navajo tradition's 'Beauty Way', this book acts as an exposition on various vital aspects of life, as well as how to uncover and create true beauty within them all. Author Lori Myles-Carullo struggled with chronic illness for many years and, through the depth of her own healing journey, developed a passion for sharing the wisdom she gained in the process. The essence of beauty explored here is neither about personal appearance nor image, but rather the rich, lived experience of the heart awakening to love and letting go of fear. Each one of us has a great capacity for radical honesty, courage, and transformation-and often life provides us with exactly what we need to draw these forth in dramatic and powerful ways. Whether our wake-up calls occur through loss, transition, illness, or relationship struggles, we all have the choice to either contract or expand through our experiences, creating therefore less or more beauty in our lives and the lives of others. Beauty's Way gifts you with practical suggestions, through personal story and anecdote, of how to bring more beauty to your existence and to the greater whole. Each chapter ends with specific exercises that will assist you in gaining greater awareness into key parts of life-some naturally thought of as 'good', such as love and joy, as well as other, more challenging ones that we often do our best to distract ourselves from due to fear, including pain and grief. By offering our heartfelt compassion and love to it all, a greater realization and manifestation of healing beauty is forever possible.</description>
<authors>
<author>
<id>5306929</id>
<name>Lori Myles-Carullo</name>
<role></role>
<image_url nophoto='false'>
<![CDATA[https://images.gr-assets.com/authors/1323290471p5/5306929.jpg]]>
</image_url>
<small_image_url nophoto='false'>
<![CDATA[https://images.gr-assets.com/authors/1323290471p2/5306929.jpg]]>
</small_image_url>
<link><![CDATA[https://www.goodreads.com/author/show/5306929.Lori_Myles_Carullo]]></link>
<average_rating>0.0</average_rating>
<ratings_count>0</ratings_count>
<text_reviews_count>0</text_reviews_count>
</author>
</authors>
  <published>2011</published>
</book>


    </books>
</author>

</GoodreadsResponse>