<?xml version="1.0" encoding="UTF-8"?>
<GoodreadsResponse>
  <Request>
    <authentication>true</authentication>
      <key><![CDATA[sySok63UyYyWi2Wof1HocA]]></key>
    <method><![CDATA[author_show]]></method>
  </Request>
  <author>
  <id>5376510</id>
  <name>Clara LaVeaux</name>
  <link><![CDATA[https://www.goodreads.com/author/show/5376510.Clara_LaVeaux]]></link>
  <fans_count type="integer">2</fans_count>
  <author_followers_count type="integer">2</author_followers_count>
  <large_image_url><![CDATA[https://s.gr-assets.com/assets/nophoto/user/f_333x500-c8899232290ea51bb160dea14c29470b.png]]></large_image_url>
  <image_url><![CDATA[https://s.gr-assets.com/assets/nophoto/user/f_200x266-3061b784cc8e7f021c6430c9aba94587.png]]></image_url>
  <small_image_url><![CDATA[https://s.gr-assets.com/assets/nophoto/user/f_50x66-6a03a5c12233c941481992b82eea8d23.png]]></small_image_url>
  <about><![CDATA[Under the pen name Clara LaVeaux, I write Contemporary Women's Fiction with strong romantic elements. <br /><br />I have a terribly expensive and utterly useless BA in Studio Arts with a minor in Psychology. <br /><br />I currently live near Yellow Springs, Ohio with my husband and two small children. When I'm not changing diapers or writing, I enjoy scuba diving and have been known to make an elephant do a headstand. ]]></about>
  <influences><![CDATA[<a href="https://www.goodreads.com/author/show/7581.Kelley_Armstrong" title="Kelley Armstrong" rel="nofollow">Kelley Armstrong</a>, <a href="https://www.goodreads.com/author/show/17054.Kim_Harrison" title="Kim Harrison" rel="nofollow">Kim Harrison</a>, <a href="https://www.goodreads.com/author/show/944594.Adrian_Phoenix" title="Adrian Phoenix" rel="nofollow">Adrian Phoenix</a>, <a href="https://www.goodreads.com/author/show/137902.Richelle_Mead" title="Richelle Mead" rel="nofollow">Richelle Mead</a>, <a href="https://www.goodreads.com/author/show/2803627.Kalayna_Price" title="Kalayna Price" rel="nofollow">Kalayna Price</a>, [a:Gena Showalt]]></influences>
  <works_count>1</works_count>
  <gender>female</gender>
  <hometown></hometown>
  <born_at>1983/03/10</born_at>
  <died_at></died_at>
  <goodreads_author></goodreads_author>

    <books>
      <book>
  <id type="integer">13188450</id>
  <isbn>1615725962</isbn>
  <isbn13>9781615725960</isbn13>
  <text_reviews_count type="integer">0</text_reviews_count>
  <title>A Life Beyond Yesterday</title>
  <title_without_series>A Life Beyond Yesterday</title_without_series>
  <image_url>https://s.gr-assets.com/assets/nophoto/book/111x148-bcc042a9c91a29c1d680899eff700a03.png</image_url>
  <small_image_url>https://s.gr-assets.com/assets/nophoto/book/50x75-a91bf249278a81aabab721ef782c4a74.png</small_image_url>
  <large_image_url/>
  <link>https://www.goodreads.com/book/show/13188450-a-life-beyond-yesterday</link>
  <num_pages>200</num_pages>
  <format>ebook</format>
  <edition_information/>
  <publisher>Eternal Press</publisher>
  <publication_day>7</publication_day>
  <publication_year>2012</publication_year>
  <publication_month>2</publication_month>
  <average_rating>3.40</average_rating>
  <ratings_count>5</ratings_count>
  <description>Sometimes, even a Hollywood ending, isn't.Young mother and recent widow, Amelia Gauge, moves cross-country with her son in search of a new life in A Life Beyond Yesterday. She soon realizes that life outside of the Rural Midwest is filled with deceit, danger and, too rarely, kindness. Between falling in love and fighting for her life, will she be able to find a new, stronger version of herself before her new world comes crumbling down?</description>
<authors>
<author>
<id>5376510</id>
<name>Clara LaVeaux</name>
<role>Pen Name</role>
<image_url nophoto='true'>
<![CDATA[https://s.gr-assets.com/assets/nophoto/user/f_200x266-3061b784cc8e7f021c6430c9aba94587.png]]>
</image_url>
<small_image_url nophoto='true'>
<![CDATA[https://s.gr-assets.com/assets/nophoto/user/f_50x66-6a03a5c12233c941481992b82eea8d23.png]]>
</small_image_url>
<link><![CDATA[https://www.goodreads.com/author/show/5376510.Clara_LaVeaux]]></link>
<average_rating>3.40</average_rating>
<ratings_count>5</ratings_count>
<text_reviews_count>0</text_reviews_count>
</author>
</authors>
  <published>2012</published>
</book>


    </books>
</author>

</GoodreadsResponse>