<?xml version="1.0" encoding="UTF-8"?>
<GoodreadsResponse>
  <Request>
    <authentication>true</authentication>
      <key><![CDATA[sySok63UyYyWi2Wof1HocA]]></key>
    <method><![CDATA[author_show]]></method>
  </Request>
  <author>
  <id>540522</id>
  <name>Mary Harwell Sayler</name>
  <link><![CDATA[https://www.goodreads.com/author/show/540522.Mary_Harwell_Sayler]]></link>
  <fans_count type="integer">20</fans_count>
  <author_followers_count type="integer">20</author_followers_count>
  <large_image_url><![CDATA[https://images.gr-assets.com/authors/1417885558p7/540522.jpg]]></large_image_url>
  <image_url><![CDATA[https://images.gr-assets.com/authors/1417885558p5/540522.jpg]]></image_url>
  <small_image_url><![CDATA[https://images.gr-assets.com/authors/1417885558p2/540522.jpg]]></small_image_url>
  <about><![CDATA[Hi. I've been writing for Christian and educational publishers for most of my adult life so have placed 27 traditionally published books, including 3 books of poetry, and about 1500 poems, articles, devotionals, and church curriculum. Recently, I self-published 3 Kindle e-books for Christian poets, writers, and creative kids.<br /><a target="_blank" href="http://tinyurl.com/pjvrkhf" rel="nofollow">http://tinyurl.com/pjvrkhf</a><br /><br />As a lifelong lover of Christ, the Bible, the church, and poetry, I have several blogs:<br /><a target="_blank" href="http://bible" rel="nofollow">http://bible</a> reviewer.blogspot.com<br /><a target="_blank" href="http://bible-prayers.blogspot.com" rel="nofollow">http://bible-prayers.blogspot.com</a><br /><a target="_blank" href="http://thepoetryeditor.blogspot.com" rel="nofollow">http://thepoetryeditor.blogspot.com</a><br /><a target="_blank" href="http://marysayler.blogspot.com" rel="nofollow">http://marysayler.blogspot.com</a><br /><a target="_blank" href="http://www.marysayler.com/blog" rel="nofollow">http://www.marysayler.com/blog</a>]]></about>
  <influences><![CDATA[<a target="_blank" href="http://www.biblegateway.com" rel="nofollow">http://www.biblegateway.com</a>]]></influences>
  <works_count>25</works_count>
  <gender>female</gender>
  <hometown>Lewisburg, TN</hometown>
  <born_at></born_at>
  <died_at></died_at>
  <goodreads_author>true</goodreads_author>
    <user>
  <id type="integer">36191100</id>
</user>


    <books>
      <book>
  <id type="integer">15866444</id>
  <isbn>098358527X</isbn>
  <isbn13>9780983585275</isbn13>
  <text_reviews_count type="integer">1</text_reviews_count>
  <title>Living in the Nature Poem</title>
  <title_without_series>Living in the Nature Poem</title_without_series>
  <image_url>https://images.gr-assets.com/books/1355031752m/15866444.jpg</image_url>
  <small_image_url>https://images.gr-assets.com/books/1355031752s/15866444.jpg</small_image_url>
  <large_image_url/>
  <link>https://www.goodreads.com/book/show/15866444-living-in-the-nature-poem</link>
  <num_pages>120</num_pages>
  <format>Paperback</format>
  <edition_information/>
  <publisher>Hiraeth Press</publisher>
  <publication_day>15</publication_day>
  <publication_year>2012</publication_year>
  <publication_month>6</publication_month>
  <average_rating>4.80</average_rating>
  <ratings_count>5</ratings_count>
  <description>Living in the Nature Poem connects us to ourselves, each other, and the earth. As an important part of our own environments, we're also part of the complexities of nature, including human nature and those odd thoughts and moments that bring humor, wonder, perplexity, and prayer.</description>
<authors>
<author>
<id>540522</id>
<name>Mary Harwell Sayler</name>
<role></role>
<image_url nophoto='false'>
<![CDATA[https://images.gr-assets.com/authors/1417885558p5/540522.jpg]]>
</image_url>
<small_image_url nophoto='false'>
<![CDATA[https://images.gr-assets.com/authors/1417885558p2/540522.jpg]]>
</small_image_url>
<link><![CDATA[https://www.goodreads.com/author/show/540522.Mary_Harwell_Sayler]]></link>
<average_rating>4.76</average_rating>
<ratings_count>42</ratings_count>
<text_reviews_count>5</text_reviews_count>
</author>
</authors>
  <published>2012</published>
</book>


      <book>
  <id type="integer">6921522</id>
  <isbn>0310468426</isbn>
  <isbn13>9780310468424</isbn13>
  <text_reviews_count type="integer">2</text_reviews_count>
  <title>Beyond the Smoky Curtain</title>
  <title_without_series>Beyond the Smoky Curtain</title_without_series>
  <image_url>https://images.gr-assets.com/books/1264530181m/6921522.jpg</image_url>
  <small_image_url>https://images.gr-assets.com/books/1264530181s/6921522.jpg</small_image_url>
  <large_image_url/>
  <link>https://www.goodreads.com/book/show/6921522-beyond-the-smoky-curtain</link>
  <num_pages></num_pages>
  <format></format>
  <edition_information/>
  <publisher></publisher>
  <publication_day></publication_day>
  <publication_year></publication_year>
  <publication_month></publication_month>
  <average_rating>4.00</average_rating>
  <ratings_count>5</ratings_count>
  <description>She set out to carry the Good News to a brave new world beyond the smoky curtain... The Beloved Woman of the Cherokee Indian nation - Nan-ye-hi - is already legendary for her courage &amp;amp; wisdom when Priscilla Prescott arrives, bringing the message of God's love to the "heathen" tribes. Newly widowed, Priscilla must battle not only the first pain of grief &amp;amp; a strange fascination with the enigmatic Garth Daniels, but also a newborn conflict within. Could these people to whom she has been called have a message for her? &amp;amp; will her own faith in God be found sufficient after it has been fully tested?</description>
<authors>
<author>
<id>540522</id>
<name>Mary Harwell Sayler</name>
<role></role>
<image_url nophoto='false'>
<![CDATA[https://images.gr-assets.com/authors/1417885558p5/540522.jpg]]>
</image_url>
<small_image_url nophoto='false'>
<![CDATA[https://images.gr-assets.com/authors/1417885558p2/540522.jpg]]>
</small_image_url>
<link><![CDATA[https://www.goodreads.com/author/show/540522.Mary_Harwell_Sayler]]></link>
<average_rating>4.76</average_rating>
<ratings_count>42</ratings_count>
<text_reviews_count>5</text_reviews_count>
</author>
</authors>
  <published></published>
</book>


      <book>
  <id type="integer">21281853</id>
  <isbn nil="true"/>
  <isbn13 nil="true"/>
  <text_reviews_count type="integer">1</text_reviews_count>
  <title>Christian Writer's Guide</title>
  <title_without_series>Christian Writer's Guide</title_without_series>
  <image_url>https://s.gr-assets.com/assets/nophoto/book/111x148-bcc042a9c91a29c1d680899eff700a03.png</image_url>
  <small_image_url>https://s.gr-assets.com/assets/nophoto/book/50x75-a91bf249278a81aabab721ef782c4a74.png</small_image_url>
  <large_image_url/>
  <link>https://www.goodreads.com/book/show/21281853-christian-writer-s-guide</link>
  <num_pages></num_pages>
  <format></format>
  <edition_information/>
  <publisher></publisher>
  <publication_day></publication_day>
  <publication_year></publication_year>
  <publication_month></publication_month>
  <average_rating>4.33</average_rating>
  <ratings_count>3</ratings_count>
  <description></description>
<authors>
<author>
<id>540522</id>
<name>Mary Harwell Sayler</name>
<role></role>
<image_url nophoto='false'>
<![CDATA[https://images.gr-assets.com/authors/1417885558p5/540522.jpg]]>
</image_url>
<small_image_url nophoto='false'>
<![CDATA[https://images.gr-assets.com/authors/1417885558p2/540522.jpg]]>
</small_image_url>
<link><![CDATA[https://www.goodreads.com/author/show/540522.Mary_Harwell_Sayler]]></link>
<average_rating>4.76</average_rating>
<ratings_count>42</ratings_count>
<text_reviews_count>5</text_reviews_count>
</author>
</authors>
  <published></published>
</book>


      <book>
  <id type="integer">34323691</id>
  <isbn>1945099038</isbn>
  <isbn13>9781945099038</isbn13>
  <text_reviews_count type="integer">0</text_reviews_count>
  <title>PRAISE! Poems</title>
  <title_without_series>PRAISE! Poems</title_without_series>
  <image_url>https://images.gr-assets.com/books/1487287215m/34323691.jpg</image_url>
  <small_image_url>https://images.gr-assets.com/books/1487287215s/34323691.jpg</small_image_url>
  <large_image_url/>
  <link>https://www.goodreads.com/book/show/34323691-praise-poems</link>
  <num_pages></num_pages>
  <format>Paperback</format>
  <edition_information/>
  <publisher>Cladach Publishing</publisher>
  <publication_day>30</publication_day>
  <publication_year>2017</publication_year>
  <publication_month>3</publication_month>
  <average_rating>5.00</average_rating>
  <ratings_count>2</ratings_count>
  <description>&lt;p&gt;Bad news everywhere! Worries, hurts, fears, anger: Everyone has problems of some kind, but focusing on praise takes our thoughts off our worries and onto the goodness of God. &lt;br /&gt;&lt;/p&gt;&lt;p&gt;These poems began when the poet found herself weighted by woes and laments. She began to realize her lack of appreciation to God. Then she made a decision to begin looking for the good. Poetic expressions began coming to her almost daily--spontaneous, contemporary poems of thanksgiving and adoration, of praise and thanksgiving. &lt;br /&gt;&lt;/p&gt;&lt;p&gt;These poems are a remedy for those who feel pressed down by the negativity of the world. While they acknowledge, on the one hand, the realities around us, these poems also look for the good our God in everything. Sections within the book include: Praise, Prayers, Easter, Creation, Wonder, Christmas. &lt;/p&gt;&lt;p&gt;As you read &lt;i&gt;PRAISE! Poems&lt;/i&gt;, may an explosion break forth in your own life of adoration to--and celebration of--our good God!&lt;/p&gt;</description>
<authors>
<author>
<id>540522</id>
<name>Mary Harwell Sayler</name>
<role></role>
<image_url nophoto='false'>
<![CDATA[https://images.gr-assets.com/authors/1417885558p5/540522.jpg]]>
</image_url>
<small_image_url nophoto='false'>
<![CDATA[https://images.gr-assets.com/authors/1417885558p2/540522.jpg]]>
</small_image_url>
<link><![CDATA[https://www.goodreads.com/author/show/540522.Mary_Harwell_Sayler]]></link>
<average_rating>4.76</average_rating>
<ratings_count>42</ratings_count>
<text_reviews_count>5</text_reviews_count>
</author>
</authors>
  <published>2017</published>
</book>


      <book>
  <id type="integer">23438965</id>
  <isbn nil="true"/>
  <isbn13>9780615994864</isbn13>
  <text_reviews_count type="integer">1</text_reviews_count>
  <title>Outside Eden</title>
  <title_without_series>Outside Eden</title_without_series>
  <image_url>https://images.gr-assets.com/books/1418584469m/23438965.jpg</image_url>
  <small_image_url>https://images.gr-assets.com/books/1418584469s/23438965.jpg</small_image_url>
  <large_image_url/>
  <link>https://www.goodreads.com/book/show/23438965-outside-eden</link>
  <num_pages>106</num_pages>
  <format>Paperback</format>
  <edition_information/>
  <publisher>Aldrich Press, Kelsay Books</publisher>
  <publication_day>16</publication_day>
  <publication_year>2014</publication_year>
  <publication_month>4</publication_month>
  <average_rating>5.00</average_rating>
  <ratings_count>2</ratings_count>
  <description>Bible-based poetry, taking us from exile to return</description>
<authors>
<author>
<id>540522</id>
<name>Mary Harwell Sayler</name>
<role></role>
<image_url nophoto='false'>
<![CDATA[https://images.gr-assets.com/authors/1417885558p5/540522.jpg]]>
</image_url>
<small_image_url nophoto='false'>
<![CDATA[https://images.gr-assets.com/authors/1417885558p2/540522.jpg]]>
</small_image_url>
<link><![CDATA[https://www.goodreads.com/author/show/540522.Mary_Harwell_Sayler]]></link>
<average_rating>4.76</average_rating>
<ratings_count>42</ratings_count>
<text_reviews_count>5</text_reviews_count>
</author>
</authors>
  <published>2014</published>
</book>


      <book>
  <id type="integer">22741934</id>
  <isbn nil="true"/>
  <isbn13 nil="true"/>
  <text_reviews_count type="integer">0</text_reviews_count>
  <title>Christian Poet's Guide to Writing Poetry</title>
  <title_without_series>Christian Poet's Guide to Writing Poetry</title_without_series>
  <image_url>https://s.gr-assets.com/assets/nophoto/book/111x148-bcc042a9c91a29c1d680899eff700a03.png</image_url>
  <small_image_url>https://s.gr-assets.com/assets/nophoto/book/50x75-a91bf249278a81aabab721ef782c4a74.png</small_image_url>
  <large_image_url/>
  <link>https://www.goodreads.com/book/show/22741934-christian-poet-s-guide-to-writing-poetry</link>
  <num_pages></num_pages>
  <format></format>
  <edition_information/>
  <publisher></publisher>
  <publication_day></publication_day>
  <publication_year></publication_year>
  <publication_month></publication_month>
  <average_rating>5.00</average_rating>
  <ratings_count>2</ratings_count>
  <description></description>
<authors>
<author>
<id>540522</id>
<name>Mary Harwell Sayler</name>
<role></role>
<image_url nophoto='false'>
<![CDATA[https://images.gr-assets.com/authors/1417885558p5/540522.jpg]]>
</image_url>
<small_image_url nophoto='false'>
<![CDATA[https://images.gr-assets.com/authors/1417885558p2/540522.jpg]]>
</small_image_url>
<link><![CDATA[https://www.goodreads.com/author/show/540522.Mary_Harwell_Sayler]]></link>
<average_rating>4.76</average_rating>
<ratings_count>42</ratings_count>
<text_reviews_count>5</text_reviews_count>
</author>
</authors>
  <published></published>
</book>


      <book>
  <id type="integer">1093370</id>
  <isbn>0816054479</isbn>
  <isbn13>9780816054473</isbn13>
  <text_reviews_count type="integer">0</text_reviews_count>
  <title>The Encyclopedia of the Muscle and Skeletal Systems and Disorders</title>
  <title_without_series>The Encyclopedia of the Muscle and Skeletal Systems and Disorders</title_without_series>
  <image_url>https://s.gr-assets.com/assets/nophoto/book/111x148-bcc042a9c91a29c1d680899eff700a03.png</image_url>
  <small_image_url>https://s.gr-assets.com/assets/nophoto/book/50x75-a91bf249278a81aabab721ef782c4a74.png</small_image_url>
  <large_image_url/>
  <link>https://www.goodreads.com/book/show/1093370.The_Encyclopedia_of_the_Muscle_and_Skeletal_Systems_and_Disorders</link>
  <num_pages>389</num_pages>
  <format>Hardcover</format>
  <edition_information/>
  <publisher>Facts on File</publisher>
  <publication_day>9</publication_day>
  <publication_year>2005</publication_year>
  <publication_month>2</publication_month>
  <average_rating>5.00</average_rating>
  <ratings_count>2</ratings_count>
  <description>According to the Centers for Disease Control, approximately 70 million Americans suffer from arthritis or chronic joint pain and an estimated 20 million seek chiropractic help each year in search of relief from muscle pain or realignment of their skeleton. In an easy-to-use, A-to-Z format, The Encyclopedia of Muscle and Skeletal Systems and Disorders provides more than 500 concise entries covering all aspects of muscle and bone in the human body. Complete, comprehensive coverage includes anatomy, metabolic processes, injuries, diseases and disorders, treatments, medicines, nutrition, current research, and much more.</description>
<authors>
<author>
<id>540522</id>
<name>Mary Harwell Sayler</name>
<role></role>
<image_url nophoto='false'>
<![CDATA[https://images.gr-assets.com/authors/1417885558p5/540522.jpg]]>
</image_url>
<small_image_url nophoto='false'>
<![CDATA[https://images.gr-assets.com/authors/1417885558p2/540522.jpg]]>
</small_image_url>
<link><![CDATA[https://www.goodreads.com/author/show/540522.Mary_Harwell_Sayler]]></link>
<average_rating>4.76</average_rating>
<ratings_count>42</ratings_count>
<text_reviews_count>5</text_reviews_count>
</author>
</authors>
  <published>2005</published>
</book>


      <book>
  <id type="integer">33586285</id>
  <isbn>1539952878</isbn>
  <isbn13>9781539952879</isbn13>
  <text_reviews_count type="integer">0</text_reviews_count>
  <title>Faces in a Crowd</title>
  <title_without_series>Faces in a Crowd</title_without_series>
  <image_url>https://images.gr-assets.com/books/1483013901m/33586285.jpg</image_url>
  <small_image_url>https://images.gr-assets.com/books/1483013901s/33586285.jpg</small_image_url>
  <large_image_url/>
  <link>https://www.goodreads.com/book/show/33586285-faces-in-a-crowd</link>
  <num_pages></num_pages>
  <format>Paperback</format>
  <edition_information/>
  <publisher>Createspace Independent Publishing Platform</publisher>
  <publication_day>10</publication_day>
  <publication_year>2016</publication_year>
  <publication_month>11</publication_month>
  <average_rating>5.00</average_rating>
  <ratings_count>1</ratings_count>
  <description>Faces in a Crowd reminds us how much alike we are, even in our differences. These glimpses into human nature, spiritual matters, and our relationships with one another come alive in free verse, prose poems, and traditional poetry forms.</description>
<authors>
<author>
<id>540522</id>
<name>Mary Harwell Sayler</name>
<role></role>
<image_url nophoto='false'>
<![CDATA[https://images.gr-assets.com/authors/1417885558p5/540522.jpg]]>
</image_url>
<small_image_url nophoto='false'>
<![CDATA[https://images.gr-assets.com/authors/1417885558p2/540522.jpg]]>
</small_image_url>
<link><![CDATA[https://www.goodreads.com/author/show/540522.Mary_Harwell_Sayler]]></link>
<average_rating>4.76</average_rating>
<ratings_count>42</ratings_count>
<text_reviews_count>5</text_reviews_count>
</author>
</authors>
  <published>2016</published>
</book>


      <book>
  <id type="integer">22832135</id>
  <isbn>1438135882</isbn>
  <isbn13>9781438135885</isbn13>
  <text_reviews_count type="integer">0</text_reviews_count>
  <title>Prescription Pain Relievers</title>
  <title_without_series>Prescription Pain Relievers</title_without_series>
  <image_url>https://images.gr-assets.com/books/1418584585m/22832135.jpg</image_url>
  <small_image_url>https://images.gr-assets.com/books/1418584585s/22832135.jpg</small_image_url>
  <large_image_url/>
  <link>https://www.goodreads.com/book/show/22832135-prescription-pain-relievers</link>
  <num_pages>113</num_pages>
  <format>Unknown Binding</format>
  <edition_information/>
  <publisher>Chelsea House Publications</publisher>
  <publication_day>14</publication_day>
  <publication_year>2014</publication_year>
  <publication_month>5</publication_month>
  <average_rating>5.00</average_rating>
  <ratings_count>1</ratings_count>
  <description>The purpose of any prescription pain reliever is pain management, which enables a person to go to school or work, perform daily activities, and carry on a normal life. When used correctly, a properly prescribedapain relieveracan help to restore a healthful quality of life. But taking prescription pain medication at any time for any reason other than pain relief is a dangerous practice. An estimated one in five teenagers between ages 12 and 17 hasaabused prescription pain relievers in the United States, according to the Partnership for a Drug-Free America.aBecause these drugs can often be found in the medicine cabinet at home, there is a common misconception among teens that they are safe in comparison to street drugs.aPrescription Pain Relievers exposes the truth about these drugs, noting that the fact that they can be legally obtained does not diminish the risk of their use.</description>
<authors>
<author>
<id>540522</id>
<name>Mary Harwell Sayler</name>
<role></role>
<image_url nophoto='false'>
<![CDATA[https://images.gr-assets.com/authors/1417885558p5/540522.jpg]]>
</image_url>
<small_image_url nophoto='false'>
<![CDATA[https://images.gr-assets.com/authors/1417885558p2/540522.jpg]]>
</small_image_url>
<link><![CDATA[https://www.goodreads.com/author/show/540522.Mary_Harwell_Sayler]]></link>
<average_rating>4.76</average_rating>
<ratings_count>42</ratings_count>
<text_reviews_count>5</text_reviews_count>
</author>
</authors>
  <published>2014</published>
</book>


      <book>
  <id type="integer">21174341</id>
  <isbn nil="true"/>
  <isbn13 nil="true"/>
  <text_reviews_count type="integer">0</text_reviews_count>
  <title>Poetry Dictionary For Children and For Fun</title>
  <title_without_series>Poetry Dictionary For Children and For Fun</title_without_series>
  <image_url>https://s.gr-assets.com/assets/nophoto/book/111x148-bcc042a9c91a29c1d680899eff700a03.png</image_url>
  <small_image_url>https://s.gr-assets.com/assets/nophoto/book/50x75-a91bf249278a81aabab721ef782c4a74.png</small_image_url>
  <large_image_url/>
  <link>https://www.goodreads.com/book/show/21174341-poetry-dictionary-for-children-and-for-fun</link>
  <num_pages></num_pages>
  <format></format>
  <edition_information/>
  <publisher></publisher>
  <publication_day></publication_day>
  <publication_year></publication_year>
  <publication_month></publication_month>
  <average_rating>5.00</average_rating>
  <ratings_count>1</ratings_count>
  <description></description>
<authors>
<author>
<id>540522</id>
<name>Mary Harwell Sayler</name>
<role></role>
<image_url nophoto='false'>
<![CDATA[https://images.gr-assets.com/authors/1417885558p5/540522.jpg]]>
</image_url>
<small_image_url nophoto='false'>
<![CDATA[https://images.gr-assets.com/authors/1417885558p2/540522.jpg]]>
</small_image_url>
<link><![CDATA[https://www.goodreads.com/author/show/540522.Mary_Harwell_Sayler]]></link>
<average_rating>4.76</average_rating>
<ratings_count>42</ratings_count>
<text_reviews_count>5</text_reviews_count>
</author>
</authors>
  <published></published>
</book>


    </books>
</author>

</GoodreadsResponse>