<?xml version="1.0" encoding="UTF-8"?>
<GoodreadsResponse>
  <Request>
    <authentication>true</authentication>
      <key><![CDATA[sySok63UyYyWi2Wof1HocA]]></key>
    <method><![CDATA[author_show]]></method>
  </Request>
  <author>
  <id>5433861</id>
  <name>Roger E. Shepherd</name>
  <link><![CDATA[https://www.goodreads.com/author/show/5433861.Roger_E_Shepherd]]></link>
  <fans_count type="integer">0</fans_count>
  <author_followers_count type="integer">0</author_followers_count>
  <large_image_url><![CDATA[https://images.gr-assets.com/authors/1325877534p7/5433861.jpg]]></large_image_url>
  <image_url><![CDATA[https://images.gr-assets.com/authors/1325877534p5/5433861.jpg]]></image_url>
  <small_image_url><![CDATA[https://images.gr-assets.com/authors/1325877534p2/5433861.jpg]]></small_image_url>
  <about></about>
  <influences></influences>
  <works_count>1</works_count>
  <gender>male</gender>
  <hometown></hometown>
  <born_at></born_at>
  <died_at></died_at>
  <goodreads_author>true</goodreads_author>
    <user>
  <id type="integer">7350661</id>
</user>


    <books>
      <book>
  <id type="integer">13383397</id>
  <isbn>1449730426</isbn>
  <isbn13>9781449730420</isbn13>
  <text_reviews_count type="integer">0</text_reviews_count>
  <title>Praise God, We Won: A Vision of Victory from Jesus Christ in the Revelation</title>
  <title_without_series>Praise God, We Won: A Vision of Victory from Jesus Christ in the Revelation</title_without_series>
  <image_url>https://s.gr-assets.com/assets/nophoto/book/111x148-bcc042a9c91a29c1d680899eff700a03.png</image_url>
  <small_image_url>https://s.gr-assets.com/assets/nophoto/book/50x75-a91bf249278a81aabab721ef782c4a74.png</small_image_url>
  <large_image_url/>
  <link>https://www.goodreads.com/book/show/13383397-praise-god-we-won</link>
  <num_pages>184</num_pages>
  <format>Paperback</format>
  <edition_information/>
  <publisher>WestBow Press</publisher>
  <publication_day>8</publication_day>
  <publication_year>2011</publication_year>
  <publication_month>12</publication_month>
  <average_rating>5.00</average_rating>
  <ratings_count>2</ratings_count>
  <description>Only one thing stands between you and victory: faith and relationship with God in Jesus Christ. What is the world coming to? The economy is hurting, layoffs are prevalent, and society is anxious. Natural disasters continue to multiply. The home is crumbling. War is killing its thousands. Terrorism is terrifying! Satan is filling religion with dogmatism and pessimism. Sickness and death are marching forward with intensity. Depression is stealing the joy of many people. Wouldn't it be great to walk out by claiming the victory that is in Christ?&lt;br /&gt;&lt;br /&gt;God is worthy of our praise. In the Bible believers lived shouting, "Hallelujah," while celebrating God's deliverance over Satan and ultimately over sin at the coming of Christ. Praise (glory, honor, commendation, and joy) is ascribed to God in respect of His glory exhibited in the character and victory operations of Christ. The Revelation celebrates victory in all ages while looking to a prevailing life with Christ in the present age and in heaven. Praise God, We Won magnifies the story of praise and victory in reality to every believer in Christ. We are more than conquerors through Him who loves us!</description>
<authors>
<author>
<id>5433861</id>
<name>Roger E. Shepherd</name>
<role></role>
<image_url nophoto='false'>
<![CDATA[https://images.gr-assets.com/authors/1325877534p5/5433861.jpg]]>
</image_url>
<small_image_url nophoto='false'>
<![CDATA[https://images.gr-assets.com/authors/1325877534p2/5433861.jpg]]>
</small_image_url>
<link><![CDATA[https://www.goodreads.com/author/show/5433861.Roger_E_Shepherd]]></link>
<average_rating>5.00</average_rating>
<ratings_count>2</ratings_count>
<text_reviews_count>0</text_reviews_count>
</author>
</authors>
  <published>2011</published>
</book>


    </books>
</author>

</GoodreadsResponse>