<?xml version="1.0" encoding="UTF-8"?>
<GoodreadsResponse>
  <Request>
    <authentication>true</authentication>
      <key><![CDATA[sySok63UyYyWi2Wof1HocA]]></key>
    <method><![CDATA[author_show]]></method>
  </Request>
  <author>
  <id>544065</id>
  <name>Laddie Lucas</name>
  <link><![CDATA[https://www.goodreads.com/author/show/544065.Laddie_Lucas]]></link>
  <fans_count type="integer">0</fans_count>
  <author_followers_count type="integer">0</author_followers_count>
  <large_image_url><![CDATA[https://images.gr-assets.com/authors/1388393488p7/544065.jpg]]></large_image_url>
  <image_url><![CDATA[https://images.gr-assets.com/authors/1388393488p5/544065.jpg]]></image_url>
  <small_image_url><![CDATA[https://images.gr-assets.com/authors/1388393488p2/544065.jpg]]></small_image_url>
  <about><![CDATA[Wing Commander Percy Belgrave "Laddie" Lucas, CBE, DSO and Bar, DFC.<br /><br />Graduate of Pembroke College, University of Cambridge where he received a degree in Economics.<br /><br />World War II veteran of the Royal Air Force.<br /><br />Appointed a Commander of the Order of the British Empire (CBE), a Companion of the Distinguished Service Order (DSO*), and recipient of the Distinguished Flying Cross (DFC).]]></about>
  <influences></influences>
  <works_count>13</works_count>
  <gender>male</gender>
  <hometown>Sandwich Bay, Kent</hometown>
  <born_at>1915/09/02</born_at>
  <died_at>1998/03/20</died_at>
  <goodreads_author></goodreads_author>

    <books>
      <book>
  <id type="integer">13294405</id>
  <isbn>0091542804</isbn>
  <isbn13>9780091542801</isbn13>
  <text_reviews_count type="integer">0</text_reviews_count>
  <title>Wings Of War</title>
  <title_without_series>Wings Of War</title_without_series>
  <image_url>https://s.gr-assets.com/assets/nophoto/book/111x148-bcc042a9c91a29c1d680899eff700a03.png</image_url>
  <small_image_url>https://s.gr-assets.com/assets/nophoto/book/50x75-a91bf249278a81aabab721ef782c4a74.png</small_image_url>
  <large_image_url/>
  <link>https://www.goodreads.com/book/show/13294405-wings-of-war</link>
  <num_pages></num_pages>
  <format>hardback</format>
  <edition_information/>
  <publisher>Random House, Inc.</publisher>
  <publication_day>15</publication_day>
  <publication_year>1984</publication_year>
  <publication_month>1</publication_month>
  <average_rating>4.20</average_rating>
  <ratings_count>5</ratings_count>
  <description></description>
<authors>
<author>
<id>544065</id>
<name>Laddie Lucas</name>
<role></role>
<image_url nophoto='false'>
<![CDATA[https://images.gr-assets.com/authors/1388393488p5/544065.jpg]]>
</image_url>
<small_image_url nophoto='false'>
<![CDATA[https://images.gr-assets.com/authors/1388393488p2/544065.jpg]]>
</small_image_url>
<link><![CDATA[https://www.goodreads.com/author/show/544065.Laddie_Lucas]]></link>
<average_rating>3.37</average_rating>
<ratings_count>35</ratings_count>
<text_reviews_count>3</text_reviews_count>
</author>
</authors>
  <published>1984</published>
</book>


      <book>
  <id type="integer">6583838</id>
  <isbn>0140178082</isbn>
  <isbn13>9780140178081</isbn13>
  <text_reviews_count type="integer">1</text_reviews_count>
  <title>Malta: The Thorn In Rommel's Side   Six Months That Turned The War</title>
  <title_without_series>Malta: The Thorn In Rommel's Side   Six Months That Turned The War</title_without_series>
  <image_url>https://images.gr-assets.com/books/1319591408m/6583838.jpg</image_url>
  <small_image_url>https://images.gr-assets.com/books/1319591408s/6583838.jpg</small_image_url>
  <large_image_url/>
  <link>https://www.goodreads.com/book/show/6583838-malta</link>
  <num_pages></num_pages>
  <format></format>
  <edition_information/>
  <publisher></publisher>
  <publication_day></publication_day>
  <publication_year></publication_year>
  <publication_month></publication_month>
  <average_rating>3.50</average_rating>
  <ratings_count>8</ratings_count>
  <description></description>
<authors>
<author>
<id>544065</id>
<name>Laddie Lucas</name>
<role></role>
<image_url nophoto='false'>
<![CDATA[https://images.gr-assets.com/authors/1388393488p5/544065.jpg]]>
</image_url>
<small_image_url nophoto='false'>
<![CDATA[https://images.gr-assets.com/authors/1388393488p2/544065.jpg]]>
</small_image_url>
<link><![CDATA[https://www.goodreads.com/author/show/544065.Laddie_Lucas]]></link>
<average_rating>3.37</average_rating>
<ratings_count>35</ratings_count>
<text_reviews_count>3</text_reviews_count>
</author>
</authors>
  <published></published>
</book>


      <book>
  <id type="integer">6492291</id>
  <isbn>0099465663</isbn>
  <isbn13>9780099465669</isbn13>
  <text_reviews_count type="integer">0</text_reviews_count>
  <title>Voices In The Air 1939-1945</title>
  <title_without_series>Voices In The Air 1939-1945</title_without_series>
  <image_url>https://s.gr-assets.com/assets/nophoto/book/111x148-bcc042a9c91a29c1d680899eff700a03.png</image_url>
  <small_image_url>https://s.gr-assets.com/assets/nophoto/book/50x75-a91bf249278a81aabab721ef782c4a74.png</small_image_url>
  <large_image_url/>
  <link>https://www.goodreads.com/book/show/6492291-voices-in-the-air-1939-1945</link>
  <num_pages>560</num_pages>
  <format>Paperback</format>
  <edition_information/>
  <publisher>Arrow</publisher>
  <publication_day>2</publication_day>
  <publication_year>2003</publication_year>
  <publication_month>10</publication_month>
  <average_rating>2.83</average_rating>
  <ratings_count>6</ratings_count>
  <description>A unique and enthralling anthology compiled by WWII flying ace, Laddie Lucas, Voices in the Air tells the story of the air battles of the Second World War in the voices of those who took part. Drawn largely on the writings of the combatants themselves from all sides of the conflict, this book offers a vivid and highly individual account of the great aerial campaigns of WWII. From a thrilling account of the first sustained dogfight between Spitfire and Messerschmitt in 1940, to an eighteen-year-old Japanese suicide pilot's last letter home and the Luftwaffe leaders' analysis of 'what went wrong' after the Battle of Britain, the book dramatically deals with every aspect of the war. Full of stories of astonishing escapades, incredible bravery, dogged persistence and moving feats of arms, Voices in the Air honours both the sung and the unsung heroes of the war.</description>
<authors>
<author>
<id>544065</id>
<name>Laddie Lucas</name>
<role></role>
<image_url nophoto='false'>
<![CDATA[https://images.gr-assets.com/authors/1388393488p5/544065.jpg]]>
</image_url>
<small_image_url nophoto='false'>
<![CDATA[https://images.gr-assets.com/authors/1388393488p2/544065.jpg]]>
</small_image_url>
<link><![CDATA[https://www.goodreads.com/author/show/544065.Laddie_Lucas]]></link>
<average_rating>3.37</average_rating>
<ratings_count>35</ratings_count>
<text_reviews_count>3</text_reviews_count>
</author>
</authors>
  <published>2003</published>
</book>


      <book>
  <id type="integer">1101934</id>
  <isbn>1840222484</isbn>
  <isbn13>9781840222487</isbn13>
  <text_reviews_count type="integer">1</text_reviews_count>
  <title>Flying Colours: The Epic Story of Douglas Bader</title>
  <title_without_series>Flying Colours: The Epic Story of Douglas Bader</title_without_series>
  <image_url>https://s.gr-assets.com/assets/nophoto/book/111x148-bcc042a9c91a29c1d680899eff700a03.png</image_url>
  <small_image_url>https://s.gr-assets.com/assets/nophoto/book/50x75-a91bf249278a81aabab721ef782c4a74.png</small_image_url>
  <large_image_url/>
  <link>https://www.goodreads.com/book/show/1101934.Flying_Colours</link>
  <num_pages/>
  <format>Paperback</format>
  <edition_information/>
  <publisher>Wordsworth Editions</publisher>
  <publication_day>1</publication_day>
  <publication_year>2001</publication_year>
  <publication_month>8</publication_month>
  <average_rating>3.50</average_rating>
  <ratings_count>8</ratings_count>
  <description>The Wordsworth Military Library covers the breadth of military history, including studies of individual leaders and accounts of major campaigns and great conflicts.</description>
<authors>
<author>
<id>544065</id>
<name>Laddie Lucas</name>
<role></role>
<image_url nophoto='false'>
<![CDATA[https://images.gr-assets.com/authors/1388393488p5/544065.jpg]]>
</image_url>
<small_image_url nophoto='false'>
<![CDATA[https://images.gr-assets.com/authors/1388393488p2/544065.jpg]]>
</small_image_url>
<link><![CDATA[https://www.goodreads.com/author/show/544065.Laddie_Lucas]]></link>
<average_rating>3.37</average_rating>
<ratings_count>35</ratings_count>
<text_reviews_count>3</text_reviews_count>
</author>
</authors>
  <published>2001</published>
</book>


      <book>
  <id type="integer">2365144</id>
  <isbn>189869785X</isbn>
  <isbn13>9781898697855</isbn13>
  <text_reviews_count type="integer">1</text_reviews_count>
  <title>Thanks for the Memory: Unforgettable Characters in Air Warfare, 1939-1945</title>
  <title_without_series>Thanks for the Memory: Unforgettable Characters in Air Warfare, 1939-1945</title_without_series>
  <image_url>https://s.gr-assets.com/assets/nophoto/book/111x148-bcc042a9c91a29c1d680899eff700a03.png</image_url>
  <small_image_url>https://s.gr-assets.com/assets/nophoto/book/50x75-a91bf249278a81aabab721ef782c4a74.png</small_image_url>
  <large_image_url/>
  <link>https://www.goodreads.com/book/show/2365144.Thanks_for_the_Memory</link>
  <num_pages>468</num_pages>
  <format>Paperback</format>
  <edition_information/>
  <publisher>Grub Street</publisher>
  <publication_day>15</publication_day>
  <publication_year>2008</publication_year>
  <publication_month>7</publication_month>
  <average_rating>3.67</average_rating>
  <ratings_count>3</ratings_count>
  <description>In this book of World War II reminiscences, edited by "flying ace" Laddie Lucas, airmen from both sides of all nationalities recall memorable characters they met in the air forces. &lt;br /&gt;&lt;br /&gt;There are intimate, first-hand portraits of the famous and the not-so-famous, from heroes like Leonard Cheshire, Douglas Bader and Johnnie Johnson to the legendary Commanders-in-Chief like Sir Arthur ("Bomber") Harris, their pilots, air and ground crews and operational personnel. &lt;br /&gt;&lt;br /&gt;Here, remembered for their courage, comradeship, humour or powers of leadership are the young American pilot poet John Magee, tragically killed at the age of 19; the flying Italian prince Gianni Carracciolo, decorated personally in the field by Il Duce; Don Blakeslee, brilliant fighter leader of the US Eighth Air Force; Japan's legendary black sheep, Lieutenant Sadaaki Akamatsu; Werner Molders, the Luftwaffe's outstanding tactician, and the New Zealander with nine lives, Al Deere. Former Home Secretary Merlyn Rees recalls his remarkable CO in Italy in 1943, Group Captain Duncan Smith, and Group Captain Peter Townsend salutes the quiet courage of the pilot prince who became King George VI. &lt;br /&gt;&lt;br /&gt;This is an international volume, with contributions from Britain, France, Italy, Germany, Japan, Czechoslovakia, Poland, Norway, South Africa, the USA, Canada, Australia and New Zealand.</description>
<authors>
<author>
<id>544065</id>
<name>Laddie Lucas</name>
<role>Editor</role>
<image_url nophoto='false'>
<![CDATA[https://images.gr-assets.com/authors/1388393488p5/544065.jpg]]>
</image_url>
<small_image_url nophoto='false'>
<![CDATA[https://images.gr-assets.com/authors/1388393488p2/544065.jpg]]>
</small_image_url>
<link><![CDATA[https://www.goodreads.com/author/show/544065.Laddie_Lucas]]></link>
<average_rating>3.37</average_rating>
<ratings_count>35</ratings_count>
<text_reviews_count>3</text_reviews_count>
</author>
</authors>
  <published>2008</published>
</book>


      <book>
  <id type="integer">12149203</id>
  <isbn>0586070885</isbn>
  <isbn13>9780586070888</isbn13>
  <text_reviews_count type="integer">0</text_reviews_count>
  <title>Out of the Blue</title>
  <title_without_series>Out of the Blue</title_without_series>
  <image_url>https://s.gr-assets.com/assets/nophoto/book/111x148-bcc042a9c91a29c1d680899eff700a03.png</image_url>
  <small_image_url>https://s.gr-assets.com/assets/nophoto/book/50x75-a91bf249278a81aabab721ef782c4a74.png</small_image_url>
  <large_image_url/>
  <link>https://www.goodreads.com/book/show/12149203-out-of-the-blue</link>
  <num_pages>544</num_pages>
  <format>Paperback</format>
  <edition_information/>
  <publisher>Grafton</publisher>
  <publication_day>21</publication_day>
  <publication_year>1987</publication_year>
  <publication_month>5</publication_month>
  <average_rating>2.67</average_rating>
  <ratings_count>3</ratings_count>
  <description></description>
<authors>
<author>
<id>544065</id>
<name>Laddie Lucas</name>
<role></role>
<image_url nophoto='false'>
<![CDATA[https://images.gr-assets.com/authors/1388393488p5/544065.jpg]]>
</image_url>
<small_image_url nophoto='false'>
<![CDATA[https://images.gr-assets.com/authors/1388393488p2/544065.jpg]]>
</small_image_url>
<link><![CDATA[https://www.goodreads.com/author/show/544065.Laddie_Lucas]]></link>
<average_rating>3.37</average_rating>
<ratings_count>35</ratings_count>
<text_reviews_count>3</text_reviews_count>
</author>
</authors>
  <published>1987</published>
</book>


      <book>
  <id type="integer">2418451</id>
  <isbn>0947554807</isbn>
  <isbn13>9780947554804</isbn13>
  <text_reviews_count type="integer">0</text_reviews_count>
  <title>Five Up: A Chronicle of Five Lives</title>
  <title_without_series>Five Up: A Chronicle of Five Lives</title_without_series>
  <image_url>https://images.gr-assets.com/books/1328766220m/2418451.jpg</image_url>
  <small_image_url>https://images.gr-assets.com/books/1328766220s/2418451.jpg</small_image_url>
  <large_image_url/>
  <link>https://www.goodreads.com/book/show/2418451.Five_Up</link>
  <num_pages>300</num_pages>
  <format>Paperback</format>
  <edition_information/>
  <publisher>Crecy Publishing Ltd</publisher>
  <publication_day>30</publication_day>
  <publication_year>2004</publication_year>
  <publication_month>8</publication_month>
  <average_rating>3.00</average_rating>
  <ratings_count>2</ratings_count>
  <description>In World War II Laddie Lucas became famous as a legendary fighter ace, and at the age of just twenty-six led the top-scoring 249 Squadron during the Battle of Malta. Later he commanded a Spitfire wing and led a Mosquito squadron operating in support of the Allied armies advancing through Europe. Before that he had achieved international honors on the golf circuit and had carved out a successful career as a Fleet Street journalist. Following the end of the war he served as a Conservative MP for nine years and later wrote numerous bestselling books based on his exemplary war service.</description>
<authors>
<author>
<id>544065</id>
<name>Laddie Lucas</name>
<role></role>
<image_url nophoto='false'>
<![CDATA[https://images.gr-assets.com/authors/1388393488p5/544065.jpg]]>
</image_url>
<small_image_url nophoto='false'>
<![CDATA[https://images.gr-assets.com/authors/1388393488p2/544065.jpg]]>
</small_image_url>
<link><![CDATA[https://www.goodreads.com/author/show/544065.Laddie_Lucas]]></link>
<average_rating>3.37</average_rating>
<ratings_count>35</ratings_count>
<text_reviews_count>3</text_reviews_count>
</author>
</authors>
  <published>2004</published>
</book>


      <book>
  <id type="integer">2976225</id>
  <isbn>0091744393</isbn>
  <isbn13>9780091744397</isbn13>
  <text_reviews_count type="integer">0</text_reviews_count>
  <title>Glorious Summer</title>
  <title_without_series>Glorious Summer</title_without_series>
  <image_url>https://s.gr-assets.com/assets/nophoto/book/111x148-bcc042a9c91a29c1d680899eff700a03.png</image_url>
  <small_image_url>https://s.gr-assets.com/assets/nophoto/book/50x75-a91bf249278a81aabab721ef782c4a74.png</small_image_url>
  <large_image_url/>
  <link>https://www.goodreads.com/book/show/2976225-glorious-summer</link>
  <num_pages></num_pages>
  <format></format>
  <edition_information/>
  <publisher></publisher>
  <publication_day></publication_day>
  <publication_year></publication_year>
  <publication_month></publication_month>
  <average_rating>3.00</average_rating>
  <ratings_count>1</ratings_count>
  <description></description>
<authors>
<author>
<id>544065</id>
<name>Laddie Lucas</name>
<role></role>
<image_url nophoto='false'>
<![CDATA[https://images.gr-assets.com/authors/1388393488p5/544065.jpg]]>
</image_url>
<small_image_url nophoto='false'>
<![CDATA[https://images.gr-assets.com/authors/1388393488p2/544065.jpg]]>
</small_image_url>
<link><![CDATA[https://www.goodreads.com/author/show/544065.Laddie_Lucas]]></link>
<average_rating>3.37</average_rating>
<ratings_count>35</ratings_count>
<text_reviews_count>3</text_reviews_count>
</author>
</authors>
  <published></published>
</book>


      <book>
  <id type="integer">28490473</id>
  <isbn>009143100X</isbn>
  <isbn13 nil="true"/>
  <text_reviews_count type="integer">0</text_reviews_count>
  <title>The Sport of Princes: Reflections of a Golfer</title>
  <title_without_series>The Sport of Princes: Reflections of a Golfer</title_without_series>
  <image_url>https://s.gr-assets.com/assets/nophoto/book/111x148-bcc042a9c91a29c1d680899eff700a03.png</image_url>
  <small_image_url>https://s.gr-assets.com/assets/nophoto/book/50x75-a91bf249278a81aabab721ef782c4a74.png</small_image_url>
  <large_image_url/>
  <link>https://www.goodreads.com/book/show/28490473-the-sport-of-princes</link>
  <num_pages></num_pages>
  <format></format>
  <edition_information/>
  <publisher></publisher>
  <publication_day></publication_day>
  <publication_year></publication_year>
  <publication_month></publication_month>
  <average_rating>0.0</average_rating>
  <ratings_count>0</ratings_count>
  <description></description>
<authors>
<author>
<id>544065</id>
<name>Laddie Lucas</name>
<role></role>
<image_url nophoto='false'>
<![CDATA[https://images.gr-assets.com/authors/1388393488p5/544065.jpg]]>
</image_url>
<small_image_url nophoto='false'>
<![CDATA[https://images.gr-assets.com/authors/1388393488p2/544065.jpg]]>
</small_image_url>
<link><![CDATA[https://www.goodreads.com/author/show/544065.Laddie_Lucas]]></link>
<average_rating>3.37</average_rating>
<ratings_count>35</ratings_count>
<text_reviews_count>3</text_reviews_count>
</author>
</authors>
  <published></published>
</book>


      <book>
  <id type="integer">13071350</id>
  <isbn>0091714508</isbn>
  <isbn13>9780091714505</isbn13>
  <text_reviews_count type="integer">0</text_reviews_count>
  <title>John Jacobs' Impact on Golf: The Man &amp; His Methods</title>
  <title_without_series>John Jacobs' Impact on Golf: The Man &amp; His Methods</title_without_series>
  <image_url>https://s.gr-assets.com/assets/nophoto/book/111x148-bcc042a9c91a29c1d680899eff700a03.png</image_url>
  <small_image_url>https://s.gr-assets.com/assets/nophoto/book/50x75-a91bf249278a81aabab721ef782c4a74.png</small_image_url>
  <large_image_url/>
  <link>https://www.goodreads.com/book/show/13071350-john-jacobs-impact-on-golf</link>
  <num_pages></num_pages>
  <format></format>
  <edition_information/>
  <publisher></publisher>
  <publication_day></publication_day>
  <publication_year></publication_year>
  <publication_month></publication_month>
  <average_rating>0.0</average_rating>
  <ratings_count>0</ratings_count>
  <description></description>
<authors>
<author>
<id>544065</id>
<name>Laddie Lucas</name>
<role></role>
<image_url nophoto='false'>
<![CDATA[https://images.gr-assets.com/authors/1388393488p5/544065.jpg]]>
</image_url>
<small_image_url nophoto='false'>
<![CDATA[https://images.gr-assets.com/authors/1388393488p2/544065.jpg]]>
</small_image_url>
<link><![CDATA[https://www.goodreads.com/author/show/544065.Laddie_Lucas]]></link>
<average_rating>3.37</average_rating>
<ratings_count>35</ratings_count>
<text_reviews_count>3</text_reviews_count>
</author>
</authors>
  <published></published>
</book>


    </books>
</author>

</GoodreadsResponse>