<?xml version="1.0" encoding="UTF-8"?>
<GoodreadsResponse>
  <Request>
    <authentication>true</authentication>
      <key><![CDATA[sySok63UyYyWi2Wof1HocA]]></key>
    <method><![CDATA[author_show]]></method>
  </Request>
  <author>
  <id>5451682</id>
  <name>Pyarelal Nayyar</name>
  <link><![CDATA[https://www.goodreads.com/author/show/5451682.Pyarelal_Nayyar]]></link>
  <fans_count type="integer">0</fans_count>
  <author_followers_count type="integer">0</author_followers_count>
  <large_image_url><![CDATA[https://images.gr-assets.com/authors/1406822455p7/5451682.jpg]]></large_image_url>
  <image_url><![CDATA[https://images.gr-assets.com/authors/1406822455p5/5451682.jpg]]></image_url>
  <small_image_url><![CDATA[https://images.gr-assets.com/authors/1406822455p2/5451682.jpg]]></small_image_url>
  <about><![CDATA[Pyarelal Nayyar (1899-1982) was the personal secretary of Mahatma Gandhi in his later years. His sister Dr. <a href="https://www.goodreads.com/author/show/512597.Sushila_Nayyar" title="Sushila Nayyar" rel="nofollow">Sushila Nayyar</a> was the Personal Physician to Mahatma Gandhi.<br /><br />He received his B. A. from University of Punjab and quit his M.A. studies during the Non-cooperation movement of 1920.]]></about>
  <influences><![CDATA[<a href="https://www.goodreads.com/author/show/5810891.Mahatma_Gandhi" title="Mahatma Gandhi" rel="nofollow">Mahatma Gandhi</a>]]></influences>
  <works_count>5</works_count>
  <gender>male</gender>
  <hometown></hometown>
  <born_at></born_at>
  <died_at></died_at>
  <goodreads_author></goodreads_author>

    <books>
      <book>
  <id type="integer">1160388</id>
  <isbn>019567071X</isbn>
  <isbn13>9780195670714</isbn13>
  <text_reviews_count type="integer">0</text_reviews_count>
  <title>In Gandhiji's Mirror</title>
  <title_without_series>In Gandhiji's Mirror</title_without_series>
  <image_url>https://s.gr-assets.com/assets/nophoto/book/111x148-bcc042a9c91a29c1d680899eff700a03.png</image_url>
  <small_image_url>https://s.gr-assets.com/assets/nophoto/book/50x75-a91bf249278a81aabab721ef782c4a74.png</small_image_url>
  <large_image_url/>
  <link>https://www.goodreads.com/book/show/1160388.In_Gandhiji_s_Mirror</link>
  <num_pages>305</num_pages>
  <format>Paperback</format>
  <edition_information/>
  <publisher>Oxford University Press, USA</publisher>
  <publication_day>28</publication_day>
  <publication_year>2004</publication_year>
  <publication_month>10</publication_month>
  <average_rating>3.50</average_rating>
  <ratings_count>2</ratings_count>
  <description>The sketches of some of Gandhiji s close associates given in this book show how he brought out the best in all those who came to him and worked with him in the service of humanity. He considered his associates to be instruments sent by god. He helped them develop their God-given abilities. His wide sympathies, unbounded love and deep insight into human nature enabled him to establish rapport with most diverse personalities. He inspired ordinary men and women to rise to great heights and make sacrifices for the service of the country and the uplift of the poorest, the lowliest and the lost. These sketches also reveal Gandhiji s tolerance and ability to carry with him people with different attitudes, ignoring points of disagreement and emphasizing areas of agreement. This won him many friends and co-workers. Many of the sketches included in the volume were written in Gandhiji s lifetime and were scrutinized by him. Others were written at different times after his death. All of them have been revised and updated. Some are being published for the first time.</description>
<authors>
<author>
<id>5451682</id>
<name>Pyarelal Nayyar</name>
<role>Editor</role>
<image_url nophoto='false'>
<![CDATA[https://images.gr-assets.com/authors/1406822455p5/5451682.jpg]]>
</image_url>
<small_image_url nophoto='false'>
<![CDATA[https://images.gr-assets.com/authors/1406822455p2/5451682.jpg]]>
</small_image_url>
<link><![CDATA[https://www.goodreads.com/author/show/5451682.Pyarelal_Nayyar]]></link>
<average_rating>3.75</average_rating>
<ratings_count>4</ratings_count>
<text_reviews_count>0</text_reviews_count>
</author>
</authors>
  <published>2004</published>
</book>


      <book>
  <id type="integer">2239</id>
  <isbn>0934676860</isbn>
  <isbn13>9780934676861</isbn13>
  <text_reviews_count type="integer">0</text_reviews_count>
  <title>Mahatma Gandhi, A Biography (1st)</title>
  <title_without_series>Mahatma Gandhi, A Biography</title_without_series>
  <image_url>https://s.gr-assets.com/assets/nophoto/book/111x148-bcc042a9c91a29c1d680899eff700a03.png</image_url>
  <small_image_url>https://s.gr-assets.com/assets/nophoto/book/50x75-a91bf249278a81aabab721ef782c4a74.png</small_image_url>
  <large_image_url/>
  <link>https://www.goodreads.com/book/show/2239.Mahatma_Gandhi_A_Biography</link>
  <num_pages></num_pages>
  <format>Hardcover</format>
  <edition_information/>
  <publisher>Greenleaf Books</publisher>
  <publication_day/>
  <publication_year>1997</publication_year>
  <publication_month/>
  <average_rating>5.00</average_rating>
  <ratings_count>1</ratings_count>
  <description></description>
<authors>
<author>
<id>5451682</id>
<name>Pyarelal Nayyar</name>
<role></role>
<image_url nophoto='false'>
<![CDATA[https://images.gr-assets.com/authors/1406822455p5/5451682.jpg]]>
</image_url>
<small_image_url nophoto='false'>
<![CDATA[https://images.gr-assets.com/authors/1406822455p2/5451682.jpg]]>
</small_image_url>
<link><![CDATA[https://www.goodreads.com/author/show/5451682.Pyarelal_Nayyar]]></link>
<average_rating>3.75</average_rating>
<ratings_count>4</ratings_count>
<text_reviews_count>0</text_reviews_count>
</author>
</authors>
  <published>1997</published>
</book>


      <book>
  <id type="integer">10906098</id>
  <isbn>0934676437</isbn>
  <isbn13>9780934676434</isbn13>
  <text_reviews_count type="integer">0</text_reviews_count>
  <title>Mahatma Gandhi: Last Phase 1946-8 (Part One Only)</title>
  <title_without_series>Mahatma Gandhi: Last Phase 1946-8</title_without_series>
  <image_url>https://s.gr-assets.com/assets/nophoto/book/111x148-bcc042a9c91a29c1d680899eff700a03.png</image_url>
  <small_image_url>https://s.gr-assets.com/assets/nophoto/book/50x75-a91bf249278a81aabab721ef782c4a74.png</small_image_url>
  <large_image_url/>
  <link>https://www.goodreads.com/book/show/10906098-mahatma-gandhi</link>
  <num_pages></num_pages>
  <format>Hardcover</format>
  <edition_information/>
  <publisher>Greenleaf Books</publisher>
  <publication_day>1</publication_day>
  <publication_year>1983</publication_year>
  <publication_month>11</publication_month>
  <average_rating>3.00</average_rating>
  <ratings_count>1</ratings_count>
  <description></description>
<authors>
<author>
<id>5451682</id>
<name>Pyarelal Nayyar</name>
<role></role>
<image_url nophoto='false'>
<![CDATA[https://images.gr-assets.com/authors/1406822455p5/5451682.jpg]]>
</image_url>
<small_image_url nophoto='false'>
<![CDATA[https://images.gr-assets.com/authors/1406822455p2/5451682.jpg]]>
</small_image_url>
<link><![CDATA[https://www.goodreads.com/author/show/5451682.Pyarelal_Nayyar]]></link>
<average_rating>3.75</average_rating>
<ratings_count>4</ratings_count>
<text_reviews_count>0</text_reviews_count>
</author>
</authors>
  <published>1983</published>
</book>


      <book>
  <id type="integer">14543343</id>
  <isbn>1890206261</isbn>
  <isbn13>9781890206260</isbn13>
  <text_reviews_count type="integer">0</text_reviews_count>
  <title>Gandhi: Going to Wipe Their Tears</title>
  <title_without_series>Gandhi: Going to Wipe Their Tears</title_without_series>
  <image_url>https://images.gr-assets.com/books/1377628438m/14543343.jpg</image_url>
  <small_image_url>https://images.gr-assets.com/books/1377628438s/14543343.jpg</small_image_url>
  <large_image_url/>
  <link>https://www.goodreads.com/book/show/14543343-gandhi</link>
  <num_pages>182</num_pages>
  <format>Paperback</format>
  <edition_information/>
  <publisher>Mapin Publishing Pvt</publisher>
  <publication_day>16</publication_day>
  <publication_year>2009</publication_year>
  <publication_month>2</publication_month>
  <average_rating>0.0</average_rating>
  <ratings_count>0</ratings_count>
  <description>Deals with the last 21 months of Mahatma Gandhiji's life beghung with his release from detention in the Aga Khan's palace in May 1944. This work describes the political developments of those years resulting from the British government's intention to relinquish power in India.</description>
<authors>
<author>
<id>5451682</id>
<name>Pyarelal Nayyar</name>
<role></role>
<image_url nophoto='false'>
<![CDATA[https://images.gr-assets.com/authors/1406822455p5/5451682.jpg]]>
</image_url>
<small_image_url nophoto='false'>
<![CDATA[https://images.gr-assets.com/authors/1406822455p2/5451682.jpg]]>
</small_image_url>
<link><![CDATA[https://www.goodreads.com/author/show/5451682.Pyarelal_Nayyar]]></link>
<average_rating>3.75</average_rating>
<ratings_count>4</ratings_count>
<text_reviews_count>0</text_reviews_count>
</author>
</authors>
  <published>2009</published>
</book>


      <book>
  <id type="integer">27067354</id>
  <isbn nil="true"/>
  <isbn13 nil="true"/>
  <text_reviews_count type="integer">0</text_reviews_count>
  <title>Correspondence with the Government 1944-47</title>
  <title_without_series>Correspondence with the Government 1944-47</title_without_series>
  <image_url>https://s.gr-assets.com/assets/nophoto/book/111x148-bcc042a9c91a29c1d680899eff700a03.png</image_url>
  <small_image_url>https://s.gr-assets.com/assets/nophoto/book/50x75-a91bf249278a81aabab721ef782c4a74.png</small_image_url>
  <large_image_url/>
  <link>https://www.goodreads.com/book/show/27067354-correspondence-with-the-government-1944-47</link>
  <num_pages>375</num_pages>
  <format>Hardcover</format>
  <edition_information>First Edition</edition_information>
  <publisher>Navajivan Press</publisher>
  <publication_day/>
  <publication_year>1959</publication_year>
  <publication_month>8</publication_month>
  <average_rating>0.0</average_rating>
  <ratings_count>0</ratings_count>
  <description>"On our release from detention camp at Poona in May 1944, I, under Gandhiji's instructions, prepared for publication a volume of his correspondence with the Government during his 21 months of detention. It was published under the title &lt;i&gt;Gandhiji's Correspondence with the Government (1942-44)&lt;/i&gt;. While working on my recent book &lt;i&gt;Mahatma Gandhi - The Last Phase&lt;/i&gt;, I felt that a corresponding publication for the period covered by &lt;i&gt;The Last Phase&lt;/i&gt; would be of use. This book is the result."&lt;br /&gt;-Pyarelal Nayyer in the Foreword</description>
<authors>
<author>
<id>5810891</id>
<name>Mahatma Gandhi</name>
<role></role>
<image_url nophoto='false'>
<![CDATA[https://images.gr-assets.com/authors/1356810912p5/5810891.jpg]]>
</image_url>
<small_image_url nophoto='false'>
<![CDATA[https://images.gr-assets.com/authors/1356810912p2/5810891.jpg]]>
</small_image_url>
<link><![CDATA[https://www.goodreads.com/author/show/5810891.Mahatma_Gandhi]]></link>
<average_rating>4.05</average_rating>
<ratings_count>38706</ratings_count>
<text_reviews_count>1817</text_reviews_count>
</author>
</authors>
  <published>1959</published>
</book>


    </books>
</author>

</GoodreadsResponse>