<?xml version="1.0" encoding="UTF-8"?>
<GoodreadsResponse>
  <Request>
    <authentication>true</authentication>
      <key><![CDATA[sySok63UyYyWi2Wof1HocA]]></key>
    <method><![CDATA[author_show]]></method>
  </Request>
  <author>
  <id>545942</id>
  <name>David Fiore</name>
  <link><![CDATA[https://www.goodreads.com/author/show/545942.David_Fiore]]></link>
  <fans_count type="integer">233</fans_count>
  <author_followers_count type="integer">233</author_followers_count>
  <large_image_url><![CDATA[https://images.gr-assets.com/authors/1427857278p7/545942.jpg]]></large_image_url>
  <image_url><![CDATA[https://images.gr-assets.com/authors/1427857278p5/545942.jpg]]></image_url>
  <small_image_url><![CDATA[https://images.gr-assets.com/authors/1427857278p2/545942.jpg]]></small_image_url>
  <about></about>
  <influences><![CDATA[Philip K. Dick, Hawthorne, Dickens, Melville, Hammett, George Eliot, Grant Morrison, Cornell Woolrich, Henry James, Murakami, Robert Benchley, Perry Miller, Grace Metalious, William Sleator, Madeleine L'Engle, Rose Estes, Raymond Chandler, Emerson, Frank O'Hara, Stephen Vincent Benet, Thomas Wolfe, Stan Lee, Roy Thomas, Emily Bronte, Dostoevsky, Walker Percy, Margaret Fuller ]]></influences>
  <works_count>3</works_count>
  <gender>male</gender>
  <hometown>Montreal</hometown>
  <born_at></born_at>
  <died_at></died_at>
  <goodreads_author>true</goodreads_author>
    <user>
  <id type="integer">4117949</id>
</user>


    <books>
      <book>
  <id type="integer">22222460</id>
  <isbn>1554831385</isbn>
  <isbn13>9781554831388</isbn13>
  <text_reviews_count type="integer">3</text_reviews_count>
  <title>Hypocritic Days</title>
  <title_without_series>Hypocritic Days</title_without_series>
  <image_url>https://images.gr-assets.com/books/1421708112m/22222460.jpg</image_url>
  <small_image_url>https://images.gr-assets.com/books/1421708112s/22222460.jpg</small_image_url>
  <large_image_url/>
  <link>https://www.goodreads.com/book/show/22222460-hypocritic-days</link>
  <num_pages>368</num_pages>
  <format>Paperback</format>
  <edition_information/>
  <publisher>Insomniac Press</publisher>
  <publication_day>24</publication_day>
  <publication_year>2014</publication_year>
  <publication_month>12</publication_month>
  <average_rating>4.00</average_rating>
  <ratings_count>14</ratings_count>
  <description>The sci-fi shelves are bursting with obnoxious alternate realities, but what if our own world was revealed to be among the worst of them? If you shared shiftless film critic Douglass Infantino's caustic view of late capitalism, you'd probably take heart from the discovery - until you realized that you'd have to erase yourself from the continuity in order to put things right again. Is Douglass noble enough to make the ultimate sacrifice? Time travel giveth, and time travel fucketh things up. David Fiore's first novel, Hypocritic Days, is an illuminating journey through time and space, splicing the conventions of the classic pulp novel with the awareness of the most acute critical theory.</description>
<authors>
<author>
<id>545942</id>
<name>David Fiore</name>
<role></role>
<image_url nophoto='false'>
<![CDATA[https://images.gr-assets.com/authors/1427857278p5/545942.jpg]]>
</image_url>
<small_image_url nophoto='false'>
<![CDATA[https://images.gr-assets.com/authors/1427857278p2/545942.jpg]]>
</small_image_url>
<link><![CDATA[https://www.goodreads.com/author/show/545942.David_Fiore]]></link>
<average_rating>4.30</average_rating>
<ratings_count>20</ratings_count>
<text_reviews_count>5</text_reviews_count>
</author>
</authors>
  <published>2014</published>
</book>


      <book>
  <id type="integer">7913624</id>
  <isbn>1440114544</isbn>
  <isbn13>9781440114540</isbn13>
  <text_reviews_count type="integer">1</text_reviews_count>
  <title>Chimera Lucida: A Technodiegetic Romance</title>
  <title_without_series>Chimera Lucida: A Technodiegetic Romance</title_without_series>
  <image_url>https://s.gr-assets.com/assets/nophoto/book/111x148-bcc042a9c91a29c1d680899eff700a03.png</image_url>
  <small_image_url>https://s.gr-assets.com/assets/nophoto/book/50x75-a91bf249278a81aabab721ef782c4a74.png</small_image_url>
  <large_image_url/>
  <link>https://www.goodreads.com/book/show/7913624-chimera-lucida</link>
  <num_pages>80</num_pages>
  <format>Paperback</format>
  <edition_information/>
  <publisher>iUniverse.com</publisher>
  <publication_day>8</publication_day>
  <publication_year>2009</publication_year>
  <publication_month>1</publication_month>
  <average_rating>5.00</average_rating>
  <ratings_count>4</ratings_count>
  <description>"To Be or not To Be?" was a pretty decent question. &lt;br /&gt; Unfortunately, punk singer Roberta Flackjacket isn't so sure that we ever had the choice. &lt;br /&gt; After watching her chase her tale of agency through the course of this prose-poem-in-ternet-message-board's clothing, you may very well agree. &lt;br /&gt; Agree with what? &lt;br /&gt;</description>
<authors>
<author>
<id>545942</id>
<name>David Fiore</name>
<role></role>
<image_url nophoto='false'>
<![CDATA[https://images.gr-assets.com/authors/1427857278p5/545942.jpg]]>
</image_url>
<small_image_url nophoto='false'>
<![CDATA[https://images.gr-assets.com/authors/1427857278p2/545942.jpg]]>
</small_image_url>
<link><![CDATA[https://www.goodreads.com/author/show/545942.David_Fiore]]></link>
<average_rating>4.30</average_rating>
<ratings_count>20</ratings_count>
<text_reviews_count>5</text_reviews_count>
</author>
</authors>
  <published>2009</published>
</book>


      <book>
  <id type="integer">1106432</id>
  <isbn>0595223036</isbn>
  <isbn13>9780595223039</isbn13>
  <text_reviews_count type="integer">1</text_reviews_count>
  <title>Darkling I Listen</title>
  <title_without_series>Darkling I Listen</title_without_series>
  <image_url>https://s.gr-assets.com/assets/nophoto/book/111x148-bcc042a9c91a29c1d680899eff700a03.png</image_url>
  <small_image_url>https://s.gr-assets.com/assets/nophoto/book/50x75-a91bf249278a81aabab721ef782c4a74.png</small_image_url>
  <large_image_url/>
  <link>https://www.goodreads.com/book/show/1106432.Darkling_I_Listen</link>
  <num_pages>304</num_pages>
  <format>Paperback</format>
  <edition_information/>
  <publisher>iUniverse</publisher>
  <publication_day>29</publication_day>
  <publication_year>2002</publication_year>
  <publication_month>3</publication_month>
  <average_rating>5.00</average_rating>
  <ratings_count>2</ratings_count>
  <description></description>
<authors>
<author>
<id>545942</id>
<name>David Fiore</name>
<role></role>
<image_url nophoto='false'>
<![CDATA[https://images.gr-assets.com/authors/1427857278p5/545942.jpg]]>
</image_url>
<small_image_url nophoto='false'>
<![CDATA[https://images.gr-assets.com/authors/1427857278p2/545942.jpg]]>
</small_image_url>
<link><![CDATA[https://www.goodreads.com/author/show/545942.David_Fiore]]></link>
<average_rating>4.30</average_rating>
<ratings_count>20</ratings_count>
<text_reviews_count>5</text_reviews_count>
</author>
</authors>
  <published>2002</published>
</book>


    </books>
</author>

</GoodreadsResponse>