<?xml version="1.0" encoding="UTF-8"?>
<GoodreadsResponse>
  <Request>
    <authentication>true</authentication>
      <key><![CDATA[sySok63UyYyWi2Wof1HocA]]></key>
    <method><![CDATA[author_show]]></method>
  </Request>
  <author>
  <id>548797</id>
  <name>Phyllis A. Langton</name>
  <link><![CDATA[https://www.goodreads.com/author/show/548797.Phyllis_A_Langton]]></link>
  <fans_count type="integer">2</fans_count>
  <author_followers_count type="integer">2</author_followers_count>
  <large_image_url><![CDATA[https://images.gr-assets.com/authors/1319077125p7/548797.jpg]]></large_image_url>
  <image_url><![CDATA[https://images.gr-assets.com/authors/1319077125p5/548797.jpg]]></image_url>
  <small_image_url><![CDATA[https://images.gr-assets.com/authors/1319077125p2/548797.jpg]]></small_image_url>
  <about></about>
  <influences></influences>
  <works_count>6</works_count>
  <gender>female</gender>
  <hometown></hometown>
  <born_at></born_at>
  <died_at></died_at>
  <goodreads_author>true</goodreads_author>
    <user>
  <id type="integer">6707658</id>
</user>


    <books>
      <book>
  <id type="integer">12862759</id>
  <isbn>0982726228</isbn>
  <isbn13>9780982726228</isbn13>
  <text_reviews_count type="integer">3</text_reviews_count>
  <title>Last Flight Out: Living, Loving &amp; Leaving</title>
  <title_without_series>Last Flight Out: Living, Loving &amp; Leaving</title_without_series>
  <image_url>https://s.gr-assets.com/assets/nophoto/book/111x148-bcc042a9c91a29c1d680899eff700a03.png</image_url>
  <small_image_url>https://s.gr-assets.com/assets/nophoto/book/50x75-a91bf249278a81aabab721ef782c4a74.png</small_image_url>
  <large_image_url/>
  <link>https://www.goodreads.com/book/show/12862759-last-flight-out</link>
  <num_pages></num_pages>
  <format>Paperback</format>
  <edition_information/>
  <publisher>Wising Up Press</publisher>
  <publication_day>1</publication_day>
  <publication_year>2011</publication_year>
  <publication_month>8</publication_month>
  <average_rating>4.83</average_rating>
  <ratings_count>12</ratings_count>
  <description>Above all, Phyllis Langton's memoir, Last Flight Out: Living, Loving &amp;amp; Leaving, is a passionate love story, one that deepens as she and her husband George Thomas live their way into the experience of ALS, its unremitting losses and its surprising gifts, with dignity, keen humor, a fighter pilot's courage and a nurse's unsentimental pragmatism. "I know what's going to be on my death certificate. That's more than you can say," George tells her after receiving his diagnosis. How they are going to live the time that remains to them as a couple is also not in question, for they are equally committed to savoring every minute, respecting George Thomas's choices about what makes for a meaningful life, a meaningful death. Supporting her husband's wishes is a moral as well as emotional choice on Langton's part, and definitely not always an easy one. As a medical sociologist, she invites her readers into an open discussion of some of these choices through a thoughtful discussion guide. "Phyllis Langton has had as illustrious a career as anyone in academia, but she has taken infinite pains now to write a different kind of book. Her story of her husband's life with and death from ALS (Lou Gehrig's disease) yields many a valuable lesson. . . . Here love and mortality, laughter and sorrow are all but inseparable, and their inseparability may help lessen a reader's fear of death and dying. Anyone who enjoys a deeply moving story will want to read this wondrous, indispensable book, and anybody who faces adversity, that is to say, everybody will need to read it," Jeffery Paine, author of Father India, Re-enchantment, Adventures with the Buddha, and Tales of Wonder. "Who would have thought that disease can be a page-turner? But Phyllis Langton's bittersweet memoir of her fighter-pilot husband's last years shows that a good marriage can be as joyous in sickness as it is in health," Mark Weston, author of Giants of Japan. "In my 28 years as a healthcare chaplain I have observed the journey toward death Phyllis Langton portrays in Last Flight Out. But I am a professional who only sees those brief moments I am at the hospital or nursing home bedside or visiting in someone's home. Langton invites us into her life with her husband George as he moves through increasing disability to his final breaths. It is moving and, in my view, honest," Chaplain Hank Dunn, author of Hard Choices for Loving People. "I couldn't put Last Flight Out down. . . . What an incredible message to read especially with a disease that takes and takes," Sharon J. Matland, R.N., M.B.A.--V.P. Patient Services, ALS Association Phyllis A. Langton, Ph.D., R.N., Professor Emerita, Sociology, George Washington University, is the author of numerous scholarly articles and books. Last Flight Out is her first memoir.</description>
<authors>
<author>
<id>548797</id>
<name>Phyllis A. Langton</name>
<role></role>
<image_url nophoto='false'>
<![CDATA[https://images.gr-assets.com/authors/1319077125p5/548797.jpg]]>
</image_url>
<small_image_url nophoto='false'>
<![CDATA[https://images.gr-assets.com/authors/1319077125p2/548797.jpg]]>
</small_image_url>
<link><![CDATA[https://www.goodreads.com/author/show/548797.Phyllis_A_Langton]]></link>
<average_rating>4.52</average_rating>
<ratings_count>21</ratings_count>
<text_reviews_count>3</text_reviews_count>
</author>
</authors>
  <published>2011</published>
</book>


      <book>
  <id type="integer">1113250</id>
  <isbn>0130420190</isbn>
  <isbn13>9780130420190</isbn13>
  <text_reviews_count type="integer">0</text_reviews_count>
  <title>Practicing Sociology in the Community: A Student's Guide</title>
  <title_without_series>Practicing Sociology in the Community: A Student's Guide</title_without_series>
  <image_url>https://images.gr-assets.com/books/1372037375m/1113250.jpg</image_url>
  <small_image_url>https://images.gr-assets.com/books/1372037375s/1113250.jpg</small_image_url>
  <large_image_url/>
  <link>https://www.goodreads.com/book/show/1113250.Practicing_Sociology_in_the_Community</link>
  <num_pages/>
  <format>Paperback</format>
  <edition_information/>
  <publisher>Pearson</publisher>
  <publication_day>21</publication_day>
  <publication_year>2004</publication_year>
  <publication_month>8</publication_month>
  <average_rating>3.33</average_rating>
  <ratings_count>3</ratings_count>
  <description>&lt;b&gt; &lt;/b&gt; Designed to inform and guide those who are engaged in community based learning programs, this book strives to help readers practice sociology in the community in an effective and compassionate manner. &lt;b&gt; &lt;/b&gt; Providing a solid background on sociological practice, this book successfully illustrates how to practice sociology in the community using approaches that are pertinent to advancing sociological understanding while making a difference in the community and on a personal level. &lt;b&gt; &lt;/b&gt; For professionals with a career in sociology, psychology, community relations, social work, and/or education.</description>
<authors>
<author>
<id>548797</id>
<name>Phyllis A. Langton</name>
<role></role>
<image_url nophoto='false'>
<![CDATA[https://images.gr-assets.com/authors/1319077125p5/548797.jpg]]>
</image_url>
<small_image_url nophoto='false'>
<![CDATA[https://images.gr-assets.com/authors/1319077125p2/548797.jpg]]>
</small_image_url>
<link><![CDATA[https://www.goodreads.com/author/show/548797.Phyllis_A_Langton]]></link>
<average_rating>4.52</average_rating>
<ratings_count>21</ratings_count>
<text_reviews_count>3</text_reviews_count>
</author>
</authors>
  <published>2004</published>
</book>


      <book>
  <id type="integer">6876626</id>
  <isbn>0314071652</isbn>
  <isbn13>9780314071651</isbn13>
  <text_reviews_count type="integer">0</text_reviews_count>
  <title>Social World of Drugs</title>
  <title_without_series>Social World of Drugs</title_without_series>
  <image_url>https://s.gr-assets.com/assets/nophoto/book/111x148-bcc042a9c91a29c1d680899eff700a03.png</image_url>
  <small_image_url>https://s.gr-assets.com/assets/nophoto/book/50x75-a91bf249278a81aabab721ef782c4a74.png</small_image_url>
  <large_image_url/>
  <link>https://www.goodreads.com/book/show/6876626-social-world-of-drugs</link>
  <num_pages>397</num_pages>
  <format>Paperback</format>
  <edition_information/>
  <publisher>Wadsworth Publishing Company</publisher>
  <publication_day>1</publication_day>
  <publication_year>1996</publication_year>
  <publication_month>1</publication_month>
  <average_rating>4.00</average_rating>
  <ratings_count>2</ratings_count>
  <description>This comprehensive text focuses on the institutions of drugs and drug use. Its sociological approach discusses theory, drug use as a business, and drug use among the elderly while covering illegal and legal drugs.</description>
<authors>
<author>
<id>548797</id>
<name>Phyllis A. Langton</name>
<role></role>
<image_url nophoto='false'>
<![CDATA[https://images.gr-assets.com/authors/1319077125p5/548797.jpg]]>
</image_url>
<small_image_url nophoto='false'>
<![CDATA[https://images.gr-assets.com/authors/1319077125p2/548797.jpg]]>
</small_image_url>
<link><![CDATA[https://www.goodreads.com/author/show/548797.Phyllis_A_Langton]]></link>
<average_rating>4.52</average_rating>
<ratings_count>21</ratings_count>
<text_reviews_count>3</text_reviews_count>
</author>
</authors>
  <published>1996</published>
</book>


      <book>
  <id type="integer">6876627</id>
  <isbn>0788147552</isbn>
  <isbn13>9780788147555</isbn13>
  <text_reviews_count type="integer">0</text_reviews_count>
  <title>The Challenge of Participatory Research: Preventing Alcohol-Related Problems in Ethnic Communities</title>
  <title_without_series>The Challenge of Participatory Research: Preventing Alcohol-Related Problems in Ethnic Communities</title_without_series>
  <image_url>https://s.gr-assets.com/assets/nophoto/book/111x148-bcc042a9c91a29c1d680899eff700a03.png</image_url>
  <small_image_url>https://s.gr-assets.com/assets/nophoto/book/50x75-a91bf249278a81aabab721ef782c4a74.png</small_image_url>
  <large_image_url/>
  <link>https://www.goodreads.com/book/show/6876627-the-challenge-of-participatory-research</link>
  <num_pages></num_pages>
  <format></format>
  <edition_information/>
  <publisher></publisher>
  <publication_day></publication_day>
  <publication_year></publication_year>
  <publication_month></publication_month>
  <average_rating>5.00</average_rating>
  <ratings_count>1</ratings_count>
  <description></description>
<authors>
<author>
<id>548797</id>
<name>Phyllis A. Langton</name>
<role></role>
<image_url nophoto='false'>
<![CDATA[https://images.gr-assets.com/authors/1319077125p5/548797.jpg]]>
</image_url>
<small_image_url nophoto='false'>
<![CDATA[https://images.gr-assets.com/authors/1319077125p2/548797.jpg]]>
</small_image_url>
<link><![CDATA[https://www.goodreads.com/author/show/548797.Phyllis_A_Langton]]></link>
<average_rating>4.52</average_rating>
<ratings_count>21</ratings_count>
<text_reviews_count>3</text_reviews_count>
</author>
</authors>
  <published></published>
</book>


      <book>
  <id type="integer">4231153</id>
  <isbn>0205128777</isbn>
  <isbn13>9780205128778</isbn13>
  <text_reviews_count type="integer">0</text_reviews_count>
  <title>Drug Use and the Alcohol Dilemma</title>
  <title_without_series>Drug Use and the Alcohol Dilemma</title_without_series>
  <image_url>https://s.gr-assets.com/assets/nophoto/book/111x148-bcc042a9c91a29c1d680899eff700a03.png</image_url>
  <small_image_url>https://s.gr-assets.com/assets/nophoto/book/50x75-a91bf249278a81aabab721ef782c4a74.png</small_image_url>
  <large_image_url/>
  <link>https://www.goodreads.com/book/show/4231153-drug-use-and-the-alcohol-dilemma</link>
  <num_pages></num_pages>
  <format></format>
  <edition_information/>
  <publisher></publisher>
  <publication_day></publication_day>
  <publication_year></publication_year>
  <publication_month></publication_month>
  <average_rating>5.00</average_rating>
  <ratings_count>1</ratings_count>
  <description></description>
<authors>
<author>
<id>548797</id>
<name>Phyllis A. Langton</name>
<role></role>
<image_url nophoto='false'>
<![CDATA[https://images.gr-assets.com/authors/1319077125p5/548797.jpg]]>
</image_url>
<small_image_url nophoto='false'>
<![CDATA[https://images.gr-assets.com/authors/1319077125p2/548797.jpg]]>
</small_image_url>
<link><![CDATA[https://www.goodreads.com/author/show/548797.Phyllis_A_Langton]]></link>
<average_rating>4.52</average_rating>
<ratings_count>21</ratings_count>
<text_reviews_count>3</text_reviews_count>
</author>
</authors>
  <published></published>
</book>


      <book>
  <id type="integer">13009595</id>
  <isbn>098272621X</isbn>
  <isbn13>9780982726211</isbn13>
  <text_reviews_count type="integer">0</text_reviews_count>
  <title>View from the Bed: View from the Bedside</title>
  <title_without_series>View from the Bed: View from the Bedside</title_without_series>
  <image_url>https://s.gr-assets.com/assets/nophoto/book/111x148-bcc042a9c91a29c1d680899eff700a03.png</image_url>
  <small_image_url>https://s.gr-assets.com/assets/nophoto/book/50x75-a91bf249278a81aabab721ef782c4a74.png</small_image_url>
  <large_image_url/>
  <link>https://www.goodreads.com/book/show/13009595-view-from-the-bed</link>
  <num_pages>296</num_pages>
  <format>Paperback</format>
  <edition_information/>
  <publisher>Wising Up Press</publisher>
  <publication_day>1</publication_day>
  <publication_year>2010</publication_year>
  <publication_month>9</publication_month>
  <average_rating>4.50</average_rating>
  <ratings_count>2</ratings_count>
  <description>VIEW FROM THE BED: VIEW FROM THE BEDSIDE A Wising Up Anthology Editors: Heather Tosteson, Ph.D., Phyllis A. Langton, R.N., Ph.D., Charles D. Brockett, Ph.D. Who is the doctor or nurse who for better, or worse, you can't forget? The patient who changed your life? Thirty-eight contemporary writers explore with memoir, story, and poetry the different ways we talk about, to-and through-each other at the doctor's office, hospital, or sickbed. One surgeon celebrates his first surgical success; another grieves the death of a patient. A nurse finds her compassion exhausted by a suicidal patient; another keeps an unsentimental inventory of those moments that make it all worthwhile. Patients transitioning from a state mental hospital collaborate with clinicians to write an essay about their experiences. A mother poignantly reviews her son's twenty-five years with congenital heart disease. A woman with Crohn's disease ponders the nature of her twenty-year relationship with her physician; another masters the Zen of medical appointments in a fractured system. Nurses find themselves patients; patients grow into therapists. This book should appeal to anyone familiar with the view from the bed or the view from the bedside-and with our need individually and as a society for a comprehensive view that compassionately holds them both. CONTRIBUTORS: Patricia Barone, Rachel Squires Bloom, Ann J. Brady, Nancy J. Brandwein, Mary Ann DiMola, Nina Gaby, Jane Herschlag, Paul Hostovsky, Kathleen M. Kelley, Patricia Kett, Robert J. Kus, Mariette Landry, Phyllis A. Langton, Sara Lippmann, Zoe Losada, Gerri Luce, Frederika R. Maister, John Manesis, Michele Markarian, Carolyn McAuliffe, Elaine Morgan, Molly O'Dell, David W. Page, Diane Payne, Joel Peckham, Joan Phillips, Terry Sanville, Paula Sergi, Evelyn Sharenov, Claudette Mort Sigg, Matthew B. Smith, Robert P. Sticca, Maxine Susman, Sylvie Terespolski, Timothy Francis Urban, Claudia Van Gerven, Anne Webster, Gary Young</description>
<authors>
<author>
<id>1208721</id>
<name>Heather Tosteson</name>
<role>Editor</role>
<image_url nophoto='false'>
<![CDATA[https://images.gr-assets.com/authors/1367970683p5/1208721.jpg]]>
</image_url>
<small_image_url nophoto='false'>
<![CDATA[https://images.gr-assets.com/authors/1367970683p2/1208721.jpg]]>
</small_image_url>
<link><![CDATA[https://www.goodreads.com/author/show/1208721.Heather_Tosteson]]></link>
<average_rating>4.32</average_rating>
<ratings_count>31</ratings_count>
<text_reviews_count>13</text_reviews_count>
</author>
</authors>
  <published>2010</published>
</book>


    </books>
</author>

</GoodreadsResponse>