<?xml version="1.0" encoding="UTF-8"?>
<GoodreadsResponse>
  <Request>
    <authentication>true</authentication>
      <key><![CDATA[sySok63UyYyWi2Wof1HocA]]></key>
    <method><![CDATA[author_show]]></method>
  </Request>
  <author>
  <id>5715360</id>
  <name>Charles P. Wohlforth</name>
  <link><![CDATA[https://www.goodreads.com/author/show/5715360.Charles_P_Wohlforth]]></link>
  <fans_count type="integer">0</fans_count>
  <author_followers_count type="integer">0</author_followers_count>
  <large_image_url><![CDATA[https://s.gr-assets.com/assets/nophoto/user/m_333x500-a9c67bed07ee7e10983a5d5ccc572516.png]]></large_image_url>
  <image_url><![CDATA[https://s.gr-assets.com/assets/nophoto/user/m_200x266-d279b33f8eec0f27b7272477f09806be.png]]></image_url>
  <small_image_url><![CDATA[https://s.gr-assets.com/assets/nophoto/user/m_50x66-82093808bca726cb3249a493fbd3bd0f.png]]></small_image_url>
  <about></about>
  <influences></influences>
  <works_count>16</works_count>
  <gender>male</gender>
  <hometown></hometown>
  <born_at></born_at>
  <died_at></died_at>
  <goodreads_author></goodreads_author>

    <books>
      <book>
  <id type="integer">19183757</id>
  <isbn nil="true"/>
  <isbn13 nil="true"/>
  <text_reviews_count type="integer">0</text_reviews_count>
  <title>Frommer's Alaska 2011</title>
  <title_without_series>Frommer's Alaska 2011</title_without_series>
  <image_url>https://s.gr-assets.com/assets/nophoto/book/111x148-bcc042a9c91a29c1d680899eff700a03.png</image_url>
  <small_image_url>https://s.gr-assets.com/assets/nophoto/book/50x75-a91bf249278a81aabab721ef782c4a74.png</small_image_url>
  <large_image_url/>
  <link>https://www.goodreads.com/book/show/19183757-frommer-s-alaska-2011</link>
  <num_pages></num_pages>
  <format></format>
  <edition_information/>
  <publisher></publisher>
  <publication_day></publication_day>
  <publication_year></publication_year>
  <publication_month></publication_month>
  <average_rating>4.00</average_rating>
  <ratings_count>4</ratings_count>
  <description></description>
<authors>
<author>
<id>5715360</id>
<name>Charles P. Wohlforth</name>
<role></role>
<image_url nophoto='true'>
<![CDATA[https://s.gr-assets.com/assets/nophoto/user/m_200x266-d279b33f8eec0f27b7272477f09806be.png]]>
</image_url>
<small_image_url nophoto='true'>
<![CDATA[https://s.gr-assets.com/assets/nophoto/user/m_50x66-82093808bca726cb3249a493fbd3bd0f.png]]>
</small_image_url>
<link><![CDATA[https://www.goodreads.com/author/show/5715360.Charles_P_Wohlforth]]></link>
<average_rating>3.86</average_rating>
<ratings_count>7</ratings_count>
<text_reviews_count>1</text_reviews_count>
</author>
</authors>
  <published></published>
</book>


      <book>
  <id type="integer">18096260</id>
  <isbn>0764526804</isbn>
  <isbn13>9780764526800</isbn13>
  <text_reviews_count type="integer">0</text_reviews_count>
  <title>Frommer's Alaska 2000</title>
  <title_without_series>Frommer's Alaska 2000</title_without_series>
  <image_url>https://s.gr-assets.com/assets/nophoto/book/111x148-bcc042a9c91a29c1d680899eff700a03.png</image_url>
  <small_image_url>https://s.gr-assets.com/assets/nophoto/book/50x75-a91bf249278a81aabab721ef782c4a74.png</small_image_url>
  <large_image_url/>
  <link>https://www.goodreads.com/book/show/18096260-frommer-s-alaska-2000</link>
  <num_pages>464</num_pages>
  <format>ebook</format>
  <edition_information/>
  <publisher>Frommer's</publisher>
  <publication_day>12</publication_day>
  <publication_year>2001</publication_year>
  <publication_month>4</publication_month>
  <average_rating>3.00</average_rating>
  <ratings_count>1</ratings_count>
  <description>Life is short. Vacations are shorter. Relax! Trust your trip to Frommer's. Choose the Only Guide That Gives You:&lt;br /&gt;Exact prices, so you can plan the perfect trip no matter what your budget. The latest, most reliable information--completely updated every year! Lots of easy-to-read color maps. The widest and best selection of hotels and restaurants in every price range, with candid, in-depth reviews. All the practical details you need to make the most of your time and money. One-of-a-kind experiences and undiscovered gems, plus a new take on all the top attractions. Outspoken opinions on what's worth your time and what's not. A fresh, personal approach that puts the fun and excitement back into travel! It's a Whole New World with Frommer's. Find us online at &lt;a target="_blank" href="http://www.frommers.com" rel="nofollow"&gt;www.frommers.com&lt;/a&gt;</description>
<authors>
<author>
<id>5715360</id>
<name>Charles P. Wohlforth</name>
<role></role>
<image_url nophoto='true'>
<![CDATA[https://s.gr-assets.com/assets/nophoto/user/m_200x266-d279b33f8eec0f27b7272477f09806be.png]]>
</image_url>
<small_image_url nophoto='true'>
<![CDATA[https://s.gr-assets.com/assets/nophoto/user/m_50x66-82093808bca726cb3249a493fbd3bd0f.png]]>
</small_image_url>
<link><![CDATA[https://www.goodreads.com/author/show/5715360.Charles_P_Wohlforth]]></link>
<average_rating>3.86</average_rating>
<ratings_count>7</ratings_count>
<text_reviews_count>1</text_reviews_count>
</author>
</authors>
  <published>2001</published>
</book>


      <book>
  <id type="integer">16962176</id>
  <isbn>1283027046</isbn>
  <isbn13>9781283027045</isbn13>
  <text_reviews_count type="integer">0</text_reviews_count>
  <title>Alaska for Dummies</title>
  <title_without_series>Alaska for Dummies</title_without_series>
  <image_url>https://s.gr-assets.com/assets/nophoto/book/111x148-bcc042a9c91a29c1d680899eff700a03.png</image_url>
  <small_image_url>https://s.gr-assets.com/assets/nophoto/book/50x75-a91bf249278a81aabab721ef782c4a74.png</small_image_url>
  <large_image_url/>
  <link>https://www.goodreads.com/book/show/16962176-alaska-for-dummies</link>
  <num_pages>460</num_pages>
  <format>ebook</format>
  <edition_information/>
  <publisher>For Dummies</publisher>
  <publication_day>25</publication_day>
  <publication_year>2011</publication_year>
  <publication_month>2</publication_month>
  <average_rating>0.0</average_rating>
  <ratings_count>0</ratings_count>
  <description>You're in for a scenic, sensory treat! Alaska has 100,000 glaciers and 10 million lakes. Wildlife roams freely across vast spaces, unfettered by fences or roads. Opportunities to experience real wilderness and enjoy outdoor activities abound. You can't see or do it all, but you can make the most of your time with this friendly guide.Our author, Charles Wohlforth, is a lifelong Alaskan who has been writing about his home as a journalist and author for more than 20 years. Wohlforth received wide critical acclaim for his environmental studies of Alaska."Alaska For Dummies, 5th Edition" gives you comprehensive coverage of America's Last Frontier and includes: Anchorage and road trips from Anchorage; Southeast Alaska, including Juneau, Skagway and Sitka; bush Alaska, covering fascinating places in the Arctic; options for visiting by cruise ship; five great itineraries that touch on Alaska's best destinations; the best places to see marine mammals, birds, humpback whales, black, brown, or polar bears, and other wildlife; the best gold rush towns, including Fairbanks, Juneau, Skagway, and Nome, where the free-wheeling frontier spirit abides today; the top ten questions to ask an Alaskan, and more.Like every For Dummies travel guide, "Alaska For Dummies, 5th Edition" includes down-to-earth trip-planning advice, what you shouldn't miss (and what you can skip), the best hotels and restaurants for every budget, and handy "Post-it" Flags to mark your favorite pages.</description>
<authors>
<author>
<id>5715360</id>
<name>Charles P. Wohlforth</name>
<role></role>
<image_url nophoto='true'>
<![CDATA[https://s.gr-assets.com/assets/nophoto/user/m_200x266-d279b33f8eec0f27b7272477f09806be.png]]>
</image_url>
<small_image_url nophoto='true'>
<![CDATA[https://s.gr-assets.com/assets/nophoto/user/m_50x66-82093808bca726cb3249a493fbd3bd0f.png]]>
</small_image_url>
<link><![CDATA[https://www.goodreads.com/author/show/5715360.Charles_P_Wohlforth]]></link>
<average_rating>3.86</average_rating>
<ratings_count>7</ratings_count>
<text_reviews_count>1</text_reviews_count>
</author>
</authors>
  <published>2011</published>
</book>


      <book>
  <id type="integer">16310028</id>
  <isbn>0764570757</isbn>
  <isbn13>9780764570759</isbn13>
  <text_reviews_count type="integer">0</text_reviews_count>
  <title>Frommer's Family Vacations in the National Parks</title>
  <title_without_series>Frommer's Family Vacations in the National Parks</title_without_series>
  <image_url>https://s.gr-assets.com/assets/nophoto/book/111x148-bcc042a9c91a29c1d680899eff700a03.png</image_url>
  <small_image_url>https://s.gr-assets.com/assets/nophoto/book/50x75-a91bf249278a81aabab721ef782c4a74.png</small_image_url>
  <large_image_url/>
  <link>https://www.goodreads.com/book/show/16310028-frommer-s-family-vacations-in-the-national-parks</link>
  <num_pages>546</num_pages>
  <format>ebook</format>
  <edition_information/>
  <publisher>Frommer's</publisher>
  <publication_day>28</publication_day>
  <publication_year>2004</publication_year>
  <publication_month>4</publication_month>
  <average_rating>0.0</average_rating>
  <ratings_count>0</ratings_count>
  <description>This practical, detailed guide helps parents plan and enjoy a fun-filled, creative, educational trip for the whole family. We take you to a selection of America's most popular parks, national recreation areas, and national seashores: Acadia, Cape Cod, the Smokies, the Outer Banks, Rocky Mountain, the Grand Canyon, Yosemite, Yellowstone, Olympic, Zion, and more. Included are detailed, candid reviews of each campground and other family-friendly lodgings, plus these special features: a spectacular full-color photo insert, illustrations that help identify plants and animals, places for relaxed play and picnics, and tips on how to teach your kids about everything from native American culture to conservation. Parents will find all kinds of activities the kids will love: biking, canoeing, nature walks, horseback riding, swimming, tide pooling, whale watching, and more. With this guide in hand, parents are sure to give their children memories and learning experiences that will last a lifetime.</description>
<authors>
<author>
<id>5715360</id>
<name>Charles P. Wohlforth</name>
<role></role>
<image_url nophoto='true'>
<![CDATA[https://s.gr-assets.com/assets/nophoto/user/m_200x266-d279b33f8eec0f27b7272477f09806be.png]]>
</image_url>
<small_image_url nophoto='true'>
<![CDATA[https://s.gr-assets.com/assets/nophoto/user/m_50x66-82093808bca726cb3249a493fbd3bd0f.png]]>
</small_image_url>
<link><![CDATA[https://www.goodreads.com/author/show/5715360.Charles_P_Wohlforth]]></link>
<average_rating>3.86</average_rating>
<ratings_count>7</ratings_count>
<text_reviews_count>1</text_reviews_count>
</author>
</authors>
  <published>2004</published>
</book>


      <book>
  <id type="integer">16665049</id>
  <isbn>0471778982</isbn>
  <isbn13>9780471778981</isbn13>
  <text_reviews_count type="integer">0</text_reviews_count>
  <title>Frommer's Alaska 2006</title>
  <title_without_series>Frommer's Alaska 2006</title_without_series>
  <image_url>https://s.gr-assets.com/assets/nophoto/book/111x148-bcc042a9c91a29c1d680899eff700a03.png</image_url>
  <small_image_url>https://s.gr-assets.com/assets/nophoto/book/50x75-a91bf249278a81aabab721ef782c4a74.png</small_image_url>
  <large_image_url/>
  <link>https://www.goodreads.com/book/show/16665049-frommer-s-alaska-2006</link>
  <num_pages>498</num_pages>
  <format>ebook</format>
  <edition_information/>
  <publisher>Frommer's</publisher>
  <publication_day>8</publication_day>
  <publication_year>2005</publication_year>
  <publication_month>11</publication_month>
  <average_rating>0.0</average_rating>
  <ratings_count>0</ratings_count>
  <description>You'll never fall into the tourist traps when you travel with Frommer's. It's like having a friend show you around, taking you to the places locals like best. Our expert authors have already gone everywhere you might go-- they've done the legwork for you, and they're not afraid to tell it like it is, saving you time and money. No other series offers candid reviews of so many hotels and restaurants in all price ranges. Every Frommer's Travel Guide is up-to-date, with exact prices for everything, dozens of color maps, and exciting coverage of sports, shopping, and nightlife. You'd be lost without us! Completely updated every year (unlike most of the competition), &lt;i&gt;Frommer's Alaska&lt;/i&gt; features gorgeous color photos of the spectacular scenery and amazing wildlife that await you in America's last frontier. This extraordinary and detailed guide is personally researched by a lifelong resident, who offers insights into how to discover the real Alaska. You'll find complete details on whale watching, sea kayaking, hiking, salmon fishing, funky small towns, Gold Rush saloons, glaciers, scenic drives, and more. You'll even get an up-to-date cruise planner and a free color fold-out map!</description>
<authors>
<author>
<id>5715360</id>
<name>Charles P. Wohlforth</name>
<role></role>
<image_url nophoto='true'>
<![CDATA[https://s.gr-assets.com/assets/nophoto/user/m_200x266-d279b33f8eec0f27b7272477f09806be.png]]>
</image_url>
<small_image_url nophoto='true'>
<![CDATA[https://s.gr-assets.com/assets/nophoto/user/m_50x66-82093808bca726cb3249a493fbd3bd0f.png]]>
</small_image_url>
<link><![CDATA[https://www.goodreads.com/author/show/5715360.Charles_P_Wohlforth]]></link>
<average_rating>3.86</average_rating>
<ratings_count>7</ratings_count>
<text_reviews_count>1</text_reviews_count>
</author>
</authors>
  <published>2005</published>
</book>


      <book>
  <id type="integer">26796876</id>
  <isbn>0764514008</isbn>
  <isbn13>9780764514005</isbn13>
  <text_reviews_count type="integer">0</text_reviews_count>
  <title>Frommer's Alaska 2001</title>
  <title_without_series>Frommer's Alaska 2001</title_without_series>
  <image_url>https://s.gr-assets.com/assets/nophoto/book/111x148-bcc042a9c91a29c1d680899eff700a03.png</image_url>
  <small_image_url>https://s.gr-assets.com/assets/nophoto/book/50x75-a91bf249278a81aabab721ef782c4a74.png</small_image_url>
  <large_image_url/>
  <link>https://www.goodreads.com/book/show/26796876-frommer-s-alaska-2001</link>
  <num_pages>480</num_pages>
  <format>ebook</format>
  <edition_information/>
  <publisher>Frommer's</publisher>
  <publication_day>15</publication_day>
  <publication_year>2001</publication_year>
  <publication_month>5</publication_month>
  <average_rating>0.0</average_rating>
  <ratings_count>0</ratings_count>
  <description>Experience a place the way the locals do. Enjoy the best it has to offer. And avoid tourist traps. At Frommer's, we use 150 outspoken travel experts around the world to help you make the right choices. Frommer's. Your guide to a world of travel experience. Choose the Only Guide That Gives You:&lt;br /&gt;Outspoken opinions on what's worth your time and what's not. Exact prices, so you can plan the perfect trip no matter what your budget. Off-the-beaten-path experiences and undiscovered gems, plus new takes on top attractions. The best hotels and restaurants in every price range, with candid reviews. The expert guidance you need to take charge and travel with confidence. Great trips begin at frommers.com&lt;br /&gt;Book flights, hotels, and rental cars. Get free updates on attractions and prices.</description>
<authors>
<author>
<id>5715360</id>
<name>Charles P. Wohlforth</name>
<role></role>
<image_url nophoto='true'>
<![CDATA[https://s.gr-assets.com/assets/nophoto/user/m_200x266-d279b33f8eec0f27b7272477f09806be.png]]>
</image_url>
<small_image_url nophoto='true'>
<![CDATA[https://s.gr-assets.com/assets/nophoto/user/m_50x66-82093808bca726cb3249a493fbd3bd0f.png]]>
</small_image_url>
<link><![CDATA[https://www.goodreads.com/author/show/5715360.Charles_P_Wohlforth]]></link>
<average_rating>3.86</average_rating>
<ratings_count>7</ratings_count>
<text_reviews_count>1</text_reviews_count>
</author>
</authors>
  <published>2001</published>
</book>


      <book>
  <id type="integer">16646042</id>
  <isbn>0764556940</isbn>
  <isbn13>9780764556944</isbn13>
  <text_reviews_count type="integer">0</text_reviews_count>
  <title>Frommer's Alaska 2004</title>
  <title_without_series>Frommer's Alaska 2004</title_without_series>
  <image_url>https://s.gr-assets.com/assets/nophoto/book/111x148-bcc042a9c91a29c1d680899eff700a03.png</image_url>
  <small_image_url>https://s.gr-assets.com/assets/nophoto/book/50x75-a91bf249278a81aabab721ef782c4a74.png</small_image_url>
  <large_image_url/>
  <link>https://www.goodreads.com/book/show/16646042-frommer-s-alaska-2004</link>
  <num_pages>480</num_pages>
  <format>ebook</format>
  <edition_information/>
  <publisher>Frommer's</publisher>
  <publication_day>4</publication_day>
  <publication_year>2003</publication_year>
  <publication_month>12</publication_month>
  <average_rating>0.0</average_rating>
  <ratings_count>0</ratings_count>
  <description>You'll never fall into the tourist traps when you travel with Frommer's. It's like having a friend show you around, taking you to the places locals like best. Our expert authors have already gone everywhere you might go-- they've done the legwork for you, and they're not afraid to tell it like it is, saving you time and money. No other series offers candid reviews of so many hotels and restaurants in all price ranges. Every Frommer's Travel Guide is up-to-date, with exact prices for everything, dozens of color maps, and exciting coverage of sports, shopping, and nightlife. You'd be lost without us! &lt;br /&gt;&lt;br /&gt; Completely updated every year (unlike most of the competition), Frommer's Alaska features gorgeous color photos of the spectacular scenery and amazing wildlife that await you in America's last frontier. This extraordinary and detailed guide is personally researched by a lifelong resident, who offers insights into how to discover the real Alaska. You'll find complete details on whale watching, sea kayaking, hiking, salmon fishing, funky small towns, Gold Rush saloons, glaciers, scenic drives, and more. You'll even get an up-to-date cruise planner, a free color fold-out map, and an online directory that makes trip-planning a snap.</description>
<authors>
<author>
<id>5715360</id>
<name>Charles P. Wohlforth</name>
<role></role>
<image_url nophoto='true'>
<![CDATA[https://s.gr-assets.com/assets/nophoto/user/m_200x266-d279b33f8eec0f27b7272477f09806be.png]]>
</image_url>
<small_image_url nophoto='true'>
<![CDATA[https://s.gr-assets.com/assets/nophoto/user/m_50x66-82093808bca726cb3249a493fbd3bd0f.png]]>
</small_image_url>
<link><![CDATA[https://www.goodreads.com/author/show/5715360.Charles_P_Wohlforth]]></link>
<average_rating>3.86</average_rating>
<ratings_count>7</ratings_count>
<text_reviews_count>1</text_reviews_count>
</author>
</authors>
  <published>2003</published>
</book>


      <book>
  <id type="integer">16665168</id>
  <isbn>0764529692</isbn>
  <isbn13>9780764529696</isbn13>
  <text_reviews_count type="integer">0</text_reviews_count>
  <title>Frommer's Alaska 2002</title>
  <title_without_series>Frommer's Alaska 2002</title_without_series>
  <image_url>https://s.gr-assets.com/assets/nophoto/book/111x148-bcc042a9c91a29c1d680899eff700a03.png</image_url>
  <small_image_url>https://s.gr-assets.com/assets/nophoto/book/50x75-a91bf249278a81aabab721ef782c4a74.png</small_image_url>
  <large_image_url/>
  <link>https://www.goodreads.com/book/show/16665168-frommer-s-alaska-2002</link>
  <num_pages>480</num_pages>
  <format>ebook</format>
  <edition_information/>
  <publisher>Frommer's</publisher>
  <publication_day>27</publication_day>
  <publication_year>2002</publication_year>
  <publication_month>4</publication_month>
  <average_rating>0.0</average_rating>
  <ratings_count>0</ratings_count>
  <description>You'll never fall into the tourist traps when you travel with Frommer's. It's like having a friend show you around, taking you to the places locals like best. Our expert authors have already gone everywhere you might go-they've done the legwork for you, and they're not afraid to tell it like it is, saving you time and money. No other series offers candid reviews of so many hotels and restaurants in all price ranges. Every Frommer's Travel Guide is up-to-date, with exact prices for everything, dozens of color maps, and exciting coverage of sports, shopping, and nightlife. You'd be lost without us! Completely updated every year (unlike most of the competition), &lt;i&gt;Frommer's Alaska 2002&lt;/i&gt; features gorgeous color photos of the spectacular scenery and amazing wildlife that await you in America's last frontier. This extraordinary and detailed guide is personally researched by a lifelong resident, who offers insights into how to discover the real Alaska. You'll find complete details on whale watching, sea kayaking, hiking, salmon fishing, funky small towns, Gold Rush saloons, glaciers, scenic drives, and more. You'll even get an up-to-date cruise planner, a free color fold-out map, and an online directory that makes trip-planning a snap!</description>
<authors>
<author>
<id>5715360</id>
<name>Charles P. Wohlforth</name>
<role></role>
<image_url nophoto='true'>
<![CDATA[https://s.gr-assets.com/assets/nophoto/user/m_200x266-d279b33f8eec0f27b7272477f09806be.png]]>
</image_url>
<small_image_url nophoto='true'>
<![CDATA[https://s.gr-assets.com/assets/nophoto/user/m_50x66-82093808bca726cb3249a493fbd3bd0f.png]]>
</small_image_url>
<link><![CDATA[https://www.goodreads.com/author/show/5715360.Charles_P_Wohlforth]]></link>
<average_rating>3.86</average_rating>
<ratings_count>7</ratings_count>
<text_reviews_count>1</text_reviews_count>
</author>
</authors>
  <published>2002</published>
</book>


      <book>
  <id type="integer">16664828</id>
  <isbn>0470442573</isbn>
  <isbn13>9780470442579</isbn13>
  <text_reviews_count type="integer">0</text_reviews_count>
  <title>Frommer's Alaska 2009</title>
  <title_without_series>Frommer's Alaska 2009</title_without_series>
  <image_url>https://images.gr-assets.com/books/1355829256m/16664828.jpg</image_url>
  <small_image_url>https://images.gr-assets.com/books/1355829256s/16664828.jpg</small_image_url>
  <large_image_url/>
  <link>https://www.goodreads.com/book/show/16664828-frommer-s-alaska-2009</link>
  <num_pages>512</num_pages>
  <format>ebook</format>
  <edition_information/>
  <publisher>Frommer's</publisher>
  <publication_day>13</publication_day>
  <publication_year>2008</publication_year>
  <publication_month>11</publication_month>
  <average_rating>0.0</average_rating>
  <ratings_count>0</ratings_count>
  <description>&lt;b&gt;America's #1 bestselling travel series&lt;/b&gt; Written by more than 175 outspoken travelers around the globe, Frommer's Complete Guides help travelers experience places the way locals do.&lt;br /&gt;&lt;br /&gt;&lt;br /&gt;More annually updated guides than any other series 16-page color section and foldout map in all annual guides Outspoken opinions, exact prices, and suggested itineraries Dozens of detailed maps in an easy-to-read, two-color design</description>
<authors>
<author>
<id>5715360</id>
<name>Charles P. Wohlforth</name>
<role></role>
<image_url nophoto='true'>
<![CDATA[https://s.gr-assets.com/assets/nophoto/user/m_200x266-d279b33f8eec0f27b7272477f09806be.png]]>
</image_url>
<small_image_url nophoto='true'>
<![CDATA[https://s.gr-assets.com/assets/nophoto/user/m_50x66-82093808bca726cb3249a493fbd3bd0f.png]]>
</small_image_url>
<link><![CDATA[https://www.goodreads.com/author/show/5715360.Charles_P_Wohlforth]]></link>
<average_rating>3.86</average_rating>
<ratings_count>7</ratings_count>
<text_reviews_count>1</text_reviews_count>
</author>
</authors>
  <published>2008</published>
</book>


      <book>
  <id type="integer">16646931</id>
  <isbn>1118023374</isbn>
  <isbn13>9781118023372</isbn13>
  <text_reviews_count type="integer">0</text_reviews_count>
  <title>Frommer's Alaska Day by Day</title>
  <title_without_series>Frommer's Alaska Day by Day</title_without_series>
  <image_url>https://s.gr-assets.com/assets/nophoto/book/111x148-bcc042a9c91a29c1d680899eff700a03.png</image_url>
  <small_image_url>https://s.gr-assets.com/assets/nophoto/book/50x75-a91bf249278a81aabab721ef782c4a74.png</small_image_url>
  <large_image_url/>
  <link>https://www.goodreads.com/book/show/16646931-frommer-s-alaska-day-by-day</link>
  <num_pages>516</num_pages>
  <format>ebook</format>
  <edition_information/>
  <publisher>Frommer's</publisher>
  <publication_day>19</publication_day>
  <publication_year>2011</publication_year>
  <publication_month>4</publication_month>
  <average_rating>0.0</average_rating>
  <ratings_count>0</ratings_count>
  <description>&lt;i&gt;Frommer's Alaska&lt;/i&gt; features regional and city itineraries that will help you maximize your time while touring the state's top sights. Tour the rugged scenery of Denali National Park, linger along the Southwest's spectacular coastline, go fishing for salmon in downtown Anchorage, or head north to watch the aurora borealis. Personally researched by a longtime resident, &lt;i&gt;Frommer's Alaska Day by Day&lt;/i&gt; provides in-depth coverage of this legendary state, with recommended accommodations in every price category. You'll visit stunning national parks and sleepy coastal towns, and see spectacular wildlife and majestic mountains. There are adventures here to suit all ages and abilities: kayaking alongside killer whales, hiking across untracked tundra, spotting the world's largest bears, or setting foot atop a glacier. You'll also get coverage of shopping and nightlife in Anchorage; detailed full-color maps; 500 full-color photos, a full chapter on Alaska's intriguing history and culture, information on special-interest tours, and advice on planning a successful family vacation.&lt;br /&gt;&lt;i&gt;Frommer's Alaska Day by Day&lt;/i&gt; also includes a color fold-out map, and a full-color wilderness guide.</description>
<authors>
<author>
<id>5715360</id>
<name>Charles P. Wohlforth</name>
<role></role>
<image_url nophoto='true'>
<![CDATA[https://s.gr-assets.com/assets/nophoto/user/m_200x266-d279b33f8eec0f27b7272477f09806be.png]]>
</image_url>
<small_image_url nophoto='true'>
<![CDATA[https://s.gr-assets.com/assets/nophoto/user/m_50x66-82093808bca726cb3249a493fbd3bd0f.png]]>
</small_image_url>
<link><![CDATA[https://www.goodreads.com/author/show/5715360.Charles_P_Wohlforth]]></link>
<average_rating>3.86</average_rating>
<ratings_count>7</ratings_count>
<text_reviews_count>1</text_reviews_count>
</author>
</authors>
  <published>2011</published>
</book>


    </books>
</author>

</GoodreadsResponse>