<?xml version="1.0" encoding="UTF-8"?>
<GoodreadsResponse>
  <Request>
    <authentication>true</authentication>
      <key><![CDATA[sySok63UyYyWi2Wof1HocA]]></key>
    <method><![CDATA[author_show]]></method>
  </Request>
  <author>
  <id>5732506</id>
  <name>Ellen L. Shackelford</name>
  <link><![CDATA[https://www.goodreads.com/author/show/5732506.Ellen_L_Shackelford]]></link>
  <fans_count type="integer">0</fans_count>
  <author_followers_count type="integer">0</author_followers_count>
  <large_image_url><![CDATA[https://s.gr-assets.com/assets/nophoto/user/f_333x500-c8899232290ea51bb160dea14c29470b.png]]></large_image_url>
  <image_url><![CDATA[https://s.gr-assets.com/assets/nophoto/user/f_200x266-3061b784cc8e7f021c6430c9aba94587.png]]></image_url>
  <small_image_url><![CDATA[https://s.gr-assets.com/assets/nophoto/user/f_50x66-6a03a5c12233c941481992b82eea8d23.png]]></small_image_url>
  <about></about>
  <influences></influences>
  <works_count>3</works_count>
  <gender>female</gender>
  <hometown></hometown>
  <born_at></born_at>
  <died_at></died_at>
  <goodreads_author></goodreads_author>

    <books>
      <book>
  <id type="integer">21968505</id>
  <isbn>1493177079</isbn>
  <isbn13>9781493177073</isbn13>
  <text_reviews_count type="integer">0</text_reviews_count>
  <title>Beyond Disability Etiquette Matters: Step Outside Your Comfort Zone Useful Tools to Educate Yourself</title>
  <title_without_series>Beyond Disability Etiquette Matters: Step Outside Your Comfort Zone Useful Tools to Educate Yourself</title_without_series>
  <image_url>https://images.gr-assets.com/books/1404960427m/21968505.jpg</image_url>
  <small_image_url>https://images.gr-assets.com/books/1404960427s/21968505.jpg</small_image_url>
  <large_image_url/>
  <link>https://www.goodreads.com/book/show/21968505-beyond-disability-etiquette-matters</link>
  <num_pages>164</num_pages>
  <format>Hardcover</format>
  <edition_information/>
  <publisher>Xlibris Corporation</publisher>
  <publication_day>16</publication_day>
  <publication_year>2014</publication_year>
  <publication_month>4</publication_month>
  <average_rating>0.0</average_rating>
  <ratings_count>0</ratings_count>
  <description></description>
<authors>
<author>
<id>5732506</id>
<name>Ellen L. Shackelford</name>
<role></role>
<image_url nophoto='true'>
<![CDATA[https://s.gr-assets.com/assets/nophoto/user/f_200x266-3061b784cc8e7f021c6430c9aba94587.png]]>
</image_url>
<small_image_url nophoto='true'>
<![CDATA[https://s.gr-assets.com/assets/nophoto/user/f_50x66-6a03a5c12233c941481992b82eea8d23.png]]>
</small_image_url>
<link><![CDATA[https://www.goodreads.com/author/show/5732506.Ellen_L_Shackelford]]></link>
<average_rating>0.0</average_rating>
<ratings_count>0</ratings_count>
<text_reviews_count>0</text_reviews_count>
</author>
</authors>
  <published>2014</published>
</book>


      <book>
  <id type="integer">14366584</id>
  <isbn>1456855603</isbn>
  <isbn13>9781456855604</isbn13>
  <text_reviews_count type="integer">0</text_reviews_count>
  <title>Disability Etiquette Matters</title>
  <title_without_series>Disability Etiquette Matters</title_without_series>
  <image_url>https://s.gr-assets.com/assets/nophoto/book/111x148-bcc042a9c91a29c1d680899eff700a03.png</image_url>
  <small_image_url>https://s.gr-assets.com/assets/nophoto/book/50x75-a91bf249278a81aabab721ef782c4a74.png</small_image_url>
  <large_image_url/>
  <link>https://www.goodreads.com/book/show/14366584-disability-etiquette-matters</link>
  <num_pages>168</num_pages>
  <format>Hardcover</format>
  <edition_information/>
  <publisher>Xlibris Corporation</publisher>
  <publication_day>1</publication_day>
  <publication_year>2011</publication_year>
  <publication_month>2</publication_month>
  <average_rating>0.0</average_rating>
  <ratings_count>0</ratings_count>
  <description></description>
<authors>
<author>
<id>5732506</id>
<name>Ellen L. Shackelford</name>
<role></role>
<image_url nophoto='true'>
<![CDATA[https://s.gr-assets.com/assets/nophoto/user/f_200x266-3061b784cc8e7f021c6430c9aba94587.png]]>
</image_url>
<small_image_url nophoto='true'>
<![CDATA[https://s.gr-assets.com/assets/nophoto/user/f_50x66-6a03a5c12233c941481992b82eea8d23.png]]>
</small_image_url>
<link><![CDATA[https://www.goodreads.com/author/show/5732506.Ellen_L_Shackelford]]></link>
<average_rating>0.0</average_rating>
<ratings_count>0</ratings_count>
<text_reviews_count>0</text_reviews_count>
</author>
</authors>
  <published>2011</published>
</book>


    </books>
</author>

</GoodreadsResponse>