<?xml version="1.0" encoding="UTF-8"?>
<GoodreadsResponse>
  <Request>
    <authentication>true</authentication>
      <key><![CDATA[sySok63UyYyWi2Wof1HocA]]></key>
    <method><![CDATA[author_show]]></method>
  </Request>
  <author>
  <id>5751264</id>
  <name>Layla Cole</name>
  <link><![CDATA[https://www.goodreads.com/author/show/5751264.Layla_Cole]]></link>
  <fans_count type="integer">18</fans_count>
  <author_followers_count type="integer">18</author_followers_count>
  <large_image_url><![CDATA[https://images.gr-assets.com/authors/1387813597p7/5751264.jpg]]></large_image_url>
  <image_url><![CDATA[https://images.gr-assets.com/authors/1387813597p5/5751264.jpg]]></image_url>
  <small_image_url><![CDATA[https://images.gr-assets.com/authors/1387813597p2/5751264.jpg]]></small_image_url>
  <about><![CDATA[Layla Cole is a transplant from the Pacific Northwest who currently lives in North Carolina with her wonderful fiance. Layla enjoys writing sexy stories about paranormal creatures, bad boys, and men and women in over their heads, to name a few of her favorite subjects. Her erotica may often end in true love and a happy ending, but always sizzles. She loves to hear from readers, so feel free to contact her anytime!<br /><br />Visit her website at <a target="_blank" href="http://www.LaylaCole.com" rel="nofollow">www.LaylaCole.com</a><br />Send her an email: laylacolewrites@gmail.com<br />Find out about new releases by signing up for updates at <a target="_blank" href="http://eepurl.com/xiNE9" rel="nofollow">http://eepurl.com/xiNE9</a>]]></about>
  <influences></influences>
  <works_count>67</works_count>
  <gender>female</gender>
  <hometown></hometown>
  <born_at></born_at>
  <died_at></died_at>
  <goodreads_author></goodreads_author>

    <books>
      <book>
  <id type="integer">18659549</id>
  <isbn nil="true"/>
  <isbn13>B00EW38V5M</isbn13>
  <text_reviews_count type="integer">17</text_reviews_count>
  <title>Hazing Moon (Moonlight Initiation #1)</title>
  <title_without_series>Hazing Moon</title_without_series>
  <image_url>https://images.gr-assets.com/books/1381762291m/18659549.jpg</image_url>
  <small_image_url>https://images.gr-assets.com/books/1381762291s/18659549.jpg</small_image_url>
  <large_image_url/>
  <link>https://www.goodreads.com/book/show/18659549-hazing-moon</link>
  <num_pages>29</num_pages>
  <format>Kindle Edition</format>
  <edition_information/>
  <publisher></publisher>
  <publication_day>29</publication_day>
  <publication_year>2013</publication_year>
  <publication_month>8</publication_month>
  <average_rating>3.45</average_rating>
  <ratings_count>203</ratings_count>
  <description>Logan has no idea some of the Alpha Kappa Tau brothers are werewolves and Christian, who's lusted after Logan for months, would like to keep it that way--against his Alpha's wishes. But when Logan ends up blindfolded, half-naked, and tied to a post on the full moon, Christian gives in to temptation. Calling himself Lucas, he seduces Logan, but his plan goes awry when his control shatters...and he shifts in the middle of their encounter. Can Logan handle the truth?&lt;br /&gt;&lt;br /&gt;Warning! This 9,100 word short story contains explicit descriptions of light bondage, rimming, blindfolds, nipple play, anal sex, sex with a shifted (but humanoid) werewolf, and knotting.</description>
<authors>
<author>
<id>5751264</id>
<name>Layla Cole</name>
<role></role>
<image_url nophoto='false'>
<![CDATA[https://images.gr-assets.com/authors/1387813597p5/5751264.jpg]]>
</image_url>
<small_image_url nophoto='false'>
<![CDATA[https://images.gr-assets.com/authors/1387813597p2/5751264.jpg]]>
</small_image_url>
<link><![CDATA[https://www.goodreads.com/author/show/5751264.Layla_Cole]]></link>
<average_rating>3.39</average_rating>
<ratings_count>1180</ratings_count>
<text_reviews_count>80</text_reviews_count>
</author>
</authors>
  <published>2013</published>
</book>


      <book>
  <id type="integer">18659560</id>
  <isbn nil="true"/>
  <isbn13>B00F141LUI</isbn13>
  <text_reviews_count type="integer">5</text_reviews_count>
  <title>Tempting Moon (Moonlight Initiation #2)</title>
  <title_without_series>Tempting Moon</title_without_series>
  <image_url>https://images.gr-assets.com/books/1387813288m/18659560.jpg</image_url>
  <small_image_url>https://images.gr-assets.com/books/1387813288s/18659560.jpg</small_image_url>
  <large_image_url/>
  <link>https://www.goodreads.com/book/show/18659560-tempting-moon</link>
  <num_pages>53</num_pages>
  <format>Kindle Edition</format>
  <edition_information/>
  <publisher></publisher>
  <publication_day>6</publication_day>
  <publication_year>2013</publication_year>
  <publication_month>9</publication_month>
  <average_rating>3.78</average_rating>
  <ratings_count>60</ratings_count>
  <description>Christian might want to pretend he didn't lose control and fuck Logan on the full moon, but Logan is determined not to let that happen. Confronting Christian, Logan offers him a deal: if Logan can seduce Christian within the next week, they'll have to face what happened and figure out what to do next, but if he fails, they'll both try to forget and move on. Unfortunately for Christian, Logan is pulling out all the stops and he knows exactly what buttons to push. Can Christian possibly get his way? By the end of the first few days, will he want to?&lt;br /&gt;&lt;br /&gt;Warning! This 16,700 word story contains explicit descriptions of masturbation, blowjobs, oral fixations, phone sex, knotting, butt plugs, and a pledge who's too stubborn to quit.</description>
<authors>
<author>
<id>5751264</id>
<name>Layla Cole</name>
<role></role>
<image_url nophoto='false'>
<![CDATA[https://images.gr-assets.com/authors/1387813597p5/5751264.jpg]]>
</image_url>
<small_image_url nophoto='false'>
<![CDATA[https://images.gr-assets.com/authors/1387813597p2/5751264.jpg]]>
</small_image_url>
<link><![CDATA[https://www.goodreads.com/author/show/5751264.Layla_Cole]]></link>
<average_rating>3.39</average_rating>
<ratings_count>1180</ratings_count>
<text_reviews_count>80</text_reviews_count>
</author>
</authors>
  <published>2013</published>
</book>


      <book>
  <id type="integer">21491267</id>
  <isbn nil="true"/>
  <isbn13 nil="true"/>
  <text_reviews_count type="integer">2</text_reviews_count>
  <title>Mating Moon (Moonlight Initiation #4)</title>
  <title_without_series>Mating Moon</title_without_series>
  <image_url>https://s.gr-assets.com/assets/nophoto/book/111x148-bcc042a9c91a29c1d680899eff700a03.png</image_url>
  <small_image_url>https://s.gr-assets.com/assets/nophoto/book/50x75-a91bf249278a81aabab721ef782c4a74.png</small_image_url>
  <large_image_url/>
  <link>https://www.goodreads.com/book/show/21491267-mating-moon</link>
  <num_pages></num_pages>
  <format></format>
  <edition_information/>
  <publisher></publisher>
  <publication_day></publication_day>
  <publication_year></publication_year>
  <publication_month></publication_month>
  <average_rating>4.00</average_rating>
  <ratings_count>36</ratings_count>
  <description></description>
<authors>
<author>
<id>5751264</id>
<name>Layla Cole</name>
<role></role>
<image_url nophoto='false'>
<![CDATA[https://images.gr-assets.com/authors/1387813597p5/5751264.jpg]]>
</image_url>
<small_image_url nophoto='false'>
<![CDATA[https://images.gr-assets.com/authors/1387813597p2/5751264.jpg]]>
</small_image_url>
<link><![CDATA[https://www.goodreads.com/author/show/5751264.Layla_Cole]]></link>
<average_rating>3.39</average_rating>
<ratings_count>1180</ratings_count>
<text_reviews_count>80</text_reviews_count>
</author>
</authors>
  <published></published>
</book>


      <book>
  <id type="integer">23787369</id>
  <isbn nil="true"/>
  <isbn13 nil="true"/>
  <text_reviews_count type="integer">3</text_reviews_count>
  <title>End of the Line</title>
  <title_without_series>End of the Line</title_without_series>
  <image_url>https://s.gr-assets.com/assets/nophoto/book/111x148-bcc042a9c91a29c1d680899eff700a03.png</image_url>
  <small_image_url>https://s.gr-assets.com/assets/nophoto/book/50x75-a91bf249278a81aabab721ef782c4a74.png</small_image_url>
  <large_image_url/>
  <link>https://www.goodreads.com/book/show/23787369-end-of-the-line</link>
  <num_pages></num_pages>
  <format></format>
  <edition_information/>
  <publisher></publisher>
  <publication_day></publication_day>
  <publication_year></publication_year>
  <publication_month></publication_month>
  <average_rating>3.57</average_rating>
  <ratings_count>37</ratings_count>
  <description></description>
<authors>
<author>
<id>5751264</id>
<name>Layla Cole</name>
<role></role>
<image_url nophoto='false'>
<![CDATA[https://images.gr-assets.com/authors/1387813597p5/5751264.jpg]]>
</image_url>
<small_image_url nophoto='false'>
<![CDATA[https://images.gr-assets.com/authors/1387813597p2/5751264.jpg]]>
</small_image_url>
<link><![CDATA[https://www.goodreads.com/author/show/5751264.Layla_Cole]]></link>
<average_rating>3.39</average_rating>
<ratings_count>1180</ratings_count>
<text_reviews_count>80</text_reviews_count>
</author>
</authors>
  <published></published>
</book>


      <book>
  <id type="integer">17912000</id>
  <isbn nil="true"/>
  <isbn13 nil="true"/>
  <text_reviews_count type="integer">3</text_reviews_count>
  <title>Taken by the Alpha</title>
  <title_without_series>Taken by the Alpha</title_without_series>
  <image_url>https://images.gr-assets.com/books/1368405406m/17912000.jpg</image_url>
  <small_image_url>https://images.gr-assets.com/books/1368405406s/17912000.jpg</small_image_url>
  <large_image_url/>
  <link>https://www.goodreads.com/book/show/17912000-taken-by-the-alpha</link>
  <num_pages></num_pages>
  <format>ebook</format>
  <edition_information/>
  <publisher>Layla Cole</publisher>
  <publication_day>16</publication_day>
  <publication_year>2012</publication_year>
  <publication_month>3</publication_month>
  <average_rating>3.28</average_rating>
  <ratings_count>47</ratings_count>
  <description>When Nathaniel's car breaks down in the middle of nowhere, he's forced to knock on a stranger's door to ask for help. When the stranger turns out to be the pack Alpha, Chris, the last thing he expects is for the sexy werewolf to take an interest in him. Soon, Nathaniel ends up bound, teased, tormented, and begging for more!</description>
<authors>
<author>
<id>5751264</id>
<name>Layla Cole</name>
<role></role>
<image_url nophoto='false'>
<![CDATA[https://images.gr-assets.com/authors/1387813597p5/5751264.jpg]]>
</image_url>
<small_image_url nophoto='false'>
<![CDATA[https://images.gr-assets.com/authors/1387813597p2/5751264.jpg]]>
</small_image_url>
<link><![CDATA[https://www.goodreads.com/author/show/5751264.Layla_Cole]]></link>
<average_rating>3.39</average_rating>
<ratings_count>1180</ratings_count>
<text_reviews_count>80</text_reviews_count>
</author>
</authors>
  <published>2012</published>
</book>


      <book>
  <id type="integer">18665631</id>
  <isbn nil="true"/>
  <isbn13>2940148424703</isbn13>
  <text_reviews_count type="integer">4</text_reviews_count>
  <title>Haunting Moon (Moonlight Initiation #3)</title>
  <title_without_series>Haunting Moon</title_without_series>
  <image_url>https://images.gr-assets.com/books/1381658930m/18665631.jpg</image_url>
  <small_image_url>https://images.gr-assets.com/books/1381658930s/18665631.jpg</small_image_url>
  <large_image_url/>
  <link>https://www.goodreads.com/book/show/18665631-haunting-moon</link>
  <num_pages>83</num_pages>
  <format></format>
  <edition_information/>
  <publisher>Layla Cole</publisher>
  <publication_day>30</publication_day>
  <publication_year>2013</publication_year>
  <publication_month>9</publication_month>
  <average_rating>3.84</average_rating>
  <ratings_count>49</ratings_count>
  <description>Christian and Logan might be good in bed, but their tentative friends with benefits arrangement has both of them questioning what they want and how they feel. To make matters worse, a werewolf with connections to Christian's past comes to Raven Hill, looking for her missing sister and seemingly determined to cause trouble. As Christian deals with the memories she brings up, Logan questions his ability to protect the people he cares about. Will the new arrival bring them closer together, or drive them apart? And why does she keep calling Logan Christian's mate?&lt;br /&gt;&lt;br /&gt;Warning: This 27,000 word erotic novella contains explicit descriptions of frottage, anal sex, edible body paint, orgasm denial, handcuffs, mentions of spanking, blowjobs, aftercare, and two guys in denial.</description>
<authors>
<author>
<id>5751264</id>
<name>Layla Cole</name>
<role></role>
<image_url nophoto='false'>
<![CDATA[https://images.gr-assets.com/authors/1387813597p5/5751264.jpg]]>
</image_url>
<small_image_url nophoto='false'>
<![CDATA[https://images.gr-assets.com/authors/1387813597p2/5751264.jpg]]>
</small_image_url>
<link><![CDATA[https://www.goodreads.com/author/show/5751264.Layla_Cole]]></link>
<average_rating>3.39</average_rating>
<ratings_count>1180</ratings_count>
<text_reviews_count>80</text_reviews_count>
</author>
</authors>
  <published>2013</published>
</book>


      <book>
  <id type="integer">19258426</id>
  <isbn nil="true"/>
  <isbn13 nil="true"/>
  <text_reviews_count type="integer">1</text_reviews_count>
  <title>Bound and Broken (Bound and Broken #1)</title>
  <title_without_series>Bound and Broken</title_without_series>
  <image_url>https://s.gr-assets.com/assets/nophoto/book/111x148-bcc042a9c91a29c1d680899eff700a03.png</image_url>
  <small_image_url>https://s.gr-assets.com/assets/nophoto/book/50x75-a91bf249278a81aabab721ef782c4a74.png</small_image_url>
  <large_image_url/>
  <link>https://www.goodreads.com/book/show/19258426-bound-and-broken</link>
  <num_pages></num_pages>
  <format></format>
  <edition_information/>
  <publisher></publisher>
  <publication_day></publication_day>
  <publication_year></publication_year>
  <publication_month></publication_month>
  <average_rating>3.49</average_rating>
  <ratings_count>35</ratings_count>
  <description></description>
<authors>
<author>
<id>5751264</id>
<name>Layla Cole</name>
<role></role>
<image_url nophoto='false'>
<![CDATA[https://images.gr-assets.com/authors/1387813597p5/5751264.jpg]]>
</image_url>
<small_image_url nophoto='false'>
<![CDATA[https://images.gr-assets.com/authors/1387813597p2/5751264.jpg]]>
</small_image_url>
<link><![CDATA[https://www.goodreads.com/author/show/5751264.Layla_Cole]]></link>
<average_rating>3.39</average_rating>
<ratings_count>1180</ratings_count>
<text_reviews_count>80</text_reviews_count>
</author>
</authors>
  <published></published>
</book>


      <book>
  <id type="integer">20945377</id>
  <isbn nil="true"/>
  <isbn13 nil="true"/>
  <text_reviews_count type="integer">1</text_reviews_count>
  <title>Moonlight Initiation (Moonlight Initiation 1-4)</title>
  <title_without_series>Moonlight Initiation</title_without_series>
  <image_url>https://s.gr-assets.com/assets/nophoto/book/111x148-bcc042a9c91a29c1d680899eff700a03.png</image_url>
  <small_image_url>https://s.gr-assets.com/assets/nophoto/book/50x75-a91bf249278a81aabab721ef782c4a74.png</small_image_url>
  <large_image_url/>
  <link>https://www.goodreads.com/book/show/20945377-moonlight-initiation</link>
  <num_pages></num_pages>
  <format></format>
  <edition_information/>
  <publisher></publisher>
  <publication_day></publication_day>
  <publication_year></publication_year>
  <publication_month></publication_month>
  <average_rating>4.17</average_rating>
  <ratings_count>23</ratings_count>
  <description></description>
<authors>
<author>
<id>5751264</id>
<name>Layla Cole</name>
<role></role>
<image_url nophoto='false'>
<![CDATA[https://images.gr-assets.com/authors/1387813597p5/5751264.jpg]]>
</image_url>
<small_image_url nophoto='false'>
<![CDATA[https://images.gr-assets.com/authors/1387813597p2/5751264.jpg]]>
</small_image_url>
<link><![CDATA[https://www.goodreads.com/author/show/5751264.Layla_Cole]]></link>
<average_rating>3.39</average_rating>
<ratings_count>1180</ratings_count>
<text_reviews_count>80</text_reviews_count>
</author>
</authors>
  <published></published>
</book>


      <book>
  <id type="integer">25944045</id>
  <isbn nil="true"/>
  <isbn13 nil="true"/>
  <text_reviews_count type="integer">1</text_reviews_count>
  <title>Not Like the Rest (Not a Werewolf Fairy Tale #1)</title>
  <title_without_series>Not Like the Rest</title_without_series>
  <image_url>https://s.gr-assets.com/assets/nophoto/book/111x148-bcc042a9c91a29c1d680899eff700a03.png</image_url>
  <small_image_url>https://s.gr-assets.com/assets/nophoto/book/50x75-a91bf249278a81aabab721ef782c4a74.png</small_image_url>
  <large_image_url/>
  <link>https://www.goodreads.com/book/show/25944045-not-like-the-rest</link>
  <num_pages></num_pages>
  <format></format>
  <edition_information/>
  <publisher>Layla Cole</publisher>
  <publication_day></publication_day>
  <publication_year></publication_year>
  <publication_month></publication_month>
  <average_rating>3.20</average_rating>
  <ratings_count>25</ratings_count>
  <description></description>
<authors>
<author>
<id>5751264</id>
<name>Layla Cole</name>
<role></role>
<image_url nophoto='false'>
<![CDATA[https://images.gr-assets.com/authors/1387813597p5/5751264.jpg]]>
</image_url>
<small_image_url nophoto='false'>
<![CDATA[https://images.gr-assets.com/authors/1387813597p2/5751264.jpg]]>
</small_image_url>
<link><![CDATA[https://www.goodreads.com/author/show/5751264.Layla_Cole]]></link>
<average_rating>3.39</average_rating>
<ratings_count>1180</ratings_count>
<text_reviews_count>80</text_reviews_count>
</author>
</authors>
  <published></published>
</book>


      <book>
  <id type="integer">19254259</id>
  <isbn nil="true"/>
  <isbn13 nil="true"/>
  <text_reviews_count type="integer">0</text_reviews_count>
  <title>In Cruel Hands (Bound and Broken, #2)</title>
  <title_without_series>In Cruel Hands</title_without_series>
  <image_url>https://s.gr-assets.com/assets/nophoto/book/111x148-bcc042a9c91a29c1d680899eff700a03.png</image_url>
  <small_image_url>https://s.gr-assets.com/assets/nophoto/book/50x75-a91bf249278a81aabab721ef782c4a74.png</small_image_url>
  <large_image_url/>
  <link>https://www.goodreads.com/book/show/19254259-in-cruel-hands</link>
  <num_pages></num_pages>
  <format></format>
  <edition_information/>
  <publisher></publisher>
  <publication_day></publication_day>
  <publication_year></publication_year>
  <publication_month></publication_month>
  <average_rating>3.55</average_rating>
  <ratings_count>20</ratings_count>
  <description>*Sequel to Bound and Broken*&lt;br /&gt;&lt;br /&gt;Forced to choose between serving Dane Soldano or going to prison, Sullivan Pierce chose Dane. Unfortunately, Dane's idea of service involves getting Sully worked up and sharing him with other men. No longer able to deny his attraction to the man, Sully nonetheless searches for a way to gain the upper hand. But when an encounter in Venice leads to a menage with a potential enemy, he wonders how far he'll have to go.&lt;br /&gt;&lt;br /&gt;Warning: Adults only! This 17,000 word short story contains explicit descriptions of bondage, dominance and submission, collaring, reluctance, handjobs, blowjobs, knife play, rough sex, finger sucking, anal sex, multiple partners, and a twisted fake relationship.</description>
<authors>
<author>
<id>5751264</id>
<name>Layla Cole</name>
<role></role>
<image_url nophoto='false'>
<![CDATA[https://images.gr-assets.com/authors/1387813597p5/5751264.jpg]]>
</image_url>
<small_image_url nophoto='false'>
<![CDATA[https://images.gr-assets.com/authors/1387813597p2/5751264.jpg]]>
</small_image_url>
<link><![CDATA[https://www.goodreads.com/author/show/5751264.Layla_Cole]]></link>
<average_rating>3.39</average_rating>
<ratings_count>1180</ratings_count>
<text_reviews_count>80</text_reviews_count>
</author>
</authors>
  <published></published>
</book>


    </books>
</author>

</GoodreadsResponse>