<?xml version="1.0" encoding="UTF-8"?>
<GoodreadsResponse>
  <Request>
    <authentication>true</authentication>
      <key><![CDATA[sySok63UyYyWi2Wof1HocA]]></key>
    <method><![CDATA[author_show]]></method>
  </Request>
  <author>
  <id>5769618</id>
  <name>Vivian Peterson</name>
  <link><![CDATA[https://www.goodreads.com/author/show/5769618.Vivian_Peterson]]></link>
  <fans_count type="integer">2</fans_count>
  <author_followers_count type="integer">2</author_followers_count>
  <large_image_url><![CDATA[https://images.gr-assets.com/authors/1381099976p7/5769618.jpg]]></large_image_url>
  <image_url><![CDATA[https://images.gr-assets.com/authors/1381099976p5/5769618.jpg]]></image_url>
  <small_image_url><![CDATA[https://images.gr-assets.com/authors/1381099976p2/5769618.jpg]]></small_image_url>
  <about><![CDATA[This is my first self-published children's book entitled, A Tale of Two Raccoons, which my son, Daniel illustrated. I am in the process of writing more children's books. My son and I bought the house together and we live with two furry, four-legged girls named, Bridget, and Holly. They assist me with my writing, especially Bridget, who wants to type and edit on my lap.]]></about>
  <influences></influences>
  <works_count>1</works_count>
  <gender>female</gender>
  <hometown>Logansport, Indiana</hometown>
  <born_at></born_at>
  <died_at></died_at>
  <goodreads_author></goodreads_author>

    <books>
      <book>
  <id type="integer">13519714</id>
  <isbn nil="true"/>
  <isbn13>9781489531551</isbn13>
  <text_reviews_count type="integer">5</text_reviews_count>
  <title>A Tale of Two Raccoons</title>
  <title_without_series>A Tale of Two Raccoons</title_without_series>
  <image_url>https://images.gr-assets.com/books/1380557441m/13519714.jpg</image_url>
  <small_image_url>https://images.gr-assets.com/books/1380557441s/13519714.jpg</small_image_url>
  <large_image_url/>
  <link>https://www.goodreads.com/book/show/13519714-a-tale-of-two-raccoons</link>
  <num_pages/>
  <format>Paperback</format>
  <edition_information/>
  <publisher></publisher>
  <publication_day>20</publication_day>
  <publication_year>2012</publication_year>
  <publication_month>3</publication_month>
  <average_rating>4.83</average_rating>
  <ratings_count>6</ratings_count>
  <description>It was a balmy evening late in May. My son Daniel had left for work, or so I thought. I heard the doorbell ringing and opened the front door. There stood an extremely agitated Daniel. 'Someone has run over a baby raccoon, and its sibling just ran through the yard to the back of our house.'&lt;br /&gt;&lt;br /&gt;Thus begins A Tale of Two Raccoons, the true story of playful, mischievous raccoons being absorbed into human families.&lt;br /&gt;&lt;br /&gt;When wisdom, empathy, tenderness, and respect are applied, the results are trust, loyalty, and love. Alternately, neglect and abuse create anger, frustration, and destruction.&lt;br /&gt;&lt;br /&gt;A story of love and acceptance, A Tale of Two Raccoons will tug on readers' heartstrings and bring a tear to readers' eyes.</description>
<authors>
<author>
<id>5769618</id>
<name>Vivian Peterson</name>
<role></role>
<image_url nophoto='false'>
<![CDATA[https://images.gr-assets.com/authors/1381099976p5/5769618.jpg]]>
</image_url>
<small_image_url nophoto='false'>
<![CDATA[https://images.gr-assets.com/authors/1381099976p2/5769618.jpg]]>
</small_image_url>
<link><![CDATA[https://www.goodreads.com/author/show/5769618.Vivian_Peterson]]></link>
<average_rating>4.83</average_rating>
<ratings_count>6</ratings_count>
<text_reviews_count>6</text_reviews_count>
</author>
</authors>
  <published>2012</published>
</book>


    </books>
</author>

</GoodreadsResponse>