<?xml version="1.0" encoding="UTF-8"?>
<GoodreadsResponse>
  <Request>
    <authentication>true</authentication>
      <key><![CDATA[sySok63UyYyWi2Wof1HocA]]></key>
    <method><![CDATA[author_show]]></method>
  </Request>
  <author>
  <id>5781978</id>
  <name>Anneke Feenstra</name>
  <link><![CDATA[https://www.goodreads.com/author/show/5781978.Anneke_Feenstra]]></link>
  <fans_count type="integer">0</fans_count>
  <author_followers_count type="integer">0</author_followers_count>
  <large_image_url><![CDATA[https://s.gr-assets.com/assets/nophoto/user/f_333x500-c8899232290ea51bb160dea14c29470b.png]]></large_image_url>
  <image_url><![CDATA[https://s.gr-assets.com/assets/nophoto/user/f_200x266-3061b784cc8e7f021c6430c9aba94587.png]]></image_url>
  <small_image_url><![CDATA[https://s.gr-assets.com/assets/nophoto/user/f_50x66-6a03a5c12233c941481992b82eea8d23.png]]></small_image_url>
  <about>Pen name of Anneke Kruit.</about>
  <influences></influences>
  <works_count>1</works_count>
  <gender>female</gender>
  <hometown></hometown>
  <born_at></born_at>
  <died_at></died_at>
  <goodreads_author></goodreads_author>

    <books>
      <book>
  <id type="integer">13557450</id>
  <isbn nil="true"/>
  <isbn13 nil="true"/>
  <text_reviews_count type="integer">1</text_reviews_count>
  <title>Het gepekelde lijk</title>
  <title_without_series>Het gepekelde lijk</title_without_series>
  <image_url>https://images.gr-assets.com/books/1332498765m/13557450.jpg</image_url>
  <small_image_url>https://images.gr-assets.com/books/1332498765s/13557450.jpg</small_image_url>
  <large_image_url/>
  <link>https://www.goodreads.com/book/show/13557450-het-gepekelde-lijk</link>
  <num_pages>126</num_pages>
  <format>ebook</format>
  <edition_information/>
  <publisher></publisher>
  <publication_day/>
  <publication_year>2006</publication_year>
  <publication_month/>
  <average_rating>3.00</average_rating>
  <ratings_count>2</ratings_count>
  <description></description>
<authors>
<author>
<id>5781978</id>
<name>Anneke Feenstra</name>
<role>pen name</role>
<image_url nophoto='true'>
<![CDATA[https://s.gr-assets.com/assets/nophoto/user/f_200x266-3061b784cc8e7f021c6430c9aba94587.png]]>
</image_url>
<small_image_url nophoto='true'>
<![CDATA[https://s.gr-assets.com/assets/nophoto/user/f_50x66-6a03a5c12233c941481992b82eea8d23.png]]>
</small_image_url>
<link><![CDATA[https://www.goodreads.com/author/show/5781978.Anneke_Feenstra]]></link>
<average_rating>3.00</average_rating>
<ratings_count>2</ratings_count>
<text_reviews_count>1</text_reviews_count>
</author>
</authors>
  <published>2006</published>
</book>


    </books>
</author>

</GoodreadsResponse>