<?xml version="1.0" encoding="UTF-8"?>
<GoodreadsResponse>
  <Request>
    <authentication>true</authentication>
      <key><![CDATA[sySok63UyYyWi2Wof1HocA]]></key>
    <method><![CDATA[author_show]]></method>
  </Request>
  <author>
  <id>5818602</id>
  <name>Channing Allen</name>
  <link><![CDATA[https://www.goodreads.com/author/show/5818602.Channing_Allen]]></link>
  <fans_count type="integer">2</fans_count>
  <author_followers_count type="integer">2</author_followers_count>
  <large_image_url><![CDATA[https://images.gr-assets.com/authors/1439428916p7/5818602.jpg]]></large_image_url>
  <image_url><![CDATA[https://images.gr-assets.com/authors/1439428916p5/5818602.jpg]]></image_url>
  <small_image_url><![CDATA[https://images.gr-assets.com/authors/1439428916p2/5818602.jpg]]></small_image_url>
  <about><![CDATA[Channing Allen was born in Decatur, Georgia, and grew up just outside of Atlanta. He began working on "Wells Without Water" in his second year at the University of Georgia, from which he went on to earn a bachelor's degree in English and a minor in Religious Studies. He moved to San Francisco in 2010, where he presently lives with his twin brother.]]></about>
  <influences><![CDATA[<a href="https://www.goodreads.com/author/show/5144.James_Joyce" title="James Joyce" rel="nofollow">James Joyce</a>, <a href="https://www.goodreads.com/author/show/1938.Friedrich_Nietzsche" title="Friedrich Nietzsche" rel="nofollow">Friedrich Nietzsche</a>, <a href="https://www.goodreads.com/author/show/4178.Cormac_McCarthy" title="Cormac McCarthy" rel="nofollow">Cormac McCarthy</a>, <a href="https://www.goodreads.com/author/show/3524.Joyce_Carol_Oates" title="Joyce Carol Oates" rel="nofollow">Joyce Carol Oates</a>]]></influences>
  <works_count>2</works_count>
  <gender>male</gender>
  <hometown>Decatur</hometown>
  <born_at></born_at>
  <died_at></died_at>
  <goodreads_author>true</goodreads_author>
    <user>
  <id type="integer">8610790</id>
</user>


    <books>
      <book>
  <id type="integer">13605043</id>
  <isbn>1470182009</isbn>
  <isbn13>9781470182007</isbn13>
  <text_reviews_count type="integer">0</text_reviews_count>
  <title>Wells Without Water</title>
  <title_without_series>Wells Without Water</title_without_series>
  <image_url>https://images.gr-assets.com/books/1335205575m/13605043.jpg</image_url>
  <small_image_url>https://images.gr-assets.com/books/1335205575s/13605043.jpg</small_image_url>
  <large_image_url/>
  <link>https://www.goodreads.com/book/show/13605043-wells-without-water</link>
  <num_pages>307</num_pages>
  <format>Paperback</format>
  <edition_information>1</edition_information>
  <publisher>Channing Allen</publisher>
  <publication_day/>
  <publication_year>2012</publication_year>
  <publication_month/>
  <average_rating>0.0</average_rating>
  <ratings_count>0</ratings_count>
  <description>In the all-white town of Sardis, Alabama, during the civil rights era, Ruth Clayton has a dangerous secret to keep. She is pregnant - and the baby is half black. Upon her child's birth, her brother drives her from Sardis with intentions to do away with her son. But he has a change of heart, and decides to raise the boy in the very town that wants him dead. "Wells Without Water" chronicles the turbulent coming of age of Ruth's son, Theodore Clayton, and the one boy in town who dares to befriend him: Caleb Frost, the troubled son of a prostitute and a fugitive. Though Caleb has no friends himself, his relationship with Theodore comes at a great cost. No longer just ignored by the other children, he becomes the target of bitter and tireless persecution. In a cyclone of public and personal hysteria which leads him to question his values, his loyalties, and even his faith in God, he is forced by the people of Sardis to choose sides. But when Ruth Clayton returns to town, she has different ideas for her son.</description>
<authors>
<author>
<id>5818602</id>
<name>Channing Allen</name>
<role></role>
<image_url nophoto='false'>
<![CDATA[https://images.gr-assets.com/authors/1439428916p5/5818602.jpg]]>
</image_url>
<small_image_url nophoto='false'>
<![CDATA[https://images.gr-assets.com/authors/1439428916p2/5818602.jpg]]>
</small_image_url>
<link><![CDATA[https://www.goodreads.com/author/show/5818602.Channing_Allen]]></link>
<average_rating>0.0</average_rating>
<ratings_count>0</ratings_count>
<text_reviews_count>0</text_reviews_count>
</author>
</authors>
  <published>2012</published>
</book>


      <book>
  <id type="integer">22043717</id>
  <isbn nil="true"/>
  <isbn13 nil="true"/>
  <text_reviews_count type="integer">0</text_reviews_count>
  <title>Writing without Walls: March 2012</title>
  <title_without_series>Writing without Walls: March 2012</title_without_series>
  <image_url>https://s.gr-assets.com/assets/nophoto/book/111x148-bcc042a9c91a29c1d680899eff700a03.png</image_url>
  <small_image_url>https://s.gr-assets.com/assets/nophoto/book/50x75-a91bf249278a81aabab721ef782c4a74.png</small_image_url>
  <large_image_url/>
  <link>https://www.goodreads.com/book/show/22043717-writing-without-walls</link>
  <num_pages></num_pages>
  <format></format>
  <edition_information/>
  <publisher></publisher>
  <publication_day></publication_day>
  <publication_year></publication_year>
  <publication_month></publication_month>
  <average_rating>0.0</average_rating>
  <ratings_count>0</ratings_count>
  <description></description>
<authors>
<author>
<id>313139</id>
<name>Elizabeth Green</name>
<role></role>
<image_url nophoto='true'>
<![CDATA[https://s.gr-assets.com/assets/nophoto/user/u_200x266-e183445fd1a1b5cc7075bb1cf7043306.png]]>
</image_url>
<small_image_url nophoto='true'>
<![CDATA[https://s.gr-assets.com/assets/nophoto/user/u_50x66-632230dc9882b4352d753eedf9396530.png]]>
</small_image_url>
<link><![CDATA[https://www.goodreads.com/author/show/313139.Elizabeth_Green]]></link>
<average_rating>4.30</average_rating>
<ratings_count>10</ratings_count>
<text_reviews_count>2</text_reviews_count>
</author>
</authors>
  <published></published>
</book>


    </books>
</author>

</GoodreadsResponse>