<?xml version="1.0" encoding="UTF-8"?>
<GoodreadsResponse>
  <Request>
    <authentication>true</authentication>
      <key><![CDATA[sySok63UyYyWi2Wof1HocA]]></key>
    <method><![CDATA[author_show]]></method>
  </Request>
  <author>
  <id>5835453</id>
  <name>Katrina Love Senn</name>
  <link><![CDATA[https://www.goodreads.com/author/show/5835453.Katrina_Love_Senn]]></link>
  <fans_count type="integer">13</fans_count>
  <author_followers_count type="integer">13</author_followers_count>
  <large_image_url><![CDATA[https://images.gr-assets.com/authors/1361377846p7/5835453.jpg]]></large_image_url>
  <image_url><![CDATA[https://images.gr-assets.com/authors/1361377846p5/5835453.jpg]]></image_url>
  <small_image_url><![CDATA[https://images.gr-assets.com/authors/1361377846p2/5835453.jpg]]></small_image_url>
  <about><![CDATA[Katrina Love Senn is the author of the ground breaking weight loss book women called 'Losing Weight is a Healing Journey'.]]></about>
  <influences></influences>
  <works_count>4</works_count>
  <gender>female</gender>
  <hometown></hometown>
  <born_at></born_at>
  <died_at></died_at>
  <goodreads_author>true</goodreads_author>
    <user>
  <id type="integer">17586903</id>
</user>


    <books>
      <book>
  <id type="integer">17297888</id>
  <isbn>0957134703</isbn>
  <isbn13>9780957134706</isbn13>
  <text_reviews_count type="integer">3</text_reviews_count>
  <title>Losing Weight Is a Healing Journey</title>
  <title_without_series>Losing Weight Is a Healing Journey</title_without_series>
  <image_url>https://images.gr-assets.com/books/1359389328m/17297888.jpg</image_url>
  <small_image_url>https://images.gr-assets.com/books/1359389328s/17297888.jpg</small_image_url>
  <large_image_url/>
  <link>https://www.goodreads.com/book/show/17297888-losing-weight-is-a-healing-journey</link>
  <num_pages>226</num_pages>
  <format>Paperback</format>
  <edition_information/>
  <publisher>Katrina Love Senn</publisher>
  <publication_day>12</publication_day>
  <publication_year>2012</publication_year>
  <publication_month>1</publication_month>
  <average_rating>4.50</average_rating>
  <ratings_count>26</ratings_count>
  <description></description>
<authors>
<author>
<id>5835453</id>
<name>Katrina Love Senn</name>
<role></role>
<image_url nophoto='false'>
<![CDATA[https://images.gr-assets.com/authors/1361377846p5/5835453.jpg]]>
</image_url>
<small_image_url nophoto='false'>
<![CDATA[https://images.gr-assets.com/authors/1361377846p2/5835453.jpg]]>
</small_image_url>
<link><![CDATA[https://www.goodreads.com/author/show/5835453.Katrina_Love_Senn]]></link>
<average_rating>4.33</average_rating>
<ratings_count>43</ratings_count>
<text_reviews_count>4</text_reviews_count>
</author>
</authors>
  <published>2012</published>
</book>


      <book>
  <id type="integer">18981393</id>
  <isbn nil="true"/>
  <isbn13>9780957134713</isbn13>
  <text_reviews_count type="integer">0</text_reviews_count>
  <title>Losing Weight is a Healing Journey: A Woman's Guide to Losing Weight Naturally</title>
  <title_without_series>Losing Weight is a Healing Journey: A Woman's Guide to Losing Weight Naturally</title_without_series>
  <image_url>https://s.gr-assets.com/assets/nophoto/book/111x148-bcc042a9c91a29c1d680899eff700a03.png</image_url>
  <small_image_url>https://s.gr-assets.com/assets/nophoto/book/50x75-a91bf249278a81aabab721ef782c4a74.png</small_image_url>
  <large_image_url/>
  <link>https://www.goodreads.com/book/show/18981393-losing-weight-is-a-healing-journey</link>
  <num_pages></num_pages>
  <format></format>
  <edition_information/>
  <publisher></publisher>
  <publication_day></publication_day>
  <publication_year></publication_year>
  <publication_month></publication_month>
  <average_rating>4.06</average_rating>
  <ratings_count>17</ratings_count>
  <description></description>
<authors>
<author>
<id>5835453</id>
<name>Katrina Love Senn</name>
<role></role>
<image_url nophoto='false'>
<![CDATA[https://images.gr-assets.com/authors/1361377846p5/5835453.jpg]]>
</image_url>
<small_image_url nophoto='false'>
<![CDATA[https://images.gr-assets.com/authors/1361377846p2/5835453.jpg]]>
</small_image_url>
<link><![CDATA[https://www.goodreads.com/author/show/5835453.Katrina_Love_Senn]]></link>
<average_rating>4.33</average_rating>
<ratings_count>43</ratings_count>
<text_reviews_count>4</text_reviews_count>
</author>
</authors>
  <published></published>
</book>


      <book>
  <id type="integer">24107978</id>
  <isbn nil="true"/>
  <isbn13 nil="true"/>
  <text_reviews_count type="integer">0</text_reviews_count>
  <title>Katrina's Weight Loss Recipes: 44 Fast and Fabulous Vegetarian Recipes for Natural Weight Loss</title>
  <title_without_series>Katrina's Weight Loss Recipes: 44 Fast and Fabulous Vegetarian Recipes for Natural Weight Loss</title_without_series>
  <image_url>https://s.gr-assets.com/assets/nophoto/book/111x148-bcc042a9c91a29c1d680899eff700a03.png</image_url>
  <small_image_url>https://s.gr-assets.com/assets/nophoto/book/50x75-a91bf249278a81aabab721ef782c4a74.png</small_image_url>
  <large_image_url/>
  <link>https://www.goodreads.com/book/show/24107978-katrina-s-weight-loss-recipes</link>
  <num_pages></num_pages>
  <format></format>
  <edition_information/>
  <publisher></publisher>
  <publication_day></publication_day>
  <publication_year></publication_year>
  <publication_month></publication_month>
  <average_rating>0.0</average_rating>
  <ratings_count>0</ratings_count>
  <description></description>
<authors>
<author>
<id>5835453</id>
<name>Katrina Love Senn</name>
<role></role>
<image_url nophoto='false'>
<![CDATA[https://images.gr-assets.com/authors/1361377846p5/5835453.jpg]]>
</image_url>
<small_image_url nophoto='false'>
<![CDATA[https://images.gr-assets.com/authors/1361377846p2/5835453.jpg]]>
</small_image_url>
<link><![CDATA[https://www.goodreads.com/author/show/5835453.Katrina_Love_Senn]]></link>
<average_rating>4.33</average_rating>
<ratings_count>43</ratings_count>
<text_reviews_count>4</text_reviews_count>
</author>
</authors>
  <published></published>
</book>


      <book>
  <id type="integer">19303812</id>
  <isbn nil="true"/>
  <isbn13 nil="true"/>
  <text_reviews_count type="integer">0</text_reviews_count>
  <title>Katrina's Kitchen - 50 Fast &amp; Fabulous Healthy Recipes</title>
  <title_without_series>Katrina's Kitchen - 50 Fast &amp; Fabulous Healthy Recipes</title_without_series>
  <image_url>https://s.gr-assets.com/assets/nophoto/book/111x148-bcc042a9c91a29c1d680899eff700a03.png</image_url>
  <small_image_url>https://s.gr-assets.com/assets/nophoto/book/50x75-a91bf249278a81aabab721ef782c4a74.png</small_image_url>
  <large_image_url/>
  <link>https://www.goodreads.com/book/show/19303812-katrina-s-kitchen---50-fast-fabulous-healthy-recipes</link>
  <num_pages></num_pages>
  <format></format>
  <edition_information/>
  <publisher></publisher>
  <publication_day></publication_day>
  <publication_year></publication_year>
  <publication_month></publication_month>
  <average_rating>0.0</average_rating>
  <ratings_count>0</ratings_count>
  <description></description>
<authors>
<author>
<id>5835453</id>
<name>Katrina Love Senn</name>
<role></role>
<image_url nophoto='false'>
<![CDATA[https://images.gr-assets.com/authors/1361377846p5/5835453.jpg]]>
</image_url>
<small_image_url nophoto='false'>
<![CDATA[https://images.gr-assets.com/authors/1361377846p2/5835453.jpg]]>
</small_image_url>
<link><![CDATA[https://www.goodreads.com/author/show/5835453.Katrina_Love_Senn]]></link>
<average_rating>4.33</average_rating>
<ratings_count>43</ratings_count>
<text_reviews_count>4</text_reviews_count>
</author>
</authors>
  <published></published>
</book>


    </books>
</author>

</GoodreadsResponse>