<?xml version="1.0" encoding="UTF-8"?>
<GoodreadsResponse>
  <Request>
    <authentication>true</authentication>
      <key><![CDATA[sySok63UyYyWi2Wof1HocA]]></key>
    <method><![CDATA[author_show]]></method>
  </Request>
  <author>
  <id>5851560</id>
  <name>John I. Akhile</name>
  <link><![CDATA[https://www.goodreads.com/author/show/5851560.John_I_Akhile]]></link>
  <fans_count type="integer">0</fans_count>
  <author_followers_count type="integer">0</author_followers_count>
  <large_image_url><![CDATA[https://s.gr-assets.com/assets/nophoto/user/m_333x500-a9c67bed07ee7e10983a5d5ccc572516.png]]></large_image_url>
  <image_url><![CDATA[https://s.gr-assets.com/assets/nophoto/user/m_200x266-d279b33f8eec0f27b7272477f09806be.png]]></image_url>
  <small_image_url><![CDATA[https://s.gr-assets.com/assets/nophoto/user/m_50x66-82093808bca726cb3249a493fbd3bd0f.png]]></small_image_url>
  <about></about>
  <influences></influences>
  <works_count>2</works_count>
  <gender>male</gender>
  <hometown></hometown>
  <born_at></born_at>
  <died_at></died_at>
  <goodreads_author></goodreads_author>

    <books>
      <book>
  <id type="integer">26635885</id>
  <isbn>099040420X</isbn>
  <isbn13>9780990404200</isbn13>
  <text_reviews_count type="integer">0</text_reviews_count>
  <title>Unleashed: A New Paradigm of African Trade with the World</title>
  <title_without_series>Unleashed: A New Paradigm of African Trade with the World</title_without_series>
  <image_url>https://s.gr-assets.com/assets/nophoto/book/111x148-bcc042a9c91a29c1d680899eff700a03.png</image_url>
  <small_image_url>https://s.gr-assets.com/assets/nophoto/book/50x75-a91bf249278a81aabab721ef782c4a74.png</small_image_url>
  <large_image_url/>
  <link>https://www.goodreads.com/book/show/26635885-unleashed</link>
  <num_pages>448</num_pages>
  <format>Paperback</format>
  <edition_information/>
  <publisher>Word Power Publishing Company LLC</publisher>
  <publication_day>16</publication_day>
  <publication_year>2014</publication_year>
  <publication_month>7</publication_month>
  <average_rating>0.0</average_rating>
  <ratings_count>0</ratings_count>
  <description>Unleashed: A New Paradigm of African Trade in the world is a socio-political-economic discourse of how to rid African countries of the scourge of poverty. The suggested structural shift is based on African countries converting to export-oriented economies. The book discusses the subject through the lens of trade and development. The narrative is broken down into three sections. In the first section, the book looks at the main reason for the core challenges facing African countries. It reviews some historical context of Africa in global trade, including the dominance of western chartered companies in the medieval era. It examines the effect of the clash of cultures on Africa and how the technical superiority in weapons, transportation, navigation and a superior cultural order overwhelmed Africa. In the second section, the book reviews the rise of Asian Tigers and analyzes the relevance and transferability of specific qualities in the rise of Tiger economies to African countries. Particular attention is given to the phenomenal transformation of China and the decisions that led to it. In part three the book reviews a series of opportunities to transform the economies of African countries. It analyzes the institutions and policies necessary to create competitive societies. It challenges African leaders to address the fissures of service delivery and dependability as well as the legal framework necessary to assure safety of capital in their economies. Finally the section shares information about trade and financial engineering models that will increase the flow of industrial projects to every country.</description>
<authors>
<author>
<id>5851560</id>
<name>John I. Akhile</name>
<role></role>
<image_url nophoto='true'>
<![CDATA[https://s.gr-assets.com/assets/nophoto/user/m_200x266-d279b33f8eec0f27b7272477f09806be.png]]>
</image_url>
<small_image_url nophoto='true'>
<![CDATA[https://s.gr-assets.com/assets/nophoto/user/m_50x66-82093808bca726cb3249a493fbd3bd0f.png]]>
</small_image_url>
<link><![CDATA[https://www.goodreads.com/author/show/5851560.John_I_Akhile]]></link>
<average_rating>0.0</average_rating>
<ratings_count>0</ratings_count>
<text_reviews_count>0</text_reviews_count>
</author>
</authors>
  <published>2014</published>
</book>


      <book>
  <id type="integer">23407131</id>
  <isbn>0595803768</isbn>
  <isbn13>9780595803767</isbn13>
  <text_reviews_count type="integer">0</text_reviews_count>
  <title>Compensatory Trade Strategy</title>
  <title_without_series>Compensatory Trade Strategy</title_without_series>
  <image_url>https://s.gr-assets.com/assets/nophoto/book/111x148-bcc042a9c91a29c1d680899eff700a03.png</image_url>
  <small_image_url>https://s.gr-assets.com/assets/nophoto/book/50x75-a91bf249278a81aabab721ef782c4a74.png</small_image_url>
  <large_image_url/>
  <link>https://www.goodreads.com/book/show/23407131-compensatory-trade-strategy</link>
  <num_pages></num_pages>
  <format>ebook</format>
  <edition_information/>
  <publisher>iUniverse</publisher>
  <publication_day>19</publication_day>
  <publication_year>2006</publication_year>
  <publication_month>2</publication_month>
  <average_rating>0.0</average_rating>
  <ratings_count>0</ratings_count>
  <description>"There is only one reason why writing a book on this subject matter is relevant to our times. And it is due to the fact that African nations, like most developing countries, need a new approach to issues relating to the challenge of creating sustained economic development." "Compensatory Trade Strategy" represents a multiple options plan for establishing and implementing trade arrangements in developing countries, particularly in times of hard currency shortage.&lt;br /&gt;&lt;br /&gt;Author John Akhile brings twenty-five years of experience on the conduct and finance of international trade, specifically on sub-Saharan Africa, and offers a new look at this global crisis. With his comprehensive approach, Akhile creates a basic plan for those interested in compensatory trade.&lt;br /&gt;&lt;br /&gt;For developing countries, Akhile presents strategies for creating new industrial development projects and for arranging trade transactions for critical supplies. For companies who are seeking to continue and even expand existing opportunities, "Compensatory Trade Strategy" is a road map for achieving both objectives.</description>
<authors>
<author>
<id>5851560</id>
<name>John I. Akhile</name>
<role></role>
<image_url nophoto='true'>
<![CDATA[https://s.gr-assets.com/assets/nophoto/user/m_200x266-d279b33f8eec0f27b7272477f09806be.png]]>
</image_url>
<small_image_url nophoto='true'>
<![CDATA[https://s.gr-assets.com/assets/nophoto/user/m_50x66-82093808bca726cb3249a493fbd3bd0f.png]]>
</small_image_url>
<link><![CDATA[https://www.goodreads.com/author/show/5851560.John_I_Akhile]]></link>
<average_rating>0.0</average_rating>
<ratings_count>0</ratings_count>
<text_reviews_count>0</text_reviews_count>
</author>
</authors>
  <published>2006</published>
</book>


    </books>
</author>

</GoodreadsResponse>