<?xml version="1.0" encoding="UTF-8"?>
<GoodreadsResponse>
  <Request>
    <authentication>true</authentication>
      <key><![CDATA[sySok63UyYyWi2Wof1HocA]]></key>
    <method><![CDATA[author_show]]></method>
  </Request>
  <author>
  <id>5876918</id>
  <name>Marydee Sklar</name>
  <link><![CDATA[https://www.goodreads.com/author/show/5876918.Marydee_Sklar]]></link>
  <fans_count type="integer">0</fans_count>
  <author_followers_count type="integer">0</author_followers_count>
  <large_image_url><![CDATA[https://images.gr-assets.com/authors/1442627718p7/5876918.jpg]]></large_image_url>
  <image_url><![CDATA[https://images.gr-assets.com/authors/1442627718p5/5876918.jpg]]></image_url>
  <small_image_url><![CDATA[https://images.gr-assets.com/authors/1442627718p2/5876918.jpg]]></small_image_url>
  <about></about>
  <influences></influences>
  <works_count>5</works_count>
  <gender>female</gender>
  <hometown></hometown>
  <born_at></born_at>
  <died_at></died_at>
  <goodreads_author>true</goodreads_author>
    <user>
  <id type="integer">31186284</id>
</user>


    <books>
      <book>
  <id type="integer">23479919</id>
  <isbn nil="true"/>
  <isbn13 nil="true"/>
  <text_reviews_count type="integer">0</text_reviews_count>
  <title>50 Tips to Help Students Succeed:: Develop Your Student's Time-Management and Executive Skills for Life</title>
  <title_without_series>50 Tips to Help Students Succeed:: Develop Your Student's Time-Management and Executive Skills for Life</title_without_series>
  <image_url>https://s.gr-assets.com/assets/nophoto/book/111x148-bcc042a9c91a29c1d680899eff700a03.png</image_url>
  <small_image_url>https://s.gr-assets.com/assets/nophoto/book/50x75-a91bf249278a81aabab721ef782c4a74.png</small_image_url>
  <large_image_url/>
  <link>https://www.goodreads.com/book/show/23479919-50-tips-to-help-students-succeed</link>
  <num_pages></num_pages>
  <format></format>
  <edition_information/>
  <publisher></publisher>
  <publication_day></publication_day>
  <publication_year></publication_year>
  <publication_month></publication_month>
  <average_rating>4.50</average_rating>
  <ratings_count>4</ratings_count>
  <description></description>
<authors>
<author>
<id>5876918</id>
<name>Marydee Sklar</name>
<role></role>
<image_url nophoto='false'>
<![CDATA[https://images.gr-assets.com/authors/1442627718p5/5876918.jpg]]>
</image_url>
<small_image_url nophoto='false'>
<![CDATA[https://images.gr-assets.com/authors/1442627718p2/5876918.jpg]]>
</small_image_url>
<link><![CDATA[https://www.goodreads.com/author/show/5876918.Marydee_Sklar]]></link>
<average_rating>4.11</average_rating>
<ratings_count>9</ratings_count>
<text_reviews_count>2</text_reviews_count>
</author>
</authors>
  <published></published>
</book>


      <book>
  <id type="integer">13839744</id>
  <isbn nil="true"/>
  <isbn13>9780982605912</isbn13>
  <text_reviews_count type="integer">1</text_reviews_count>
  <title>Seeing What I Need To Do: Visual Tools for Executive Functioning Success</title>
  <title_without_series>Seeing What I Need To Do: Visual Tools for Executive Functioning Success</title_without_series>
  <image_url>https://s.gr-assets.com/assets/nophoto/book/111x148-bcc042a9c91a29c1d680899eff700a03.png</image_url>
  <small_image_url>https://s.gr-assets.com/assets/nophoto/book/50x75-a91bf249278a81aabab721ef782c4a74.png</small_image_url>
  <large_image_url/>
  <link>https://www.goodreads.com/book/show/13839744-seeing-what-i-need-to-do</link>
  <num_pages>206</num_pages>
  <format>Spiral-bound</format>
  <edition_information/>
  <publisher>Aguanga Publicshing</publisher>
  <publication_day/>
  <publication_year>2010</publication_year>
  <publication_month/>
  <average_rating>3.00</average_rating>
  <ratings_count>2</ratings_count>
  <description></description>
<authors>
<author>
<id>5876918</id>
<name>Marydee Sklar</name>
<role></role>
<image_url nophoto='false'>
<![CDATA[https://images.gr-assets.com/authors/1442627718p5/5876918.jpg]]>
</image_url>
<small_image_url nophoto='false'>
<![CDATA[https://images.gr-assets.com/authors/1442627718p2/5876918.jpg]]>
</small_image_url>
<link><![CDATA[https://www.goodreads.com/author/show/5876918.Marydee_Sklar]]></link>
<average_rating>4.11</average_rating>
<ratings_count>9</ratings_count>
<text_reviews_count>2</text_reviews_count>
</author>
</authors>
  <published>2010</published>
</book>


      <book>
  <id type="integer">21424137</id>
  <isbn>0982605978</isbn>
  <isbn13>9780982605974</isbn13>
  <text_reviews_count type="integer">1</text_reviews_count>
  <title>50 Tips to Help Students Succeed: Develop Your Student's Time-Management and Executive Skills for Life</title>
  <title_without_series>50 Tips to Help Students Succeed: Develop Your Student's Time-Management and Executive Skills for Life</title_without_series>
  <image_url>https://s.gr-assets.com/assets/nophoto/book/111x148-bcc042a9c91a29c1d680899eff700a03.png</image_url>
  <small_image_url>https://s.gr-assets.com/assets/nophoto/book/50x75-a91bf249278a81aabab721ef782c4a74.png</small_image_url>
  <large_image_url/>
  <link>https://www.goodreads.com/book/show/21424137-50-tips-to-help-students-succeed</link>
  <num_pages>226</num_pages>
  <format>Paperback</format>
  <edition_information/>
  <publisher>Aguanga Publishing</publisher>
  <publication_day>12</publication_day>
  <publication_year>2014</publication_year>
  <publication_month>2</publication_month>
  <average_rating>5.00</average_rating>
  <ratings_count>1</ratings_count>
  <description>At last! Practical advice to help your child's success at school and at home. In this simple, easy-to-understand guide, Marydee Sklar explains how brain development is to blame for children's poor time-management, planning, and organization behaviors. You'll find solutions to day-to-day challenges so you can: - Overcome resistance to starting homework and projects - Let go of micromanaging your child's use of time - Ensure assignments are transported safely to and from school - Manage time spent on smartphones and video games - Forget nagging about chores and homework Written with compassion, Marydee's tips will enable the whole family to calm down and get work done. As an educator, Marydee Sklar has helped families struggling with time management for almost twenty years. She is the author of the Seeing My Time books.</description>
<authors>
<author>
<id>5876918</id>
<name>Marydee Sklar</name>
<role></role>
<image_url nophoto='false'>
<![CDATA[https://images.gr-assets.com/authors/1442627718p5/5876918.jpg]]>
</image_url>
<small_image_url nophoto='false'>
<![CDATA[https://images.gr-assets.com/authors/1442627718p2/5876918.jpg]]>
</small_image_url>
<link><![CDATA[https://www.goodreads.com/author/show/5876918.Marydee_Sklar]]></link>
<average_rating>4.11</average_rating>
<ratings_count>9</ratings_count>
<text_reviews_count>2</text_reviews_count>
</author>
</authors>
  <published>2014</published>
</book>


      <book>
  <id type="integer">26858869</id>
  <isbn>0982605935</isbn>
  <isbn13 nil="true"/>
  <text_reviews_count type="integer">0</text_reviews_count>
  <title>Seeing My Time - Instructor's Manual</title>
  <title_without_series>Seeing My Time - Instructor's Manual</title_without_series>
  <image_url>https://s.gr-assets.com/assets/nophoto/book/111x148-bcc042a9c91a29c1d680899eff700a03.png</image_url>
  <small_image_url>https://s.gr-assets.com/assets/nophoto/book/50x75-a91bf249278a81aabab721ef782c4a74.png</small_image_url>
  <large_image_url/>
  <link>https://www.goodreads.com/book/show/26858869-seeing-my-time---instructor-s-manual</link>
  <num_pages></num_pages>
  <format></format>
  <edition_information/>
  <publisher></publisher>
  <publication_day></publication_day>
  <publication_year></publication_year>
  <publication_month></publication_month>
  <average_rating>4.00</average_rating>
  <ratings_count>1</ratings_count>
  <description></description>
<authors>
<author>
<id>5876918</id>
<name>Marydee Sklar</name>
<role></role>
<image_url nophoto='false'>
<![CDATA[https://images.gr-assets.com/authors/1442627718p5/5876918.jpg]]>
</image_url>
<small_image_url nophoto='false'>
<![CDATA[https://images.gr-assets.com/authors/1442627718p2/5876918.jpg]]>
</small_image_url>
<link><![CDATA[https://www.goodreads.com/author/show/5876918.Marydee_Sklar]]></link>
<average_rating>4.11</average_rating>
<ratings_count>9</ratings_count>
<text_reviews_count>2</text_reviews_count>
</author>
</authors>
  <published></published>
</book>


      <book>
  <id type="integer">25890920</id>
  <isbn>0982605927</isbn>
  <isbn13 nil="true"/>
  <text_reviews_count type="integer">0</text_reviews_count>
  <title>Seeing My Time: Visual Tools for Executive Functioning Success</title>
  <title_without_series>Seeing My Time: Visual Tools for Executive Functioning Success</title_without_series>
  <image_url>https://s.gr-assets.com/assets/nophoto/book/111x148-bcc042a9c91a29c1d680899eff700a03.png</image_url>
  <small_image_url>https://s.gr-assets.com/assets/nophoto/book/50x75-a91bf249278a81aabab721ef782c4a74.png</small_image_url>
  <large_image_url/>
  <link>https://www.goodreads.com/book/show/25890920-seeing-my-time</link>
  <num_pages></num_pages>
  <format></format>
  <edition_information/>
  <publisher></publisher>
  <publication_day></publication_day>
  <publication_year></publication_year>
  <publication_month></publication_month>
  <average_rating>4.00</average_rating>
  <ratings_count>1</ratings_count>
  <description></description>
<authors>
<author>
<id>5876918</id>
<name>Marydee Sklar</name>
<role></role>
<image_url nophoto='false'>
<![CDATA[https://images.gr-assets.com/authors/1442627718p5/5876918.jpg]]>
</image_url>
<small_image_url nophoto='false'>
<![CDATA[https://images.gr-assets.com/authors/1442627718p2/5876918.jpg]]>
</small_image_url>
<link><![CDATA[https://www.goodreads.com/author/show/5876918.Marydee_Sklar]]></link>
<average_rating>4.11</average_rating>
<ratings_count>9</ratings_count>
<text_reviews_count>2</text_reviews_count>
</author>
</authors>
  <published></published>
</book>


    </books>
</author>

</GoodreadsResponse>