<?xml version="1.0" encoding="UTF-8"?>
<GoodreadsResponse>
  <Request>
    <authentication>true</authentication>
      <key><![CDATA[sySok63UyYyWi2Wof1HocA]]></key>
    <method><![CDATA[author_show]]></method>
  </Request>
  <author>
  <id>5954454</id>
  <name>John C. Dimmick</name>
  <link><![CDATA[https://www.goodreads.com/author/show/5954454.John_C_Dimmick]]></link>
  <fans_count type="integer">0</fans_count>
  <author_followers_count type="integer">0</author_followers_count>
  <large_image_url><![CDATA[https://s.gr-assets.com/assets/nophoto/user/m_333x500-a9c67bed07ee7e10983a5d5ccc572516.png]]></large_image_url>
  <image_url><![CDATA[https://s.gr-assets.com/assets/nophoto/user/m_200x266-d279b33f8eec0f27b7272477f09806be.png]]></image_url>
  <small_image_url><![CDATA[https://s.gr-assets.com/assets/nophoto/user/m_50x66-82093808bca726cb3249a493fbd3bd0f.png]]></small_image_url>
  <about></about>
  <influences></influences>
  <works_count>3</works_count>
  <gender>male</gender>
  <hometown></hometown>
  <born_at></born_at>
  <died_at></died_at>
  <goodreads_author></goodreads_author>

    <books>
      <book>
  <id type="integer">20375204</id>
  <isbn>5518747047</isbn>
  <isbn13>9785518747043</isbn13>
  <text_reviews_count type="integer">0</text_reviews_count>
  <title>Oration Delivered on the Eighty-Third Anniversary of the Battle of Minisink, at Goshen, July 22, 1862</title>
  <title_without_series>Oration Delivered on the Eighty-Third Anniversary of the Battle of Minisink, at Goshen, July 22, 1862</title_without_series>
  <image_url>https://s.gr-assets.com/assets/nophoto/book/111x148-bcc042a9c91a29c1d680899eff700a03.png</image_url>
  <small_image_url>https://s.gr-assets.com/assets/nophoto/book/50x75-a91bf249278a81aabab721ef782c4a74.png</small_image_url>
  <large_image_url/>
  <link>https://www.goodreads.com/book/show/20375204-oration-delivered-on-the-eighty-third-anniversary-of-the-battle-of-minis</link>
  <num_pages>28</num_pages>
  <format>Paperback</format>
  <edition_information/>
  <publisher>Book on Demand Ltd.</publisher>
  <publication_day>11</publication_day>
  <publication_year>2013</publication_year>
  <publication_month>3</publication_month>
  <average_rating>0.0</average_rating>
  <ratings_count>0</ratings_count>
  <description>Oration delivered on the eighty-third anniversary of the battle of Minisink, at Goshen, July 22, 1862. This book, "Oration delivered on the eighty-third anniversary of the battle of Minisink, at Goshen, July 22, 1862," by John C. Dimmick, is a replication of a book originally published before 1862. It has been restored by human beings, page by page, so that you may enjoy it in a form as close to the original as possible.</description>
<authors>
<author>
<id>5954454</id>
<name>John C. Dimmick</name>
<role></role>
<image_url nophoto='true'>
<![CDATA[https://s.gr-assets.com/assets/nophoto/user/m_200x266-d279b33f8eec0f27b7272477f09806be.png]]>
</image_url>
<small_image_url nophoto='true'>
<![CDATA[https://s.gr-assets.com/assets/nophoto/user/m_50x66-82093808bca726cb3249a493fbd3bd0f.png]]>
</small_image_url>
<link><![CDATA[https://www.goodreads.com/author/show/5954454.John_C_Dimmick]]></link>
<average_rating>0.0</average_rating>
<ratings_count>0</ratings_count>
<text_reviews_count>0</text_reviews_count>
</author>
</authors>
  <published>2013</published>
</book>


    </books>
</author>

</GoodreadsResponse>