<?xml version="1.0" encoding="UTF-8"?>
<GoodreadsResponse>
  <Request>
    <authentication>true</authentication>
      <key><![CDATA[sySok63UyYyWi2Wof1HocA]]></key>
    <method><![CDATA[author_show]]></method>
  </Request>
  <author>
  <id>595876</id>
  <name>Henry M. Field</name>
  <link><![CDATA[https://www.goodreads.com/author/show/595876.Henry_M_Field]]></link>
  <fans_count type="integer">0</fans_count>
  <author_followers_count type="integer">0</author_followers_count>
  <large_image_url><![CDATA[https://s.gr-assets.com/assets/nophoto/user/m_333x500-a9c67bed07ee7e10983a5d5ccc572516.png]]></large_image_url>
  <image_url><![CDATA[https://s.gr-assets.com/assets/nophoto/user/m_200x266-d279b33f8eec0f27b7272477f09806be.png]]></image_url>
  <small_image_url><![CDATA[https://s.gr-assets.com/assets/nophoto/user/m_50x66-82093808bca726cb3249a493fbd3bd0f.png]]></small_image_url>
  <about><![CDATA[Henry Martyn Field was an American author and clergyman.]]></about>
  <influences></influences>
  <works_count>30</works_count>
  <gender>male</gender>
  <hometown></hometown>
  <born_at>1822/04/03</born_at>
  <died_at>1907/01/26</died_at>
  <goodreads_author></goodreads_author>

    <books>
      <book>
  <id type="integer">8607643</id>
  <isbn>1147755469</isbn>
  <isbn13>9781147755466</isbn13>
  <text_reviews_count type="integer">1</text_reviews_count>
  <title>Gibraltar</title>
  <title_without_series>Gibraltar</title_without_series>
  <image_url>https://s.gr-assets.com/assets/nophoto/book/111x148-bcc042a9c91a29c1d680899eff700a03.png</image_url>
  <small_image_url>https://s.gr-assets.com/assets/nophoto/book/50x75-a91bf249278a81aabab721ef782c4a74.png</small_image_url>
  <large_image_url/>
  <link>https://www.goodreads.com/book/show/8607643-gibraltar</link>
  <num_pages></num_pages>
  <format></format>
  <edition_information/>
  <publisher></publisher>
  <publication_day></publication_day>
  <publication_year></publication_year>
  <publication_month></publication_month>
  <average_rating>3.25</average_rating>
  <ratings_count>4</ratings_count>
  <description></description>
<authors>
<author>
<id>595876</id>
<name>Henry M. Field</name>
<role></role>
<image_url nophoto='true'>
<![CDATA[https://s.gr-assets.com/assets/nophoto/user/m_200x266-d279b33f8eec0f27b7272477f09806be.png]]>
</image_url>
<small_image_url nophoto='true'>
<![CDATA[https://s.gr-assets.com/assets/nophoto/user/m_50x66-82093808bca726cb3249a493fbd3bd0f.png]]>
</small_image_url>
<link><![CDATA[https://www.goodreads.com/author/show/595876.Henry_M_Field]]></link>
<average_rating>3.95</average_rating>
<ratings_count>20</ratings_count>
<text_reviews_count>10</text_reviews_count>
</author>
</authors>
  <published></published>
</book>


      <book>
  <id type="integer">3148925</id>
  <isbn>0548589305</isbn>
  <isbn13>9780548589304</isbn13>
  <text_reviews_count type="integer">0</text_reviews_count>
  <title>History of the Atlantic Telegraph (1867)</title>
  <title_without_series>History of the Atlantic Telegraph</title_without_series>
  <image_url>https://images.gr-assets.com/books/1395611639m/3148925.jpg</image_url>
  <small_image_url>https://images.gr-assets.com/books/1395611639s/3148925.jpg</small_image_url>
  <large_image_url/>
  <link>https://www.goodreads.com/book/show/3148925-history-of-the-atlantic-telegraph</link>
  <num_pages></num_pages>
  <format></format>
  <edition_information/>
  <publisher></publisher>
  <publication_day></publication_day>
  <publication_year></publication_year>
  <publication_month></publication_month>
  <average_rating>3.50</average_rating>
  <ratings_count>2</ratings_count>
  <description>This work has been selected by scholars as being culturally important, and is part of the knowledge base of civilization as we know it. This work was reproduced from the original artifact, and remains as true to the original work as possible. Therefore, you will see the original copyright references, library stamps (as most of these works have been housed in our most important libraries around the world), and other notations in the work. This work is in the public domain in the United States of America, and possibly other nations. Within the United States, you may freely copy and distribute this work, as no entity (individual or corporate) has a copyright on the body of the work.As a reproduction of a historical artifact, this work may contain missing or blurred pages, poor pictures, errant marks, etc. Scholars believe, and we concur, that this work is important enough to be preserved, reproduced, and made generally available to the public. We appreciate your support of the preservation process, and thank you for being an important part of keeping this knowledge alive and relevant.</description>
<authors>
<author>
<id>595876</id>
<name>Henry M. Field</name>
<role></role>
<image_url nophoto='true'>
<![CDATA[https://s.gr-assets.com/assets/nophoto/user/m_200x266-d279b33f8eec0f27b7272477f09806be.png]]>
</image_url>
<small_image_url nophoto='true'>
<![CDATA[https://s.gr-assets.com/assets/nophoto/user/m_50x66-82093808bca726cb3249a493fbd3bd0f.png]]>
</small_image_url>
<link><![CDATA[https://www.goodreads.com/author/show/595876.Henry_M_Field]]></link>
<average_rating>3.95</average_rating>
<ratings_count>20</ratings_count>
<text_reviews_count>10</text_reviews_count>
</author>
</authors>
  <published></published>
</book>


      <book>
  <id type="integer">19164635</id>
  <isbn nil="true"/>
  <isbn13 nil="true"/>
  <text_reviews_count type="integer">0</text_reviews_count>
  <title>From the Lakes of Killarney to the Golden Horn</title>
  <title_without_series>From the Lakes of Killarney to the Golden Horn</title_without_series>
  <image_url>https://s.gr-assets.com/assets/nophoto/book/111x148-bcc042a9c91a29c1d680899eff700a03.png</image_url>
  <small_image_url>https://s.gr-assets.com/assets/nophoto/book/50x75-a91bf249278a81aabab721ef782c4a74.png</small_image_url>
  <large_image_url/>
  <link>https://www.goodreads.com/book/show/19164635-from-the-lakes-of-killarney-to-the-golden-horn</link>
  <num_pages></num_pages>
  <format></format>
  <edition_information/>
  <publisher></publisher>
  <publication_day></publication_day>
  <publication_year></publication_year>
  <publication_month></publication_month>
  <average_rating>5.00</average_rating>
  <ratings_count>1</ratings_count>
  <description></description>
<authors>
<author>
<id>595876</id>
<name>Henry M. Field</name>
<role></role>
<image_url nophoto='true'>
<![CDATA[https://s.gr-assets.com/assets/nophoto/user/m_200x266-d279b33f8eec0f27b7272477f09806be.png]]>
</image_url>
<small_image_url nophoto='true'>
<![CDATA[https://s.gr-assets.com/assets/nophoto/user/m_50x66-82093808bca726cb3249a493fbd3bd0f.png]]>
</small_image_url>
<link><![CDATA[https://www.goodreads.com/author/show/595876.Henry_M_Field]]></link>
<average_rating>3.95</average_rating>
<ratings_count>20</ratings_count>
<text_reviews_count>10</text_reviews_count>
</author>
</authors>
  <published></published>
</book>


      <book>
  <id type="integer">14398634</id>
  <isbn>1445540312</isbn>
  <isbn13>9781445540313</isbn13>
  <text_reviews_count type="integer">0</text_reviews_count>
  <title>The Barbary Coast</title>
  <title_without_series>The Barbary Coast</title_without_series>
  <image_url>https://s.gr-assets.com/assets/nophoto/book/111x148-bcc042a9c91a29c1d680899eff700a03.png</image_url>
  <small_image_url>https://s.gr-assets.com/assets/nophoto/book/50x75-a91bf249278a81aabab721ef782c4a74.png</small_image_url>
  <large_image_url/>
  <link>https://www.goodreads.com/book/show/14398634-the-barbary-coast</link>
  <num_pages></num_pages>
  <format></format>
  <edition_information/>
  <publisher></publisher>
  <publication_day></publication_day>
  <publication_year></publication_year>
  <publication_month></publication_month>
  <average_rating>5.00</average_rating>
  <ratings_count>1</ratings_count>
  <description></description>
<authors>
<author>
<id>595876</id>
<name>Henry M. Field</name>
<role></role>
<image_url nophoto='true'>
<![CDATA[https://s.gr-assets.com/assets/nophoto/user/m_200x266-d279b33f8eec0f27b7272477f09806be.png]]>
</image_url>
<small_image_url nophoto='true'>
<![CDATA[https://s.gr-assets.com/assets/nophoto/user/m_50x66-82093808bca726cb3249a493fbd3bd0f.png]]>
</small_image_url>
<link><![CDATA[https://www.goodreads.com/author/show/595876.Henry_M_Field]]></link>
<average_rating>3.95</average_rating>
<ratings_count>20</ratings_count>
<text_reviews_count>10</text_reviews_count>
</author>
</authors>
  <published></published>
</book>


      <book>
  <id type="integer">19136501</id>
  <isbn>1494216531</isbn>
  <isbn13>9781494216535</isbn13>
  <text_reviews_count type="integer">0</text_reviews_count>
  <title>The Battle of Franklin: Chapter XVI: From Henry M. Field's 1890 Edition of Bright Skies and Dark Shadows</title>
  <title_without_series>The Battle of Franklin: Chapter XVI: From Henry M. Field's 1890 Edition of Bright Skies and Dark Shadows</title_without_series>
  <image_url>https://s.gr-assets.com/assets/nophoto/book/111x148-bcc042a9c91a29c1d680899eff700a03.png</image_url>
  <small_image_url>https://s.gr-assets.com/assets/nophoto/book/50x75-a91bf249278a81aabab721ef782c4a74.png</small_image_url>
  <large_image_url/>
  <link>https://www.goodreads.com/book/show/19136501-the-battle-of-franklin</link>
  <num_pages>68</num_pages>
  <format>Paperback</format>
  <edition_information/>
  <publisher>Createspace Independent Publishing Platform</publisher>
  <publication_day>22</publication_day>
  <publication_year>2013</publication_year>
  <publication_month>11</publication_month>
  <average_rating>4.00</average_rating>
  <ratings_count>1</ratings_count>
  <description>One chapter of Henry M. Field's 1890 publication entitled Bright Skies and Dark Shadows covers the Battle of Franklin, Tennessee in great detail. This often forgotten source is one of the best accounts of the battle ever recorded. Visiting the battlefield in 1889, Field walked the grounds with four eyewitnesses to the combat--three of them were Confederate soldiers. Two of them fought in the battle--one in the ranks and the other as an Inspector General to Cheatham's Old Division. A contemporary take on the Battle of Franklin by men who were there and were apprised of the situation at Spring Hill, Tennessee and Franklin alike.</description>
<authors>
<author>
<id>595876</id>
<name>Henry M. Field</name>
<role></role>
<image_url nophoto='true'>
<![CDATA[https://s.gr-assets.com/assets/nophoto/user/m_200x266-d279b33f8eec0f27b7272477f09806be.png]]>
</image_url>
<small_image_url nophoto='true'>
<![CDATA[https://s.gr-assets.com/assets/nophoto/user/m_50x66-82093808bca726cb3249a493fbd3bd0f.png]]>
</small_image_url>
<link><![CDATA[https://www.goodreads.com/author/show/595876.Henry_M_Field]]></link>
<average_rating>3.95</average_rating>
<ratings_count>20</ratings_count>
<text_reviews_count>10</text_reviews_count>
</author>
</authors>
  <published>2013</published>
</book>


      <book>
  <id type="integer">10859985</id>
  <isbn nil="true"/>
  <isbn13 nil="true"/>
  <text_reviews_count type="integer">1</text_reviews_count>
  <title>The Story of the Atlantic Telegraph (Dr. Field's Books of Travel)</title>
  <title_without_series>The Story of the Atlantic Telegraph</title_without_series>
  <image_url>https://s.gr-assets.com/assets/nophoto/book/111x148-bcc042a9c91a29c1d680899eff700a03.png</image_url>
  <small_image_url>https://s.gr-assets.com/assets/nophoto/book/50x75-a91bf249278a81aabab721ef782c4a74.png</small_image_url>
  <large_image_url/>
  <link>https://www.goodreads.com/book/show/10859985-the-story-of-the-atlantic-telegraph</link>
  <num_pages></num_pages>
  <format></format>
  <edition_information/>
  <publisher/>
  <publication_day/>
  <publication_year/>
  <publication_month/>
  <average_rating>3.25</average_rating>
  <ratings_count>4</ratings_count>
  <description></description>
<authors>
<author>
<id>595876</id>
<name>Henry M. Field</name>
<role></role>
<image_url nophoto='true'>
<![CDATA[https://s.gr-assets.com/assets/nophoto/user/m_200x266-d279b33f8eec0f27b7272477f09806be.png]]>
</image_url>
<small_image_url nophoto='true'>
<![CDATA[https://s.gr-assets.com/assets/nophoto/user/m_50x66-82093808bca726cb3249a493fbd3bd0f.png]]>
</small_image_url>
<link><![CDATA[https://www.goodreads.com/author/show/595876.Henry_M_Field]]></link>
<average_rating>3.95</average_rating>
<ratings_count>20</ratings_count>
<text_reviews_count>10</text_reviews_count>
</author>
</authors>
  <published/>
</book>


      <book>
  <id type="integer">31890132</id>
  <isbn>1358424071</isbn>
  <isbn13>9781358424076</isbn13>
  <text_reviews_count type="integer">0</text_reviews_count>
  <title>Summer Pictures: From Copenhagen to Venice</title>
  <title_without_series>Summer Pictures: From Copenhagen to Venice</title_without_series>
  <image_url>https://s.gr-assets.com/assets/nophoto/book/111x148-bcc042a9c91a29c1d680899eff700a03.png</image_url>
  <small_image_url>https://s.gr-assets.com/assets/nophoto/book/50x75-a91bf249278a81aabab721ef782c4a74.png</small_image_url>
  <large_image_url/>
  <link>https://www.goodreads.com/book/show/31890132-summer-pictures</link>
  <num_pages>306</num_pages>
  <format>Hardcover</format>
  <edition_information/>
  <publisher>Palala Press</publisher>
  <publication_day>21</publication_day>
  <publication_year>2016</publication_year>
  <publication_month>5</publication_month>
  <average_rating>0.0</average_rating>
  <ratings_count>0</ratings_count>
  <description>This work has been selected by scholars as being culturally important, and is part of the knowledge base of civilization as we know it. This work was reproduced from the original artifact, and remains as true to the original work as possible. Therefore, you will see the original copyright references, library stamps (as most of these works have been housed in our most important libraries around the world), and other notations in the work.&lt;br /&gt;&lt;br /&gt;This work is in the public domain in the United States of America, and possibly other nations. Within the United States, you may freely copy and distribute this work, as no entity (individual or corporate) has a copyright on the body of the work.&lt;br /&gt;&lt;br /&gt;As a reproduction of a historical artifact, this work may contain missing or blurred pages, poor pictures, errant marks, etc. Scholars believe, and we concur, that this work is important enough to be preserved, reproduced, and made generally available to the public. We appreciate your support of the preservation process, and thank you for being an important part of keeping this knowledge alive and relevant.</description>
<authors>
<author>
<id>595876</id>
<name>Henry M. Field</name>
<role></role>
<image_url nophoto='true'>
<![CDATA[https://s.gr-assets.com/assets/nophoto/user/m_200x266-d279b33f8eec0f27b7272477f09806be.png]]>
</image_url>
<small_image_url nophoto='true'>
<![CDATA[https://s.gr-assets.com/assets/nophoto/user/m_50x66-82093808bca726cb3249a493fbd3bd0f.png]]>
</small_image_url>
<link><![CDATA[https://www.goodreads.com/author/show/595876.Henry_M_Field]]></link>
<average_rating>3.95</average_rating>
<ratings_count>20</ratings_count>
<text_reviews_count>10</text_reviews_count>
</author>
</authors>
  <published>2016</published>
</book>


      <book>
  <id type="integer">27534077</id>
  <isbn>1342587154</isbn>
  <isbn13>9781342587152</isbn13>
  <text_reviews_count type="integer">0</text_reviews_count>
  <title>Our Western Archipelago</title>
  <title_without_series>Our Western Archipelago</title_without_series>
  <image_url>https://images.gr-assets.com/books/1452921115m/27534077.jpg</image_url>
  <small_image_url>https://images.gr-assets.com/books/1452921115s/27534077.jpg</small_image_url>
  <large_image_url/>
  <link>https://www.goodreads.com/book/show/27534077-our-western-archipelago</link>
  <num_pages>296</num_pages>
  <format>Hardcover</format>
  <edition_information/>
  <publisher>Palala Press</publisher>
  <publication_day>15</publication_day>
  <publication_year>2015</publication_year>
  <publication_month>9</publication_month>
  <average_rating>0.0</average_rating>
  <ratings_count>0</ratings_count>
  <description>This work has been selected by scholars as being culturally important, and is part of the knowledge base of civilization as we know it. This work was reproduced from the original artifact, and remains as true to the original work as possible. Therefore, you will see the original copyright references, library stamps (as most of these works have been housed in our most important libraries around the world), and other notations in the work. This work is in the public domain in the United States of America, and possibly other nations. Within the United States, you may freely copy and distribute this work, as no entity (individual or corporate) has a copyright on the body of the work.As a reproduction of a historical artifact, this work may contain missing or blurred pages, poor pictures, errant marks, etc. Scholars believe, and we concur, that this work is important enough to be preserved, reproduced, and made generally available to the public. We appreciate your support of the preservation process, and thank you for being an important part of keeping this knowledge alive and relevant.</description>
<authors>
<author>
<id>595876</id>
<name>Henry M. Field</name>
<role></role>
<image_url nophoto='true'>
<![CDATA[https://s.gr-assets.com/assets/nophoto/user/m_200x266-d279b33f8eec0f27b7272477f09806be.png]]>
</image_url>
<small_image_url nophoto='true'>
<![CDATA[https://s.gr-assets.com/assets/nophoto/user/m_50x66-82093808bca726cb3249a493fbd3bd0f.png]]>
</small_image_url>
<link><![CDATA[https://www.goodreads.com/author/show/595876.Henry_M_Field]]></link>
<average_rating>3.95</average_rating>
<ratings_count>20</ratings_count>
<text_reviews_count>10</text_reviews_count>
</author>
</authors>
  <published>2015</published>
</book>


      <book>
  <id type="integer">32520230</id>
  <isbn>1371206589</isbn>
  <isbn13>9781371206581</isbn13>
  <text_reviews_count type="integer">0</text_reviews_count>
  <title>The Life of David Dudley Field</title>
  <title_without_series>The Life of David Dudley Field</title_without_series>
  <image_url>https://s.gr-assets.com/assets/nophoto/book/111x148-bcc042a9c91a29c1d680899eff700a03.png</image_url>
  <small_image_url>https://s.gr-assets.com/assets/nophoto/book/50x75-a91bf249278a81aabab721ef782c4a74.png</small_image_url>
  <large_image_url/>
  <link>https://www.goodreads.com/book/show/32520230-the-life-of-david-dudley-field</link>
  <num_pages></num_pages>
  <format>Hardcover</format>
  <edition_information/>
  <publisher>Wentworth Press</publisher>
  <publication_day>27</publication_day>
  <publication_year>2016</publication_year>
  <publication_month>8</publication_month>
  <average_rating>0.0</average_rating>
  <ratings_count>0</ratings_count>
  <description>This work has been selected by scholars as being culturally important, and is part of the knowledge base of civilization as we know it. This work was reproduced from the original artifact, and remains as true to the original work as possible. Therefore, you will see the original copyright references, library stamps (as most of these works have been housed in our most important libraries around the world), and other notations in the work.&lt;br /&gt;&lt;br /&gt;This work is in the public domain in the United States of America, and possibly other nations. Within the United States, you may freely copy and distribute this work, as no entity (individual or corporate) has a copyright on the body of the work.&lt;br /&gt;&lt;br /&gt;As a reproduction of a historical artifact, this work may contain missing or blurred pages, poor pictures, errant marks, etc. Scholars believe, and we concur, that this work is important enough to be preserved, reproduced, and made generally available to the public. We appreciate your support of the preservation process, and thank you for being an important part of keeping this knowledge alive and relevant.</description>
<authors>
<author>
<id>595876</id>
<name>Henry M. Field</name>
<role>Creator</role>
<image_url nophoto='true'>
<![CDATA[https://s.gr-assets.com/assets/nophoto/user/m_200x266-d279b33f8eec0f27b7272477f09806be.png]]>
</image_url>
<small_image_url nophoto='true'>
<![CDATA[https://s.gr-assets.com/assets/nophoto/user/m_50x66-82093808bca726cb3249a493fbd3bd0f.png]]>
</small_image_url>
<link><![CDATA[https://www.goodreads.com/author/show/595876.Henry_M_Field]]></link>
<average_rating>3.95</average_rating>
<ratings_count>20</ratings_count>
<text_reviews_count>10</text_reviews_count>
</author>
</authors>
  <published>2016</published>
</book>


      <book>
  <id type="integer">32513619</id>
  <isbn>1333878710</isbn>
  <isbn13>9781333878719</isbn13>
  <text_reviews_count type="integer">0</text_reviews_count>
  <title>On the Desert: With a Brief Review of Recent Events in Egypt</title>
  <title_without_series>On the Desert: With a Brief Review of Recent Events in Egypt</title_without_series>
  <image_url>https://s.gr-assets.com/assets/nophoto/book/111x148-bcc042a9c91a29c1d680899eff700a03.png</image_url>
  <small_image_url>https://s.gr-assets.com/assets/nophoto/book/50x75-a91bf249278a81aabab721ef782c4a74.png</small_image_url>
  <large_image_url/>
  <link>https://www.goodreads.com/book/show/32513619-on-the-desert</link>
  <num_pages></num_pages>
  <format>Paperback</format>
  <edition_information/>
  <publisher>Forgotten Books</publisher>
  <publication_day>7</publication_day>
  <publication_year>2016</publication_year>
  <publication_month>10</publication_month>
  <average_rating>0.0</average_rating>
  <ratings_count>0</ratings_count>
  <description>Excerpt from On the Desert: With a Brief Review of Recent Events in Egypt &lt;br /&gt;Once only in the following pages is the simple narra tive - the detail of incidents of tent-life, of the camp and the march, or the description of scenes on the mountain and the desert - interrupted to introduce a defence of the Hebrew Law. This may be thought quite unnecessary. But it has become such a fashion of the day to question, not only the inspiration of Moses, but his wisdom as a Lawgiver, and even his humanity, that one who was loyal to that great name could hardly refrain from some re ec tions which naturally arose under the cliffs of Sinai. &lt;br /&gt;About the Publisher &lt;br /&gt;Forgotten Books publishes hundreds of thousands of rare and classic books. Find more at &lt;a target="_blank" href="http://www.forgottenbooks.com" rel="nofollow"&gt;www.forgottenbooks.com&lt;/a&gt; &lt;br /&gt;This book is a reproduction of an important historical work. Forgotten Books uses state-of-the-art technology to digitally reconstruct the work, preserving the original format whilst repairing imperfections present in the aged copy. In rare cases, an imperfection in the original, such as a blemish or missing page, may be replicated in our edition. We do, however, repair the vast majority of imperfections successfully; any imperfections that remain are intentionally left to preserve the state of such historical works."</description>
<authors>
<author>
<id>595876</id>
<name>Henry M. Field</name>
<role></role>
<image_url nophoto='true'>
<![CDATA[https://s.gr-assets.com/assets/nophoto/user/m_200x266-d279b33f8eec0f27b7272477f09806be.png]]>
</image_url>
<small_image_url nophoto='true'>
<![CDATA[https://s.gr-assets.com/assets/nophoto/user/m_50x66-82093808bca726cb3249a493fbd3bd0f.png]]>
</small_image_url>
<link><![CDATA[https://www.goodreads.com/author/show/595876.Henry_M_Field]]></link>
<average_rating>3.95</average_rating>
<ratings_count>20</ratings_count>
<text_reviews_count>10</text_reviews_count>
</author>
</authors>
  <published>2016</published>
</book>


    </books>
</author>

</GoodreadsResponse>