<?xml version="1.0" encoding="UTF-8"?>
<GoodreadsResponse>
  <Request>
    <authentication>true</authentication>
      <key><![CDATA[sySok63UyYyWi2Wof1HocA]]></key>
    <method><![CDATA[author_show]]></method>
  </Request>
  <author>
  <id>5986452</id>
  <name>Charles Hunt</name>
  <link><![CDATA[https://www.goodreads.com/author/show/5986452.Charles_Hunt]]></link>
  <fans_count type="integer">0</fans_count>
  <author_followers_count type="integer">0</author_followers_count>
  <large_image_url><![CDATA[https://images.gr-assets.com/authors/1442628226p7/5986452.jpg]]></large_image_url>
  <image_url><![CDATA[https://images.gr-assets.com/authors/1442628226p5/5986452.jpg]]></image_url>
  <small_image_url><![CDATA[https://images.gr-assets.com/authors/1442628226p2/5986452.jpg]]></small_image_url>
  <about></about>
  <influences></influences>
  <works_count>6</works_count>
  <gender>male</gender>
  <hometown></hometown>
  <born_at></born_at>
  <died_at></died_at>
  <goodreads_author>true</goodreads_author>
    <user>
  <id type="integer">20111664</id>
</user>


    <books>
      <book>
  <id type="integer">17862437</id>
  <isbn>1466998814</isbn>
  <isbn13>9781466998810</isbn13>
  <text_reviews_count type="integer">0</text_reviews_count>
  <title>Life of Charlie</title>
  <title_without_series>Life of Charlie</title_without_series>
  <image_url>https://images.gr-assets.com/books/1384024720m/17862437.jpg</image_url>
  <small_image_url>https://images.gr-assets.com/books/1384024720s/17862437.jpg</small_image_url>
  <large_image_url/>
  <link>https://www.goodreads.com/book/show/17862437-life-of-charlie</link>
  <num_pages>176</num_pages>
  <format>Paperback</format>
  <edition_information/>
  <publisher>Trafford Publishing</publisher>
  <publication_day>1</publication_day>
  <publication_year>2013</publication_year>
  <publication_month>4</publication_month>
  <average_rating>5.00</average_rating>
  <ratings_count>1</ratings_count>
  <description>Charlie Hunt lives in Augusta, WesternAustralia. Augusta is a small seaside town situated at the most South West part of Australia. It is part of the Margaret River wine region, and is often described as Paradise. Now retired Charlie looks back on his very interesting life. Born just before the second World War in the small country town of Red Cliffs, Charlie completed his education in Melbourne. He started his employment in the Aircraft industry, and travelled to Perth to join a local Airline. Here he started a family, and then later on operated a successful jewelry business for some years. His love of horses then led him to become a professional race horse trainer. He then completely changed tack and became a Restaurant proprietor, which eventually took him to Margaret River. He then retired to Augusta . His son Graeme worked with him both with the horses and in the Restaurants, while his daughter Lisa brought up her family in Perth.</description>
<authors>
<author>
<id>5986452</id>
<name>Charles Hunt</name>
<role></role>
<image_url nophoto='false'>
<![CDATA[https://images.gr-assets.com/authors/1442628226p5/5986452.jpg]]>
</image_url>
<small_image_url nophoto='false'>
<![CDATA[https://images.gr-assets.com/authors/1442628226p2/5986452.jpg]]>
</small_image_url>
<link><![CDATA[https://www.goodreads.com/author/show/5986452.Charles_Hunt]]></link>
<average_rating>5.00</average_rating>
<ratings_count>1</ratings_count>
<text_reviews_count>0</text_reviews_count>
</author>
</authors>
  <published>2013</published>
</book>


      <book>
  <id type="integer">33543177</id>
  <isbn nil="true"/>
  <isbn13 nil="true"/>
  <text_reviews_count type="integer">0</text_reviews_count>
  <title>How To Get Anyone Like You Quickly: Quick Persuasion Strategies For Making Friends &amp; Dating</title>
  <title_without_series>How To Get Anyone Like You Quickly: Quick Persuasion Strategies For Making Friends &amp; Dating</title_without_series>
  <image_url>https://s.gr-assets.com/assets/nophoto/book/111x148-bcc042a9c91a29c1d680899eff700a03.png</image_url>
  <small_image_url>https://s.gr-assets.com/assets/nophoto/book/50x75-a91bf249278a81aabab721ef782c4a74.png</small_image_url>
  <large_image_url/>
  <link>https://www.goodreads.com/book/show/33543177-how-to-get-anyone-like-you-quickly</link>
  <num_pages></num_pages>
  <format></format>
  <edition_information/>
  <publisher></publisher>
  <publication_day></publication_day>
  <publication_year></publication_year>
  <publication_month></publication_month>
  <average_rating>0.0</average_rating>
  <ratings_count>0</ratings_count>
  <description></description>
<authors>
<author>
<id>5986452</id>
<name>Charles Hunt</name>
<role></role>
<image_url nophoto='false'>
<![CDATA[https://images.gr-assets.com/authors/1442628226p5/5986452.jpg]]>
</image_url>
<small_image_url nophoto='false'>
<![CDATA[https://images.gr-assets.com/authors/1442628226p2/5986452.jpg]]>
</small_image_url>
<link><![CDATA[https://www.goodreads.com/author/show/5986452.Charles_Hunt]]></link>
<average_rating>5.00</average_rating>
<ratings_count>1</ratings_count>
<text_reviews_count>0</text_reviews_count>
</author>
</authors>
  <published></published>
</book>


      <book>
  <id type="integer">28000954</id>
  <isbn nil="true"/>
  <isbn13 nil="true"/>
  <text_reviews_count type="integer">0</text_reviews_count>
  <title>LIFE OF CHARLIE</title>
  <title_without_series>LIFE OF CHARLIE</title_without_series>
  <image_url>https://s.gr-assets.com/assets/nophoto/book/111x148-bcc042a9c91a29c1d680899eff700a03.png</image_url>
  <small_image_url>https://s.gr-assets.com/assets/nophoto/book/50x75-a91bf249278a81aabab721ef782c4a74.png</small_image_url>
  <large_image_url/>
  <link>https://www.goodreads.com/book/show/28000954-life-of-charlie</link>
  <num_pages></num_pages>
  <format></format>
  <edition_information/>
  <publisher></publisher>
  <publication_day></publication_day>
  <publication_year></publication_year>
  <publication_month></publication_month>
  <average_rating>0.0</average_rating>
  <ratings_count>0</ratings_count>
  <description></description>
<authors>
<author>
<id>5986452</id>
<name>Charles Hunt</name>
<role></role>
<image_url nophoto='false'>
<![CDATA[https://images.gr-assets.com/authors/1442628226p5/5986452.jpg]]>
</image_url>
<small_image_url nophoto='false'>
<![CDATA[https://images.gr-assets.com/authors/1442628226p2/5986452.jpg]]>
</small_image_url>
<link><![CDATA[https://www.goodreads.com/author/show/5986452.Charles_Hunt]]></link>
<average_rating>5.00</average_rating>
<ratings_count>1</ratings_count>
<text_reviews_count>0</text_reviews_count>
</author>
</authors>
  <published></published>
</book>


      <book>
  <id type="integer">18349452</id>
  <isbn>5518471645</isbn>
  <isbn13>9785518471641</isbn13>
  <text_reviews_count type="integer">0</text_reviews_count>
  <title>A History of the Introduction of Gas Lighting</title>
  <title_without_series>A History of the Introduction of Gas Lighting</title_without_series>
  <image_url>https://images.gr-assets.com/books/1377628969m/18349452.jpg</image_url>
  <small_image_url>https://images.gr-assets.com/books/1377628969s/18349452.jpg</small_image_url>
  <large_image_url/>
  <link>https://www.goodreads.com/book/show/18349452-a-history-of-the-introduction-of-gas-lighting</link>
  <num_pages>170</num_pages>
  <format>Paperback</format>
  <edition_information/>
  <publisher>Book on Demand Ltd.</publisher>
  <publication_day>10</publication_day>
  <publication_year>2013</publication_year>
  <publication_month>4</publication_month>
  <average_rating>0.0</average_rating>
  <ratings_count>0</ratings_count>
  <description>A history of the introduction of gas lighting (1907). This book, "A history of the introduction of gas lighting," by Charles Hunt, is a replication of a book originally published before 1907. It has been restored by human beings, page by page, so that you may enjoy it in a form as close to the original as possible.</description>
<authors>
<author>
<id>5986452</id>
<name>Charles Hunt</name>
<role></role>
<image_url nophoto='false'>
<![CDATA[https://images.gr-assets.com/authors/1442628226p5/5986452.jpg]]>
</image_url>
<small_image_url nophoto='false'>
<![CDATA[https://images.gr-assets.com/authors/1442628226p2/5986452.jpg]]>
</small_image_url>
<link><![CDATA[https://www.goodreads.com/author/show/5986452.Charles_Hunt]]></link>
<average_rating>5.00</average_rating>
<ratings_count>1</ratings_count>
<text_reviews_count>0</text_reviews_count>
</author>
</authors>
  <published>2013</published>
</book>


      <book>
  <id type="integer">22245966</id>
  <isbn>1742844510</isbn>
  <isbn13>9781742844510</isbn13>
  <text_reviews_count type="integer">0</text_reviews_count>
  <title>Wine and Women</title>
  <title_without_series>Wine and Women</title_without_series>
  <image_url>https://images.gr-assets.com/books/1400883048m/22245966.jpg</image_url>
  <small_image_url>https://images.gr-assets.com/books/1400883048s/22245966.jpg</small_image_url>
  <large_image_url/>
  <link>https://www.goodreads.com/book/show/22245966-wine-and-women</link>
  <num_pages>252</num_pages>
  <format>Paperback</format>
  <edition_information/>
  <publisher>Bookpal</publisher>
  <publication_day>1</publication_day>
  <publication_year>2014</publication_year>
  <publication_month>5</publication_month>
  <average_rating>0.0</average_rating>
  <ratings_count>0</ratings_count>
  <description>Clarrie grows up in a poor Melbourne suburb, marries when he is young. He gets mixed up with the wrong crowed, he travels to Greece and Turkey then moves to Perth to escape his past. He has a love affair with the Margaret River wine area. The book is basically about the women in his life. He tells his story to the Author.</description>
<authors>
<author>
<id>5986452</id>
<name>Charles Hunt</name>
<role></role>
<image_url nophoto='false'>
<![CDATA[https://images.gr-assets.com/authors/1442628226p5/5986452.jpg]]>
</image_url>
<small_image_url nophoto='false'>
<![CDATA[https://images.gr-assets.com/authors/1442628226p2/5986452.jpg]]>
</small_image_url>
<link><![CDATA[https://www.goodreads.com/author/show/5986452.Charles_Hunt]]></link>
<average_rating>5.00</average_rating>
<ratings_count>1</ratings_count>
<text_reviews_count>0</text_reviews_count>
</author>
</authors>
  <published>2014</published>
</book>


      <book>
  <id type="integer">24865397</id>
  <isbn nil="true"/>
  <isbn13 nil="true"/>
  <text_reviews_count type="integer">0</text_reviews_count>
  <title>Two Homes / Nonsense Verse</title>
  <title_without_series>Two Homes / Nonsense Verse</title_without_series>
  <image_url>https://s.gr-assets.com/assets/nophoto/book/111x148-bcc042a9c91a29c1d680899eff700a03.png</image_url>
  <small_image_url>https://s.gr-assets.com/assets/nophoto/book/50x75-a91bf249278a81aabab721ef782c4a74.png</small_image_url>
  <large_image_url/>
  <link>https://www.goodreads.com/book/show/24865397-two-homes-nonsense-verse</link>
  <num_pages></num_pages>
  <format></format>
  <edition_information/>
  <publisher>The Terrace</publisher>
  <publication_day/>
  <publication_year>1968</publication_year>
  <publication_month/>
  <average_rating>0.0</average_rating>
  <ratings_count>0</ratings_count>
  <description></description>
<authors>
<author>
<id>5986452</id>
<name>Charles Hunt</name>
<role></role>
<image_url nophoto='false'>
<![CDATA[https://images.gr-assets.com/authors/1442628226p5/5986452.jpg]]>
</image_url>
<small_image_url nophoto='false'>
<![CDATA[https://images.gr-assets.com/authors/1442628226p2/5986452.jpg]]>
</small_image_url>
<link><![CDATA[https://www.goodreads.com/author/show/5986452.Charles_Hunt]]></link>
<average_rating>5.00</average_rating>
<ratings_count>1</ratings_count>
<text_reviews_count>0</text_reviews_count>
</author>
</authors>
  <published>1968</published>
</book>


    </books>
</author>

</GoodreadsResponse>