<?xml version="1.0" encoding="UTF-8"?>
<GoodreadsResponse>
  <Request>
    <authentication>true</authentication>
      <key><![CDATA[sySok63UyYyWi2Wof1HocA]]></key>
    <method><![CDATA[author_show]]></method>
  </Request>
  <author>
  <id>5987913</id>
  <name>James Britt</name>
  <link><![CDATA[https://www.goodreads.com/author/show/5987913.James_Britt]]></link>
  <fans_count type="integer">0</fans_count>
  <author_followers_count type="integer">0</author_followers_count>
  <large_image_url><![CDATA[https://images.gr-assets.com/authors/1442628233p7/5987913.jpg]]></large_image_url>
  <image_url><![CDATA[https://images.gr-assets.com/authors/1442628233p5/5987913.jpg]]></image_url>
  <small_image_url><![CDATA[https://images.gr-assets.com/authors/1442628233p2/5987913.jpg]]></small_image_url>
  <about></about>
  <influences></influences>
  <works_count>2</works_count>
  <gender>male</gender>
  <hometown></hometown>
  <born_at></born_at>
  <died_at></died_at>
  <goodreads_author>true</goodreads_author>
    <user>
  <id type="integer">19581521</id>
</user>


    <books>
      <book>
  <id type="integer">29000854</id>
  <isbn>1488886547</isbn>
  <isbn13>9781488886546</isbn13>
  <text_reviews_count type="integer">0</text_reviews_count>
  <title>The Latest in Jessalyn Gilsig - 86 Success Secrets</title>
  <title_without_series>The Latest in Jessalyn Gilsig - 86 Success Secrets</title_without_series>
  <image_url>https://s.gr-assets.com/assets/nophoto/book/111x148-bcc042a9c91a29c1d680899eff700a03.png</image_url>
  <small_image_url>https://s.gr-assets.com/assets/nophoto/book/50x75-a91bf249278a81aabab721ef782c4a74.png</small_image_url>
  <large_image_url/>
  <link>https://www.goodreads.com/book/show/29000854-the-latest-in-jessalyn-gilsig---86-success-secrets</link>
  <num_pages>102</num_pages>
  <format>Paperback</format>
  <edition_information/>
  <publisher>Emereo Publishing</publisher>
  <publication_day>15</publication_day>
  <publication_year>2015</publication_year>
  <publication_month>3</publication_month>
  <average_rating>0.0</average_rating>
  <ratings_count>0</ratings_count>
  <description>The latest Jessalyn Gilsig sensation. This book is your ultimate resource for Jessalyn Gilsig. Here you will find the most up-to-date 86 Success Facts, Information, and much more. In easy to read chapters, with extensive references and links to get you to know all there is to know about Jessalyn Gilsig's Early life, Career and Personal life right away.&lt;br /&gt;&lt;br /&gt;A quick look inside: Glee (season 2), Caroline Reynolds - Other affiliated characters, Vikings (TV series) - Main cast, Sebastian Smythe, Sue Sylvester - Season 2, Prom Night (2008 film) - Plot, Glee (TV series) - Cast and characters, Charles Westmoreland - Other affiliated characters, Quest for Camelot, List of characters in Heroes - Meredith Gordon, Flood (film) - Cast, Aldo Burrows - Other affiliated characters, Ballad (Glee) - Plot, About Fifty - Cast, Marley Rose - Terri Schuester, Mash-Up (Glee) - Reception, Glee (season 1) - Cast, Snoops (1999 TV series) - Synopsis, The Horse Whisperer (film) - Cast, Frank Tancredi - Other affiliated characters, Destination: Infestation - Cast, Puck (Glee) - Season 1, Travis Fimmel - Acting career, Showmance (Glee) - Plot, Imaginary Bitches - Enemies, Institute for Advanced Theater Training, Britney/Brittany - Plot, New Worlds (Channel 4) - Flood (ITV), Imaginary Bitches - Episodes, Minor characters in CSI: NY - Recurring characters, Shelby Corcoran - Storylines, Nip/Tuck (season 2) - Recurring cast, Terri Schuester - Reception, Glee (season 6) - Cast and characters, Meredith Gordon - Meredith Gordon, Somewhere Slow, Terrence Steadman - Other affiliated characters, Quest for Camelot - Cast, Sebastian Smythe - Terri Schuester, Will Schuester, Glee (TV show) - Cast and characters, and much more...</description>
<authors>
<author>
<id>5987913</id>
<name>James Britt</name>
<role></role>
<image_url nophoto='false'>
<![CDATA[https://images.gr-assets.com/authors/1442628233p5/5987913.jpg]]>
</image_url>
<small_image_url nophoto='false'>
<![CDATA[https://images.gr-assets.com/authors/1442628233p2/5987913.jpg]]>
</small_image_url>
<link><![CDATA[https://www.goodreads.com/author/show/5987913.James_Britt]]></link>
<average_rating>0.0</average_rating>
<ratings_count>0</ratings_count>
<text_reviews_count>0</text_reviews_count>
</author>
</authors>
  <published>2015</published>
</book>


      <book>
  <id type="integer">17793981</id>
  <isbn nil="true"/>
  <isbn13 nil="true"/>
  <text_reviews_count type="integer">0</text_reviews_count>
  <title>Just the Best Parts:OSC for Artists</title>
  <title_without_series>Just the Best Parts:OSC for Artists</title_without_series>
  <image_url>https://images.gr-assets.com/books/1365872187m/17793981.jpg</image_url>
  <small_image_url>https://images.gr-assets.com/books/1365872187s/17793981.jpg</small_image_url>
  <large_image_url/>
  <link>https://www.goodreads.com/book/show/17793981-just-the-best-parts</link>
  <num_pages></num_pages>
  <format>Kindle Edition</format>
  <edition_information/>
  <publisher>Neurogami / Just the Best Parts</publisher>
  <publication_day>9</publication_day>
  <publication_year>2013</publication_year>
  <publication_month>4</publication_month>
  <average_rating>0.0</average_rating>
  <ratings_count>0</ratings_count>
  <description>Written by hacker/artists/musician James Britt, Just the Best Parts: OSC for Artists is a fun, fast, informative introduction to Open Sound Control (OSC). OSC is a technology for connecting myriad devices, such as a laptops, smart phones, tablets, music and animation software, and more. Written for digital artists and musicians, OSC for Artists combines no-fluff explanations, engaging graphic art, and ready-to-run examples to give you the fundamentals of OSC.</description>
<authors>
<author>
<id>5987913</id>
<name>James Britt</name>
<role></role>
<image_url nophoto='false'>
<![CDATA[https://images.gr-assets.com/authors/1442628233p5/5987913.jpg]]>
</image_url>
<small_image_url nophoto='false'>
<![CDATA[https://images.gr-assets.com/authors/1442628233p2/5987913.jpg]]>
</small_image_url>
<link><![CDATA[https://www.goodreads.com/author/show/5987913.James_Britt]]></link>
<average_rating>0.0</average_rating>
<ratings_count>0</ratings_count>
<text_reviews_count>0</text_reviews_count>
</author>
</authors>
  <published>2013</published>
</book>


    </books>
</author>

</GoodreadsResponse>