<?xml version="1.0" encoding="UTF-8"?>
<GoodreadsResponse>
  <Request>
    <authentication>true</authentication>
      <key><![CDATA[sySok63UyYyWi2Wof1HocA]]></key>
    <method><![CDATA[author_show]]></method>
  </Request>
  <author>
  <id>6033270</id>
  <name>Francis A. Ryan</name>
  <link><![CDATA[https://www.goodreads.com/author/show/6033270.Francis_A_Ryan]]></link>
  <fans_count type="integer">0</fans_count>
  <author_followers_count type="integer">0</author_followers_count>
  <large_image_url><![CDATA[https://s.gr-assets.com/assets/nophoto/user/m_333x500-a9c67bed07ee7e10983a5d5ccc572516.png]]></large_image_url>
  <image_url><![CDATA[https://s.gr-assets.com/assets/nophoto/user/m_200x266-d279b33f8eec0f27b7272477f09806be.png]]></image_url>
  <small_image_url><![CDATA[https://s.gr-assets.com/assets/nophoto/user/m_50x66-82093808bca726cb3249a493fbd3bd0f.png]]></small_image_url>
  <about></about>
  <influences></influences>
  <works_count>2</works_count>
  <gender>male</gender>
  <hometown></hometown>
  <born_at></born_at>
  <died_at></died_at>
  <goodreads_author></goodreads_author>

    <books>
      <book>
  <id type="integer">26296859</id>
  <isbn>1331428076</isbn>
  <isbn13>9781331428077</isbn13>
  <text_reviews_count type="integer">0</text_reviews_count>
  <title>Meditations for Every Day in the Month: Translated from the Reflexions Chretiennes of REV. Francois Nepveu, S. J</title>
  <title_without_series>Meditations for Every Day in the Month: Translated from the Reflexions Chretiennes of REV. Francois Nepveu, S. J</title_without_series>
  <image_url>https://images.gr-assets.com/books/1466980168m/26296859.jpg</image_url>
  <small_image_url>https://images.gr-assets.com/books/1466980168s/26296859.jpg</small_image_url>
  <large_image_url/>
  <link>https://www.goodreads.com/book/show/26296859-meditations-for-every-day-in-the-month</link>
  <num_pages>200</num_pages>
  <format>Paperback</format>
  <edition_information/>
  <publisher>Forgotten Books</publisher>
  <publication_day>21</publication_day>
  <publication_year>2016</publication_year>
  <publication_month>6</publication_month>
  <average_rating>0.0</average_rating>
  <ratings_count>0</ratings_count>
  <description>Excerpt from Meditations for Every Day in the Month: Translated From the "Reflexions Chretiennes" Of Rev. Francois Nepveu, S. J &lt;br /&gt;The method adopted by Father Nepveu in his Christian Re ections may be called the modified Sulpician method, from the fact that he does not follow out in toto the precise order of the Sulpician method. &lt;br /&gt;About the Publisher &lt;br /&gt;Forgotten Books publishes hundreds of thousands of rare and classic books. Find more at &lt;a target="_blank" href="http://www.forgottenbooks.com" rel="nofollow"&gt;www.forgottenbooks.com&lt;/a&gt; &lt;br /&gt;This book is a reproduction of an important historical work. Forgotten Books uses state-of-the-art technology to digitally reconstruct the work, preserving the original format whilst repairing imperfections present in the aged copy. In rare cases, an imperfection in the original, such as a blemish or missing page, may be replicated in our edition. We do, however, repair the vast majority of imperfections successfully; any imperfections that remain are intentionally left to preserve the state of such historical works."</description>
<authors>
<author>
<id>6033270</id>
<name>Francis A. Ryan</name>
<role></role>
<image_url nophoto='true'>
<![CDATA[https://s.gr-assets.com/assets/nophoto/user/m_200x266-d279b33f8eec0f27b7272477f09806be.png]]>
</image_url>
<small_image_url nophoto='true'>
<![CDATA[https://s.gr-assets.com/assets/nophoto/user/m_50x66-82093808bca726cb3249a493fbd3bd0f.png]]>
</small_image_url>
<link><![CDATA[https://www.goodreads.com/author/show/6033270.Francis_A_Ryan]]></link>
<average_rating>4.57</average_rating>
<ratings_count>7</ratings_count>
<text_reviews_count>1</text_reviews_count>
</author>
</authors>
  <published>2016</published>
</book>


      <book>
  <id type="integer">14418253</id>
  <isbn>1468126660</isbn>
  <isbn13>9781468126662</isbn13>
  <text_reviews_count type="integer">1</text_reviews_count>
  <title>Counsels of Perfection for Christian Mothers</title>
  <title_without_series>Counsels of Perfection for Christian Mothers</title_without_series>
  <image_url>https://images.gr-assets.com/books/1340790973m/14418253.jpg</image_url>
  <small_image_url>https://images.gr-assets.com/books/1340790973s/14418253.jpg</small_image_url>
  <large_image_url/>
  <link>https://www.goodreads.com/book/show/14418253-counsels-of-perfection-for-christian-mothers</link>
  <num_pages>250</num_pages>
  <format>Paperback</format>
  <edition_information/>
  <publisher>Createspace Independent Publishing Platform</publisher>
  <publication_day>23</publication_day>
  <publication_year>2011</publication_year>
  <publication_month>12</publication_month>
  <average_rating>4.56</average_rating>
  <ratings_count>9</ratings_count>
  <description>St. Alphonsus writes: "a single bad book will be sufficient to cause the destruction of a monastery." Pope Pius XII wrote in 1947 at the beatification of Blessed Maria Goretti: "There rises to Our lips the cry of the Saviour: 'Woe to the world because of scandals!' (Matthew 18:7). Woe to those who consciously and deliberately spread corruption-in novels, newspapers, magazines, theaters, films, in a world of immodesty!" We at St. Pius X Press are calling for a crusade of good books. We want to restore 1,000 old Catholic books to the market. We ask for your assistance and prayers. This book is a photographic reprint of the original. The original has been inspected and some imperfections may remain. At Saint Pius X Press our goal is to remain faithful to the original in both photographic reproductions and in textual reproductions that are reprinted. Photographic reproductions are given a page by page inspection, whereas textual reproductions are proofread to correct any errors in reproduction.</description>
<authors>
<author>
<id>3934248</id>
<name>P. Lejeune</name>
<role></role>
<image_url nophoto='true'>
<![CDATA[https://s.gr-assets.com/assets/nophoto/user/u_200x266-e183445fd1a1b5cc7075bb1cf7043306.png]]>
</image_url>
<small_image_url nophoto='true'>
<![CDATA[https://s.gr-assets.com/assets/nophoto/user/u_50x66-632230dc9882b4352d753eedf9396530.png]]>
</small_image_url>
<link><![CDATA[https://www.goodreads.com/author/show/3934248.P_Lejeune]]></link>
<average_rating>4.56</average_rating>
<ratings_count>9</ratings_count>
<text_reviews_count>1</text_reviews_count>
</author>
</authors>
  <published>2011</published>
</book>


    </books>
</author>

</GoodreadsResponse>