<?xml version="1.0" encoding="UTF-8"?>
<GoodreadsResponse>
  <Request>
    <authentication>true</authentication>
      <key><![CDATA[sySok63UyYyWi2Wof1HocA]]></key>
    <method><![CDATA[author_show]]></method>
  </Request>
  <author>
  <id>6035666</id>
  <name>Lee Won-Ro</name>
  <link><![CDATA[https://www.goodreads.com/author/show/6035666.Lee_Won_Ro]]></link>
  <fans_count type="integer">0</fans_count>
  <author_followers_count type="integer">0</author_followers_count>
  <large_image_url><![CDATA[https://images.gr-assets.com/authors/1442629416p7/6035666.jpg]]></large_image_url>
  <image_url><![CDATA[https://images.gr-assets.com/authors/1442629416p5/6035666.jpg]]></image_url>
  <small_image_url><![CDATA[https://images.gr-assets.com/authors/1442629416p2/6035666.jpg]]></small_image_url>
  <about></about>
  <influences></influences>
  <works_count>1</works_count>
  <gender>male</gender>
  <hometown></hometown>
  <born_at></born_at>
  <died_at></died_at>
  <goodreads_author>true</goodreads_author>
    <user>
  <id type="integer">20371583</id>
</user>


    <books>
      <book>
  <id type="integer">14423345</id>
  <isbn>1469165988</isbn>
  <isbn13>9781469165981</isbn13>
  <text_reviews_count type="integer">0</text_reviews_count>
  <title>Wedding Day: Selected Poems of Lee Won-Ro</title>
  <title_without_series>Wedding Day: Selected Poems of Lee Won-Ro</title_without_series>
  <image_url>https://s.gr-assets.com/assets/nophoto/book/111x148-bcc042a9c91a29c1d680899eff700a03.png</image_url>
  <small_image_url>https://s.gr-assets.com/assets/nophoto/book/50x75-a91bf249278a81aabab721ef782c4a74.png</small_image_url>
  <large_image_url/>
  <link>https://www.goodreads.com/book/show/14423345-wedding-day</link>
  <num_pages>174</num_pages>
  <format>Hardcover</format>
  <edition_information/>
  <publisher>Xlibris Corporation</publisher>
  <publication_day>20</publication_day>
  <publication_year>2012</publication_year>
  <publication_month>3</publication_month>
  <average_rating>5.00</average_rating>
  <ratings_count>1</ratings_count>
  <description></description>
<authors>
<author>
<id>6035666</id>
<name>Lee Won-Ro</name>
<role></role>
<image_url nophoto='false'>
<![CDATA[https://images.gr-assets.com/authors/1442629416p5/6035666.jpg]]>
</image_url>
<small_image_url nophoto='false'>
<![CDATA[https://images.gr-assets.com/authors/1442629416p2/6035666.jpg]]>
</small_image_url>
<link><![CDATA[https://www.goodreads.com/author/show/6035666.Lee_Won_Ro]]></link>
<average_rating>5.00</average_rating>
<ratings_count>1</ratings_count>
<text_reviews_count>0</text_reviews_count>
</author>
</authors>
  <published>2012</published>
</book>


    </books>
</author>

</GoodreadsResponse>