<?xml version="1.0" encoding="UTF-8"?>
<GoodreadsResponse>
  <Request>
    <authentication>true</authentication>
      <key><![CDATA[sySok63UyYyWi2Wof1HocA]]></key>
    <method><![CDATA[author_show]]></method>
  </Request>
  <author>
  <id>6038537</id>
  <name>Trish LeSage</name>
  <link><![CDATA[https://www.goodreads.com/author/show/6038537.Trish_LeSage]]></link>
  <fans_count type="integer">0</fans_count>
  <author_followers_count type="integer">0</author_followers_count>
  <large_image_url><![CDATA[https://images.gr-assets.com/authors/1442629624p7/6038537.jpg]]></large_image_url>
  <image_url><![CDATA[https://images.gr-assets.com/authors/1442629624p5/6038537.jpg]]></image_url>
  <small_image_url><![CDATA[https://images.gr-assets.com/authors/1442629624p2/6038537.jpg]]></small_image_url>
  <about></about>
  <influences></influences>
  <works_count>4</works_count>
  <gender>female</gender>
  <hometown></hometown>
  <born_at>1970/07/28</born_at>
  <died_at></died_at>
  <goodreads_author>true</goodreads_author>
    <user>
  <id type="integer">9103249</id>
</user>


    <books>
      <book>
  <id type="integer">23480160</id>
  <isbn nil="true"/>
  <isbn13 nil="true"/>
  <text_reviews_count type="integer">0</text_reviews_count>
  <title>the that</title>
  <title_without_series>the that</title_without_series>
  <image_url>https://images.gr-assets.com/books/1414697698m/23480160.jpg</image_url>
  <small_image_url>https://images.gr-assets.com/books/1414697698s/23480160.jpg</small_image_url>
  <large_image_url/>
  <link>https://www.goodreads.com/book/show/23480160-the-that</link>
  <num_pages>175</num_pages>
  <format>Paperback</format>
  <edition_information>1</edition_information>
  <publisher>Createspace</publisher>
  <publication_day>16</publication_day>
  <publication_year>2012</publication_year>
  <publication_month>10</publication_month>
  <average_rating>3.71</average_rating>
  <ratings_count>7</ratings_count>
  <description>We are living during a monumental time unprecedented in history in which a shift to higher consciousness is occurring, and as a result, many people are beginning to experience their true multidimensional nature and are learning about our existence in a vast multiverse. More and more people, including the author of "Traveling To Parallel Universes," are experiencing traveling to and living in parallel universes. The author shares with her readers a detailed account of her experiences of physically traveling to and living in parallel universes with her physical body and the knowledge that she has gained as a result of her journey. "Traveling to Parallel Universes" is a must read for those who are curious about parallel universes and for those who already believe in them and want to learn more about them. This book may also offer comfort and confirmation yet to others who have experienced this phenomenon firsthand for themselves. If you enjoy Dolores Cannon's books, you will enjoy "Traveling To Parallel Universes."</description>
<authors>
<author>
<id>9822305</id>
<name>t ann</name>
<role></role>
<image_url nophoto='true'>
<![CDATA[https://s.gr-assets.com/assets/nophoto/user/u_200x266-e183445fd1a1b5cc7075bb1cf7043306.png]]>
</image_url>
<small_image_url nophoto='true'>
<![CDATA[https://s.gr-assets.com/assets/nophoto/user/u_50x66-632230dc9882b4352d753eedf9396530.png]]>
</small_image_url>
<link><![CDATA[https://www.goodreads.com/author/show/9822305.t_ann]]></link>
<average_rating>0.0</average_rating>
<ratings_count>0</ratings_count>
<text_reviews_count>0</text_reviews_count>
</author>
</authors>
  <published>2012</published>
</book>


      <book>
  <id type="integer">21900611</id>
  <isbn nil="true"/>
  <isbn13>9781483525051</isbn13>
  <text_reviews_count type="integer">0</text_reviews_count>
  <title>How To Achieve Fifth Dimension Consciousness</title>
  <title_without_series>How To Achieve Fifth Dimension Consciousness</title_without_series>
  <image_url>https://images.gr-assets.com/books/1397376688m/21900611.jpg</image_url>
  <small_image_url>https://images.gr-assets.com/books/1397376688s/21900611.jpg</small_image_url>
  <large_image_url/>
  <link>https://www.goodreads.com/book/show/21900611-how-to-achieve-fifth-dimension-consciousness</link>
  <num_pages></num_pages>
  <format>ebook</format>
  <edition_information/>
  <publisher>BookBaby</publisher>
  <publication_day>2</publication_day>
  <publication_year>2014</publication_year>
  <publication_month>4</publication_month>
  <average_rating>5.00</average_rating>
  <ratings_count>1</ratings_count>
  <description>We have incarnated on the Earth for our soul growth so that we evolve our consciousness. We are to transcend the third dimension Earth plane and all of the negativity that it entails so that we ascend to higher consciousness, to the fifth dimension and beyond. This book teaches us how to become our divine self (how to reach fifth dimension consciousness), how to maintain a high energy vibration, and how to remain at a higher state of consciousness. This book also provides a list of ascension symptoms and explains in detail what one may experience as they are on the path of ascension. The author also gives a very detailed description of what the fifth dimension Earth will be like and what we will experience once we reach fifth dimension consciousness and once we reach the fifth dimension Earth. This book is recommended to those who want to become their divine self and to those who want to experience a beautiful, wonderful world of perpetual peace, love, joy, and abundance.</description>
<authors>
<author>
<id>6038537</id>
<name>Trish LeSage</name>
<role></role>
<image_url nophoto='false'>
<![CDATA[https://images.gr-assets.com/authors/1442629624p5/6038537.jpg]]>
</image_url>
<small_image_url nophoto='false'>
<![CDATA[https://images.gr-assets.com/authors/1442629624p2/6038537.jpg]]>
</small_image_url>
<link><![CDATA[https://www.goodreads.com/author/show/6038537.Trish_LeSage]]></link>
<average_rating>4.10</average_rating>
<ratings_count>10</ratings_count>
<text_reviews_count>1</text_reviews_count>
</author>
</authors>
  <published>2014</published>
</book>


      <book>
  <id type="integer">20208395</id>
  <isbn nil="true"/>
  <isbn13 nil="true"/>
  <text_reviews_count type="integer">0</text_reviews_count>
  <title>Meditations For Past Lives, Starseeds, Soul Mates, And Beyond</title>
  <title_without_series>Meditations For Past Lives, Starseeds, Soul Mates, And Beyond</title_without_series>
  <image_url>https://s.gr-assets.com/assets/nophoto/book/111x148-bcc042a9c91a29c1d680899eff700a03.png</image_url>
  <small_image_url>https://s.gr-assets.com/assets/nophoto/book/50x75-a91bf249278a81aabab721ef782c4a74.png</small_image_url>
  <large_image_url/>
  <link>https://www.goodreads.com/book/show/20208395-meditations-for-past-lives-starseeds-soul-mates-and-beyond</link>
  <num_pages></num_pages>
  <format></format>
  <edition_information/>
  <publisher></publisher>
  <publication_day></publication_day>
  <publication_year></publication_year>
  <publication_month></publication_month>
  <average_rating>5.00</average_rating>
  <ratings_count>1</ratings_count>
  <description></description>
<authors>
<author>
<id>6038537</id>
<name>Trish LeSage</name>
<role></role>
<image_url nophoto='false'>
<![CDATA[https://images.gr-assets.com/authors/1442629624p5/6038537.jpg]]>
</image_url>
<small_image_url nophoto='false'>
<![CDATA[https://images.gr-assets.com/authors/1442629624p2/6038537.jpg]]>
</small_image_url>
<link><![CDATA[https://www.goodreads.com/author/show/6038537.Trish_LeSage]]></link>
<average_rating>4.10</average_rating>
<ratings_count>10</ratings_count>
<text_reviews_count>1</text_reviews_count>
</author>
</authors>
  <published></published>
</book>


      <book>
  <id type="integer">20088247</id>
  <isbn nil="true"/>
  <isbn13 nil="true"/>
  <text_reviews_count type="integer">0</text_reviews_count>
  <title>Manifesting Success In Relationships, Career, And Business Via Numerology</title>
  <title_without_series>Manifesting Success In Relationships, Career, And Business Via Numerology</title_without_series>
  <image_url>https://s.gr-assets.com/assets/nophoto/book/111x148-bcc042a9c91a29c1d680899eff700a03.png</image_url>
  <small_image_url>https://s.gr-assets.com/assets/nophoto/book/50x75-a91bf249278a81aabab721ef782c4a74.png</small_image_url>
  <large_image_url/>
  <link>https://www.goodreads.com/book/show/20088247-manifesting-success-in-relationships-career-and-business-via-numerolog</link>
  <num_pages></num_pages>
  <format></format>
  <edition_information/>
  <publisher></publisher>
  <publication_day></publication_day>
  <publication_year></publication_year>
  <publication_month></publication_month>
  <average_rating>5.00</average_rating>
  <ratings_count>1</ratings_count>
  <description></description>
<authors>
<author>
<id>6038537</id>
<name>Trish LeSage</name>
<role></role>
<image_url nophoto='false'>
<![CDATA[https://images.gr-assets.com/authors/1442629624p5/6038537.jpg]]>
</image_url>
<small_image_url nophoto='false'>
<![CDATA[https://images.gr-assets.com/authors/1442629624p2/6038537.jpg]]>
</small_image_url>
<link><![CDATA[https://www.goodreads.com/author/show/6038537.Trish_LeSage]]></link>
<average_rating>4.10</average_rating>
<ratings_count>10</ratings_count>
<text_reviews_count>1</text_reviews_count>
</author>
</authors>
  <published></published>
</book>


      <book>
  <id type="integer">34464324</id>
  <isbn>1502869446</isbn>
  <isbn13>9781502869449</isbn13>
  <text_reviews_count type="integer">0</text_reviews_count>
  <title>Traveling To Parallel Universes</title>
  <title_without_series>Traveling To Parallel Universes</title_without_series>
  <image_url>https://s.gr-assets.com/assets/nophoto/book/111x148-bcc042a9c91a29c1d680899eff700a03.png</image_url>
  <small_image_url>https://s.gr-assets.com/assets/nophoto/book/50x75-a91bf249278a81aabab721ef782c4a74.png</small_image_url>
  <large_image_url/>
  <link>https://www.goodreads.com/book/show/34464324-traveling-to-parallel-universes</link>
  <num_pages></num_pages>
  <format></format>
  <edition_information/>
  <publisher></publisher>
  <publication_day></publication_day>
  <publication_year></publication_year>
  <publication_month></publication_month>
  <average_rating>0.0</average_rating>
  <ratings_count>0</ratings_count>
  <description></description>
<authors>
<author>
<id>6038537</id>
<name>Trish LeSage</name>
<role></role>
<image_url nophoto='false'>
<![CDATA[https://images.gr-assets.com/authors/1442629624p5/6038537.jpg]]>
</image_url>
<small_image_url nophoto='false'>
<![CDATA[https://images.gr-assets.com/authors/1442629624p2/6038537.jpg]]>
</small_image_url>
<link><![CDATA[https://www.goodreads.com/author/show/6038537.Trish_LeSage]]></link>
<average_rating>4.10</average_rating>
<ratings_count>10</ratings_count>
<text_reviews_count>1</text_reviews_count>
</author>
</authors>
  <published></published>
</book>


    </books>
</author>

</GoodreadsResponse>