<?xml version="1.0" encoding="UTF-8"?>
<GoodreadsResponse>
  <Request>
    <authentication>true</authentication>
      <key><![CDATA[sySok63UyYyWi2Wof1HocA]]></key>
    <method><![CDATA[author_show]]></method>
  </Request>
  <author>
  <id>604280</id>
  <name>Joseph Trigoboff</name>
  <link><![CDATA[https://www.goodreads.com/author/show/604280.Joseph_Trigoboff]]></link>
  <fans_count type="integer">0</fans_count>
  <author_followers_count type="integer">0</author_followers_count>
  <large_image_url><![CDATA[https://s.gr-assets.com/assets/nophoto/user/m_333x500-a9c67bed07ee7e10983a5d5ccc572516.png]]></large_image_url>
  <image_url><![CDATA[https://s.gr-assets.com/assets/nophoto/user/m_200x266-d279b33f8eec0f27b7272477f09806be.png]]></image_url>
  <small_image_url><![CDATA[https://s.gr-assets.com/assets/nophoto/user/m_50x66-82093808bca726cb3249a493fbd3bd0f.png]]></small_image_url>
  <about></about>
  <influences></influences>
  <works_count>6</works_count>
  <gender>male</gender>
  <hometown></hometown>
  <born_at></born_at>
  <died_at></died_at>
  <goodreads_author></goodreads_author>

    <books>
      <book>
  <id type="integer">1559208</id>
  <isbn>1592280463</isbn>
  <isbn13>9781592280469</isbn13>
  <text_reviews_count type="integer">1</text_reviews_count>
  <title>The Bone Orchard: A Detective Yablonsky Mystery</title>
  <title_without_series>The Bone Orchard: A Detective Yablonsky Mystery</title_without_series>
  <image_url>https://images.gr-assets.com/books/1328852406m/1559208.jpg</image_url>
  <small_image_url>https://images.gr-assets.com/books/1328852406s/1559208.jpg</small_image_url>
  <large_image_url/>
  <link>https://www.goodreads.com/book/show/1559208.The_Bone_Orchard</link>
  <num_pages>288</num_pages>
  <format>Paperback</format>
  <edition_information/>
  <publisher>The Lyons Press</publisher>
  <publication_day>1</publication_day>
  <publication_year>2004</publication_year>
  <publication_month>1</publication_month>
  <average_rating>2.73</average_rating>
  <ratings_count>11</ratings_count>
  <description>"I've never been more fascinated by any book" --Loren D. Estleman&lt;br /&gt;&lt;br /&gt;"A compelling crime novel debut: The conclusion is chilling and true to life. Painting New York in dark and gloomy colors, Trigoboff creates a disturbing and involving tale."--&lt;i&gt;Publishers Weekly&lt;/i&gt;&lt;br /&gt;&lt;br /&gt;Set in contemporary New York City, this steamy, dark, whodunit was the first in the series of Detective Yablonsky mysteries. When two brutal murders are made to appear to be sex-drug-related crimes, Yablonsky doesn't buy it. The victims were male strippers who turn out to be connected in strange ways to many rich and influential men and women in the city, most notably high-level diplomats from Latin America. Yablonsky's precinct covers the U.N., and he's had more than enough experience to know that diplomatic immunity prevents the prosecution of embassy residents for crimes ranging all the way from parking violations to murders. &lt;br /&gt;&lt;br /&gt;Yablonsky is savvy, lonely, with a taste for gourmet meals. He works the murkier streets of New York with a genius belied by his easygoing manner. In THE BONE ORCHARD, he faces the wretched truth that there are some vile criminals who are untouchable, but though he can't get them behind bars, he can hurt them, all the same. The price of such justice is high: terrible things happen to the people he cares about most. Undeterred, Yablonsky continues to unveil nasty secrets until the case finally busts wide open.&lt;br /&gt;</description>
<authors>
<author>
<id>604280</id>
<name>Joseph Trigoboff</name>
<role></role>
<image_url nophoto='true'>
<![CDATA[https://s.gr-assets.com/assets/nophoto/user/m_200x266-d279b33f8eec0f27b7272477f09806be.png]]>
</image_url>
<small_image_url nophoto='true'>
<![CDATA[https://s.gr-assets.com/assets/nophoto/user/m_50x66-82093808bca726cb3249a493fbd3bd0f.png]]>
</small_image_url>
<link><![CDATA[https://www.goodreads.com/author/show/604280.Joseph_Trigoboff]]></link>
<average_rating>2.82</average_rating>
<ratings_count>22</ratings_count>
<text_reviews_count>4</text_reviews_count>
</author>
</authors>
  <published>2004</published>
</book>


      <book>
  <id type="integer">20783086</id>
  <isbn nil="true"/>
  <isbn13 nil="true"/>
  <text_reviews_count type="integer">1</text_reviews_count>
  <title>Rumble in Brooklyn</title>
  <title_without_series>Rumble in Brooklyn</title_without_series>
  <image_url>https://s.gr-assets.com/assets/nophoto/book/111x148-bcc042a9c91a29c1d680899eff700a03.png</image_url>
  <small_image_url>https://s.gr-assets.com/assets/nophoto/book/50x75-a91bf249278a81aabab721ef782c4a74.png</small_image_url>
  <large_image_url/>
  <link>https://www.goodreads.com/book/show/20783086-rumble-in-brooklyn</link>
  <num_pages></num_pages>
  <format></format>
  <edition_information/>
  <publisher></publisher>
  <publication_day></publication_day>
  <publication_year></publication_year>
  <publication_month></publication_month>
  <average_rating>4.33</average_rating>
  <ratings_count>3</ratings_count>
  <description></description>
<authors>
<author>
<id>604280</id>
<name>Joseph Trigoboff</name>
<role></role>
<image_url nophoto='true'>
<![CDATA[https://s.gr-assets.com/assets/nophoto/user/m_200x266-d279b33f8eec0f27b7272477f09806be.png]]>
</image_url>
<small_image_url nophoto='true'>
<![CDATA[https://s.gr-assets.com/assets/nophoto/user/m_50x66-82093808bca726cb3249a493fbd3bd0f.png]]>
</small_image_url>
<link><![CDATA[https://www.goodreads.com/author/show/604280.Joseph_Trigoboff]]></link>
<average_rating>2.82</average_rating>
<ratings_count>22</ratings_count>
<text_reviews_count>4</text_reviews_count>
</author>
</authors>
  <published></published>
</book>


      <book>
  <id type="integer">3593341</id>
  <isbn>1585745472</isbn>
  <isbn13>9781585745470</isbn13>
  <text_reviews_count type="integer">2</text_reviews_count>
  <title>The Shooting Gallery: A Detective Yablonsky Mystery</title>
  <title_without_series>The Shooting Gallery: A Detective Yablonsky Mystery</title_without_series>
  <image_url>https://s.gr-assets.com/assets/nophoto/book/111x148-bcc042a9c91a29c1d680899eff700a03.png</image_url>
  <small_image_url>https://s.gr-assets.com/assets/nophoto/book/50x75-a91bf249278a81aabab721ef782c4a74.png</small_image_url>
  <large_image_url/>
  <link>https://www.goodreads.com/book/show/3593341-the-shooting-gallery</link>
  <num_pages>320</num_pages>
  <format>Hardcover</format>
  <edition_information/>
  <publisher>The Lyons Press</publisher>
  <publication_day>1</publication_day>
  <publication_year>2002</publication_year>
  <publication_month>6</publication_month>
  <average_rating>2.38</average_rating>
  <ratings_count>8</ratings_count>
  <description>In Joseph Trigoboff's debut novel The Bone Orchard, the world was introduced to Detective Alvin Yablonsky and the accolades were unanimous. The New York Times Book Review chose The Bone Orchard as one of the notable crime novels of the year, and the author was chosen for the "Discover Great New Writers Program." Now The Lyons Press is proud to publish The Shooting Gallery, Joseph Trigoboff's long awaited follow up. &lt;br /&gt;	When Detective Yablonsky is called upon to investigate the murder of a Pulitzer Prize-winning journalist, he is drawn into the seedy underbelly of Manhattan's elite world of the rich and famous, and a hard-boiled world of corruption and murder. The climax takes place in the heart of the East Village, where Starbucks and drug-infested "shooting galleries" sit side by side. Lean, taut, and gripping at every turn, The Shooting Gallery is a return to form for one of America's premiere voices in mystery writing, one who acclaimed mystery writer Loren D. Estleman has said "redefined the police procedural for a new generation."&lt;br /&gt;&lt;br /&gt;</description>
<authors>
<author>
<id>604280</id>
<name>Joseph Trigoboff</name>
<role></role>
<image_url nophoto='true'>
<![CDATA[https://s.gr-assets.com/assets/nophoto/user/m_200x266-d279b33f8eec0f27b7272477f09806be.png]]>
</image_url>
<small_image_url nophoto='true'>
<![CDATA[https://s.gr-assets.com/assets/nophoto/user/m_50x66-82093808bca726cb3249a493fbd3bd0f.png]]>
</small_image_url>
<link><![CDATA[https://www.goodreads.com/author/show/604280.Joseph_Trigoboff]]></link>
<average_rating>2.82</average_rating>
<ratings_count>22</ratings_count>
<text_reviews_count>4</text_reviews_count>
</author>
</authors>
  <published>2002</published>
</book>


      <book>
  <id type="integer">18797116</id>
  <isbn>1937453251</isbn>
  <isbn13>9781937453251</isbn13>
  <text_reviews_count type="integer">0</text_reviews_count>
  <title>Rumble in Brooklyn: A Memoir</title>
  <title_without_series>Rumble in Brooklyn: A Memoir</title_without_series>
  <image_url>https://images.gr-assets.com/books/1385992888m/18797116.jpg</image_url>
  <small_image_url>https://images.gr-assets.com/books/1385992888s/18797116.jpg</small_image_url>
  <large_image_url/>
  <link>https://www.goodreads.com/book/show/18797116-rumble-in-brooklyn</link>
  <num_pages>366</num_pages>
  <format>Paperback</format>
  <edition_information/>
  <publisher>Vegawire Media</publisher>
  <publication_day>1</publication_day>
  <publication_year>2013</publication_year>
  <publication_month>6</publication_month>
  <average_rating>3.00</average_rating>
  <ratings_count>1</ratings_count>
  <description>Straight from East New York, the dark heart of Brooklyn, RUMBLE IN BROOKLYN depicts the street fighting childhood of Joseph Trigoboff, who knew and exchanged blows with several of the murderous gangsters who would later become famous in WISEGUY and GOODFELLAS. In some critical ways RUMBLE serves as a prequal to these other works but it is also a book about the importance of family life to cushion the horrors of a a deadly neighborhood and the enduring power of childhood friendships.</description>
<authors>
<author>
<id>604280</id>
<name>Joseph Trigoboff</name>
<role></role>
<image_url nophoto='true'>
<![CDATA[https://s.gr-assets.com/assets/nophoto/user/m_200x266-d279b33f8eec0f27b7272477f09806be.png]]>
</image_url>
<small_image_url nophoto='true'>
<![CDATA[https://s.gr-assets.com/assets/nophoto/user/m_50x66-82093808bca726cb3249a493fbd3bd0f.png]]>
</small_image_url>
<link><![CDATA[https://www.goodreads.com/author/show/604280.Joseph_Trigoboff]]></link>
<average_rating>2.82</average_rating>
<ratings_count>22</ratings_count>
<text_reviews_count>4</text_reviews_count>
</author>
</authors>
  <published>2013</published>
</book>


      <book>
  <id type="integer">3132476</id>
  <isbn>0688416969</isbn>
  <isbn13>9780688416966</isbn13>
  <text_reviews_count type="integer">0</text_reviews_count>
  <title>Abu</title>
  <title_without_series>Abu</title_without_series>
  <image_url>https://s.gr-assets.com/assets/nophoto/book/111x148-bcc042a9c91a29c1d680899eff700a03.png</image_url>
  <small_image_url>https://s.gr-assets.com/assets/nophoto/book/50x75-a91bf249278a81aabab721ef782c4a74.png</small_image_url>
  <large_image_url/>
  <link>https://www.goodreads.com/book/show/3132476-abu</link>
  <num_pages>120</num_pages>
  <format>Unknown Binding</format>
  <edition_information/>
  <publisher>Lothrop, Lee and Shepard Books</publisher>
  <publication_day>1</publication_day>
  <publication_year>1975</publication_year>
  <publication_month>1</publication_month>
  <average_rating>0.0</average_rating>
  <ratings_count>0</ratings_count>
  <description>A young Israeli soldier and a nine-year-old Arab street urchin learn a great deal through their friendship for each other.</description>
<authors>
<author>
<id>604280</id>
<name>Joseph Trigoboff</name>
<role></role>
<image_url nophoto='true'>
<![CDATA[https://s.gr-assets.com/assets/nophoto/user/m_200x266-d279b33f8eec0f27b7272477f09806be.png]]>
</image_url>
<small_image_url nophoto='true'>
<![CDATA[https://s.gr-assets.com/assets/nophoto/user/m_50x66-82093808bca726cb3249a493fbd3bd0f.png]]>
</small_image_url>
<link><![CDATA[https://www.goodreads.com/author/show/604280.Joseph_Trigoboff]]></link>
<average_rating>2.82</average_rating>
<ratings_count>22</ratings_count>
<text_reviews_count>4</text_reviews_count>
</author>
</authors>
  <published>1975</published>
</book>


      <book>
  <id type="integer">3132474</id>
  <isbn>0911838074</isbn>
  <isbn13>9780911838077</isbn13>
  <text_reviews_count type="integer">0</text_reviews_count>
  <title>Streets</title>
  <title_without_series>Streets</title_without_series>
  <image_url>https://s.gr-assets.com/assets/nophoto/book/111x148-bcc042a9c91a29c1d680899eff700a03.png</image_url>
  <small_image_url>https://s.gr-assets.com/assets/nophoto/book/50x75-a91bf249278a81aabab721ef782c4a74.png</small_image_url>
  <large_image_url/>
  <link>https://www.goodreads.com/book/show/3132474-streets</link>
  <num_pages></num_pages>
  <format></format>
  <edition_information/>
  <publisher></publisher>
  <publication_day></publication_day>
  <publication_year></publication_year>
  <publication_month></publication_month>
  <average_rating>0.0</average_rating>
  <ratings_count>0</ratings_count>
  <description></description>
<authors>
<author>
<id>604280</id>
<name>Joseph Trigoboff</name>
<role></role>
<image_url nophoto='true'>
<![CDATA[https://s.gr-assets.com/assets/nophoto/user/m_200x266-d279b33f8eec0f27b7272477f09806be.png]]>
</image_url>
<small_image_url nophoto='true'>
<![CDATA[https://s.gr-assets.com/assets/nophoto/user/m_50x66-82093808bca726cb3249a493fbd3bd0f.png]]>
</small_image_url>
<link><![CDATA[https://www.goodreads.com/author/show/604280.Joseph_Trigoboff]]></link>
<average_rating>2.82</average_rating>
<ratings_count>22</ratings_count>
<text_reviews_count>4</text_reviews_count>
</author>
</authors>
  <published></published>
</book>


    </books>
</author>

</GoodreadsResponse>