<?xml version="1.0" encoding="UTF-8"?>
<GoodreadsResponse>
  <Request>
    <authentication>true</authentication>
      <key><![CDATA[sySok63UyYyWi2Wof1HocA]]></key>
    <method><![CDATA[author_show]]></method>
  </Request>
  <author>
  <id>6082174</id>
  <name>Jack Emson</name>
  <link><![CDATA[https://www.goodreads.com/author/show/6082174.Jack_Emson]]></link>
  <fans_count type="integer">0</fans_count>
  <author_followers_count type="integer">0</author_followers_count>
  <large_image_url><![CDATA[https://images.gr-assets.com/authors/1373550791p7/6082174.jpg]]></large_image_url>
  <image_url><![CDATA[https://images.gr-assets.com/authors/1373550791p5/6082174.jpg]]></image_url>
  <small_image_url><![CDATA[https://images.gr-assets.com/authors/1373550791p2/6082174.jpg]]></small_image_url>
  <about><![CDATA[Actually I'm Mark Frost - but as there's this other guy who's a really good author with the same name, I thought to use part of my Grandfather's name as a pen name. While my job is about developing sport in Wales (work for Sport Wales) I've published two children's fiction books "The Four" and its sequel "The Legacy" writing as Jack Emson. In other spare minuites I'm a Christian, involved in Cosmeston Church, a Dad, Husband (to Mrs F.) tell jokes, coach cricket to youngsters at Penarth CC. Previously I have been the Director of the Cricket Board of Wales, and also carried out a similar temporary role with Welsh athletics. Whilst most of my working life has been in the Sport sector, I have previously worked in industry in purchasing, sales and also as a professional cricketer with Glamorgan and Surrey. I am married to Jan with four children. Please enjoy. <a target="_blank" href="http://httpthefour.weebly.com/" rel="nofollow">http://httpthefour.weebly.com/</a><br /><br />]]></about>
  <influences></influences>
  <works_count>3</works_count>
  <gender>male</gender>
  <hometown></hometown>
  <born_at></born_at>
  <died_at></died_at>
  <goodreads_author>true</goodreads_author>
    <user>
  <id type="integer">8335773</id>
</user>


    <books>
      <book>
  <id type="integer">14577451</id>
  <isbn>1908775483</isbn>
  <isbn13>9781908775481</isbn13>
  <text_reviews_count type="integer">5</text_reviews_count>
  <title>The Four</title>
  <title_without_series>The Four</title_without_series>
  <image_url>https://s.gr-assets.com/assets/nophoto/book/111x148-bcc042a9c91a29c1d680899eff700a03.png</image_url>
  <small_image_url>https://s.gr-assets.com/assets/nophoto/book/50x75-a91bf249278a81aabab721ef782c4a74.png</small_image_url>
  <large_image_url/>
  <link>https://www.goodreads.com/book/show/14577451-the-four</link>
  <num_pages>266</num_pages>
  <format>Paperback</format>
  <edition_information/>
  <publisher>New Generation Publishing</publisher>
  <publication_day>16</publication_day>
  <publication_year>2012</publication_year>
  <publication_month>1</publication_month>
  <average_rating>5.00</average_rating>
  <ratings_count>5</ratings_count>
  <description>A family trip to Paris goes wrong Four children are on the run Caught in between an extraordinary group of people trying to help the four and a ruthless man set on capturing them and..... the priceless item he wants so much. From the Louvre to the Dordogne, the Eiffel tower to London's West End, the four Fielding children find themselves in an adventure which takes each one of them into a new understanding of themselves and the world. The journey is everything! "Wow an amazing read...." Ray Vandyck "Mona Lisa on the ride of her life. Brilliant...." Calum Wincott</description>
<authors>
<author>
<id>6082174</id>
<name>Jack Emson</name>
<role></role>
<image_url nophoto='false'>
<![CDATA[https://images.gr-assets.com/authors/1373550791p5/6082174.jpg]]>
</image_url>
<small_image_url nophoto='false'>
<![CDATA[https://images.gr-assets.com/authors/1373550791p2/6082174.jpg]]>
</small_image_url>
<link><![CDATA[https://www.goodreads.com/author/show/6082174.Jack_Emson]]></link>
<average_rating>4.86</average_rating>
<ratings_count>7</ratings_count>
<text_reviews_count>5</text_reviews_count>
</author>
</authors>
  <published>2012</published>
</book>


      <book>
  <id type="integer">18056679</id>
  <isbn>1909593915</isbn>
  <isbn13>9781909593916</isbn13>
  <text_reviews_count type="integer">0</text_reviews_count>
  <title>The Legacy</title>
  <title_without_series>The Legacy</title_without_series>
  <image_url>https://images.gr-assets.com/books/1371438410m/18056679.jpg</image_url>
  <small_image_url>https://images.gr-assets.com/books/1371438410s/18056679.jpg</small_image_url>
  <large_image_url/>
  <link>https://www.goodreads.com/book/show/18056679-the-legacy</link>
  <num_pages>206</num_pages>
  <format>Paperback</format>
  <edition_information/>
  <publisher>New Generation Publishing</publisher>
  <publication_day>19</publication_day>
  <publication_year>2013</publication_year>
  <publication_month>3</publication_month>
  <average_rating>4.50</average_rating>
  <ratings_count>2</ratings_count>
  <description>The four Fielding children are on the run again. Called back to an adventure. They'd hoped was in the past. Drawn into solving a series of carefully placed clue, they are driven across the mighty chateaux of the Dordogne and peaks of the Swiss Alps en route to an explosive finale. Can they work it all out or even 'remember' what might happen in the not so distant future?</description>
<authors>
<author>
<id>6082174</id>
<name>Jack Emson</name>
<role></role>
<image_url nophoto='false'>
<![CDATA[https://images.gr-assets.com/authors/1373550791p5/6082174.jpg]]>
</image_url>
<small_image_url nophoto='false'>
<![CDATA[https://images.gr-assets.com/authors/1373550791p2/6082174.jpg]]>
</small_image_url>
<link><![CDATA[https://www.goodreads.com/author/show/6082174.Jack_Emson]]></link>
<average_rating>4.86</average_rating>
<ratings_count>7</ratings_count>
<text_reviews_count>5</text_reviews_count>
</author>
</authors>
  <published>2013</published>
</book>


      <book>
  <id type="integer">28085590</id>
  <isbn>1785072846</isbn>
  <isbn13>9781785072840</isbn13>
  <text_reviews_count type="integer">0</text_reviews_count>
  <title>Finding Eden</title>
  <title_without_series>Finding Eden</title_without_series>
  <image_url>https://s.gr-assets.com/assets/nophoto/book/111x148-bcc042a9c91a29c1d680899eff700a03.png</image_url>
  <small_image_url>https://s.gr-assets.com/assets/nophoto/book/50x75-a91bf249278a81aabab721ef782c4a74.png</small_image_url>
  <large_image_url/>
  <link>https://www.goodreads.com/book/show/28085590-finding-eden</link>
  <num_pages>274</num_pages>
  <format>Paperback</format>
  <edition_information/>
  <publisher>New Generation Publishing</publisher>
  <publication_day>20</publication_day>
  <publication_year>2015</publication_year>
  <publication_month>3</publication_month>
  <average_rating>0.0</average_rating>
  <ratings_count>0</ratings_count>
  <description>The epic journey comes to an end, of sorts. The Fielding four are joined with others who contribute to their final journey, some for good, some not so and some....well. Desperate events force the four across the mysteries of Egypt, an Ankh, the allure of Italy and the wide flung open places of the United States of America. The Four carry on and with these others find out the discoveries they each need to make....so read on if, that is, you can keep the pace of course.... Maybe journeys don't end? &lt;br /&gt; http: //httpthefour.weebly.com/</description>
<authors>
<author>
<id>6082174</id>
<name>Jack Emson</name>
<role></role>
<image_url nophoto='false'>
<![CDATA[https://images.gr-assets.com/authors/1373550791p5/6082174.jpg]]>
</image_url>
<small_image_url nophoto='false'>
<![CDATA[https://images.gr-assets.com/authors/1373550791p2/6082174.jpg]]>
</small_image_url>
<link><![CDATA[https://www.goodreads.com/author/show/6082174.Jack_Emson]]></link>
<average_rating>4.86</average_rating>
<ratings_count>7</ratings_count>
<text_reviews_count>5</text_reviews_count>
</author>
</authors>
  <published>2015</published>
</book>


    </books>
</author>

</GoodreadsResponse>