<?xml version="1.0" encoding="UTF-8"?>
<GoodreadsResponse>
  <Request>
    <authentication>true</authentication>
      <key><![CDATA[sySok63UyYyWi2Wof1HocA]]></key>
    <method><![CDATA[author_show]]></method>
  </Request>
  <author>
  <id>6092070</id>
  <name>Cindy Hutchins</name>
  <link><![CDATA[https://www.goodreads.com/author/show/6092070.Cindy_Hutchins]]></link>
  <fans_count type="integer">5</fans_count>
  <author_followers_count type="integer">5</author_followers_count>
  <large_image_url><![CDATA[https://images.gr-assets.com/authors/1340287267p7/6092070.jpg]]></large_image_url>
  <image_url><![CDATA[https://images.gr-assets.com/authors/1340287267p5/6092070.jpg]]></image_url>
  <small_image_url><![CDATA[https://images.gr-assets.com/authors/1340287267p2/6092070.jpg]]></small_image_url>
  <about><![CDATA[Free copy of my book Best Left Buried, during the month of July. <a target="_blank" href="https://www.smashwords.com/upload" rel="nofollow">https://www.smashwords.com/upload</a><br /><br />I moved to the Smoke covered mountains of North Carolina when I was very young and so grew up there among the ghosts and gods of the ancient range. Native American myth blends with Celtic tradition and German folk wisdom. The people are all naturally gifted story tellers and I learn from them the way people learn to talk - by immersion. Most of my life has been spent learning the craft of a writing and I am have many excellent reviews of my writing. I love to tell stories and to talk to people who love good stories. I live in NC with my wonderful son, and a lot of really spoiled pets. I love to garden, camp, hike and use social media. You can find me on facebook!]]></about>
  <influences><![CDATA[<a href="https://www.goodreads.com/author/show/13388.Shirley_Jackson" title="Shirley Jackson" rel="nofollow">Shirley Jackson</a>, <a href="https://www.goodreads.com/author/show/104728.William_Peter_Blatty" title="William Peter Blatty" rel="nofollow">William Peter Blatty</a>]]></influences>
  <works_count>4</works_count>
  <gender>female</gender>
  <hometown>Weehauken, NJ</hometown>
  <born_at></born_at>
  <died_at></died_at>
  <goodreads_author>true</goodreads_author>
    <user>
  <id type="integer">8125351</id>
</user>


    <books>
      <book>
  <id type="integer">14618766</id>
  <isbn>1440477620</isbn>
  <isbn13>9781440477621</isbn13>
  <text_reviews_count type="integer">2</text_reviews_count>
  <title>Best Left Buried</title>
  <title_without_series>Best Left Buried</title_without_series>
  <image_url>https://images.gr-assets.com/books/1340661248m/14618766.jpg</image_url>
  <small_image_url>https://images.gr-assets.com/books/1340661248s/14618766.jpg</small_image_url>
  <large_image_url/>
  <link>https://www.goodreads.com/book/show/14618766-best-left-buried</link>
  <num_pages>274</num_pages>
  <format>Paperback</format>
  <edition_information/>
  <publisher>Createspace Independent Publishing Platform</publisher>
  <publication_day>30</publication_day>
  <publication_year>2011</publication_year>
  <publication_month>10</publication_month>
  <average_rating>4.29</average_rating>
  <ratings_count>7</ratings_count>
  <description>"If a bird flies out of a house of sickness, the patient will die." The hills around Morganton, North Carolina are full of secrets as is the town itself. A young girl Arliss Pardot, is removed from the wreckage of a dilapidated cabin that is filled with empty bird cages and the corpse of a long dead man. Years later she has moved on, has no recollection of her past and is living her life in New York when she gets a call that her mother has died in Broughton Mental Hospital. As she learns about her childhood, many dark secrets come to light. An unrequited love, a sinister preacher and his odd cult, a black ritual and a malignant entity all lurk there in the shadows of the quaint Southern town. But some questions are best unasked and some secrets are Best Left Buried.</description>
<authors>
<author>
<id>6092070</id>
<name>Cindy Hutchins</name>
<role></role>
<image_url nophoto='false'>
<![CDATA[https://images.gr-assets.com/authors/1340287267p5/6092070.jpg]]>
</image_url>
<small_image_url nophoto='false'>
<![CDATA[https://images.gr-assets.com/authors/1340287267p2/6092070.jpg]]>
</small_image_url>
<link><![CDATA[https://www.goodreads.com/author/show/6092070.Cindy_Hutchins]]></link>
<average_rating>3.91</average_rating>
<ratings_count>11</ratings_count>
<text_reviews_count>5</text_reviews_count>
</author>
</authors>
  <published>2011</published>
</book>


      <book>
  <id type="integer">12991514</id>
  <isbn nil="true"/>
  <isbn13 nil="true"/>
  <text_reviews_count type="integer">3</text_reviews_count>
  <title>Best Left Buried</title>
  <title_without_series>Best Left Buried</title_without_series>
  <image_url>https://s.gr-assets.com/assets/nophoto/book/111x148-bcc042a9c91a29c1d680899eff700a03.png</image_url>
  <small_image_url>https://s.gr-assets.com/assets/nophoto/book/50x75-a91bf249278a81aabab721ef782c4a74.png</small_image_url>
  <large_image_url/>
  <link>https://www.goodreads.com/book/show/12991514-best-left-buried</link>
  <num_pages></num_pages>
  <format></format>
  <edition_information/>
  <publisher/>
  <publication_day/>
  <publication_year/>
  <publication_month/>
  <average_rating>3.33</average_rating>
  <ratings_count>3</ratings_count>
  <description></description>
<authors>
<author>
<id>6092070</id>
<name>Cindy Hutchins</name>
<role></role>
<image_url nophoto='false'>
<![CDATA[https://images.gr-assets.com/authors/1340287267p5/6092070.jpg]]>
</image_url>
<small_image_url nophoto='false'>
<![CDATA[https://images.gr-assets.com/authors/1340287267p2/6092070.jpg]]>
</small_image_url>
<link><![CDATA[https://www.goodreads.com/author/show/6092070.Cindy_Hutchins]]></link>
<average_rating>3.91</average_rating>
<ratings_count>11</ratings_count>
<text_reviews_count>5</text_reviews_count>
</author>
</authors>
  <published/>
</book>


      <book>
  <id type="integer">19182410</id>
  <isbn nil="true"/>
  <isbn13 nil="true"/>
  <text_reviews_count type="integer">0</text_reviews_count>
  <title>A Selfish Gene</title>
  <title_without_series>A Selfish Gene</title_without_series>
  <image_url>https://s.gr-assets.com/assets/nophoto/book/111x148-bcc042a9c91a29c1d680899eff700a03.png</image_url>
  <small_image_url>https://s.gr-assets.com/assets/nophoto/book/50x75-a91bf249278a81aabab721ef782c4a74.png</small_image_url>
  <large_image_url/>
  <link>https://www.goodreads.com/book/show/19182410-a-selfish-gene</link>
  <num_pages></num_pages>
  <format></format>
  <edition_information/>
  <publisher></publisher>
  <publication_day></publication_day>
  <publication_year></publication_year>
  <publication_month></publication_month>
  <average_rating>3.00</average_rating>
  <ratings_count>1</ratings_count>
  <description></description>
<authors>
<author>
<id>6092070</id>
<name>Cindy Hutchins</name>
<role></role>
<image_url nophoto='false'>
<![CDATA[https://images.gr-assets.com/authors/1340287267p5/6092070.jpg]]>
</image_url>
<small_image_url nophoto='false'>
<![CDATA[https://images.gr-assets.com/authors/1340287267p2/6092070.jpg]]>
</small_image_url>
<link><![CDATA[https://www.goodreads.com/author/show/6092070.Cindy_Hutchins]]></link>
<average_rating>3.91</average_rating>
<ratings_count>11</ratings_count>
<text_reviews_count>5</text_reviews_count>
</author>
</authors>
  <published></published>
</book>


      <book>
  <id type="integer">18036501</id>
  <isbn>7770965764</isbn>
  <isbn13 nil="true"/>
  <text_reviews_count type="integer">0</text_reviews_count>
  <title>Turf War</title>
  <title_without_series>Turf War</title_without_series>
  <image_url>https://s.gr-assets.com/assets/nophoto/book/111x148-bcc042a9c91a29c1d680899eff700a03.png</image_url>
  <small_image_url>https://s.gr-assets.com/assets/nophoto/book/50x75-a91bf249278a81aabab721ef782c4a74.png</small_image_url>
  <large_image_url/>
  <link>https://www.goodreads.com/book/show/18036501-turf-war</link>
  <num_pages></num_pages>
  <format>ebook</format>
  <edition_information/>
  <publisher>Lyrical Press, Inc</publisher>
  <publication_day>7</publication_day>
  <publication_year>2009</publication_year>
  <publication_month>12</publication_month>
  <average_rating>0.0</average_rating>
  <ratings_count>0</ratings_count>
  <description>Two killers in one town--one of them has got to go. Meet Ben. After a lifetime of abuse, he's hopelessly psychotic. His best friend is a sock monkey. But he wants to change. Meet Louis. He's a charming sociopath rapidly becoming obsessed with his newest competition. He's just discovered Ben's in his town--and he doesn't want to share. Warning, graphic sex, violence and rape.</description>
<authors>
<author>
<id>6092070</id>
<name>Cindy Hutchins</name>
<role></role>
<image_url nophoto='false'>
<![CDATA[https://images.gr-assets.com/authors/1340287267p5/6092070.jpg]]>
</image_url>
<small_image_url nophoto='false'>
<![CDATA[https://images.gr-assets.com/authors/1340287267p2/6092070.jpg]]>
</small_image_url>
<link><![CDATA[https://www.goodreads.com/author/show/6092070.Cindy_Hutchins]]></link>
<average_rating>3.91</average_rating>
<ratings_count>11</ratings_count>
<text_reviews_count>5</text_reviews_count>
</author>
</authors>
  <published>2009</published>
</book>


    </books>
</author>

</GoodreadsResponse>