<?xml version="1.0" encoding="UTF-8"?>
<GoodreadsResponse>
  <Request>
    <authentication>true</authentication>
      <key><![CDATA[sySok63UyYyWi2Wof1HocA]]></key>
    <method><![CDATA[author_show]]></method>
  </Request>
  <author>
  <id>6179195</id>
  <name>Peter Ballin</name>
  <link><![CDATA[https://www.goodreads.com/author/show/6179195.Peter_Ballin]]></link>
  <fans_count type="integer">0</fans_count>
  <author_followers_count type="integer">0</author_followers_count>
  <large_image_url><![CDATA[https://images.gr-assets.com/authors/1452603441p7/6179195.jpg]]></large_image_url>
  <image_url><![CDATA[https://images.gr-assets.com/authors/1452603441p5/6179195.jpg]]></image_url>
  <small_image_url><![CDATA[https://images.gr-assets.com/authors/1452603441p2/6179195.jpg]]></small_image_url>
  <about></about>
  <influences></influences>
  <works_count>4</works_count>
  <gender>male</gender>
  <hometown></hometown>
  <born_at></born_at>
  <died_at></died_at>
  <goodreads_author>true</goodreads_author>
    <user>
  <id type="integer">51306102</id>
</user>


    <books>
      <book>
  <id type="integer">28511865</id>
  <isbn nil="true"/>
  <isbn13 nil="true"/>
  <text_reviews_count type="integer">1</text_reviews_count>
  <title>The Ultimate Ski Maintenance Book: DIY Ski Waxing, Edging and Tuning</title>
  <title_without_series>The Ultimate Ski Maintenance Book: DIY Ski Waxing, Edging and Tuning</title_without_series>
  <image_url>https://s.gr-assets.com/assets/nophoto/book/111x148-bcc042a9c91a29c1d680899eff700a03.png</image_url>
  <small_image_url>https://s.gr-assets.com/assets/nophoto/book/50x75-a91bf249278a81aabab721ef782c4a74.png</small_image_url>
  <large_image_url/>
  <link>https://www.goodreads.com/book/show/28511865-the-ultimate-ski-maintenance-book</link>
  <num_pages></num_pages>
  <format></format>
  <edition_information/>
  <publisher></publisher>
  <publication_day></publication_day>
  <publication_year></publication_year>
  <publication_month></publication_month>
  <average_rating>5.00</average_rating>
  <ratings_count>2</ratings_count>
  <description></description>
<authors>
<author>
<id>6179195</id>
<name>Peter Ballin</name>
<role></role>
<image_url nophoto='false'>
<![CDATA[https://images.gr-assets.com/authors/1452603441p5/6179195.jpg]]>
</image_url>
<small_image_url nophoto='false'>
<![CDATA[https://images.gr-assets.com/authors/1452603441p2/6179195.jpg]]>
</small_image_url>
<link><![CDATA[https://www.goodreads.com/author/show/6179195.Peter_Ballin]]></link>
<average_rating>5.00</average_rating>
<ratings_count>3</ratings_count>
<text_reviews_count>1</text_reviews_count>
</author>
</authors>
  <published></published>
</book>


      <book>
  <id type="integer">29965708</id>
  <isbn nil="true"/>
  <isbn13 nil="true"/>
  <text_reviews_count type="integer">0</text_reviews_count>
  <title>The Pocket Snowboard Maintenance Guide: DIY snowboard waxing and tuning</title>
  <title_without_series>The Pocket Snowboard Maintenance Guide: DIY snowboard waxing and tuning</title_without_series>
  <image_url>https://s.gr-assets.com/assets/nophoto/book/111x148-bcc042a9c91a29c1d680899eff700a03.png</image_url>
  <small_image_url>https://s.gr-assets.com/assets/nophoto/book/50x75-a91bf249278a81aabab721ef782c4a74.png</small_image_url>
  <large_image_url/>
  <link>https://www.goodreads.com/book/show/29965708-the-pocket-snowboard-maintenance-guide</link>
  <num_pages></num_pages>
  <format></format>
  <edition_information/>
  <publisher></publisher>
  <publication_day></publication_day>
  <publication_year></publication_year>
  <publication_month></publication_month>
  <average_rating>5.00</average_rating>
  <ratings_count>1</ratings_count>
  <description></description>
<authors>
<author>
<id>6179195</id>
<name>Peter Ballin</name>
<role></role>
<image_url nophoto='false'>
<![CDATA[https://images.gr-assets.com/authors/1452603441p5/6179195.jpg]]>
</image_url>
<small_image_url nophoto='false'>
<![CDATA[https://images.gr-assets.com/authors/1452603441p2/6179195.jpg]]>
</small_image_url>
<link><![CDATA[https://www.goodreads.com/author/show/6179195.Peter_Ballin]]></link>
<average_rating>5.00</average_rating>
<ratings_count>3</ratings_count>
<text_reviews_count>1</text_reviews_count>
</author>
</authors>
  <published></published>
</book>


      <book>
  <id type="integer">30018753</id>
  <isbn>1530980755</isbn>
  <isbn13>9781530980758</isbn13>
  <text_reviews_count type="integer">0</text_reviews_count>
  <title>The Pocket Snowboard Maintenance Guide: DIY Snowboard Waxing and Tuning</title>
  <title_without_series>The Pocket Snowboard Maintenance Guide: DIY Snowboard Waxing and Tuning</title_without_series>
  <image_url>https://s.gr-assets.com/assets/nophoto/book/111x148-bcc042a9c91a29c1d680899eff700a03.png</image_url>
  <small_image_url>https://s.gr-assets.com/assets/nophoto/book/50x75-a91bf249278a81aabab721ef782c4a74.png</small_image_url>
  <large_image_url/>
  <link>https://www.goodreads.com/book/show/30018753-the-pocket-snowboard-maintenance-guide</link>
  <num_pages>110</num_pages>
  <format>Paperback</format>
  <edition_information/>
  <publisher>Createspace Independent Publishing Platform</publisher>
  <publication_day>12</publication_day>
  <publication_year>2016</publication_year>
  <publication_month>4</publication_month>
  <average_rating>0.0</average_rating>
  <ratings_count>0</ratings_count>
  <description>Learn how to take care of your board so you can keep on shredding all winter. The pocket snowboard maintenance guide provides simple, step-by-step instructions on everything you need to know to keep your board riding its best. The book is jam packed full of photos making it clear and simple to follow. In this book you will learn: Equipment: The different tools and products involved with snowboard maintenance and tuning. Binding set up: How to get the most out of your board by setting up your bindings correctly. Base repair: How to repair scapes or holes which will help prolong the life of your board. Edge sharpening and tuning: How to keep your edges sharp and tune them for specific types of riding. Waxing and waxes: You will learn about the different types of wax and how to apply them, keeping your board running fast and smooth. Doesn't if you ride once a year or if you are a seasoned snowboard bum The Pocket Snowboard Maintenance Guide has you covered.</description>
<authors>
<author>
<id>6179195</id>
<name>Peter Ballin</name>
<role></role>
<image_url nophoto='false'>
<![CDATA[https://images.gr-assets.com/authors/1452603441p5/6179195.jpg]]>
</image_url>
<small_image_url nophoto='false'>
<![CDATA[https://images.gr-assets.com/authors/1452603441p2/6179195.jpg]]>
</small_image_url>
<link><![CDATA[https://www.goodreads.com/author/show/6179195.Peter_Ballin]]></link>
<average_rating>5.00</average_rating>
<ratings_count>3</ratings_count>
<text_reviews_count>1</text_reviews_count>
</author>
</authors>
  <published>2016</published>
</book>


      <book>
  <id type="integer">14917864</id>
  <isbn>0793549620</isbn>
  <isbn13>9780793549627</isbn13>
  <text_reviews_count type="integer">0</text_reviews_count>
  <title>Talking Jazz/Playing Jazz Telling a Story Through Your Jazz Improvisation [With Music]</title>
  <title_without_series>Talking Jazz/Playing Jazz Telling a Story Through Your Jazz Improvisation [With Music]</title_without_series>
  <image_url>https://images.gr-assets.com/books/1382945422m/14917864.jpg</image_url>
  <small_image_url>https://images.gr-assets.com/books/1382945422s/14917864.jpg</small_image_url>
  <large_image_url/>
  <link>https://www.goodreads.com/book/show/14917864-talking-jazz-playing-jazz-telling-a-story-through-your-jazz-improvisatio</link>
  <num_pages></num_pages>
  <format></format>
  <edition_information/>
  <publisher></publisher>
  <publication_day></publication_day>
  <publication_year></publication_year>
  <publication_month></publication_month>
  <average_rating>0.0</average_rating>
  <ratings_count>0</ratings_count>
  <description></description>
<authors>
<author>
<id>6179195</id>
<name>Peter Ballin</name>
<role></role>
<image_url nophoto='false'>
<![CDATA[https://images.gr-assets.com/authors/1452603441p5/6179195.jpg]]>
</image_url>
<small_image_url nophoto='false'>
<![CDATA[https://images.gr-assets.com/authors/1452603441p2/6179195.jpg]]>
</small_image_url>
<link><![CDATA[https://www.goodreads.com/author/show/6179195.Peter_Ballin]]></link>
<average_rating>5.00</average_rating>
<ratings_count>3</ratings_count>
<text_reviews_count>1</text_reviews_count>
</author>
</authors>
  <published></published>
</book>


    </books>
</author>

</GoodreadsResponse>