<?xml version="1.0" encoding="UTF-8"?>
<GoodreadsResponse>
  <Request>
    <authentication>true</authentication>
      <key><![CDATA[sySok63UyYyWi2Wof1HocA]]></key>
    <method><![CDATA[author_show]]></method>
  </Request>
  <author>
  <id>624861</id>
  <name>Johnson Beharry</name>
  <link><![CDATA[https://www.goodreads.com/author/show/624861.Johnson_Beharry]]></link>
  <fans_count type="integer">2</fans_count>
  <author_followers_count type="integer">2</author_followers_count>
  <large_image_url><![CDATA[https://images.gr-assets.com/authors/1459317638p7/624861.jpg]]></large_image_url>
  <image_url><![CDATA[https://images.gr-assets.com/authors/1459317638p5/624861.jpg]]></image_url>
  <small_image_url><![CDATA[https://images.gr-assets.com/authors/1459317638p2/624861.jpg]]></small_image_url>
  <about><![CDATA[Grenadan-born soldier from Princess of Wales's Royal Regiment awarded the Victoria Cross for actions in Iraq, 2004.]]></about>
  <influences></influences>
  <works_count>2</works_count>
  <gender>male</gender>
  <hometown></hometown>
  <born_at>1979/07/26</born_at>
  <died_at></died_at>
  <goodreads_author></goodreads_author>

    <books>
      <book>
  <id type="integer">1304720</id>
  <isbn>0751538795</isbn>
  <isbn13>9780751538793</isbn13>
  <text_reviews_count type="integer">9</text_reviews_count>
  <title>Barefoot Soldier</title>
  <title_without_series>Barefoot Soldier</title_without_series>
  <image_url>https://images.gr-assets.com/books/1328819894m/1304720.jpg</image_url>
  <small_image_url>https://images.gr-assets.com/books/1328819894s/1304720.jpg</small_image_url>
  <large_image_url/>
  <link>https://www.goodreads.com/book/show/1304720.Barefoot_Soldier</link>
  <num_pages>448</num_pages>
  <format>Paperback</format>
  <edition_information/>
  <publisher>Sphere</publisher>
  <publication_day>21</publication_day>
  <publication_year>2007</publication_year>
  <publication_month>5</publication_month>
  <average_rating>4.09</average_rating>
  <ratings_count>157</ratings_count>
  <description>Born in 1979 in Grenada as one of eight children, living in a two-bedroom hut, surviving on meagre meals of beans and rice and walking barefoot, three miles to school. At 13 Johnson Beharry quit school and worked as a decorator and labourer. In 1999 he scraped together the airfare for England and joined the Princess of Wales's Royal Regiment. He served six months in Kosovo, three months in Northern Ireland and then went to Iraq. On 1 May 2004, Beharry helped assist a foot patrol caught in a series of ambushes. His vehicle was hit by multiple rocket propelled grenades but he drove through the ambush and extracted his wounded colleagues from the vehicle, all the time exposed to further enemy fire. He was cited on this occasion for 'valour of the highest order'. While back on duty on 11 June 2004, a rocket propelled grenade hit Beharry's vehicle incapacitating his commander and injuring several of the crew. Despite his very serious head injuries, Beharry took control of his vehicle and drove it out of the ambush area before losing consciousness. He required brain surgery for his head injuries, and he was still recovering when he was awarded the VC in March 2005.</description>
<authors>
<author>
<id>624861</id>
<name>Johnson Beharry</name>
<role></role>
<image_url nophoto='false'>
<![CDATA[https://images.gr-assets.com/authors/1459317638p5/624861.jpg]]>
</image_url>
<small_image_url nophoto='false'>
<![CDATA[https://images.gr-assets.com/authors/1459317638p2/624861.jpg]]>
</small_image_url>
<link><![CDATA[https://www.goodreads.com/author/show/624861.Johnson_Beharry]]></link>
<average_rating>4.09</average_rating>
<ratings_count>158</ratings_count>
<text_reviews_count>14</text_reviews_count>
</author>
</authors>
  <published>2007</published>
</book>


      <book>
  <id type="integer">24062382</id>
  <isbn nil="true"/>
  <isbn13 nil="true"/>
  <text_reviews_count type="integer">0</text_reviews_count>
  <title>Hero: The Incredible True Story of Courage Under Fire</title>
  <title_without_series>Hero: The Incredible True Story of Courage Under Fire</title_without_series>
  <image_url>https://s.gr-assets.com/assets/nophoto/book/111x148-bcc042a9c91a29c1d680899eff700a03.png</image_url>
  <small_image_url>https://s.gr-assets.com/assets/nophoto/book/50x75-a91bf249278a81aabab721ef782c4a74.png</small_image_url>
  <large_image_url/>
  <link>https://www.goodreads.com/book/show/24062382-hero</link>
  <num_pages></num_pages>
  <format></format>
  <edition_information/>
  <publisher></publisher>
  <publication_day></publication_day>
  <publication_year></publication_year>
  <publication_month></publication_month>
  <average_rating>5.00</average_rating>
  <ratings_count>1</ratings_count>
  <description>As an army private, Johnson Beharry served in Kosovo, Northern Ireland and Iraq. In Iraq in 2004, his actions in rescuing his wounded comrades while under heavy fire led to him becoming one of the youngest people ever to receive the Victoria Cross. Since then, Johnson has made hundreds of public appearances, speaking about his experiences.</description>
<authors>
<author>
<id>624861</id>
<name>Johnson Beharry</name>
<role></role>
<image_url nophoto='false'>
<![CDATA[https://images.gr-assets.com/authors/1459317638p5/624861.jpg]]>
</image_url>
<small_image_url nophoto='false'>
<![CDATA[https://images.gr-assets.com/authors/1459317638p2/624861.jpg]]>
</small_image_url>
<link><![CDATA[https://www.goodreads.com/author/show/624861.Johnson_Beharry]]></link>
<average_rating>4.09</average_rating>
<ratings_count>158</ratings_count>
<text_reviews_count>14</text_reviews_count>
</author>
</authors>
  <published></published>
</book>


    </books>
</author>

</GoodreadsResponse>