<?xml version="1.0" encoding="UTF-8"?>
<GoodreadsResponse>
  <Request>
    <authentication>true</authentication>
      <key><![CDATA[sySok63UyYyWi2Wof1HocA]]></key>
    <method><![CDATA[author_show]]></method>
  </Request>
  <author>
  <id>6421659</id>
  <name>Charles  Harrison</name>
  <link><![CDATA[https://www.goodreads.com/author/show/6421659.Charles_Harrison]]></link>
  <fans_count type="integer">0</fans_count>
  <author_followers_count type="integer">0</author_followers_count>
  <large_image_url><![CDATA[https://s.gr-assets.com/assets/nophoto/user/m_333x500-a9c67bed07ee7e10983a5d5ccc572516.png]]></large_image_url>
  <image_url><![CDATA[https://s.gr-assets.com/assets/nophoto/user/m_200x266-d279b33f8eec0f27b7272477f09806be.png]]></image_url>
  <small_image_url><![CDATA[https://s.gr-assets.com/assets/nophoto/user/m_50x66-82093808bca726cb3249a493fbd3bd0f.png]]></small_image_url>
  <about></about>
  <influences></influences>
  <works_count>1</works_count>
  <gender>male</gender>
  <hometown></hometown>
  <born_at></born_at>
  <died_at></died_at>
  <goodreads_author>true</goodreads_author>
    <user>
  <id type="integer">10165873</id>
</user>


    <books>
      <book>
  <id type="integer">219147</id>
  <isbn>0977327108</isbn>
  <isbn13>9780977327102</isbn13>
  <text_reviews_count type="integer">1</text_reviews_count>
  <title>A Life's Design: The Life and Work of Industrial Designer Charles Harrison</title>
  <title_without_series>A Life's Design: The Life and Work of Industrial Designer Charles Harrison</title_without_series>
  <image_url>https://s.gr-assets.com/assets/nophoto/book/111x148-bcc042a9c91a29c1d680899eff700a03.png</image_url>
  <small_image_url>https://s.gr-assets.com/assets/nophoto/book/50x75-a91bf249278a81aabab721ef782c4a74.png</small_image_url>
  <large_image_url/>
  <link>https://www.goodreads.com/book/show/219147.A_Life_s_Design</link>
  <num_pages>124</num_pages>
  <format>Hardcover</format>
  <edition_information/>
  <publisher>Ibis Design Inc.</publisher>
  <publication_day>31</publication_day>
  <publication_year>2005</publication_year>
  <publication_month>12</publication_month>
  <average_rating>3.20</average_rating>
  <ratings_count>5</ratings_count>
  <description></description>
<authors>
<author>
<id>6421659</id>
<name>Charles  Harrison</name>
<role></role>
<image_url nophoto='true'>
<![CDATA[https://s.gr-assets.com/assets/nophoto/user/m_200x266-d279b33f8eec0f27b7272477f09806be.png]]>
</image_url>
<small_image_url nophoto='true'>
<![CDATA[https://s.gr-assets.com/assets/nophoto/user/m_50x66-82093808bca726cb3249a493fbd3bd0f.png]]>
</small_image_url>
<link><![CDATA[https://www.goodreads.com/author/show/6421659.Charles_Harrison]]></link>
<average_rating>3.20</average_rating>
<ratings_count>5</ratings_count>
<text_reviews_count>1</text_reviews_count>
</author>
</authors>
  <published>2005</published>
</book>


    </books>
</author>

</GoodreadsResponse>