<?xml version="1.0" encoding="UTF-8"?>
<GoodreadsResponse>
  <Request>
    <authentication>true</authentication>
      <key><![CDATA[sySok63UyYyWi2Wof1HocA]]></key>
    <method><![CDATA[author_show]]></method>
  </Request>
  <author>
  <id>6428024</id>
  <name>Paul E.  Lewis</name>
  <link><![CDATA[https://www.goodreads.com/author/show/6428024.Paul_E_Lewis]]></link>
  <fans_count type="integer">2</fans_count>
  <author_followers_count type="integer">2</author_followers_count>
  <large_image_url><![CDATA[https://s.gr-assets.com/assets/nophoto/user/m_333x500-a9c67bed07ee7e10983a5d5ccc572516.png]]></large_image_url>
  <image_url><![CDATA[https://s.gr-assets.com/assets/nophoto/user/m_200x266-d279b33f8eec0f27b7272477f09806be.png]]></image_url>
  <small_image_url><![CDATA[https://s.gr-assets.com/assets/nophoto/user/m_50x66-82093808bca726cb3249a493fbd3bd0f.png]]></small_image_url>
  <about></about>
  <influences></influences>
  <works_count>1</works_count>
  <gender>male</gender>
  <hometown></hometown>
  <born_at></born_at>
  <died_at></died_at>
  <goodreads_author>true</goodreads_author>
    <user>
  <id type="integer">10394144</id>
</user>


    <books>
      <book>
  <id type="integer">14352818</id>
  <isbn>1456487140</isbn>
  <isbn13>9781456487140</isbn13>
  <text_reviews_count type="integer">0</text_reviews_count>
  <title>Breaking the Box: The Motivated Manager's Guide to Only-Exactly Rapid Process Improvement</title>
  <title_without_series>Breaking the Box: The Motivated Manager's Guide to Only-Exactly Rapid Process Improvement</title_without_series>
  <image_url>https://s.gr-assets.com/assets/nophoto/book/111x148-bcc042a9c91a29c1d680899eff700a03.png</image_url>
  <small_image_url>https://s.gr-assets.com/assets/nophoto/book/50x75-a91bf249278a81aabab721ef782c4a74.png</small_image_url>
  <large_image_url/>
  <link>https://www.goodreads.com/book/show/14352818-breaking-the-box</link>
  <num_pages>114</num_pages>
  <format>Paperback</format>
  <edition_information/>
  <publisher>Createspace Independent Publishing Platform</publisher>
  <publication_day>10</publication_day>
  <publication_year>2010</publication_year>
  <publication_month>12</publication_month>
  <average_rating>5.00</average_rating>
  <ratings_count>2</ratings_count>
  <description>Breaking the Box takes the rapid process improvement tool-Only-Exactly-and makes it accessible to you whether you are already familiar with continuous process improvement or not. As a motivated manager or business owner seeking growth and stability in business, you want to put this useful process improvement principle into continuous use in your daily work life. This one tool has powerful potential to improve profits and reduce waste. Only-Exactly takes the least amount of time and produces the quickest, longest-lasting results of any continuous process tool. Breaking the Box makes Only-Exactly a tool any motivated manager can use. If Only-Exactly is new to you, you will get an incredible bang for your buck. Opportunities to improve the workplace will start appearing to you that were there all the time, yet no one saw them. Not only will the changes save money, they will also foster a more cooperative work environment where management and employees don't have to be antagonistic when the business experiences change. At the same time, if you are an experienced continuous improvement manager, you will also be able to pull off some very impressive improvements in your operation within a very short time. Why is this? The Only-Exactly technique is designed to use only the materials and resources you currently have available. In other words, your biggest expense should be the cost of celebrating your eventual achievements. Breaking the Box is a must read if you are serious about achieving your management goal. This book is for motivated managers who want to see their department or company excel.</description>
<authors>
<author>
<id>6428024</id>
<name>Paul E.  Lewis</name>
<role></role>
<image_url nophoto='true'>
<![CDATA[https://s.gr-assets.com/assets/nophoto/user/m_200x266-d279b33f8eec0f27b7272477f09806be.png]]>
</image_url>
<small_image_url nophoto='true'>
<![CDATA[https://s.gr-assets.com/assets/nophoto/user/m_50x66-82093808bca726cb3249a493fbd3bd0f.png]]>
</small_image_url>
<link><![CDATA[https://www.goodreads.com/author/show/6428024.Paul_E_Lewis]]></link>
<average_rating>5.00</average_rating>
<ratings_count>2</ratings_count>
<text_reviews_count>0</text_reviews_count>
</author>
</authors>
  <published>2010</published>
</book>


    </books>
</author>

</GoodreadsResponse>