<?xml version="1.0" encoding="UTF-8"?>
<GoodreadsResponse>
  <Request>
    <authentication>true</authentication>
      <key><![CDATA[sySok63UyYyWi2Wof1HocA]]></key>
    <method><![CDATA[author_show]]></method>
  </Request>
  <author>
  <id>646532</id>
  <name>John H.   Caldwell</name>
  <link><![CDATA[https://www.goodreads.com/author/show/646532.John_H_Caldwell]]></link>
  <fans_count type="integer">0</fans_count>
  <author_followers_count type="integer">0</author_followers_count>
  <large_image_url><![CDATA[https://s.gr-assets.com/assets/nophoto/user/m_333x500-a9c67bed07ee7e10983a5d5ccc572516.png]]></large_image_url>
  <image_url><![CDATA[https://s.gr-assets.com/assets/nophoto/user/m_200x266-d279b33f8eec0f27b7272477f09806be.png]]></image_url>
  <small_image_url><![CDATA[https://s.gr-assets.com/assets/nophoto/user/m_50x66-82093808bca726cb3249a493fbd3bd0f.png]]></small_image_url>
  <about><![CDATA[<i>Librarian Note: There is more than one author in the Goodreads database with this name.</i>]]></about>
  <influences></influences>
  <works_count>5</works_count>
  <gender>male</gender>
  <hometown></hometown>
  <born_at></born_at>
  <died_at></died_at>
  <goodreads_author></goodreads_author>

    <books>
      <book>
  <id type="integer">10849696</id>
  <isbn>0828903603</isbn>
  <isbn13>9780828903608</isbn13>
  <text_reviews_count type="integer">0</text_reviews_count>
  <title>Caldwell on Competitive Cross-Country Skiing</title>
  <title_without_series>Caldwell on Competitive Cross-Country Skiing</title_without_series>
  <image_url>https://s.gr-assets.com/assets/nophoto/book/111x148-bcc042a9c91a29c1d680899eff700a03.png</image_url>
  <small_image_url>https://s.gr-assets.com/assets/nophoto/book/50x75-a91bf249278a81aabab721ef782c4a74.png</small_image_url>
  <large_image_url/>
  <link>https://www.goodreads.com/book/show/10849696-caldwell-on-competitive-cross-country-skiing</link>
  <num_pages></num_pages>
  <format>Paperback</format>
  <edition_information/>
  <publisher></publisher>
  <publication_day>1</publication_day>
  <publication_year>1979</publication_year>
  <publication_month>10</publication_month>
  <average_rating>3.00</average_rating>
  <ratings_count>1</ratings_count>
  <description></description>
<authors>
<author>
<id>646532</id>
<name>John H.   Caldwell</name>
<role></role>
<image_url nophoto='true'>
<![CDATA[https://s.gr-assets.com/assets/nophoto/user/m_200x266-d279b33f8eec0f27b7272477f09806be.png]]>
</image_url>
<small_image_url nophoto='true'>
<![CDATA[https://s.gr-assets.com/assets/nophoto/user/m_50x66-82093808bca726cb3249a493fbd3bd0f.png]]>
</small_image_url>
<link><![CDATA[https://www.goodreads.com/author/show/646532.John_H_Caldwell]]></link>
<average_rating>2.75</average_rating>
<ratings_count>4</ratings_count>
<text_reviews_count>0</text_reviews_count>
</author>
</authors>
  <published>1979</published>
</book>


      <book>
  <id type="integer">3832072</id>
  <isbn>0828901872</isbn>
  <isbn13>9780828901871</isbn13>
  <text_reviews_count type="integer">0</text_reviews_count>
  <title>The New Cross-Country Ski Book</title>
  <title_without_series>The New Cross-Country Ski Book</title_without_series>
  <image_url>https://s.gr-assets.com/assets/nophoto/book/111x148-bcc042a9c91a29c1d680899eff700a03.png</image_url>
  <small_image_url>https://s.gr-assets.com/assets/nophoto/book/50x75-a91bf249278a81aabab721ef782c4a74.png</small_image_url>
  <large_image_url/>
  <link>https://www.goodreads.com/book/show/3832072-the-new-cross-country-ski-book</link>
  <num_pages></num_pages>
  <format></format>
  <edition_information/>
  <publisher></publisher>
  <publication_day></publication_day>
  <publication_year></publication_year>
  <publication_month></publication_month>
  <average_rating>3.00</average_rating>
  <ratings_count>1</ratings_count>
  <description></description>
<authors>
<author>
<id>646532</id>
<name>John H.   Caldwell</name>
<role></role>
<image_url nophoto='true'>
<![CDATA[https://s.gr-assets.com/assets/nophoto/user/m_200x266-d279b33f8eec0f27b7272477f09806be.png]]>
</image_url>
<small_image_url nophoto='true'>
<![CDATA[https://s.gr-assets.com/assets/nophoto/user/m_50x66-82093808bca726cb3249a493fbd3bd0f.png]]>
</small_image_url>
<link><![CDATA[https://www.goodreads.com/author/show/646532.John_H_Caldwell]]></link>
<average_rating>2.75</average_rating>
<ratings_count>4</ratings_count>
<text_reviews_count>0</text_reviews_count>
</author>
</authors>
  <published></published>
</book>


      <book>
  <id type="integer">717639</id>
  <isbn>0828905444</isbn>
  <isbn13>9780828905442</isbn13>
  <text_reviews_count type="integer">0</text_reviews_count>
  <title>The Cross-Country Ski Book</title>
  <title_without_series>The Cross-Country Ski Book</title_without_series>
  <image_url>https://images.gr-assets.com/books/1465817584m/717639.jpg</image_url>
  <small_image_url>https://images.gr-assets.com/books/1465817584s/717639.jpg</small_image_url>
  <large_image_url/>
  <link>https://www.goodreads.com/book/show/717639.The_Cross_Country_Ski_Book</link>
  <num_pages></num_pages>
  <format>Paperback</format>
  <edition_information>Seventh Edition</edition_information>
  <publisher>S. Greene Press</publisher>
  <publication_day>1</publication_day>
  <publication_year>1984</publication_year>
  <publication_month>12</publication_month>
  <average_rating>3.00</average_rating>
  <ratings_count>1</ratings_count>
  <description></description>
<authors>
<author>
<id>646532</id>
<name>John H.   Caldwell</name>
<role></role>
<image_url nophoto='true'>
<![CDATA[https://s.gr-assets.com/assets/nophoto/user/m_200x266-d279b33f8eec0f27b7272477f09806be.png]]>
</image_url>
<small_image_url nophoto='true'>
<![CDATA[https://s.gr-assets.com/assets/nophoto/user/m_50x66-82093808bca726cb3249a493fbd3bd0f.png]]>
</small_image_url>
<link><![CDATA[https://www.goodreads.com/author/show/646532.John_H_Caldwell]]></link>
<average_rating>2.75</average_rating>
<ratings_count>4</ratings_count>
<text_reviews_count>0</text_reviews_count>
</author>
</authors>
  <published>1984</published>
</book>


      <book>
  <id type="integer">717874</id>
  <isbn>0828903158</isbn>
  <isbn13>9780828903158</isbn13>
  <text_reviews_count type="integer">0</text_reviews_count>
  <title>Cross-Country Skiing Today</title>
  <title_without_series>Cross-Country Skiing Today</title_without_series>
  <image_url>https://s.gr-assets.com/assets/nophoto/book/111x148-bcc042a9c91a29c1d680899eff700a03.png</image_url>
  <small_image_url>https://s.gr-assets.com/assets/nophoto/book/50x75-a91bf249278a81aabab721ef782c4a74.png</small_image_url>
  <large_image_url/>
  <link>https://www.goodreads.com/book/show/717874.Cross_Country_Skiing_Today</link>
  <num_pages></num_pages>
  <format></format>
  <edition_information/>
  <publisher></publisher>
  <publication_day></publication_day>
  <publication_year></publication_year>
  <publication_month></publication_month>
  <average_rating>2.00</average_rating>
  <ratings_count>1</ratings_count>
  <description></description>
<authors>
<author>
<id>646532</id>
<name>John H.   Caldwell</name>
<role></role>
<image_url nophoto='true'>
<![CDATA[https://s.gr-assets.com/assets/nophoto/user/m_200x266-d279b33f8eec0f27b7272477f09806be.png]]>
</image_url>
<small_image_url nophoto='true'>
<![CDATA[https://s.gr-assets.com/assets/nophoto/user/m_50x66-82093808bca726cb3249a493fbd3bd0f.png]]>
</small_image_url>
<link><![CDATA[https://www.goodreads.com/author/show/646532.John_H_Caldwell]]></link>
<average_rating>2.75</average_rating>
<ratings_count>4</ratings_count>
<text_reviews_count>0</text_reviews_count>
</author>
</authors>
  <published></published>
</book>


      <book>
  <id type="integer">717680</id>
  <isbn>0828902550</isbn>
  <isbn13>9780828902557</isbn13>
  <text_reviews_count type="integer">0</text_reviews_count>
  <title>Caldwell on Cross-Country Training and Technique for the Serious Skier</title>
  <title_without_series>Caldwell on Cross-Country Training and Technique for the Serious Skier</title_without_series>
  <image_url>https://s.gr-assets.com/assets/nophoto/book/111x148-bcc042a9c91a29c1d680899eff700a03.png</image_url>
  <small_image_url>https://s.gr-assets.com/assets/nophoto/book/50x75-a91bf249278a81aabab721ef782c4a74.png</small_image_url>
  <large_image_url/>
  <link>https://www.goodreads.com/book/show/717680.Caldwell_on_Cross_Country_Training_and_Technique_for_the_Serious_Skier</link>
  <num_pages></num_pages>
  <format></format>
  <edition_information/>
  <publisher></publisher>
  <publication_day></publication_day>
  <publication_year></publication_year>
  <publication_month></publication_month>
  <average_rating>0.0</average_rating>
  <ratings_count>0</ratings_count>
  <description></description>
<authors>
<author>
<id>646532</id>
<name>John H.   Caldwell</name>
<role></role>
<image_url nophoto='true'>
<![CDATA[https://s.gr-assets.com/assets/nophoto/user/m_200x266-d279b33f8eec0f27b7272477f09806be.png]]>
</image_url>
<small_image_url nophoto='true'>
<![CDATA[https://s.gr-assets.com/assets/nophoto/user/m_50x66-82093808bca726cb3249a493fbd3bd0f.png]]>
</small_image_url>
<link><![CDATA[https://www.goodreads.com/author/show/646532.John_H_Caldwell]]></link>
<average_rating>2.75</average_rating>
<ratings_count>4</ratings_count>
<text_reviews_count>0</text_reviews_count>
</author>
</authors>
  <published></published>
</book>


    </books>
</author>

</GoodreadsResponse>