<?xml version="1.0" encoding="UTF-8"?>
<GoodreadsResponse>
  <Request>
    <authentication>true</authentication>
      <key><![CDATA[sySok63UyYyWi2Wof1HocA]]></key>
    <method><![CDATA[author_show]]></method>
  </Request>
  <author>
  <id>6468150</id>
  <name>Andrew   Scott</name>
  <link><![CDATA[https://www.goodreads.com/author/show/6468150.Andrew_Scott]]></link>
  <fans_count type="integer">5</fans_count>
  <author_followers_count type="integer">5</author_followers_count>
  <large_image_url><![CDATA[https://s.gr-assets.com/assets/nophoto/user/m_333x500-a9c67bed07ee7e10983a5d5ccc572516.png]]></large_image_url>
  <image_url><![CDATA[https://s.gr-assets.com/assets/nophoto/user/m_200x266-d279b33f8eec0f27b7272477f09806be.png]]></image_url>
  <small_image_url><![CDATA[https://s.gr-assets.com/assets/nophoto/user/m_50x66-82093808bca726cb3249a493fbd3bd0f.png]]></small_image_url>
  <about><![CDATA[<i>Librarian Note: There is more than one author in the GoodReads database with this name.</i><br />(3)entertainment<br /><br />Andrew Scott is an Irish film, television, and stage actor. <br /><br />He won a BAFTA in 2012 for Best Supporting Actor for his role as Moriarty in Sherlock.<br /><br />In addition to his stage and TV work, Scott is also known for his voice acting in radio plays and audio books, such as the roles of Jay Gatsby in Fitzgerald's The Great Gatsby, Billy Pilgrim in Kurt Vonnegut's Slaughterhouse 5 and Stephen Dedalus in James Joyce's Ulysses.<br /><br />source: <a target="_blank" href="http://en.wikipedia.org/wiki/Andrew_Scott_%28actor%29" rel="nofollow">http://en.wikipedia.org/wiki/Andrew_S...</a>]]></about>
  <influences></influences>
  <works_count>5</works_count>
  <gender>male</gender>
  <hometown>Dublin</hometown>
  <born_at>1976/10/21</born_at>
  <died_at></died_at>
  <goodreads_author></goodreads_author>

    <books>
      <book>
  <id type="integer">23609592</id>
  <isbn nil="true"/>
  <isbn13 nil="true"/>
  <text_reviews_count type="integer">66</text_reviews_count>
  <title>Six Degrees of Assassination</title>
  <title_without_series>Six Degrees of Assassination</title_without_series>
  <image_url>https://images.gr-assets.com/books/1416871476m/23609592.jpg</image_url>
  <small_image_url>https://images.gr-assets.com/books/1416871476s/23609592.jpg</small_image_url>
  <large_image_url/>
  <link>https://www.goodreads.com/book/show/23609592-six-degrees-of-assassination</link>
  <num_pages>5</num_pages>
  <format>Audible Audio</format>
  <edition_information>unabridged Audible download</edition_information>
  <publisher>Audible Studios</publisher>
  <publication_day>24</publication_day>
  <publication_year>2014</publication_year>
  <publication_month>11</publication_month>
  <average_rating>3.70</average_rating>
  <ratings_count>336</ratings_count>
  <description>On a sullen, cloudy July day ten years since 7/7, the happy, confident and optimistic British Prime Minister is visiting a charity in East London. It's just two months after the general election which saw John Campbell's government returned to power with a clear majority, the economy is on the mend and the coalition is fast becoming a bad memory. Suddenly, a man appears out of the crowd and shoots him three times in the chest.&lt;br /&gt;&lt;br /&gt;Step forward Alex Cartwright (Andrew Scott), MI5 Chief Counter Terrorism Officer who must find out the truth. But it's easier said than done, as he discovers that whoever ordered the assassination has covered their tracks very well indeed. Along with Ellen Townsend, his trusted second-in-command, Cartwright finds himself embroiled in a race against time which leads him into the murky heart of Westminster...and beyond.&lt;br /&gt;&lt;br /&gt;From the pen of renowned screenwriter and novelist M J Arlidge, featuring an established British cast and with an exclusively-composed musical score, Six Degrees of Assassination is truly a thriller not to be missed.</description>
<authors>
<author>
<id>7068319</id>
<name>M.J. Arlidge</name>
<role></role>
<image_url nophoto='false'>
<![CDATA[https://images.gr-assets.com/authors/1394115634p5/7068319.jpg]]>
</image_url>
<small_image_url nophoto='false'>
<![CDATA[https://images.gr-assets.com/authors/1394115634p2/7068319.jpg]]>
</small_image_url>
<link><![CDATA[https://www.goodreads.com/author/show/7068319.M_J_Arlidge]]></link>
<average_rating>4.04</average_rating>
<ratings_count>34126</ratings_count>
<text_reviews_count>4867</text_reviews_count>
</author>
</authors>
  <published>2014</published>
</book>


      <book>
  <id type="integer">18364489</id>
  <isbn nil="true"/>
  <isbn13 nil="true"/>
  <text_reviews_count type="integer">2</text_reviews_count>
  <title>Vampire, Scones and Edmund Herondale (The Bane Chronicles, #3)</title>
  <title_without_series>Vampire, Scones and Edmund Herondale</title_without_series>
  <image_url>https://images.gr-assets.com/books/1377111440m/18364489.jpg</image_url>
  <small_image_url>https://images.gr-assets.com/books/1377111440s/18364489.jpg</small_image_url>
  <large_image_url/>
  <link>https://www.goodreads.com/book/show/18364489-vampire-scones-and-edmund-herondale</link>
  <num_pages></num_pages>
  <format>Audiobook</format>
  <edition_information/>
  <publisher></publisher>
  <publication_day></publication_day>
  <publication_year></publication_year>
  <publication_month></publication_month>
  <average_rating>4.11</average_rating>
  <ratings_count>12016</ratings_count>
  <description>&lt;b&gt;Magnus Bane leverages his alliances with Downworlders and Shadowhunters on a venture to Victorian London. One of ten adventures in The Bane Chronicles.&lt;/b&gt;&lt;br /&gt;&lt;br /&gt;When immortal warlock Magnus Bane attends preliminary peace talks between the Shadowhunters and the Downworlders in Victorian London, he is charmed by two very different people: the vampire Camille Belcourt and the young Shadowhunter, Edmund Herondale. Will winning hearts mean choosing sides?&lt;br /&gt;&lt;br /&gt;This standalone e-only short story illuminates the life of the enigmatic Magnus Bane, whose alluring personality populates the pages of the #1 &lt;i&gt;New York Times&lt;/i&gt; bestselling series, &lt;i&gt;The Mortal Instruments&lt;/i&gt; and &lt;i&gt;The Infernal Devices&lt;/i&gt; series. This story in The Bane Chronicles, &lt;i&gt;Vampires, Scones, and Edmund Herondale&lt;/i&gt;, is written by Sarah Rees Brennan and Cassandra Clare.</description>
<authors>
<author>
<id>150038</id>
<name>Cassandra Clare</name>
<role></role>
<image_url nophoto='false'>
<![CDATA[https://images.gr-assets.com/authors/1270502031p5/150038.jpg]]>
</image_url>
<small_image_url nophoto='false'>
<![CDATA[https://images.gr-assets.com/authors/1270502031p2/150038.jpg]]>
</small_image_url>
<link><![CDATA[https://www.goodreads.com/author/show/150038.Cassandra_Clare]]></link>
<average_rating>4.27</average_rating>
<ratings_count>4886583</ratings_count>
<text_reviews_count>270738</text_reviews_count>
</author>
</authors>
  <published></published>
</book>


      <book>
  <id type="integer">16177011</id>
  <isbn nil="true"/>
  <isbn13 nil="true"/>
  <text_reviews_count type="integer">3</text_reviews_count>
  <title>One for the Trouble</title>
  <title_without_series>One for the Trouble</title_without_series>
  <image_url>https://images.gr-assets.com/books/1355015727m/16177011.jpg</image_url>
  <small_image_url>https://images.gr-assets.com/books/1355015727s/16177011.jpg</small_image_url>
  <large_image_url/>
  <link>https://www.goodreads.com/book/show/16177011-one-for-the-trouble</link>
  <num_pages></num_pages>
  <format>Audiobook</format>
  <edition_information>UNABRIDGED , 4 hours and 54 minutes</edition_information>
  <publisher>Book Slam Productions Ltd</publisher>
  <publication_day>24</publication_day>
  <publication_year>2011</publication_year>
  <publication_month>11</publication_month>
  <average_rating>3.85</average_rating>
  <ratings_count>47</ratings_count>
  <description>&lt;i&gt;One for the Trouble - Book Slam Volume One&lt;/i&gt; is the first release from the UK's premier literary event. Household names like Irvine Welsh and William Boyd to newcomers like Kate Tempest and Sophie Woolley were approached to take a song title for inspiration for a new short story or poem. Some took this literally (Jon McGregor's moving reimagining of A House's 'Endless Art', for example); others suggestively (who'd have thought Grandmaster Flash's 'The Message' would have lead Paul Murray to a heartbreaking tale of schoolboy rugby?). Most contributions are read by the authors' themselves, others by some of our best-loved actors.&lt;br /&gt;&lt;br /&gt;1. Richard Milward - Grave Architecture (read by author)&lt;br /&gt;2. Hari Kunzru - New Gold Dream (read by author)&lt;br /&gt;3. Simon Armitage - New Dawn Fades (read by author)&lt;br /&gt;4. Irvine Welsh - Comeback Girl (read by Andrew Scott)&lt;br /&gt;5. Bernardine Evaristo - I'm Going Slightly Mad read by author)&lt;br /&gt;6. Kate Tempest - The Bed's Too Big Without You (read by author)&lt;br /&gt;7. Joe Dunthorne - When I'm Sixty-Four (read by author)&lt;br /&gt;8. William Boyd - Tears of a Clown (read by Olivia Colman)&lt;br /&gt;9. Paul Murray - The Message (read by Chris O'Dowd)&lt;br /&gt;10. Roger Robinson - Ascension (read by author)&lt;br /&gt;11. Helen Oyeyemi - Violet Stars Happy Hunting! (read by author)&lt;br /&gt;12. Don Paterson - I Read My Sentence... (read by author)&lt;br /&gt;13. Patrick Ness - Let Me Entertain You (read by Mark Strong) &lt;br /&gt;14. Luke Wright - Bank Holiday (read by author) &lt;br /&gt;15. Sophie Woolley - I Am The Walrus (read by author) &lt;br /&gt;16. Jon Ronson - That Summer Feeling (read by author) &lt;br /&gt;17. Tim Key - Underground (read by author)&lt;br /&gt;18. Jon McGregor - Endless Art (read by author)</description>
<authors>
<author>
<id>5687</id>
<name>Irvine Welsh</name>
<role></role>
<image_url nophoto='false'>
<![CDATA[https://images.gr-assets.com/authors/1461084249p5/5687.jpg]]>
</image_url>
<small_image_url nophoto='false'>
<![CDATA[https://images.gr-assets.com/authors/1461084249p2/5687.jpg]]>
</small_image_url>
<link><![CDATA[https://www.goodreads.com/author/show/5687.Irvine_Welsh]]></link>
<average_rating>3.90</average_rating>
<ratings_count>206733</ratings_count>
<text_reviews_count>6226</text_reviews_count>
</author>
</authors>
  <published>2011</published>
</book>


      <book>
  <id type="integer">15828561</id>
  <isbn>1408469898</isbn>
  <isbn13>9781408469897</isbn13>
  <text_reviews_count type="integer">1</text_reviews_count>
  <title>A Tale of Two Cities</title>
  <title_without_series>A Tale of Two Cities</title_without_series>
  <image_url>https://images.gr-assets.com/books/1344972036m/15828561.jpg</image_url>
  <small_image_url>https://images.gr-assets.com/books/1344972036s/15828561.jpg</small_image_url>
  <large_image_url/>
  <link>https://www.goodreads.com/book/show/15828561-a-tale-of-two-cities</link>
  <num_pages>1</num_pages>
  <format>Audio CD</format>
  <edition_information/>
  <publisher>AudioGo  (BBC Audiobooks Ltd)</publisher>
  <publication_day/>
  <publication_year>2012</publication_year>
  <publication_month/>
  <average_rating>3.80</average_rating>
  <ratings_count>5</ratings_count>
  <description>5xCD&lt;br /&gt;Running Time: 3h40min &lt;br /&gt;&lt;br /&gt;Dickens' classic novel of the French revolution tells a story of the redemptive powers of love in the face of cruelty, violence and neglect. &lt;br /&gt;&lt;br /&gt;Set in London and Paris, it shows the plight of the French people under the brutal oppression of the aristocracy in the years leading up to the revolution, and the corresponding savage brutality of the revolutionaries towards the former aristocrats in the years immediately following. Among the memorable characters are Charles Darnay, a French former aristocrat who falls victim to the indiscriminate wrath of the revolution, and Sydney Carton, a dissipated English barrister who tries to redeem his ill-spent life out of love for Darnay's wife, Lucie Manette. &lt;br /&gt;&lt;br /&gt;This production, dramatised by Mike Walker, stars Robert Lindsay as Dickens, with Alison Steadman, Jonathan Coy, Andrew Scott, Paul Ready and Karl Johnson.</description>
<authors>
<author>
<id>135641</id>
<name>Mike Walker</name>
<role></role>
<image_url nophoto='true'>
<![CDATA[https://s.gr-assets.com/assets/nophoto/user/u_200x266-e183445fd1a1b5cc7075bb1cf7043306.png]]>
</image_url>
<small_image_url nophoto='true'>
<![CDATA[https://s.gr-assets.com/assets/nophoto/user/u_50x66-632230dc9882b4352d753eedf9396530.png]]>
</small_image_url>
<link><![CDATA[https://www.goodreads.com/author/show/135641.Mike_Walker]]></link>
<average_rating>3.32</average_rating>
<ratings_count>768</ratings_count>
<text_reviews_count>139</text_reviews_count>
</author>
</authors>
  <published>2012</published>
</book>


      <book>
  <id type="integer">23285840</id>
  <isbn>0062397222</isbn>
  <isbn13>9780062397225</isbn13>
  <text_reviews_count type="integer">0</text_reviews_count>
  <title>Darkmouth #1: The Legends Begin</title>
  <title_without_series>Darkmouth #1: The Legends Begin</title_without_series>
  <image_url>https://images.gr-assets.com/books/1413384822m/23285840.jpg</image_url>
  <small_image_url>https://images.gr-assets.com/books/1413384822s/23285840.jpg</small_image_url>
  <large_image_url/>
  <link>https://www.goodreads.com/book/show/23285840-darkmouth-1</link>
  <num_pages></num_pages>
  <format>Audio</format>
  <edition_information/>
  <publisher>HarperCollins</publisher>
  <publication_day>21</publication_day>
  <publication_year>2015</publication_year>
  <publication_month>4</publication_month>
  <average_rating>3.90</average_rating>
  <ratings_count>430</ratings_count>
  <description>A monstrously funny debut from the new star of middle-grade adventure. Ages: 9+ &lt;br /&gt;&lt;br /&gt;There are towns where the border between our world and the world of monsters - properly called Legends - is thin. One of those towns is Darkmouth. &lt;br /&gt;&lt;br /&gt;There, our hero Finn is the son of the last remaining Legend Hunter - which means that one day soon he will be the last remaining Legend Hunter. &lt;br /&gt;&lt;br /&gt;Except... he's a bit rubbish at it. And in a spectacularly unfortunate coincidence, the terrifying leader of the monsters is in the midst of planning an all out attack on earth... in Darkmouth.</description>
<authors>
<author>
<id>468149</id>
<name>Shane Hegarty</name>
<role></role>
<image_url nophoto='true'>
<![CDATA[https://s.gr-assets.com/assets/nophoto/user/u_200x266-e183445fd1a1b5cc7075bb1cf7043306.png]]>
</image_url>
<small_image_url nophoto='true'>
<![CDATA[https://s.gr-assets.com/assets/nophoto/user/u_50x66-632230dc9882b4352d753eedf9396530.png]]>
</small_image_url>
<link><![CDATA[https://www.goodreads.com/author/show/468149.Shane_Hegarty]]></link>
<average_rating>3.98</average_rating>
<ratings_count>612</ratings_count>
<text_reviews_count>154</text_reviews_count>
</author>
</authors>
  <published>2015</published>
</book>


    </books>
</author>

</GoodreadsResponse>