<?xml version="1.0" encoding="UTF-8"?>
<GoodreadsResponse>
  <Request>
    <authentication>true</authentication>
      <key><![CDATA[sySok63UyYyWi2Wof1HocA]]></key>
    <method><![CDATA[author_show]]></method>
  </Request>
  <author>
  <id>6473612</id>
  <name>Gabriel D. Roberts</name>
  <link><![CDATA[https://www.goodreads.com/author/show/6473612.Gabriel_D_Roberts]]></link>
  <fans_count type="integer">1</fans_count>
  <author_followers_count type="integer">1</author_followers_count>
  <large_image_url><![CDATA[https://s.gr-assets.com/assets/nophoto/user/m_333x500-a9c67bed07ee7e10983a5d5ccc572516.png]]></large_image_url>
  <image_url><![CDATA[https://s.gr-assets.com/assets/nophoto/user/m_200x266-d279b33f8eec0f27b7272477f09806be.png]]></image_url>
  <small_image_url><![CDATA[https://s.gr-assets.com/assets/nophoto/user/m_50x66-82093808bca726cb3249a493fbd3bd0f.png]]></small_image_url>
  <about></about>
  <influences></influences>
  <works_count>4</works_count>
  <gender>male</gender>
  <hometown></hometown>
  <born_at></born_at>
  <died_at></died_at>
  <goodreads_author></goodreads_author>

    <books>
      <book>
  <id type="integer">26717382</id>
  <isbn>1943710023</isbn>
  <isbn13>9781943710027</isbn13>
  <text_reviews_count type="integer">0</text_reviews_count>
  <title>The Hermit: Enlightenment from the Gutter</title>
  <title_without_series>The Hermit: Enlightenment from the Gutter</title_without_series>
  <image_url>https://images.gr-assets.com/books/1444658314m/26717382.jpg</image_url>
  <small_image_url>https://images.gr-assets.com/books/1444658314s/26717382.jpg</small_image_url>
  <large_image_url/>
  <link>https://www.goodreads.com/book/show/26717382-the-hermit</link>
  <num_pages>370</num_pages>
  <format>Paperback</format>
  <edition_information/>
  <publisher>Rubedo Press</publisher>
  <publication_day>14</publication_day>
  <publication_year>2015</publication_year>
  <publication_month>8</publication_month>
  <average_rating>4.20</average_rating>
  <ratings_count>5</ratings_count>
  <description>&lt;em&gt;The Hermit&lt;/em&gt; is a tale of enlightenment from the gutter, of a man being torn apart by his own personal revolution. In the spirit of Jack Keroac's &lt;em&gt;On the Road&lt;/em&gt; and Hunter S. Thompson's &lt;em&gt;The Rum Diary&lt;/em&gt;, &lt;em&gt;The Hermit &lt;/em&gt;is a harrowing journey into living magic--the search for the divine through the crucible of raw existence. From the Humboldt Hills to the Badlands of the Dakotas, Gabriel D. Roberts charts the treacherous pathways between homelessness, heartbreak, and heroism.</description>
<authors>
<author>
<id>6473612</id>
<name>Gabriel D. Roberts</name>
<role></role>
<image_url nophoto='true'>
<![CDATA[https://s.gr-assets.com/assets/nophoto/user/m_200x266-d279b33f8eec0f27b7272477f09806be.png]]>
</image_url>
<small_image_url nophoto='true'>
<![CDATA[https://s.gr-assets.com/assets/nophoto/user/m_50x66-82093808bca726cb3249a493fbd3bd0f.png]]>
</small_image_url>
<link><![CDATA[https://www.goodreads.com/author/show/6473612.Gabriel_D_Roberts]]></link>
<average_rating>4.33</average_rating>
<ratings_count>12</ratings_count>
<text_reviews_count>1</text_reviews_count>
</author>
</authors>
  <published>2015</published>
</book>


      <book>
  <id type="integer">15838173</id>
  <isbn>1479118400</isbn>
  <isbn13>B008X7JPZI</isbn13>
  <text_reviews_count type="integer">0</text_reviews_count>
  <title>Riding The Fine Line</title>
  <title_without_series>Riding The Fine Line</title_without_series>
  <image_url>https://images.gr-assets.com/books/1345479642m/15838173.jpg</image_url>
  <small_image_url>https://images.gr-assets.com/books/1345479642s/15838173.jpg</small_image_url>
  <large_image_url/>
  <link>https://www.goodreads.com/book/show/15838173-riding-the-fine-line</link>
  <num_pages>92</num_pages>
  <format>Paperback</format>
  <edition_information/>
  <publisher>gabrieldroberts.com</publisher>
  <publication_day>13</publication_day>
  <publication_year>2012</publication_year>
  <publication_month>8</publication_month>
  <average_rating>4.67</average_rating>
  <ratings_count>3</ratings_count>
  <description>Riding The Fine Line is a collection of essays by Gabriel D. Roberts in which he discusses many esoteric, spiritual, social and philosophical concerns. His unique approach gives a much needed fresh perspective on many of the most hotly debated subjects of our time.</description>
<authors>
<author>
<id>6473612</id>
<name>Gabriel D. Roberts</name>
<role></role>
<image_url nophoto='true'>
<![CDATA[https://s.gr-assets.com/assets/nophoto/user/m_200x266-d279b33f8eec0f27b7272477f09806be.png]]>
</image_url>
<small_image_url nophoto='true'>
<![CDATA[https://s.gr-assets.com/assets/nophoto/user/m_50x66-82093808bca726cb3249a493fbd3bd0f.png]]>
</small_image_url>
<link><![CDATA[https://www.goodreads.com/author/show/6473612.Gabriel_D_Roberts]]></link>
<average_rating>4.33</average_rating>
<ratings_count>12</ratings_count>
<text_reviews_count>1</text_reviews_count>
</author>
</authors>
  <published>2012</published>
</book>


      <book>
  <id type="integer">17448789</id>
  <isbn nil="true"/>
  <isbn13 nil="true"/>
  <text_reviews_count type="integer">1</text_reviews_count>
  <title>Born Again to Rebirth</title>
  <title_without_series>Born Again to Rebirth</title_without_series>
  <image_url>https://images.gr-assets.com/books/1361966282m/17448789.jpg</image_url>
  <small_image_url>https://images.gr-assets.com/books/1361966282s/17448789.jpg</small_image_url>
  <large_image_url/>
  <link>https://www.goodreads.com/book/show/17448789-born-again-to-rebirth</link>
  <num_pages>151</num_pages>
  <format>Kindle Edition</format>
  <edition_information>1st</edition_information>
  <publisher>Gabrieldroberts.com</publisher>
  <publication_day/>
  <publication_year>2013</publication_year>
  <publication_month/>
  <average_rating>4.67</average_rating>
  <ratings_count>3</ratings_count>
  <description>BORN AGAIN TO REBIRTH is the second book by Gabriel D. Roberts and is a chronicle of his philosophical progression out of Christian Fundamentalism. The story is a blow by blow dissection of his thoughts, victories, failures and reasonings, filled with wit, comedy and stark realizations that will compel you to grow, no matter where you stand spiritually. Gabriel has been asking the big questions since he was old enough to pick up a Bible. This book is for those who are at a personal crossroads and need a little encouragement, care and understanding. The story of Gabriel's spiritual journey is a mirroring of the story of countless souls who have crossed the great precipice of the Christian faith into an unknown and frightening world.</description>
<authors>
<author>
<id>6473612</id>
<name>Gabriel D. Roberts</name>
<role></role>
<image_url nophoto='true'>
<![CDATA[https://s.gr-assets.com/assets/nophoto/user/m_200x266-d279b33f8eec0f27b7272477f09806be.png]]>
</image_url>
<small_image_url nophoto='true'>
<![CDATA[https://s.gr-assets.com/assets/nophoto/user/m_50x66-82093808bca726cb3249a493fbd3bd0f.png]]>
</small_image_url>
<link><![CDATA[https://www.goodreads.com/author/show/6473612.Gabriel_D_Roberts]]></link>
<average_rating>4.33</average_rating>
<ratings_count>12</ratings_count>
<text_reviews_count>1</text_reviews_count>
</author>
</authors>
  <published>2013</published>
</book>


      <book>
  <id type="integer">21541402</id>
  <isbn>1495980146</isbn>
  <isbn13>9781495980145</isbn13>
  <text_reviews_count type="integer">0</text_reviews_count>
  <title>The Quest for Gnosis</title>
  <title_without_series>The Quest for Gnosis</title_without_series>
  <image_url>https://s.gr-assets.com/assets/nophoto/book/111x148-bcc042a9c91a29c1d680899eff700a03.png</image_url>
  <small_image_url>https://s.gr-assets.com/assets/nophoto/book/50x75-a91bf249278a81aabab721ef782c4a74.png</small_image_url>
  <large_image_url/>
  <link>https://www.goodreads.com/book/show/21541402-the-quest-for-gnosis</link>
  <num_pages>272</num_pages>
  <format>Paperback</format>
  <edition_information/>
  <publisher>Createspace Independent Publishing Platform</publisher>
  <publication_day>17</publication_day>
  <publication_year>2014</publication_year>
  <publication_month>3</publication_month>
  <average_rating>3.00</average_rating>
  <ratings_count>1</ratings_count>
  <description>The Quest For Gnosis is a primer for the conscientious mystic, a new Gnostic tome that honors the old gods, but makes way for a new balance of techno-mystic reason. This is for the practical magician in the making, the pioneer of the golden age that we can still bring to fruition. We are the Shamans of the wasteland, the war zone, the ghetto; wherever our tribe has us, we are the focal points that heal the minds and hearts of the wounded all around us. Every single person who I've spoken with for this book is good people. We may not agree with each other on everything, but in each of them I see a thread of color found nowhere else. Theirs is the thread that must be intertwined into the tapestry of our newfound Gnosis; they are the fibers of our unbreakable chord. And in this work, we can find a common ground, a fragile yet beautiful unity, a powerful psychonautical compound created to confound and shock the hellish system we find ourselves a part of. The illumination we carry together has the potential to keep the flickering hope of a golden age alive. Love and Peace, Gabriel D. Roberts</description>
<authors>
<author>
<id>6473612</id>
<name>Gabriel D. Roberts</name>
<role></role>
<image_url nophoto='true'>
<![CDATA[https://s.gr-assets.com/assets/nophoto/user/m_200x266-d279b33f8eec0f27b7272477f09806be.png]]>
</image_url>
<small_image_url nophoto='true'>
<![CDATA[https://s.gr-assets.com/assets/nophoto/user/m_50x66-82093808bca726cb3249a493fbd3bd0f.png]]>
</small_image_url>
<link><![CDATA[https://www.goodreads.com/author/show/6473612.Gabriel_D_Roberts]]></link>
<average_rating>4.33</average_rating>
<ratings_count>12</ratings_count>
<text_reviews_count>1</text_reviews_count>
</author>
</authors>
  <published>2014</published>
</book>


    </books>
</author>

</GoodreadsResponse>