<?xml version="1.0" encoding="UTF-8"?>
<GoodreadsResponse>
  <Request>
    <authentication>true</authentication>
      <key><![CDATA[sySok63UyYyWi2Wof1HocA]]></key>
    <method><![CDATA[author_show]]></method>
  </Request>
  <author>
  <id>6481161</id>
  <name>Marcelo F. Vela</name>
  <link><![CDATA[https://www.goodreads.com/author/show/6481161.Marcelo_F_Vela]]></link>
  <fans_count type="integer">0</fans_count>
  <author_followers_count type="integer">0</author_followers_count>
  <large_image_url><![CDATA[https://s.gr-assets.com/assets/nophoto/user/m_333x500-a9c67bed07ee7e10983a5d5ccc572516.png]]></large_image_url>
  <image_url><![CDATA[https://s.gr-assets.com/assets/nophoto/user/m_200x266-d279b33f8eec0f27b7272477f09806be.png]]></image_url>
  <small_image_url><![CDATA[https://s.gr-assets.com/assets/nophoto/user/m_50x66-82093808bca726cb3249a493fbd3bd0f.png]]></small_image_url>
  <about></about>
  <influences></influences>
  <works_count>1</works_count>
  <gender>male</gender>
  <hometown></hometown>
  <born_at></born_at>
  <died_at></died_at>
  <goodreads_author></goodreads_author>

    <books>
      <book>
  <id type="integer">15859599</id>
  <isbn>0470656263</isbn>
  <isbn13>9780470656266</isbn13>
  <text_reviews_count type="integer">0</text_reviews_count>
  <title>Practical Manual of Gastroesophageal Reflux Disease</title>
  <title_without_series>Practical Manual of Gastroesophageal Reflux Disease</title_without_series>
  <image_url>https://images.gr-assets.com/books/1355081832m/15859599.jpg</image_url>
  <small_image_url>https://images.gr-assets.com/books/1355081832s/15859599.jpg</small_image_url>
  <large_image_url/>
  <link>https://www.goodreads.com/book/show/15859599-practical-manual-of-gastroesophageal-reflux-disease</link>
  <num_pages>352</num_pages>
  <format>Paperback</format>
  <edition_information/>
  <publisher>Wiley-Blackwell</publisher>
  <publication_day>4</publication_day>
  <publication_year>2013</publication_year>
  <publication_month>3</publication_month>
  <average_rating>0.0</average_rating>
  <ratings_count>0</ratings_count>
  <description>This portable handbook provides daily guidance on one of the most prevalent conditions in medicine, gastroesophageal reflux disease and related acid-reflux conditions. Gastroenterologists in training and in practice will use the variety of pedagogic features -- such as case histories, potential pitfall boxes, key points, management algorithms, and useful weblinks -- in each chapter to find quick answers to immediate questions.</description>
<authors>
<author>
<id>6481161</id>
<name>Marcelo F. Vela</name>
<role>Editor</role>
<image_url nophoto='true'>
<![CDATA[https://s.gr-assets.com/assets/nophoto/user/m_200x266-d279b33f8eec0f27b7272477f09806be.png]]>
</image_url>
<small_image_url nophoto='true'>
<![CDATA[https://s.gr-assets.com/assets/nophoto/user/m_50x66-82093808bca726cb3249a493fbd3bd0f.png]]>
</small_image_url>
<link><![CDATA[https://www.goodreads.com/author/show/6481161.Marcelo_F_Vela]]></link>
<average_rating>0.0</average_rating>
<ratings_count>0</ratings_count>
<text_reviews_count>0</text_reviews_count>
</author>
</authors>
  <published>2013</published>
</book>


    </books>
</author>

</GoodreadsResponse>