<?xml version="1.0" encoding="UTF-8"?>
<GoodreadsResponse>
  <Request>
    <authentication>true</authentication>
      <key><![CDATA[sySok63UyYyWi2Wof1HocA]]></key>
    <method><![CDATA[author_show]]></method>
  </Request>
  <author>
  <id>6486988</id>
  <name>Magalis Sandoval</name>
  <link><![CDATA[https://www.goodreads.com/author/show/6486988.Magalis_Sandoval]]></link>
  <fans_count type="integer">2</fans_count>
  <author_followers_count type="integer">2</author_followers_count>
  <large_image_url><![CDATA[https://images.gr-assets.com/authors/1347463187p7/6486988.jpg]]></large_image_url>
  <image_url><![CDATA[https://images.gr-assets.com/authors/1347463187p5/6486988.jpg]]></image_url>
  <small_image_url><![CDATA[https://images.gr-assets.com/authors/1347463187p2/6486988.jpg]]></small_image_url>
  <about><![CDATA[Magalis Sandoval is a licensed clinical social worker who resides in Bridgeport, CT, with her fiance, two children and imaginary friend. <br />She graduated from New York University with her Masters Degree in Social Work and has since then worked with at-risk youth, victims and survivors of domestic violence and individuals in recovery. <br />In addition to her book of poetry, Obsessions of a Broken Hearted, Magalis posts a new chapter of her short story series titled, "His Name Is Siphilus," every Thursday at 7 pm EST. <br /><br />For more information, visit her website at <a target="_blank" href="http://magalissandoval.weebly.com" rel="nofollow">http://magalissandoval.weebly.com</a>]]></about>
  <influences></influences>
  <works_count>1</works_count>
  <gender>female</gender>
  <hometown>Bridgeport, CT</hometown>
  <born_at></born_at>
  <died_at></died_at>
  <goodreads_author>true</goodreads_author>
    <user>
  <id type="integer">12618262</id>
</user>


    <books>
      <book>
  <id type="integer">15874898</id>
  <isbn>1456314432</isbn>
  <isbn13>9781456314439</isbn13>
  <text_reviews_count type="integer">2</text_reviews_count>
  <title>Obsessions of a Broken Hearted</title>
  <title_without_series>Obsessions of a Broken Hearted</title_without_series>
  <image_url>https://images.gr-assets.com/books/1347463582m/15874898.jpg</image_url>
  <small_image_url>https://images.gr-assets.com/books/1347463582s/15874898.jpg</small_image_url>
  <large_image_url/>
  <link>https://www.goodreads.com/book/show/15874898-obsessions-of-a-broken-hearted</link>
  <num_pages>64</num_pages>
  <format>Paperback</format>
  <edition_information/>
  <publisher>Createspace Independent Publishing Platform</publisher>
  <publication_day>11</publication_day>
  <publication_year>2010</publication_year>
  <publication_month>7</publication_month>
  <average_rating>4.50</average_rating>
  <ratings_count>6</ratings_count>
  <description></description>
<authors>
<author>
<id>6486988</id>
<name>Magalis Sandoval</name>
<role></role>
<image_url nophoto='false'>
<![CDATA[https://images.gr-assets.com/authors/1347463187p5/6486988.jpg]]>
</image_url>
<small_image_url nophoto='false'>
<![CDATA[https://images.gr-assets.com/authors/1347463187p2/6486988.jpg]]>
</small_image_url>
<link><![CDATA[https://www.goodreads.com/author/show/6486988.Magalis_Sandoval]]></link>
<average_rating>4.50</average_rating>
<ratings_count>6</ratings_count>
<text_reviews_count>2</text_reviews_count>
</author>
</authors>
  <published>2010</published>
</book>


    </books>
</author>

</GoodreadsResponse>