<?xml version="1.0" encoding="UTF-8"?>
<GoodreadsResponse>
  <Request>
    <authentication>true</authentication>
      <key><![CDATA[sySok63UyYyWi2Wof1HocA]]></key>
    <method><![CDATA[author_show]]></method>
  </Request>
  <author>
  <id>6486152</id>
  <name>Liz Betts</name>
  <link><![CDATA[https://www.goodreads.com/author/show/6486152.Liz_Betts]]></link>
  <fans_count type="integer">0</fans_count>
  <author_followers_count type="integer">0</author_followers_count>
  <large_image_url><![CDATA[https://images.gr-assets.com/authors/1488113634p7/6486152.jpg]]></large_image_url>
  <image_url><![CDATA[https://images.gr-assets.com/authors/1488113634p5/6486152.jpg]]></image_url>
  <small_image_url><![CDATA[https://images.gr-assets.com/authors/1488113634p2/6486152.jpg]]></small_image_url>
  <about></about>
  <influences></influences>
  <works_count>2</works_count>
  <gender>female</gender>
  <hometown></hometown>
  <born_at></born_at>
  <died_at></died_at>
  <goodreads_author>true</goodreads_author>
    <user>
  <id type="integer">9402703</id>
</user>


    <books>
      <book>
  <id type="integer">15872871</id>
  <isbn>1446302547</isbn>
  <isbn13>9781446302545</isbn13>
  <text_reviews_count type="integer">3</text_reviews_count>
  <title>Beginner's Guide to Quilting: 16 Projects to Learn to Quilt</title>
  <title_without_series>Beginner's Guide to Quilting: 16 Projects to Learn to Quilt</title_without_series>
  <image_url>https://images.gr-assets.com/books/1408312621m/15872871.jpg</image_url>
  <small_image_url>https://images.gr-assets.com/books/1408312621s/15872871.jpg</small_image_url>
  <large_image_url/>
  <link>https://www.goodreads.com/book/show/15872871-beginner-s-guide-to-quilting</link>
  <num_pages>127</num_pages>
  <format>Paperback</format>
  <edition_information/>
  <publisher>David &amp; Charles Publishers</publisher>
  <publication_day>7</publication_day>
  <publication_year>2013</publication_year>
  <publication_month>6</publication_month>
  <average_rating>3.79</average_rating>
  <ratings_count>33</ratings_count>
  <description>Learn how to make beautiful quilts with this comprehensive guide to patchwork and quilting for beginners. Covers all aspects of quilting from piecing and applique to quilting and binding. Choose from 16 simple projects, each focusing on a different technique, from bags and cushions to table mats, wall hangings and bed quilts. Clear illustrations and step-by-step instructions accompany each project, making them all suitable for even a complete novice. The book also includes a quilting glossary explaining common quilting and sewing terms.</description>
<authors>
<author>
<id>6486152</id>
<name>Liz Betts</name>
<role></role>
<image_url nophoto='false'>
<![CDATA[https://images.gr-assets.com/authors/1488113634p5/6486152.jpg]]>
</image_url>
<small_image_url nophoto='false'>
<![CDATA[https://images.gr-assets.com/authors/1488113634p2/6486152.jpg]]>
</small_image_url>
<link><![CDATA[https://www.goodreads.com/author/show/6486152.Liz_Betts]]></link>
<average_rating>3.76</average_rating>
<ratings_count>58</ratings_count>
<text_reviews_count>4</text_reviews_count>
</author>
</authors>
  <published>2013</published>
</book>


      <book>
  <id type="integer">24346757</id>
  <isbn>1446305910</isbn>
  <isbn13>9781446305911</isbn13>
  <text_reviews_count type="integer">1</text_reviews_count>
  <title>50 Fat Quarter Makes: 50 Sewing Projects Made Using Fat Quarters</title>
  <title_without_series>50 Fat Quarter Makes: 50 Sewing Projects Made Using Fat Quarters</title_without_series>
  <image_url>https://images.gr-assets.com/books/1421012543m/24346757.jpg</image_url>
  <small_image_url>https://images.gr-assets.com/books/1421012543s/24346757.jpg</small_image_url>
  <large_image_url/>
  <link>https://www.goodreads.com/book/show/24346757-50-fat-quarter-makes</link>
  <num_pages>144</num_pages>
  <format>Paperback</format>
  <edition_information/>
  <publisher>David &amp; Charles Publishers</publisher>
  <publication_day>21</publication_day>
  <publication_year>2015</publication_year>
  <publication_month>5</publication_month>
  <average_rating>3.72</average_rating>
  <ratings_count>25</ratings_count>
  <description>Fat quarters aren't just for quilters! All sewers love these inexpensive pieces of fabric and this book shows you how to create 50 fabulous projects from your stash!&lt;br /&gt;&lt;br /&gt;This unique collection of 50 quick-and-easy sewing projects includes contemporary ideas for DIY home decor, accessories, gifts and more--all made using fat quarters. Projects range from instant fixes like coin purses needing just one fat quarter, to quilts and wall hangings that need up to ten fat quarters which will really bust your fabric stash!&lt;br /&gt;&lt;br /&gt;Ten talented designers from across the blogosphere contribute their patterns--including cases and cosies, bags and baskets, pillows and playmats, quilts and clothes--bloggers featured include Kaye Prince, Kevin Kosab and Cynthia Shaffer from the US.</description>
<authors>
<author>
<id>14900321</id>
<name>Ame Verso</name>
<role>Editor</role>
<image_url nophoto='true'>
<![CDATA[https://s.gr-assets.com/assets/nophoto/user/u_200x266-e183445fd1a1b5cc7075bb1cf7043306.png]]>
</image_url>
<small_image_url nophoto='true'>
<![CDATA[https://s.gr-assets.com/assets/nophoto/user/u_50x66-632230dc9882b4352d753eedf9396530.png]]>
</small_image_url>
<link><![CDATA[https://www.goodreads.com/author/show/14900321.Ame_Verso]]></link>
<average_rating>3.72</average_rating>
<ratings_count>25</ratings_count>
<text_reviews_count>1</text_reviews_count>
</author>
</authors>
  <published>2015</published>
</book>


    </books>
</author>

</GoodreadsResponse>