<?xml version="1.0" encoding="UTF-8"?>
<GoodreadsResponse>
  <Request>
    <authentication>true</authentication>
      <key><![CDATA[sySok63UyYyWi2Wof1HocA]]></key>
    <method><![CDATA[author_show]]></method>
  </Request>
  <author>
  <id>6496846</id>
  <name>Kayci Reid</name>
  <link><![CDATA[https://www.goodreads.com/author/show/6496846.Kayci_Reid]]></link>
  <fans_count type="integer">8</fans_count>
  <author_followers_count type="integer">8</author_followers_count>
  <large_image_url><![CDATA[https://images.gr-assets.com/authors/1488536601p7/6496846.jpg]]></large_image_url>
  <image_url><![CDATA[https://images.gr-assets.com/authors/1488536601p5/6496846.jpg]]></image_url>
  <small_image_url><![CDATA[https://images.gr-assets.com/authors/1488536601p2/6496846.jpg]]></small_image_url>
  <about><![CDATA[Kayci Reid was born and raised in Queensland Australia, where she continues to reside with her incredible husband and two precious little boys. She published her first novel 'Convergence' at the age of 18 which earned a 5 star review from Readers Favorite in 2012. She shares her love of creating with her young sons who spin many terrific tales- almost all of which involve dragons or dinosaurs.<br /><br />If shes learned anything from her time as a mum its that, there is always time to make a mess and that creativity can come from anywhere!]]></about>
  <influences></influences>
  <works_count>2</works_count>
  <gender>female</gender>
  <hometown>Emerald</hometown>
  <born_at></born_at>
  <died_at></died_at>
  <goodreads_author>true</goodreads_author>
    <user>
  <id type="integer">10565601</id>
</user>


    <books>
      <book>
  <id type="integer">15898215</id>
  <isbn>1618976133</isbn>
  <isbn13>9781618976130</isbn13>
  <text_reviews_count type="integer">4</text_reviews_count>
  <title>Convergence</title>
  <title_without_series>Convergence</title_without_series>
  <image_url>https://images.gr-assets.com/books/1355053827m/15898215.jpg</image_url>
  <small_image_url>https://images.gr-assets.com/books/1355053827s/15898215.jpg</small_image_url>
  <large_image_url/>
  <link>https://www.goodreads.com/book/show/15898215-convergence</link>
  <num_pages>248</num_pages>
  <format>Paperback</format>
  <edition_information/>
  <publisher>Strategic Book Publishing &amp; Rights Agency, LLC</publisher>
  <publication_day>29</publication_day>
  <publication_year>2012</publication_year>
  <publication_month>5</publication_month>
  <average_rating>4.00</average_rating>
  <ratings_count>8</ratings_count>
  <description>For centuries the world has been plagued by immortals, a supernatural race of men and women who forfeited their souls for power and conquest. There is only one person in the world able to stop them. The only problem is, she had no idea. Ali O'Conohagn is a headstrong young woman, blissfully oblivious to the supernatural dangers that have plagued Earth for centuries and the preternatural warriors who want her dead. In the blink of an eye, her world is torn out of orbit when she finds herself face to face with one such warrior, Ronan. Thrust into a world she never dreamed existed, Ali learns that she has been chosen for something far greater then she could ever have imagined. She is an Animus Patronus, part of an ancient bloodline born to rid the world of these soulless killing machines. But there is one man who stands between her and certain death. Enter the mysterious Traecyn Broadie, whose arrogance and masculinity fascinates yet aggravates her to no end. He appears to be saving her life, but there is something seductively dangerous in his eyes, darkness within him that she cannot understand. As she delves into the mysteries that surround her elusive protector, Ali learns that there is more to him than meets the eye. She must come to terms with his dark past and decide if their love is true or merely a mystic Convergence. About the Author: Kayci Reid resides in Emerald, Central Queensland, Australia. She is working on her next novel. Publisher's website: &lt;a target="_blank" href="http://www.SBPRA.com/KayciReid" rel="nofollow"&gt;www.SBPRA.com/KayciReid&lt;/a&gt;</description>
<authors>
<author>
<id>6496846</id>
<name>Kayci Reid</name>
<role></role>
<image_url nophoto='false'>
<![CDATA[https://images.gr-assets.com/authors/1488536601p5/6496846.jpg]]>
</image_url>
<small_image_url nophoto='false'>
<![CDATA[https://images.gr-assets.com/authors/1488536601p2/6496846.jpg]]>
</small_image_url>
<link><![CDATA[https://www.goodreads.com/author/show/6496846.Kayci_Reid]]></link>
<average_rating>4.23</average_rating>
<ratings_count>13</ratings_count>
<text_reviews_count>6</text_reviews_count>
</author>
</authors>
  <published>2012</published>
</book>


      <book>
  <id type="integer">34673296</id>
  <isbn nil="true"/>
  <isbn13 nil="true"/>
  <text_reviews_count type="integer">1</text_reviews_count>
  <title>Mistress of the Crossroads</title>
  <title_without_series>Mistress of the Crossroads</title_without_series>
  <image_url>https://images.gr-assets.com/books/1490338405m/34673296.jpg</image_url>
  <small_image_url>https://images.gr-assets.com/books/1490338405s/34673296.jpg</small_image_url>
  <large_image_url/>
  <link>https://www.goodreads.com/book/show/34673296-mistress-of-the-crossroads</link>
  <num_pages></num_pages>
  <format>Kindle Edition</format>
  <edition_information/>
  <publisher></publisher>
  <publication_day></publication_day>
  <publication_year></publication_year>
  <publication_month></publication_month>
  <average_rating>4.60</average_rating>
  <ratings_count>5</ratings_count>
  <description>Immortality can be Hell, at least when you serve as a temptress for the Crossroads. For over a thousand years, Seraphine had played the part of dark seductress. What else could she do when Hell owned her soul? Working with demons, tempting souls down the path of corruption- it was all just another day in the office. Sure she had her looks and her youth, but eternity was a long time when your boss was literally a bitch from Hell. When her demoness superior hands her an impossible task, Seraphine finds herself pulled into a dark web of sinister conspiracies and hidden agendas. Failure is not an option and she must use all her skills just to stay alive. Who can she trust and who is only out for themselves? As she is pulled deeper and deeper into an immortal game of cat and mouse she finds herself questioning everything she has ever known. When nothing is as it seems and everything is at stake, she must forge unlikely alliances and play dangerous games. Will she rise to the challenge or trip and fall, all the way into Hell?&lt;br /&gt;&lt;br /&gt;Alternative Cover Addition.&lt;br /&gt;ASIN: B06XDPGBV7</description>
<authors>
<author>
<id>6496846</id>
<name>Kayci Reid</name>
<role></role>
<image_url nophoto='false'>
<![CDATA[https://images.gr-assets.com/authors/1488536601p5/6496846.jpg]]>
</image_url>
<small_image_url nophoto='false'>
<![CDATA[https://images.gr-assets.com/authors/1488536601p2/6496846.jpg]]>
</small_image_url>
<link><![CDATA[https://www.goodreads.com/author/show/6496846.Kayci_Reid]]></link>
<average_rating>4.23</average_rating>
<ratings_count>13</ratings_count>
<text_reviews_count>6</text_reviews_count>
</author>
</authors>
  <published></published>
</book>


    </books>
</author>

</GoodreadsResponse>