<?xml version="1.0" encoding="UTF-8"?>
<GoodreadsResponse>
  <Request>
    <authentication>true</authentication>
      <key><![CDATA[sySok63UyYyWi2Wof1HocA]]></key>
    <method><![CDATA[author_show]]></method>
  </Request>
  <author>
  <id>6524812</id>
  <name>Jane Gerencher</name>
  <link><![CDATA[https://www.goodreads.com/author/show/6524812.Jane_Gerencher]]></link>
  <fans_count type="integer">1</fans_count>
  <author_followers_count type="integer">1</author_followers_count>
  <large_image_url><![CDATA[https://images.gr-assets.com/authors/1442642622p7/6524812.jpg]]></large_image_url>
  <image_url><![CDATA[https://images.gr-assets.com/authors/1442642622p5/6524812.jpg]]></image_url>
  <small_image_url><![CDATA[https://images.gr-assets.com/authors/1442642622p2/6524812.jpg]]></small_image_url>
  <about></about>
  <influences></influences>
  <works_count>1</works_count>
  <gender>female</gender>
  <hometown></hometown>
  <born_at></born_at>
  <died_at></died_at>
  <goodreads_author>true</goodreads_author>
    <user>
  <id type="integer">12685998</id>
</user>


    <books>
      <book>
  <id type="integer">16002628</id>
  <isbn>0985250135</isbn>
  <isbn13>9780985250133</isbn13>
  <text_reviews_count type="integer">3</text_reviews_count>
  <title>Santa's Sugar</title>
  <title_without_series>Santa's Sugar</title_without_series>
  <image_url>https://images.gr-assets.com/books/1347344785m/16002628.jpg</image_url>
  <small_image_url>https://images.gr-assets.com/books/1347344785s/16002628.jpg</small_image_url>
  <large_image_url/>
  <link>https://www.goodreads.com/book/show/16002628-santa-s-sugar</link>
  <num_pages>51</num_pages>
  <format>Hardcover</format>
  <edition_information/>
  <publisher>Inkwell Productions</publisher>
  <publication_day>10</publication_day>
  <publication_year>2012</publication_year>
  <publication_month>5</publication_month>
  <average_rating>4.25</average_rating>
  <ratings_count>4</ratings_count>
  <description>Nugget is a little elf in Santa's workshop who cannot find his place and purpose. After being less than successful making toys and working in other departments, Nugget feels he is not a true elf. Fortunately, Santa is in need of an elf to care for his beloved cat, Sugar, and, after careful thought, chooses Nugget. Find out what happens to Nugget and learn with him that kindness and friendship along with wanting to do the right thing lead to happy endings.</description>
<authors>
<author>
<id>6524812</id>
<name>Jane Gerencher</name>
<role></role>
<image_url nophoto='false'>
<![CDATA[https://images.gr-assets.com/authors/1442642622p5/6524812.jpg]]>
</image_url>
<small_image_url nophoto='false'>
<![CDATA[https://images.gr-assets.com/authors/1442642622p2/6524812.jpg]]>
</small_image_url>
<link><![CDATA[https://www.goodreads.com/author/show/6524812.Jane_Gerencher]]></link>
<average_rating>4.25</average_rating>
<ratings_count>4</ratings_count>
<text_reviews_count>3</text_reviews_count>
</author>
</authors>
  <published>2012</published>
</book>


    </books>
</author>

</GoodreadsResponse>