<?xml version="1.0" encoding="UTF-8"?>
<GoodreadsResponse>
  <Request>
    <authentication>true</authentication>
      <key><![CDATA[sySok63UyYyWi2Wof1HocA]]></key>
    <method><![CDATA[author_show]]></method>
  </Request>
  <author>
  <id>6534760</id>
  <name>Don  Carter</name>
  <link><![CDATA[https://www.goodreads.com/author/show/6534760.Don_Carter]]></link>
  <fans_count type="integer">1</fans_count>
  <author_followers_count type="integer">1</author_followers_count>
  <large_image_url><![CDATA[https://images.gr-assets.com/authors/1442643270p7/6534760.jpg]]></large_image_url>
  <image_url><![CDATA[https://images.gr-assets.com/authors/1442643270p5/6534760.jpg]]></image_url>
  <small_image_url><![CDATA[https://images.gr-assets.com/authors/1442643270p2/6534760.jpg]]></small_image_url>
  <about></about>
  <influences></influences>
  <works_count>5</works_count>
  <gender>male</gender>
  <hometown></hometown>
  <born_at></born_at>
  <died_at></died_at>
  <goodreads_author>true</goodreads_author>
    <user>
  <id type="integer">31167225</id>
</user>


    <books>
      <book>
  <id type="integer">13242021</id>
  <isbn>146645640X</isbn>
  <isbn13>9781466456402</isbn13>
  <text_reviews_count type="integer">0</text_reviews_count>
  <title>Thaw: Freedom from Frozen Feelings</title>
  <title_without_series>Thaw: Freedom from Frozen Feelings</title_without_series>
  <image_url>https://images.gr-assets.com/books/1397435784m/13242021.jpg</image_url>
  <small_image_url>https://images.gr-assets.com/books/1397435784s/13242021.jpg</small_image_url>
  <large_image_url/>
  <link>https://www.goodreads.com/book/show/13242021-thaw</link>
  <num_pages>186</num_pages>
  <format>Paperback</format>
  <edition_information/>
  <publisher>Createspace Independent Publishing Platform</publisher>
  <publication_day>23</publication_day>
  <publication_year>2011</publication_year>
  <publication_month>10</publication_month>
  <average_rating>3.82</average_rating>
  <ratings_count>11</ratings_count>
  <description>THAW - Freedom from Frozen Feelings, is a book about the emotional wounds of abandonment, shame, and contempt created by growing up in a less-than-nurturing family. If you experience abandonment issues, emotional flooding, toxic shame, a pattern of dysfunctional relationships, or you help people who do, THAW - Freedom from Frozen Feelings is a "must have." The book outlines the wounding process experienced by those who were raised in a less-than-nurturing family; how those emotional wounds show up in various personal and interpersonal problems in adulthood. An innovative, easy to understand, integrated model of addiction, codependency, enabling relationships, Adult/Child Syndrome and other manifestations of emotional abandonment is presented. Moderate to severe cases of abandonment comes from situations in which the child does not fully or consistently get their emotional dependency needs met such as when the child lives in a shame-based family system.</description>
<authors>
<author>
<id>6534760</id>
<name>Don  Carter</name>
<role></role>
<image_url nophoto='false'>
<![CDATA[https://images.gr-assets.com/authors/1442643270p5/6534760.jpg]]>
</image_url>
<small_image_url nophoto='false'>
<![CDATA[https://images.gr-assets.com/authors/1442643270p2/6534760.jpg]]>
</small_image_url>
<link><![CDATA[https://www.goodreads.com/author/show/6534760.Don_Carter]]></link>
<average_rating>3.86</average_rating>
<ratings_count>28</ratings_count>
<text_reviews_count>0</text_reviews_count>
</author>
</authors>
  <published>2011</published>
</book>


      <book>
  <id type="integer">18916331</id>
  <isbn nil="true"/>
  <isbn13 nil="true"/>
  <text_reviews_count type="integer">0</text_reviews_count>
  <title>Thawing Toxic Relationships (Thawing the Iceberg Series)</title>
  <title_without_series>Thawing Toxic Relationships</title_without_series>
  <image_url>https://s.gr-assets.com/assets/nophoto/book/111x148-bcc042a9c91a29c1d680899eff700a03.png</image_url>
  <small_image_url>https://s.gr-assets.com/assets/nophoto/book/50x75-a91bf249278a81aabab721ef782c4a74.png</small_image_url>
  <large_image_url/>
  <link>https://www.goodreads.com/book/show/18916331-thawing-toxic-relationships</link>
  <num_pages></num_pages>
  <format></format>
  <edition_information/>
  <publisher></publisher>
  <publication_day></publication_day>
  <publication_year></publication_year>
  <publication_month></publication_month>
  <average_rating>4.00</average_rating>
  <ratings_count>4</ratings_count>
  <description>Thawing Toxic Relationships is number three of a four part series entitled Thawing the Iceberg. The Thawing the Iceberg Series is designed to address various issues outlined in the author's bestselling book, Thaw - Freedom from Frozen feelings. The other two books in the Series are: Thawing Adult/Child Syndrome and Thawing Childhood Abandonment Issues.&lt;br /&gt;&lt;br /&gt;Thawing Toxic Relationships is a book about healing and co-creating healthy, functional relationships for those who grew up in a dysfunctional family. If you relate to Don Carter's Iceberg Model, would like to have a genuinely happy and functional relationship then this book is for you! Building healthy relationships, a skill that eludes most people who have been raised in a less-than-nurturing family, is the ultimate objective for Thawing Toxic Relationships.&lt;br /&gt;&lt;br /&gt;Read about the Cycle of Drama, the Chemistry of drama how to save your marriage, improve communication, how to set and maintain healthy boundaries, be assertiveness, identify relationship mind games (Distance and Pursuit games, the Punishment Cycle, the Drama Triangle - and why we play them). Gather the tools and skills necessary to overcome these and many other dysfunctional relationship patterns.&lt;br /&gt;&lt;br /&gt;Thawing Toxic Relationships - Sample of content&lt;br /&gt;&lt;br /&gt;NOTE: All books in the Thawing the Iceberg Series contain the Iceberg Model in the first five chapters so that they stand-alone as a complete work.&lt;br /&gt;&lt;br /&gt;Chapter 1: "What the hell is wrong with you?" (p.4) Motivation, Dependency Needs, Iceberg Model&lt;br /&gt;&lt;br /&gt;Chapter 2: Anatomy of an Emotional Wound (p.16) Abandonment, Shame, &amp;amp; Contempt - False Self&lt;br /&gt;&lt;br /&gt;Chapter 3: The Art of Survival (p.28) External Focus, Impression Management - Invented Self&lt;br /&gt;&lt;br /&gt;Chapter 4: Who am I Really? (p.36) Imperfect World &amp;amp; Spirituality - True Self&lt;br /&gt;&lt;br /&gt;Chapter 5: Distractions &amp;amp; Dependencies (p.40) Addictions, Obsessions/Compulsions, and Other Issues&lt;br /&gt;&lt;br /&gt;Sample of Exercises &amp;amp; Recovery Activities:&lt;br /&gt;&lt;br /&gt;Workbook Introduction: Separateness &amp;amp; Connectedness (p.46) Distance &amp;amp; Pursuit; Ego-State Functioning&lt;br /&gt;&lt;br /&gt;From Section 1.1: Core Issues &amp;amp; Relationships Styles (p.49) Externalizers &amp;amp; Internalizers; Codependents &amp;amp; Counter-Dependents&lt;br /&gt;&lt;br /&gt;From Section 1.2: Exploring Your Developmental Stages (p.54) Assessing the Development of Psychological Positions &amp;amp; Relationship Styles&lt;br /&gt;&lt;br /&gt;From Section 1.3: Infatuation &amp;amp; Identification vs. True Intimacy (p.65) Why we Hurt the Ones we Love: Cycles of Abandonment, Shame, and Contempt&lt;br /&gt;&lt;br /&gt;From Section 1.4: Psychological Sweatshirt's (p.72) Examples of Mixed Messages &amp;amp; Relationship Polarities&lt;br /&gt;&lt;br /&gt;From Section 2.1: Structuring Time &amp;amp; the Three Hungers of the Inner Child (p.76) Structure Hunger, Stimulus Hunger, &amp;amp; Position Hunger&lt;br /&gt;&lt;br /&gt;From Section 2.3: Games We Play (p.86) Complimentary &amp;amp; Crossed Transactions&lt;br /&gt;&lt;br /&gt;From Section 2.3: Distorted Perceptions, Payoffs for Playing Games (p.94) Some Classic Mind Games, Moves, and Payoffs&lt;br /&gt;&lt;br /&gt;From Section 3.3: Are You Living Life in Reaction? (p.110) Friend or Foe? - Treating Each Other Like an Enemy&lt;br /&gt;&lt;br /&gt;From Section 3.7: Key Relationship Skills (p.119) Communication &amp;amp; Ego-State Functioning&lt;br /&gt;&lt;br /&gt;From Section 3.7.6: Analyzing Your Transactions (p.127) Analyzing Communication, Feelings &amp;amp; Emotions"</description>
<authors>
<author>
<id>6534760</id>
<name>Don  Carter</name>
<role></role>
<image_url nophoto='false'>
<![CDATA[https://images.gr-assets.com/authors/1442643270p5/6534760.jpg]]>
</image_url>
<small_image_url nophoto='false'>
<![CDATA[https://images.gr-assets.com/authors/1442643270p2/6534760.jpg]]>
</small_image_url>
<link><![CDATA[https://www.goodreads.com/author/show/6534760.Don_Carter]]></link>
<average_rating>3.86</average_rating>
<ratings_count>28</ratings_count>
<text_reviews_count>0</text_reviews_count>
</author>
</authors>
  <published></published>
</book>


      <book>
  <id type="integer">14429192</id>
  <isbn>1475022719</isbn>
  <isbn13>9781475022711</isbn13>
  <text_reviews_count type="integer">0</text_reviews_count>
  <title>Thawing Adult-Child Syndrome and Other Codependent Patterns</title>
  <title_without_series>Thawing Adult-Child Syndrome and Other Codependent Patterns</title_without_series>
  <image_url>https://images.gr-assets.com/books/1397435378m/14429192.jpg</image_url>
  <small_image_url>https://images.gr-assets.com/books/1397435378s/14429192.jpg</small_image_url>
  <large_image_url/>
  <link>https://www.goodreads.com/book/show/14429192-thawing-adult-child-syndrome-and-other-codependent-patterns</link>
  <num_pages>238</num_pages>
  <format>Paperback</format>
  <edition_information/>
  <publisher>Createspace Independent Publishing Platform</publisher>
  <publication_day>8</publication_day>
  <publication_year>2012</publication_year>
  <publication_month>4</publication_month>
  <average_rating>4.00</average_rating>
  <ratings_count>6</ratings_count>
  <description></description>
<authors>
<author>
<id>6534760</id>
<name>Don  Carter</name>
<role></role>
<image_url nophoto='false'>
<![CDATA[https://images.gr-assets.com/authors/1442643270p5/6534760.jpg]]>
</image_url>
<small_image_url nophoto='false'>
<![CDATA[https://images.gr-assets.com/authors/1442643270p2/6534760.jpg]]>
</small_image_url>
<link><![CDATA[https://www.goodreads.com/author/show/6534760.Don_Carter]]></link>
<average_rating>3.86</average_rating>
<ratings_count>28</ratings_count>
<text_reviews_count>0</text_reviews_count>
</author>
</authors>
  <published>2012</published>
</book>


      <book>
  <id type="integer">15826901</id>
  <isbn>1477634762</isbn>
  <isbn13>9781477634769</isbn13>
  <text_reviews_count type="integer">0</text_reviews_count>
  <title>Thawing Childhood Abandonment Issues</title>
  <title_without_series>Thawing Childhood Abandonment Issues</title_without_series>
  <image_url>https://images.gr-assets.com/books/1397433840m/15826901.jpg</image_url>
  <small_image_url>https://images.gr-assets.com/books/1397433840s/15826901.jpg</small_image_url>
  <large_image_url/>
  <link>https://www.goodreads.com/book/show/15826901-thawing-childhood-abandonment-issues</link>
  <num_pages>187</num_pages>
  <format>Paperback</format>
  <edition_information/>
  <publisher>Createspace Independent Publishing Platform</publisher>
  <publication_day>10</publication_day>
  <publication_year>2012</publication_year>
  <publication_month>6</publication_month>
  <average_rating>3.83</average_rating>
  <ratings_count>6</ratings_count>
  <description>Thawing Childhood Abandonment Issues is an "Inner Child" approach for grieving abandonment issues and healing the unfinished business of childhood. Since the wounds of unmet childhood needs are emotional in nature, recovery from these wounds needs a healing process emotional in nature.&lt;br /&gt;&lt;br /&gt;More at &lt;a target="_blank" href="http://www.Internet-of-the-Mind.com" rel="nofollow"&gt;www.Internet-of-the-Mind.com&lt;/a&gt;</description>
<authors>
<author>
<id>6534760</id>
<name>Don  Carter</name>
<role></role>
<image_url nophoto='false'>
<![CDATA[https://images.gr-assets.com/authors/1442643270p5/6534760.jpg]]>
</image_url>
<small_image_url nophoto='false'>
<![CDATA[https://images.gr-assets.com/authors/1442643270p2/6534760.jpg]]>
</small_image_url>
<link><![CDATA[https://www.goodreads.com/author/show/6534760.Don_Carter]]></link>
<average_rating>3.86</average_rating>
<ratings_count>28</ratings_count>
<text_reviews_count>0</text_reviews_count>
</author>
</authors>
  <published>2012</published>
</book>


      <book>
  <id type="integer">21531895</id>
  <isbn nil="true"/>
  <isbn13 nil="true"/>
  <text_reviews_count type="integer">0</text_reviews_count>
  <title>The Iceberg (Thawing the Iceberg Series)</title>
  <title_without_series>The Iceberg</title_without_series>
  <image_url>https://s.gr-assets.com/assets/nophoto/book/111x148-bcc042a9c91a29c1d680899eff700a03.png</image_url>
  <small_image_url>https://s.gr-assets.com/assets/nophoto/book/50x75-a91bf249278a81aabab721ef782c4a74.png</small_image_url>
  <large_image_url/>
  <link>https://www.goodreads.com/book/show/21531895-the-iceberg</link>
  <num_pages></num_pages>
  <format></format>
  <edition_information/>
  <publisher></publisher>
  <publication_day></publication_day>
  <publication_year></publication_year>
  <publication_month></publication_month>
  <average_rating>3.00</average_rating>
  <ratings_count>1</ratings_count>
  <description></description>
<authors>
<author>
<id>6534760</id>
<name>Don  Carter</name>
<role></role>
<image_url nophoto='false'>
<![CDATA[https://images.gr-assets.com/authors/1442643270p5/6534760.jpg]]>
</image_url>
<small_image_url nophoto='false'>
<![CDATA[https://images.gr-assets.com/authors/1442643270p2/6534760.jpg]]>
</small_image_url>
<link><![CDATA[https://www.goodreads.com/author/show/6534760.Don_Carter]]></link>
<average_rating>3.86</average_rating>
<ratings_count>28</ratings_count>
<text_reviews_count>0</text_reviews_count>
</author>
</authors>
  <published></published>
</book>


    </books>
</author>

</GoodreadsResponse>