<?xml version="1.0" encoding="UTF-8"?>
<GoodreadsResponse>
  <Request>
    <authentication>true</authentication>
      <key><![CDATA[sySok63UyYyWi2Wof1HocA]]></key>
    <method><![CDATA[author_show]]></method>
  </Request>
  <author>
  <id>6540588</id>
  <name>Herman O. Lantang</name>
  <link><![CDATA[https://www.goodreads.com/author/show/6540588.Herman_O_Lantang]]></link>
  <fans_count type="integer">0</fans_count>
  <author_followers_count type="integer">0</author_followers_count>
  <large_image_url><![CDATA[https://s.gr-assets.com/assets/nophoto/user/m_333x500-a9c67bed07ee7e10983a5d5ccc572516.png]]></large_image_url>
  <image_url><![CDATA[https://s.gr-assets.com/assets/nophoto/user/m_200x266-d279b33f8eec0f27b7272477f09806be.png]]></image_url>
  <small_image_url><![CDATA[https://s.gr-assets.com/assets/nophoto/user/m_50x66-82093808bca726cb3249a493fbd3bd0f.png]]></small_image_url>
  <about></about>
  <influences></influences>
  <works_count>1</works_count>
  <gender>male</gender>
  <hometown></hometown>
  <born_at></born_at>
  <died_at></died_at>
  <goodreads_author></goodreads_author>

    <books>
      <book>
  <id type="integer">1928828</id>
  <isbn>9797631907</isbn>
  <isbn13>9789797631907</isbn13>
  <text_reviews_count type="integer">6</text_reviews_count>
  <title>Jejak Sang Beruang Gunung: Hidup dan Petualangan Norman Edwin</title>
  <title_without_series>Jejak Sang Beruang Gunung: Hidup dan Petualangan Norman Edwin</title_without_series>
  <image_url>https://images.gr-assets.com/books/1264408608m/1928828.jpg</image_url>
  <small_image_url>https://images.gr-assets.com/books/1264408608s/1928828.jpg</small_image_url>
  <large_image_url/>
  <link>https://www.goodreads.com/book/show/1928828.Jejak_Sang_Beruang_Gunung</link>
  <num_pages>298</num_pages>
  <format>Paperback</format>
  <edition_information/>
  <publisher>ANDI</publisher>
  <publication_day/>
  <publication_year>2006</publication_year>
  <publication_month/>
  <average_rating>4.08</average_rating>
  <ratings_count>59</ratings_count>
  <description>Siang itu tanggal 20 Maret 1992. Di sana, di hamparan salju putih, sesosok tubuh tinggi besar sedang berjuang keras melintasi tanjakan dengan kemiringan 40 derajat pada ketinggian 6.700 meter. Niatnya sudah bulat. Ia akan mengibarkan Sang Merah Putih dan Panji Mapala UI di Puncak Aconcagua. Ya, puncak tertinggi Amerika Selatan itu hanya tinggal 200 meter lagi!&lt;br /&gt;&lt;br /&gt;Meski semangat terus membara, namun gerak tubuh itu kian perlahan. Sekilas ia teringat Didiek Samsu, yang juga keletihan dan kini beristirahat tak jauh di bawahnya. Lalu tarbayang wajah mungil Melati, anaknya. Karina, isterinya. Juga wajah-wajah keluarga yang dicintainya. Serta para sahabatnya yang sering menyuruhnya kembali. Iapun meringis.. &lt;br /&gt;&lt;br /&gt;"Aku akan sampai ke puncak. Kini aku akan istirahat sejenak." pikirnya. Tak lama kemudian matanyapun terpejam. Rasa letih dan kantuk itu telah membiusnya dan mengantarkan jiwanya ke puncak.</description>
<authors>
<author>
<id>877386</id>
<name>Ganezh</name>
<role></role>
<image_url nophoto='true'>
<![CDATA[https://s.gr-assets.com/assets/nophoto/user/m_200x266-d279b33f8eec0f27b7272477f09806be.png]]>
</image_url>
<small_image_url nophoto='true'>
<![CDATA[https://s.gr-assets.com/assets/nophoto/user/m_50x66-82093808bca726cb3249a493fbd3bd0f.png]]>
</small_image_url>
<link><![CDATA[https://www.goodreads.com/author/show/877386.Ganezh]]></link>
<average_rating>4.06</average_rating>
<ratings_count>62</ratings_count>
<text_reviews_count>8</text_reviews_count>
</author>
</authors>
  <published>2006</published>
</book>


    </books>
</author>

</GoodreadsResponse>