<?xml version="1.0" encoding="UTF-8"?>
<GoodreadsResponse>
  <Request>
    <authentication>true</authentication>
      <key><![CDATA[sySok63UyYyWi2Wof1HocA]]></key>
    <method><![CDATA[author_show]]></method>
  </Request>
  <author>
  <id>6548682</id>
  <name>Jesse Prewitt</name>
  <link><![CDATA[https://www.goodreads.com/author/show/6548682.Jesse_Prewitt]]></link>
  <fans_count type="integer">0</fans_count>
  <author_followers_count type="integer">0</author_followers_count>
  <large_image_url><![CDATA[https://images.gr-assets.com/authors/1349376639p7/6548682.jpg]]></large_image_url>
  <image_url><![CDATA[https://images.gr-assets.com/authors/1349376639p5/6548682.jpg]]></image_url>
  <small_image_url><![CDATA[https://images.gr-assets.com/authors/1349376639p2/6548682.jpg]]></small_image_url>
  <about><![CDATA[Still clinging to his Country Boy roots, Jesse was born to a work-at-home Mother and a Bi-Vocational Baptist Pastor Father. This Christian-Home upbringing, combined with the work ethic of an agrarian lifestyle, flavors his unique writing and teaching skills. Jesse came to Christ at an early age but faced some personal struggles in his life that challenged his faith and threatened his ministry. After many years at what Jesse affectionately refers to as "Wilderness University", the Lord brought Jesse full circle and confronted him with this commitment to Christ and his call to the ministry. <br /><br /><br /> Jesse later attended Liberty University and is currently pursuing further Seminary studies while he is involved in church planting, and works with small rural churches in assisting them to effectively share the Good News of Christ, help them heal, and rebuild both their congregations and their faith, in the wake of tragic events resulting in the loss of attendance and/or their pastor. <br /><br /><br /><br />Armed with a sharp rapier wit and a lovable sense of humor, Jesse is well known for his masterful ability to present Biblical Truth in what is often described as "a clear and easy to understand manner", that challenges the hearer to draw closer to Christ. Jesse and his family make their home near Houston, Texas. <br />]]></about>
  <influences></influences>
  <works_count>2</works_count>
  <gender>male</gender>
  <hometown></hometown>
  <born_at></born_at>
  <died_at></died_at>
  <goodreads_author></goodreads_author>

    <books>
      <book>
  <id type="integer">16067289</id>
  <isbn>1449764185</isbn>
  <isbn13>9781449764180</isbn13>
  <text_reviews_count type="integer">1</text_reviews_count>
  <title>America: Danger Close!</title>
  <title_without_series>America: Danger Close!</title_without_series>
  <image_url>https://images.gr-assets.com/books/1349376556m/16067289.jpg</image_url>
  <small_image_url>https://images.gr-assets.com/books/1349376556s/16067289.jpg</small_image_url>
  <large_image_url/>
  <link>https://www.goodreads.com/book/show/16067289-america</link>
  <num_pages>112</num_pages>
  <format>Paperback</format>
  <edition_information/>
  <publisher>WestBowPress </publisher>
  <publication_day/>
  <publication_year>2012</publication_year>
  <publication_month>9</publication_month>
  <average_rating>4.00</average_rating>
  <ratings_count>1</ratings_count>
  <description>America is in Critical Condition!&lt;br /&gt;&lt;br /&gt;Only the Christians hold the KEY to save her!&lt;br /&gt;&lt;br /&gt;This book reveals what MUST be done, before it's too late for America! &lt;br /&gt;&lt;br /&gt;America: Danger Close! offers guidance to every church leader in America. Christians know what must be done to deliver this great nation from its critical condition, but will people do it--before it's too late? &lt;br /&gt;&lt;br /&gt;Save America NOW!</description>
<authors>
<author>
<id>6548682</id>
<name>Jesse Prewitt</name>
<role></role>
<image_url nophoto='false'>
<![CDATA[https://images.gr-assets.com/authors/1349376639p5/6548682.jpg]]>
</image_url>
<small_image_url nophoto='false'>
<![CDATA[https://images.gr-assets.com/authors/1349376639p2/6548682.jpg]]>
</small_image_url>
<link><![CDATA[https://www.goodreads.com/author/show/6548682.Jesse_Prewitt]]></link>
<average_rating>4.00</average_rating>
<ratings_count>1</ratings_count>
<text_reviews_count>1</text_reviews_count>
</author>
</authors>
  <published>2012</published>
</book>


      <book>
  <id type="integer">16212150</id>
  <isbn>1449764207</isbn>
  <isbn13>9781449764203</isbn13>
  <text_reviews_count type="integer">0</text_reviews_count>
  <title>America: Danger Close!: (Will It Be) Revival or Revolution?</title>
  <title_without_series>America: Danger Close!: (Will It Be) Revival or Revolution?</title_without_series>
  <image_url>https://images.gr-assets.com/books/1355843545m/16212150.jpg</image_url>
  <small_image_url>https://images.gr-assets.com/books/1355843545s/16212150.jpg</small_image_url>
  <large_image_url/>
  <link>https://www.goodreads.com/book/show/16212150-america</link>
  <num_pages>112</num_pages>
  <format>Hardcover</format>
  <edition_information/>
  <publisher>WestBow Press</publisher>
  <publication_day>31</publication_day>
  <publication_year>2012</publication_year>
  <publication_month>8</publication_month>
  <average_rating>0.0</average_rating>
  <ratings_count>0</ratings_count>
  <description>America: Danger Close! offers guidance for every church leader in America. We Christians know what must be done to deliver this great nation from its critical condition, but will we do it--before it's too late?</description>
<authors>
<author>
<id>6548682</id>
<name>Jesse Prewitt</name>
<role></role>
<image_url nophoto='false'>
<![CDATA[https://images.gr-assets.com/authors/1349376639p5/6548682.jpg]]>
</image_url>
<small_image_url nophoto='false'>
<![CDATA[https://images.gr-assets.com/authors/1349376639p2/6548682.jpg]]>
</small_image_url>
<link><![CDATA[https://www.goodreads.com/author/show/6548682.Jesse_Prewitt]]></link>
<average_rating>4.00</average_rating>
<ratings_count>1</ratings_count>
<text_reviews_count>1</text_reviews_count>
</author>
</authors>
  <published>2012</published>
</book>


    </books>
</author>

</GoodreadsResponse>