<?xml version="1.0" encoding="UTF-8"?>
<GoodreadsResponse>
  <Request>
    <authentication>true</authentication>
      <key><![CDATA[sySok63UyYyWi2Wof1HocA]]></key>
    <method><![CDATA[author_show]]></method>
  </Request>
  <author>
  <id>6572495</id>
  <name>Adele Carrington</name>
  <link><![CDATA[https://www.goodreads.com/author/show/6572495.Adele_Carrington]]></link>
  <fans_count type="integer">1</fans_count>
  <author_followers_count type="integer">1</author_followers_count>
  <large_image_url><![CDATA[https://images.gr-assets.com/authors/1437728983p7/6572495.jpg]]></large_image_url>
  <image_url><![CDATA[https://images.gr-assets.com/authors/1437728983p5/6572495.jpg]]></image_url>
  <small_image_url><![CDATA[https://images.gr-assets.com/authors/1437728983p2/6572495.jpg]]></small_image_url>
  <about></about>
  <influences></influences>
  <works_count>2</works_count>
  <gender>female</gender>
  <hometown></hometown>
  <born_at></born_at>
  <died_at></died_at>
  <goodreads_author>true</goodreads_author>
    <user>
  <id type="integer">13958425</id>
</user>


    <books>
      <book>
  <id type="integer">17132236</id>
  <isbn>1909224162</isbn>
  <isbn13>9781909224162</isbn13>
  <text_reviews_count type="integer">2</text_reviews_count>
  <title>Denial - The Varcolac Journals</title>
  <title_without_series>Denial - The Varcolac Journals</title_without_series>
  <image_url>https://images.gr-assets.com/books/1356209678m/17132236.jpg</image_url>
  <small_image_url>https://images.gr-assets.com/books/1356209678s/17132236.jpg</small_image_url>
  <large_image_url/>
  <link>https://www.goodreads.com/book/show/17132236-denial---the-varcolac-journals</link>
  <num_pages>212</num_pages>
  <format>Paperback</format>
  <edition_information/>
  <publisher>Netherworld Books</publisher>
  <publication_day>23</publication_day>
  <publication_year>2012</publication_year>
  <publication_month>11</publication_month>
  <average_rating>4.00</average_rating>
  <ratings_count>8</ratings_count>
  <description>"After careful consideration and contemplation involving far too much alcohol I am resigned to the fact that I hate my life. I am a single thirty-one year old woman, living alone in my two bed terrace on the outskirts of Leeds. I have no job and three failed relationships, the last ending when the bastard bit me, seriously, this guy drew blood." Faith Thomlinson's life isn't living up to expectations, her dull monotonous life had been interrupted by the wealthy enigmatic Jonathan. It's a shame that he isn't all he seems, or is that he is more than he seems? Jonathan holds a bloody secret that will endanger Faith's life and challenge everything she thinks she knows. Adele Carrington is the new name in Urban Fantasy. A truly British book that takes you on page turning journey of Denial</description>
<authors>
<author>
<id>6572495</id>
<name>Adele Carrington</name>
<role></role>
<image_url nophoto='false'>
<![CDATA[https://images.gr-assets.com/authors/1437728983p5/6572495.jpg]]>
</image_url>
<small_image_url nophoto='false'>
<![CDATA[https://images.gr-assets.com/authors/1437728983p2/6572495.jpg]]>
</small_image_url>
<link><![CDATA[https://www.goodreads.com/author/show/6572495.Adele_Carrington]]></link>
<average_rating>4.33</average_rating>
<ratings_count>15</ratings_count>
<text_reviews_count>4</text_reviews_count>
</author>
</authors>
  <published>2012</published>
</book>


      <book>
  <id type="integer">25412789</id>
  <isbn nil="true"/>
  <isbn13 nil="true"/>
  <text_reviews_count type="integer">2</text_reviews_count>
  <title>Blow Row: Off Charley Street</title>
  <title_without_series>Blow Row: Off Charley Street</title_without_series>
  <image_url>https://s.gr-assets.com/assets/nophoto/book/111x148-bcc042a9c91a29c1d680899eff700a03.png</image_url>
  <small_image_url>https://s.gr-assets.com/assets/nophoto/book/50x75-a91bf249278a81aabab721ef782c4a74.png</small_image_url>
  <large_image_url/>
  <link>https://www.goodreads.com/book/show/25412789-blow-row</link>
  <num_pages></num_pages>
  <format></format>
  <edition_information/>
  <publisher></publisher>
  <publication_day></publication_day>
  <publication_year></publication_year>
  <publication_month></publication_month>
  <average_rating>4.71</average_rating>
  <ratings_count>7</ratings_count>
  <description></description>
<authors>
<author>
<id>1093605</id>
<name>James McGrath</name>
<role></role>
<image_url nophoto='true'>
<![CDATA[https://s.gr-assets.com/assets/nophoto/user/u_200x266-e183445fd1a1b5cc7075bb1cf7043306.png]]>
</image_url>
<small_image_url nophoto='true'>
<![CDATA[https://s.gr-assets.com/assets/nophoto/user/u_50x66-632230dc9882b4352d753eedf9396530.png]]>
</small_image_url>
<link><![CDATA[https://www.goodreads.com/author/show/1093605.James_McGrath]]></link>
<average_rating>4.38</average_rating>
<ratings_count>13</ratings_count>
<text_reviews_count>3</text_reviews_count>
</author>
</authors>
  <published></published>
</book>


    </books>
</author>

</GoodreadsResponse>