<?xml version="1.0" encoding="UTF-8"?>
<GoodreadsResponse>
  <Request>
    <authentication>true</authentication>
      <key><![CDATA[sySok63UyYyWi2Wof1HocA]]></key>
    <method><![CDATA[author_show]]></method>
  </Request>
  <author>
  <id>6581147</id>
  <name>Christian B. Guyant</name>
  <link><![CDATA[https://www.goodreads.com/author/show/6581147.Christian_B_Guyant]]></link>
  <fans_count type="integer">2</fans_count>
  <author_followers_count type="integer">2</author_followers_count>
  <large_image_url><![CDATA[https://images.gr-assets.com/authors/1353199812p7/6581147.jpg]]></large_image_url>
  <image_url><![CDATA[https://images.gr-assets.com/authors/1353199812p5/6581147.jpg]]></image_url>
  <small_image_url><![CDATA[https://images.gr-assets.com/authors/1353199812p2/6581147.jpg]]></small_image_url>
  <about><![CDATA[Christian B. Guyant is an author, hard core horror fan, and super nerd all wrapped up in one average man. He has published several short stories and recently published his first book, Hauss Vegas, the first in his new series The New Vegas.<br /><br />Christian has always been a fan of all things horror. His books are graphic, dark, and highly emotional. He injects his off sense of humor into his writing making for a unique reading experience.<br /><br />Christian is 23 and lives alone in his apartment in Orem, Utah where he stays up all night and obsesses about all things horror.<br /><br /><br /><br />You can contact Christian directly with any comments, questions, or requests at cbguyant@gmail.com]]></about>
  <influences></influences>
  <works_count>1</works_count>
  <gender>male</gender>
  <hometown></hometown>
  <born_at></born_at>
  <died_at></died_at>
  <goodreads_author>true</goodreads_author>
    <user>
  <id type="integer">14607309</id>
</user>


    <books>
      <book>
  <id type="integer">16153088</id>
  <isbn nil="true"/>
  <isbn13>B00A64NWBY</isbn13>
  <text_reviews_count type="integer">1</text_reviews_count>
  <title>Hauss Vegas (New Vegas, #1)</title>
  <title_without_series>Hauss Vegas</title_without_series>
  <image_url>https://images.gr-assets.com/books/1353198915m/16153088.jpg</image_url>
  <small_image_url>https://images.gr-assets.com/books/1353198915s/16153088.jpg</small_image_url>
  <large_image_url/>
  <link>https://www.goodreads.com/book/show/16153088-hauss-vegas</link>
  <num_pages>149</num_pages>
  <format>ebook</format>
  <edition_information/>
  <publisher>Christian B. Guyant</publisher>
  <publication_day>10</publication_day>
  <publication_year>2012</publication_year>
  <publication_month>10</publication_month>
  <average_rating>5.00</average_rating>
  <ratings_count>2</ratings_count>
  <description>"Guyant is a very sick man, and we love it."&lt;br /&gt;&lt;br /&gt;The Walking Dead meets Christopher Moore in this dark zombie thriller. &lt;br /&gt;&lt;br /&gt;Ricky Houghton is a young father whose life falls apart after an outbreak of the UND-34D virus. After losing his family, job, and everything he worked hard to earn, he must find his way to Las Vegas and discover a new life in the zombie infested world.&lt;br /&gt;&lt;br /&gt;"Christian B. Guyant is pioneering a new shift in the dark horror genre. With graphic violence, strait forward story telling, and laugh out loud jokes, Guyant is a fresh look into our deepest fears."</description>
<authors>
<author>
<id>6581147</id>
<name>Christian B. Guyant</name>
<role></role>
<image_url nophoto='false'>
<![CDATA[https://images.gr-assets.com/authors/1353199812p5/6581147.jpg]]>
</image_url>
<small_image_url nophoto='false'>
<![CDATA[https://images.gr-assets.com/authors/1353199812p2/6581147.jpg]]>
</small_image_url>
<link><![CDATA[https://www.goodreads.com/author/show/6581147.Christian_B_Guyant]]></link>
<average_rating>5.00</average_rating>
<ratings_count>2</ratings_count>
<text_reviews_count>1</text_reviews_count>
</author>
</authors>
  <published>2012</published>
</book>


    </books>
</author>

</GoodreadsResponse>