<?xml version="1.0" encoding="UTF-8"?>
<GoodreadsResponse>
  <Request>
    <authentication>true</authentication>
      <key><![CDATA[sySok63UyYyWi2Wof1HocA]]></key>
    <method><![CDATA[author_show]]></method>
  </Request>
  <author>
  <id>6627611</id>
  <name>Daniel Farrelly</name>
  <link><![CDATA[https://www.goodreads.com/author/show/6627611.Daniel_Farrelly]]></link>
  <fans_count type="integer">1</fans_count>
  <author_followers_count type="integer">1</author_followers_count>
  <large_image_url><![CDATA[https://images.gr-assets.com/authors/1467798080p7/6627611.jpg]]></large_image_url>
  <image_url><![CDATA[https://images.gr-assets.com/authors/1467798080p5/6627611.jpg]]></image_url>
  <small_image_url><![CDATA[https://images.gr-assets.com/authors/1467798080p2/6627611.jpg]]></small_image_url>
  <about></about>
  <influences></influences>
  <works_count>2</works_count>
  <gender>male</gender>
  <hometown></hometown>
  <born_at></born_at>
  <died_at></died_at>
  <goodreads_author>true</goodreads_author>
    <user>
  <id type="integer">25860620</id>
</user>


    <books>
      <book>
  <id type="integer">16256935</id>
  <isbn>1922022594</isbn>
  <isbn13>9781922022592</isbn13>
  <text_reviews_count type="integer">1</text_reviews_count>
  <title>Through the Portal</title>
  <title_without_series>Through the Portal</title_without_series>
  <image_url>https://images.gr-assets.com/books/1359387900m/16256935.jpg</image_url>
  <small_image_url>https://images.gr-assets.com/books/1359387900s/16256935.jpg</small_image_url>
  <large_image_url/>
  <link>https://www.goodreads.com/book/show/16256935-through-the-portal</link>
  <num_pages>318</num_pages>
  <format>Paperback</format>
  <edition_information/>
  <publisher>Vivid Publishing</publisher>
  <publication_day>9</publication_day>
  <publication_year>2012</publication_year>
  <publication_month>10</publication_month>
  <average_rating>2.00</average_rating>
  <ratings_count>1</ratings_count>
  <description>Beyond the portal is a universe where space travel is possible. Where humans are hunted. Where murder is legal. - - - When James and Rachael, two teenagers from Earth, become trapped in a parallel dimension, they must integrate in order to survive. New languages, new races, new religions, and a new way of life. Because there's no way home. But some faces will be friendlier than others, and eventually James and Rachael will have to go to war. Because in a connected universe, all manner of life can evolve. - - - And it's anyone's guess who will win.</description>
<authors>
<author>
<id>6627611</id>
<name>Daniel Farrelly</name>
<role></role>
<image_url nophoto='false'>
<![CDATA[https://images.gr-assets.com/authors/1467798080p5/6627611.jpg]]>
</image_url>
<small_image_url nophoto='false'>
<![CDATA[https://images.gr-assets.com/authors/1467798080p2/6627611.jpg]]>
</small_image_url>
<link><![CDATA[https://www.goodreads.com/author/show/6627611.Daniel_Farrelly]]></link>
<average_rating>2.00</average_rating>
<ratings_count>1</ratings_count>
<text_reviews_count>1</text_reviews_count>
</author>
</authors>
  <published>2012</published>
</book>


      <book>
  <id type="integer">34658139</id>
  <isbn nil="true"/>
  <isbn13 nil="true"/>
  <text_reviews_count type="integer">0</text_reviews_count>
  <title>Goethe in East Germany 1949-1989: Toward a History of Goethe in the GDR</title>
  <title_without_series>Goethe in East Germany 1949-1989: Toward a History of Goethe in the GDR</title_without_series>
  <image_url>https://s.gr-assets.com/assets/nophoto/book/111x148-bcc042a9c91a29c1d680899eff700a03.png</image_url>
  <small_image_url>https://s.gr-assets.com/assets/nophoto/book/50x75-a91bf249278a81aabab721ef782c4a74.png</small_image_url>
  <large_image_url/>
  <link>https://www.goodreads.com/book/show/34658139-goethe-in-east-germany-1949-1989</link>
  <num_pages></num_pages>
  <format></format>
  <edition_information/>
  <publisher></publisher>
  <publication_day></publication_day>
  <publication_year></publication_year>
  <publication_month></publication_month>
  <average_rating>0.0</average_rating>
  <ratings_count>0</ratings_count>
  <description></description>
<authors>
<author>
<id>6627611</id>
<name>Daniel Farrelly</name>
<role></role>
<image_url nophoto='false'>
<![CDATA[https://images.gr-assets.com/authors/1467798080p5/6627611.jpg]]>
</image_url>
<small_image_url nophoto='false'>
<![CDATA[https://images.gr-assets.com/authors/1467798080p2/6627611.jpg]]>
</small_image_url>
<link><![CDATA[https://www.goodreads.com/author/show/6627611.Daniel_Farrelly]]></link>
<average_rating>2.00</average_rating>
<ratings_count>1</ratings_count>
<text_reviews_count>1</text_reviews_count>
</author>
</authors>
  <published></published>
</book>


    </books>
</author>

</GoodreadsResponse>