<?xml version="1.0" encoding="UTF-8"?>
<GoodreadsResponse>
  <Request>
    <authentication>true</authentication>
      <key><![CDATA[sySok63UyYyWi2Wof1HocA]]></key>
    <method><![CDATA[author_show]]></method>
  </Request>
  <author>
  <id>66333</id>
  <name>Charles A. Riley II</name>
  <link><![CDATA[https://www.goodreads.com/author/show/66333.Charles_A_Riley_II]]></link>
  <fans_count type="integer">1</fans_count>
  <author_followers_count type="integer">1</author_followers_count>
  <large_image_url><![CDATA[https://s.gr-assets.com/assets/nophoto/user/m_333x500-a9c67bed07ee7e10983a5d5ccc572516.png]]></large_image_url>
  <image_url><![CDATA[https://s.gr-assets.com/assets/nophoto/user/m_200x266-d279b33f8eec0f27b7272477f09806be.png]]></image_url>
  <small_image_url><![CDATA[https://s.gr-assets.com/assets/nophoto/user/m_50x66-82093808bca726cb3249a493fbd3bd0f.png]]></small_image_url>
  <about></about>
  <influences></influences>
  <works_count>12</works_count>
  <gender>male</gender>
  <hometown></hometown>
  <born_at></born_at>
  <died_at></died_at>
  <goodreads_author></goodreads_author>

    <books>
      <book>
  <id type="integer">114585</id>
  <isbn>0874517427</isbn>
  <isbn13>9780874517422</isbn13>
  <text_reviews_count type="integer">5</text_reviews_count>
  <title>Color Codes: Modern Theories of Color in Philosophy, Painting and Architecture, Literature, Music, and Psychology</title>
  <title_without_series>Color Codes: Modern Theories of Color in Philosophy, Painting and Architecture, Literature, Music, and Psychology</title_without_series>
  <image_url>https://s.gr-assets.com/assets/nophoto/book/111x148-bcc042a9c91a29c1d680899eff700a03.png</image_url>
  <small_image_url>https://s.gr-assets.com/assets/nophoto/book/50x75-a91bf249278a81aabab721ef782c4a74.png</small_image_url>
  <large_image_url/>
  <link>https://www.goodreads.com/book/show/114585.Color_Codes</link>
  <num_pages>373</num_pages>
  <format>Paperback</format>
  <edition_information/>
  <publisher>University Press of New England</publisher>
  <publication_day>1</publication_day>
  <publication_year>1996</publication_year>
  <publication_month>10</publication_month>
  <average_rating>3.93</average_rating>
  <ratings_count>29</ratings_count>
  <description>Color is an endlessly fascinating and controversial topic. "The first thing to realize about the study of color in our time is its uncanny ability to evade all attempts to systematically codify it, " writes Charles A. Riley in this series of interconnected essays on the uses and meanings of color. Color Codes draws heavily on interviews with many of today's leading artists - Roy Lichtenstein, Frank Stella, Peter Halley, Lukas Foss, A. S. Byatt, and others - as well as seminal texts by a wide range of thinkers including Wittgenstein, Derrida, Barthes, Schoenberg, Kandinsky, Albers, Joyce, Pynchon, and Jung. Although Riley finds remarkable parallels among the theories and techniques of various disciplines, his emphasis is on the individual nature of the color sense. This resistance to a unified color theory gives the current aesthetic debate tremendous energy. "Because it is largely an unknown force, color remains one of the most vital sources of new styles and ideas, ready to be tapped by creative minds in the coming decades." In the studios of artists and composers, and in the recent writings of philosophers, psychologists, poets, and novelists, evidence of this emerging power is abundant. Creators, critics, and lay readers will find Color Codes accessible and stimulating.</description>
<authors>
<author>
<id>66333</id>
<name>Charles A. Riley II</name>
<role></role>
<image_url nophoto='true'>
<![CDATA[https://s.gr-assets.com/assets/nophoto/user/m_200x266-d279b33f8eec0f27b7272477f09806be.png]]>
</image_url>
<small_image_url nophoto='true'>
<![CDATA[https://s.gr-assets.com/assets/nophoto/user/m_50x66-82093808bca726cb3249a493fbd3bd0f.png]]>
</small_image_url>
<link><![CDATA[https://www.goodreads.com/author/show/66333.Charles_A_Riley_II]]></link>
<average_rating>3.95</average_rating>
<ratings_count>41</ratings_count>
<text_reviews_count>6</text_reviews_count>
</author>
</authors>
  <published>1996</published>
</book>


      <book>
  <id type="integer">1013707</id>
  <isbn>1584654732</isbn>
  <isbn13>9781584654735</isbn13>
  <text_reviews_count type="integer">0</text_reviews_count>
  <title>Disability and the Media: Prescriptions for Change</title>
  <title_without_series>Disability and the Media: Prescriptions for Change</title_without_series>
  <image_url>https://s.gr-assets.com/assets/nophoto/book/111x148-bcc042a9c91a29c1d680899eff700a03.png</image_url>
  <small_image_url>https://s.gr-assets.com/assets/nophoto/book/50x75-a91bf249278a81aabab721ef782c4a74.png</small_image_url>
  <large_image_url/>
  <link>https://www.goodreads.com/book/show/1013707.Disability_and_the_Media</link>
  <num_pages>284</num_pages>
  <format>Paperback</format>
  <edition_information/>
  <publisher>University Press of New England</publisher>
  <publication_day>13</publication_day>
  <publication_year>2005</publication_year>
  <publication_month>4</publication_month>
  <average_rating>3.80</average_rating>
  <ratings_count>5</ratings_count>
  <description>In the past decade, the mass media discovered disability. Spurred by the box-office appeal of superstars such as the late Christopher Reeve, Michael J. Fox, Stephen Hawking, and others, and given momentum by the success of Oscar-winning movies, popular television shows, best-selling books, and profitable websites, major media corporations have reversed their earlier course of hiding disability, bringing it instead to center stage. &lt;br /&gt;Yet depictions of disability have remained largely unchanged since the 1920s. Focusing almost exclusively on the medical aspect of injury or illness, the disability profile in fact and fiction leads inevitably to an inspiring moment of -overcoming.- According to Riley, this cliche plays well with a general audience, but such narratives, driven by prejudice and pity, highlight the importance of -fixing- the disability and rendering the -sufferer- as normal as possible. These stories are deeply offensive to persons with disabilities. Equally important, misguided coverage has adverse effects on crucial aspects of public policy, such as employment, social services, and health care. &lt;br /&gt;Powerful and influential, the media is complicit in this distortion of disability issues that has proven to be a factor in the economic and social repression of one in five Americans. Newspapers and magazines continue to consign disability stories to the -back of the book- health or human-interest sections, using offensive language that has long been proscribed by activists. Filmmakers compound the problem by featuring angry misfits or poignant heroes of melodramas that pair love and redemption. Publishers churn out self-help titles and memoirs that milk the disability theme for pathos. As Riley points out, all branches of the media are guilty of the same crude distillation of the story to serve their own, usually fiscal, ends. &lt;br /&gt;Riley's lively inside investigation illuminates the extent of the problem while pinpointing how writers, editors, directors, producers, filmmakers, advertisers and the executives who give their marching orders go wrong, or occasionally get it right. Through a close analysis of the technical means of representation, in conjunction with the commentary of leading voices in the disability community, Riley guides future coverage to a more fair and accurate way of putting the disability story on screen or paper. He argues that with the -discovery- by Madison Avenue that the disabled community is a major consumer niche, the economic rationale for more sophisticated coverage is at hand. It is time, says Riley, to cut through the accumulated stereotypes and find an adequate vocabulary that will finally represent the disability community in all its vibrant and fascinating diversity.</description>
<authors>
<author>
<id>66333</id>
<name>Charles A. Riley II</name>
<role></role>
<image_url nophoto='true'>
<![CDATA[https://s.gr-assets.com/assets/nophoto/user/m_200x266-d279b33f8eec0f27b7272477f09806be.png]]>
</image_url>
<small_image_url nophoto='true'>
<![CDATA[https://s.gr-assets.com/assets/nophoto/user/m_50x66-82093808bca726cb3249a493fbd3bd0f.png]]>
</small_image_url>
<link><![CDATA[https://www.goodreads.com/author/show/66333.Charles_A_Riley_II]]></link>
<average_rating>3.95</average_rating>
<ratings_count>41</ratings_count>
<text_reviews_count>6</text_reviews_count>
</author>
</authors>
  <published>2005</published>
</book>


      <book>
  <id type="integer">1382906</id>
  <isbn>0874517656</isbn>
  <isbn13>9780874517651</isbn13>
  <text_reviews_count type="integer">0</text_reviews_count>
  <title>The Saints of Modern Art: The Ascetic Ideal in Contemporary Painting, Sculpture, Architecture, Music, Dance, Literature, and Philosophy</title>
  <title_without_series>The Saints of Modern Art: The Ascetic Ideal in Contemporary Painting, Sculpture, Architecture, Music, Dance, Literature, and Philosophy</title_without_series>
  <image_url>https://images.gr-assets.com/books/1463107084m/1382906.jpg</image_url>
  <small_image_url>https://images.gr-assets.com/books/1463107084s/1382906.jpg</small_image_url>
  <large_image_url/>
  <link>https://www.goodreads.com/book/show/1382906.The_Saints_of_Modern_Art</link>
  <num_pages>371</num_pages>
  <format>Hardcover</format>
  <edition_information/>
  <publisher>University Press of New England</publisher>
  <publication_day>1</publication_day>
  <publication_year>1998</publication_year>
  <publication_month>5</publication_month>
  <average_rating>4.67</average_rating>
  <ratings_count>3</ratings_count>
  <description>This suite of brief and lively essays, based largely on interviews and studio visits, explores what Charles A. Riley II calls 'one of the most vital (and misunderstood) creative forces in modern art, architecture, music, dance, literature, and philosophy: the pursuit of perfection.' Riley examines many contemporary figures who exemplify the ascetic impulse in their work and life. These artists examined through the lens of asceticism, serve as focal points in Riley's consideration of cultural issues such as the role of spirituality in contemporary art, the interaction of Western and Asian traditions, and the relationship between the artists' lives and work.</description>
<authors>
<author>
<id>66333</id>
<name>Charles A. Riley II</name>
<role></role>
<image_url nophoto='true'>
<![CDATA[https://s.gr-assets.com/assets/nophoto/user/m_200x266-d279b33f8eec0f27b7272477f09806be.png]]>
</image_url>
<small_image_url nophoto='true'>
<![CDATA[https://s.gr-assets.com/assets/nophoto/user/m_50x66-82093808bca726cb3249a493fbd3bd0f.png]]>
</small_image_url>
<link><![CDATA[https://www.goodreads.com/author/show/66333.Charles_A_Riley_II]]></link>
<average_rating>3.95</average_rating>
<ratings_count>41</ratings_count>
<text_reviews_count>6</text_reviews_count>
</author>
</authors>
  <published>1998</published>
</book>


      <book>
  <id type="integer">32021215</id>
  <isbn>1611688507</isbn>
  <isbn13>9781611688504</isbn13>
  <text_reviews_count type="integer">1</text_reviews_count>
  <title>Free as Gods: How the Jazz Age Reinvented Modernism</title>
  <title_without_series>Free as Gods: How the Jazz Age Reinvented Modernism</title_without_series>
  <image_url>https://s.gr-assets.com/assets/nophoto/book/111x148-bcc042a9c91a29c1d680899eff700a03.png</image_url>
  <small_image_url>https://s.gr-assets.com/assets/nophoto/book/50x75-a91bf249278a81aabab721ef782c4a74.png</small_image_url>
  <large_image_url/>
  <link>https://www.goodreads.com/book/show/32021215-free-as-gods</link>
  <num_pages>272</num_pages>
  <format>Hardcover</format>
  <edition_information/>
  <publisher>Foreedge</publisher>
  <publication_day>6</publication_day>
  <publication_year>2017</publication_year>
  <publication_month>6</publication_month>
  <average_rating>4.00</average_rating>
  <ratings_count>1</ratings_count>
  <description>Among many art, music and literature lovers, particularly devotees of modernism, the expatriate community in France during the Jazz Age represents a remarkable convergence of genius in one place and period--one of the most glorious in history. Drawn by the presence of such avant-garde figures as Joyce and Picasso, artists and writers fled the Prohibition in the United States and revolution in Russia to head for the free-wheeling scene in Paris, where they made contact with rivals, collaborators, and a sophisticated audience of collectors and patrons. The outpouring of boundary-pushing novels, paintings, ballets, music, and design was so profuse that it belies the brevity of the era (1918-1929). &lt;br /&gt;Drawing on unpublished albums, drawings, paintings, and manuscripts, Charles A. Riley offers a fresh examination of both canonic and overlooked writers and artists and their works, by revealing them in conversation with one another. He illuminates social interconnections and artistic collaborations among the most famous--Fitzgerald, Hemingway, Gershwin, Diaghilev, and Picasso--and goes a step further, setting their work alongside that of African Americans such as Sidney Bechet, Archibald Motley Jr., and Langston Hughes, and women such as Gertrude Stein and Nancy Cunard. Riley's biographical and interpretive celebration of the many masterpieces of this remarkable group shows how the creative community of postwar Paris supported astounding experiments in content and form that still resonate today.</description>
<authors>
<author>
<id>66333</id>
<name>Charles A. Riley II</name>
<role></role>
<image_url nophoto='true'>
<![CDATA[https://s.gr-assets.com/assets/nophoto/user/m_200x266-d279b33f8eec0f27b7272477f09806be.png]]>
</image_url>
<small_image_url nophoto='true'>
<![CDATA[https://s.gr-assets.com/assets/nophoto/user/m_50x66-82093808bca726cb3249a493fbd3bd0f.png]]>
</small_image_url>
<link><![CDATA[https://www.goodreads.com/author/show/66333.Charles_A_Riley_II]]></link>
<average_rating>3.95</average_rating>
<ratings_count>41</ratings_count>
<text_reviews_count>6</text_reviews_count>
</author>
</authors>
  <published>2017</published>
</book>


      <book>
  <id type="integer">7923905</id>
  <isbn>0470284943</isbn>
  <isbn13>9780470284940</isbn13>
  <text_reviews_count type="integer">0</text_reviews_count>
  <title>Art at Lincoln Center: The Public Art and List Print and Poster Collections</title>
  <title_without_series>Art at Lincoln Center: The Public Art and List Print and Poster Collections</title_without_series>
  <image_url>https://images.gr-assets.com/books/1403176280m/7923905.jpg</image_url>
  <small_image_url>https://images.gr-assets.com/books/1403176280s/7923905.jpg</small_image_url>
  <large_image_url/>
  <link>https://www.goodreads.com/book/show/7923905-art-at-lincoln-center</link>
  <num_pages>228</num_pages>
  <format>Hardcover</format>
  <edition_information/>
  <publisher>Wiley</publisher>
  <publication_day>1</publication_day>
  <publication_year>2009</publication_year>
  <publication_month>5</publication_month>
  <average_rating>4.00</average_rating>
  <ratings_count>1</ratings_count>
  <description>The first volume to showcase both Lincoln Center's fabulous public art and the List Poster and Print collection, Art at Lincoln Center begins with a tour of the campus and the art that has been collected since its inception. A brief history of how the pieces were selected and brought to Lincoln Center follows (featuring Frank Stanton, David Rockefeller, and Philip Johnson who were the leading figures in building the collection) with charming anecdotes about the artists and the politics behind the selections of the artists and their works. The story of the creation of the List collection, with a focus on Vera List's formidable role, close the text portion of the book. The last portion is a complete catalog of the List print and poster collection.</description>
<authors>
<author>
<id>66333</id>
<name>Charles A. Riley II</name>
<role></role>
<image_url nophoto='true'>
<![CDATA[https://s.gr-assets.com/assets/nophoto/user/m_200x266-d279b33f8eec0f27b7272477f09806be.png]]>
</image_url>
<small_image_url nophoto='true'>
<![CDATA[https://s.gr-assets.com/assets/nophoto/user/m_50x66-82093808bca726cb3249a493fbd3bd0f.png]]>
</small_image_url>
<link><![CDATA[https://www.goodreads.com/author/show/66333.Charles_A_Riley_II]]></link>
<average_rating>3.95</average_rating>
<ratings_count>41</ratings_count>
<text_reviews_count>6</text_reviews_count>
</author>
</authors>
  <published>2009</published>
</book>


      <book>
  <id type="integer">1034702</id>
  <isbn>9042017376</isbn>
  <isbn13>9789042017375</isbn13>
  <text_reviews_count type="integer">0</text_reviews_count>
  <title>Moral Conflicts Of Organ Retrieval: A Case For Constructive Pluralism (Value Inquiry Book Series 172) (Values In Bioethics)</title>
  <title_without_series>Moral Conflicts Of Organ Retrieval: A Case For Constructive Pluralism (Value Inquiry Book Series 172)</title_without_series>
  <image_url>https://s.gr-assets.com/assets/nophoto/book/111x148-bcc042a9c91a29c1d680899eff700a03.png</image_url>
  <small_image_url>https://s.gr-assets.com/assets/nophoto/book/50x75-a91bf249278a81aabab721ef782c4a74.png</small_image_url>
  <large_image_url/>
  <link>https://www.goodreads.com/book/show/1034702.Moral_Conflicts_Of_Organ_Retrieval</link>
  <num_pages/>
  <format>Paperback</format>
  <edition_information/>
  <publisher>Brill/Rodopi</publisher>
  <publication_day>1</publication_day>
  <publication_year>2005</publication_year>
  <publication_month>1</publication_month>
  <average_rating>3.00</average_rating>
  <ratings_count>1</ratings_count>
  <description>This book addresses ethical conflicts arising from saving the lives of patients who need a transplant while treating living and dead donors, organ sellers, animals, and embryos with proper moral regard. Our challenge is to develop a better world in the light of debatable values and uncertain consequences.</description>
<authors>
<author>
<id>66333</id>
<name>Charles A. Riley II</name>
<role></role>
<image_url nophoto='true'>
<![CDATA[https://s.gr-assets.com/assets/nophoto/user/m_200x266-d279b33f8eec0f27b7272477f09806be.png]]>
</image_url>
<small_image_url nophoto='true'>
<![CDATA[https://s.gr-assets.com/assets/nophoto/user/m_50x66-82093808bca726cb3249a493fbd3bd0f.png]]>
</small_image_url>
<link><![CDATA[https://www.goodreads.com/author/show/66333.Charles_A_Riley_II]]></link>
<average_rating>3.95</average_rating>
<ratings_count>41</ratings_count>
<text_reviews_count>6</text_reviews_count>
</author>
</authors>
  <published>2005</published>
</book>


      <book>
  <id type="integer">12493469</id>
  <isbn>1584651512</isbn>
  <isbn13>9781584651512</isbn13>
  <text_reviews_count type="integer">0</text_reviews_count>
  <title>Aristocracy and the Modern Imagination</title>
  <title_without_series>Aristocracy and the Modern Imagination</title_without_series>
  <image_url>https://s.gr-assets.com/assets/nophoto/book/111x148-bcc042a9c91a29c1d680899eff700a03.png</image_url>
  <small_image_url>https://s.gr-assets.com/assets/nophoto/book/50x75-a91bf249278a81aabab721ef782c4a74.png</small_image_url>
  <large_image_url/>
  <link>https://www.goodreads.com/book/show/12493469-aristocracy-and-the-modern-imagination</link>
  <num_pages>296</num_pages>
  <format>Hardcover</format>
  <edition_information/>
  <publisher>University Press of New England</publisher>
  <publication_day>1</publication_day>
  <publication_year>2002</publication_year>
  <publication_month>1</publication_month>
  <average_rating>0.0</average_rating>
  <ratings_count>0</ratings_count>
  <description>Modernism, a much-contested term, generally signifies the efforts of a group of late 19th-century European painters, writers, musicians, and philosophers who consciously broke with traditional ways of creating art. But what does one do with aristocratic lineage, with backgrounds steeped in tradition, when one wants to be known as a modern painter or thinker? How does this seeming contradiction in the life manifest itself in the work itself? Charles A. Riley II grapples with such questions, challenging the way we view Modernism in this accessible look at the role of the aristocrat not as a patron, but as an artist. &lt;br /&gt;Reinserting aristocrats in the account of Modernism yields a rich store of unforgettable characters. They run the gamut from the wild exuberance of Franz Liszt and George Sand to the cold snobbery of Frederic Chopin, from the rough excesses of slumming with Francis Bacon to the affected high tone of castle life with the (false) Count Balthus. Group portraits of interconnected intellectual lives emerge as Riley explores the historical encounters linking the work of these often overlooked leaders of the avant-garde. He shows that while some relied on wealth and station to nurture a Classical "retro" ideal of art, others used art and philosophy to lash back at the archaic ideals of nobility</description>
<authors>
<author>
<id>66333</id>
<name>Charles A. Riley II</name>
<role></role>
<image_url nophoto='true'>
<![CDATA[https://s.gr-assets.com/assets/nophoto/user/m_200x266-d279b33f8eec0f27b7272477f09806be.png]]>
</image_url>
<small_image_url nophoto='true'>
<![CDATA[https://s.gr-assets.com/assets/nophoto/user/m_50x66-82093808bca726cb3249a493fbd3bd0f.png]]>
</small_image_url>
<link><![CDATA[https://www.goodreads.com/author/show/66333.Charles_A_Riley_II]]></link>
<average_rating>3.95</average_rating>
<ratings_count>41</ratings_count>
<text_reviews_count>6</text_reviews_count>
</author>
</authors>
  <published>2002</published>
</book>


      <book>
  <id type="integer">3965372</id>
  <isbn>1560794747</isbn>
  <isbn13>9781560794745</isbn13>
  <text_reviews_count type="integer">0</text_reviews_count>
  <title>Small Business Big Politics: What Entrepreneurs Need To Know To Use Their Growing Political Power</title>
  <title_without_series>Small Business Big Politics: What Entrepreneurs Need To Know To Use Their Growing Political Power</title_without_series>
  <image_url>https://s.gr-assets.com/assets/nophoto/book/111x148-bcc042a9c91a29c1d680899eff700a03.png</image_url>
  <small_image_url>https://s.gr-assets.com/assets/nophoto/book/50x75-a91bf249278a81aabab721ef782c4a74.png</small_image_url>
  <large_image_url/>
  <link>https://www.goodreads.com/book/show/3965372-small-business-big-politics</link>
  <num_pages>271</num_pages>
  <format>Hardcover</format>
  <edition_information/>
  <publisher>Peterson Nelnet Co</publisher>
  <publication_day>30</publication_day>
  <publication_year>2000</publication_year>
  <publication_month>8</publication_month>
  <average_rating>0.0</average_rating>
  <ratings_count>0</ratings_count>
  <description>Entrepreneurs and managers of small business need more political savvy -- their survival depends upon it. This timely book examines how small business can use the political system to greater advantage in areas ranging from health care to trade pacts.</description>
<authors>
<author>
<id>66333</id>
<name>Charles A. Riley II</name>
<role></role>
<image_url nophoto='true'>
<![CDATA[https://s.gr-assets.com/assets/nophoto/user/m_200x266-d279b33f8eec0f27b7272477f09806be.png]]>
</image_url>
<small_image_url nophoto='true'>
<![CDATA[https://s.gr-assets.com/assets/nophoto/user/m_50x66-82093808bca726cb3249a493fbd3bd0f.png]]>
</small_image_url>
<link><![CDATA[https://www.goodreads.com/author/show/66333.Charles_A_Riley_II]]></link>
<average_rating>3.95</average_rating>
<ratings_count>41</ratings_count>
<text_reviews_count>6</text_reviews_count>
</author>
</authors>
  <published>2000</published>
</book>


      <book>
  <id type="integer">3410791</id>
  <isbn>1887054006</isbn>
  <isbn13>9781887054003</isbn13>
  <text_reviews_count type="integer">0</text_reviews_count>
  <title>Pablo Picasso: Academic &amp; Anti-Academic (1895-1900)</title>
  <title_without_series>Pablo Picasso: Academic &amp; Anti-Academic</title_without_series>
  <image_url>https://s.gr-assets.com/assets/nophoto/book/111x148-bcc042a9c91a29c1d680899eff700a03.png</image_url>
  <small_image_url>https://s.gr-assets.com/assets/nophoto/book/50x75-a91bf249278a81aabab721ef782c4a74.png</small_image_url>
  <large_image_url/>
  <link>https://www.goodreads.com/book/show/3410791-pablo-picasso</link>
  <num_pages></num_pages>
  <format></format>
  <edition_information/>
  <publisher></publisher>
  <publication_day></publication_day>
  <publication_year></publication_year>
  <publication_month></publication_month>
  <average_rating>0.0</average_rating>
  <ratings_count>0</ratings_count>
  <description></description>
<authors>
<author>
<id>66333</id>
<name>Charles A. Riley II</name>
<role>Editor</role>
<image_url nophoto='true'>
<![CDATA[https://s.gr-assets.com/assets/nophoto/user/m_200x266-d279b33f8eec0f27b7272477f09806be.png]]>
</image_url>
<small_image_url nophoto='true'>
<![CDATA[https://s.gr-assets.com/assets/nophoto/user/m_50x66-82093808bca726cb3249a493fbd3bd0f.png]]>
</small_image_url>
<link><![CDATA[https://www.goodreads.com/author/show/66333.Charles_A_Riley_II]]></link>
<average_rating>3.95</average_rating>
<ratings_count>41</ratings_count>
<text_reviews_count>6</text_reviews_count>
</author>
</authors>
  <published></published>
</book>


      <book>
  <id type="integer">2948755</id>
  <isbn>0874518318</isbn>
  <isbn13>9780874518313</isbn13>
  <text_reviews_count type="integer">0</text_reviews_count>
  <title>Preserving the Built Heritage</title>
  <title_without_series>Preserving the Built Heritage</title_without_series>
  <image_url>https://s.gr-assets.com/assets/nophoto/book/111x148-bcc042a9c91a29c1d680899eff700a03.png</image_url>
  <small_image_url>https://s.gr-assets.com/assets/nophoto/book/50x75-a91bf249278a81aabab721ef782c4a74.png</small_image_url>
  <large_image_url/>
  <link>https://www.goodreads.com/book/show/2948755-preserving-the-built-heritage</link>
  <num_pages>241</num_pages>
  <format>Paperback</format>
  <edition_information/>
  <publisher>Salzburg</publisher>
  <publication_day>1</publication_day>
  <publication_year>1997</publication_year>
  <publication_month>5</publication_month>
  <average_rating>4.00</average_rating>
  <ratings_count>3</ratings_count>
  <description>Faced with fewer public financial resources, governments around the world look for ways to lighten their curatorial burdens by exploring new options for preserving their artistic, architectural, and cultural heritage. Traditional preservation approaches are inadequate, particularly in the emerging democracies of Central and Eastern Europe. Informed by a seminar of world leaders on the topic, M.I.T. scholars J. Mark Schuster and John de Monchaux, joined by seven other preservation scholars and practitioners, explore the tools of government action: direct governmental involvement, regulation of preservation efforts, redefinition of property rights, provision of incentives, and the creation and dissemination of information. They then go on to consider conflicts of public and private interests and innovative forms of curatorial partnerships. The perspectives are international and broad-ranging, from economists, lawyers, architects, city planners, public policy analysts, and preservation administrators.</description>
<authors>
<author>
<id>1273888</id>
<name>J. Mark  Schuster</name>
<role>Editor</role>
<image_url nophoto='true'>
<![CDATA[https://s.gr-assets.com/assets/nophoto/user/u_200x266-e183445fd1a1b5cc7075bb1cf7043306.png]]>
</image_url>
<small_image_url nophoto='true'>
<![CDATA[https://s.gr-assets.com/assets/nophoto/user/u_50x66-632230dc9882b4352d753eedf9396530.png]]>
</small_image_url>
<link><![CDATA[https://www.goodreads.com/author/show/1273888.J_Mark_Schuster]]></link>
<average_rating>4.00</average_rating>
<ratings_count>3</ratings_count>
<text_reviews_count>0</text_reviews_count>
</author>
</authors>
  <published>1997</published>
</book>


    </books>
</author>

</GoodreadsResponse>