<?xml version="1.0" encoding="UTF-8"?>
<GoodreadsResponse>
  <Request>
    <authentication>true</authentication>
      <key><![CDATA[sySok63UyYyWi2Wof1HocA]]></key>
    <method><![CDATA[author_show]]></method>
  </Request>
  <author>
  <id>6699959</id>
  <name>Michael Thome</name>
  <link><![CDATA[https://www.goodreads.com/author/show/6699959.Michael_Thome]]></link>
  <fans_count type="integer">3</fans_count>
  <author_followers_count type="integer">3</author_followers_count>
  <large_image_url><![CDATA[https://images.gr-assets.com/authors/1358954070p7/6699959.jpg]]></large_image_url>
  <image_url><![CDATA[https://images.gr-assets.com/authors/1358954070p5/6699959.jpg]]></image_url>
  <small_image_url><![CDATA[https://images.gr-assets.com/authors/1358954070p2/6699959.jpg]]></small_image_url>
  <about></about>
  <influences></influences>
  <works_count>2</works_count>
  <gender>male</gender>
  <hometown></hometown>
  <born_at></born_at>
  <died_at></died_at>
  <goodreads_author>true</goodreads_author>
    <user>
  <id type="integer">16691666</id>
</user>


    <books>
      <book>
  <id type="integer">22575595</id>
  <isbn>1107051746</isbn>
  <isbn13>9781107051744</isbn13>
  <text_reviews_count type="integer">0</text_reviews_count>
  <title>Design and Development of Training Games: Practical Guidelines from a Multidisciplinary Perspective</title>
  <title_without_series>Design and Development of Training Games: Practical Guidelines from a Multidisciplinary Perspective</title_without_series>
  <image_url>https://images.gr-assets.com/books/1449557542m/22575595.jpg</image_url>
  <small_image_url>https://images.gr-assets.com/books/1449557542s/22575595.jpg</small_image_url>
  <large_image_url/>
  <link>https://www.goodreads.com/book/show/22575595-design-and-development-of-training-games</link>
  <num_pages>568</num_pages>
  <format>Hardcover</format>
  <edition_information/>
  <publisher>Cambridge University Press</publisher>
  <publication_day>10</publication_day>
  <publication_year>2014</publication_year>
  <publication_month>11</publication_month>
  <average_rating>4.00</average_rating>
  <ratings_count>3</ratings_count>
  <description>The multidisciplinary nature of learning-games development is key to successful projects. In this book, leaders in the field of serious games and professionals in entertainment games share practical guidelines and lessons learned from their own experiences researching and developing learning games. This volume includes a summary of the key elements of design and development that require particular attention from multiple disciplines to ensure success; an overview of successful models and methods, and of the tradeoffs made throughout the process, to help guide development; cohesive, multidisciplinary views of the issues that may arise and of the techniques applied in order to produce effective learning games grounded in specific experiences, community consensus, and analysis of successful learning games that have already been released; the stories behind the games, to illustrate how final design and development decisions were reached. Aimed at professionals and academics interested in developing and researching learning games, it offers a comprehensive picture of the state of the art."</description>
<authors>
<author>
<id>7163088</id>
<name>Talib S. Hussain</name>
<role>Editor</role>
<image_url nophoto='true'>
<![CDATA[https://s.gr-assets.com/assets/nophoto/user/u_200x266-e183445fd1a1b5cc7075bb1cf7043306.png]]>
</image_url>
<small_image_url nophoto='true'>
<![CDATA[https://s.gr-assets.com/assets/nophoto/user/u_50x66-632230dc9882b4352d753eedf9396530.png]]>
</small_image_url>
<link><![CDATA[https://www.goodreads.com/author/show/7163088.Talib_S_Hussain]]></link>
<average_rating>4.00</average_rating>
<ratings_count>16</ratings_count>
<text_reviews_count>3</text_reviews_count>
</author>
</authors>
  <published>2014</published>
</book>


      <book>
  <id type="integer">3703196</id>
  <isbn>0470339837</isbn>
  <isbn13>9780470339831</isbn13>
  <text_reviews_count type="integer">2</text_reviews_count>
  <title>Scripting Your World: The Official Guide to Second Life Scripting</title>
  <title_without_series>Scripting Your World: The Official Guide to Second Life Scripting</title_without_series>
  <image_url>https://s.gr-assets.com/assets/nophoto/book/111x148-bcc042a9c91a29c1d680899eff700a03.png</image_url>
  <small_image_url>https://s.gr-assets.com/assets/nophoto/book/50x75-a91bf249278a81aabab721ef782c4a74.png</small_image_url>
  <large_image_url/>
  <link>https://www.goodreads.com/book/show/3703196-scripting-your-world</link>
  <num_pages>385</num_pages>
  <format>Paperback</format>
  <edition_information/>
  <publisher>Sybex</publisher>
  <publication_day>1</publication_day>
  <publication_year>2008</publication_year>
  <publication_month>9</publication_month>
  <average_rating>3.85</average_rating>
  <ratings_count>20</ratings_count>
  <description>Find complete information about Second Life scripting and gain access to more than 50 previously unpublished ready-to-use scripts in &lt;i&gt;Scripting Your World: The Official Guide to Second Life Scripting&lt;/i&gt;. Learn how to script Second Life behaviors, grouped into categories like avatar movement, communications, prim and object control, automation, land control, combat, special effects, environment control and physics, and interacting with the world outside of Second Life. After you read this engaging book, you will possess a solid understanding Linden Scripting Language conventions.</description>
<authors>
<author>
<id>289118</id>
<name>Dana Moore</name>
<role></role>
<image_url nophoto='true'>
<![CDATA[https://s.gr-assets.com/assets/nophoto/user/u_200x266-e183445fd1a1b5cc7075bb1cf7043306.png]]>
</image_url>
<small_image_url nophoto='true'>
<![CDATA[https://s.gr-assets.com/assets/nophoto/user/u_50x66-632230dc9882b4352d753eedf9396530.png]]>
</small_image_url>
<link><![CDATA[https://www.goodreads.com/author/show/289118.Dana_Moore]]></link>
<average_rating>3.63</average_rating>
<ratings_count>38</ratings_count>
<text_reviews_count>4</text_reviews_count>
</author>
</authors>
  <published>2008</published>
</book>


    </books>
</author>

</GoodreadsResponse>