<?xml version="1.0" encoding="UTF-8"?>
<GoodreadsResponse>
  <Request>
    <authentication>true</authentication>
      <key><![CDATA[sySok63UyYyWi2Wof1HocA]]></key>
    <method><![CDATA[author_show]]></method>
  </Request>
  <author>
  <id>6705402</id>
  <name>Kenneth Horowitz</name>
  <link><![CDATA[https://www.goodreads.com/author/show/6705402.Kenneth_Horowitz]]></link>
  <fans_count type="integer">1</fans_count>
  <author_followers_count type="integer">1</author_followers_count>
  <large_image_url><![CDATA[https://images.gr-assets.com/authors/1442653462p7/6705402.jpg]]></large_image_url>
  <image_url><![CDATA[https://images.gr-assets.com/authors/1442653462p5/6705402.jpg]]></image_url>
  <small_image_url><![CDATA[https://images.gr-assets.com/authors/1442653462p2/6705402.jpg]]></small_image_url>
  <about></about>
  <influences></influences>
  <works_count>3</works_count>
  <gender>male</gender>
  <hometown></hometown>
  <born_at></born_at>
  <died_at></died_at>
  <goodreads_author>true</goodreads_author>
    <user>
  <id type="integer">25962990</id>
</user>


    <books>
      <book>
  <id type="integer">18889602</id>
  <isbn nil="true"/>
  <isbn13 nil="true"/>
  <text_reviews_count type="integer">3</text_reviews_count>
  <title>The Nothing</title>
  <title_without_series>The Nothing</title_without_series>
  <image_url>https://s.gr-assets.com/assets/nophoto/book/111x148-bcc042a9c91a29c1d680899eff700a03.png</image_url>
  <small_image_url>https://s.gr-assets.com/assets/nophoto/book/50x75-a91bf249278a81aabab721ef782c4a74.png</small_image_url>
  <large_image_url/>
  <link>https://www.goodreads.com/book/show/18889602-the-nothing</link>
  <num_pages></num_pages>
  <format></format>
  <edition_information/>
  <publisher></publisher>
  <publication_day></publication_day>
  <publication_year></publication_year>
  <publication_month></publication_month>
  <average_rating>3.14</average_rating>
  <ratings_count>7</ratings_count>
  <description></description>
<authors>
<author>
<id>6705402</id>
<name>Kenneth Horowitz</name>
<role></role>
<image_url nophoto='false'>
<![CDATA[https://images.gr-assets.com/authors/1442653462p5/6705402.jpg]]>
</image_url>
<small_image_url nophoto='false'>
<![CDATA[https://images.gr-assets.com/authors/1442653462p2/6705402.jpg]]>
</small_image_url>
<link><![CDATA[https://www.goodreads.com/author/show/6705402.Kenneth_Horowitz]]></link>
<average_rating>2.92</average_rating>
<ratings_count>12</ratings_count>
<text_reviews_count>3</text_reviews_count>
</author>
</authors>
  <published></published>
</book>


      <book>
  <id type="integer">21942158</id>
  <isbn nil="true"/>
  <isbn13 nil="true"/>
  <text_reviews_count type="integer">0</text_reviews_count>
  <title>Breaking Wi-Fi</title>
  <title_without_series>Breaking Wi-Fi</title_without_series>
  <image_url>https://s.gr-assets.com/assets/nophoto/book/111x148-bcc042a9c91a29c1d680899eff700a03.png</image_url>
  <small_image_url>https://s.gr-assets.com/assets/nophoto/book/50x75-a91bf249278a81aabab721ef782c4a74.png</small_image_url>
  <large_image_url/>
  <link>https://www.goodreads.com/book/show/21942158-breaking-wi-fi</link>
  <num_pages></num_pages>
  <format></format>
  <edition_information/>
  <publisher></publisher>
  <publication_day></publication_day>
  <publication_year></publication_year>
  <publication_month></publication_month>
  <average_rating>2.60</average_rating>
  <ratings_count>5</ratings_count>
  <description></description>
<authors>
<author>
<id>6705402</id>
<name>Kenneth Horowitz</name>
<role></role>
<image_url nophoto='false'>
<![CDATA[https://images.gr-assets.com/authors/1442653462p5/6705402.jpg]]>
</image_url>
<small_image_url nophoto='false'>
<![CDATA[https://images.gr-assets.com/authors/1442653462p2/6705402.jpg]]>
</small_image_url>
<link><![CDATA[https://www.goodreads.com/author/show/6705402.Kenneth_Horowitz]]></link>
<average_rating>2.92</average_rating>
<ratings_count>12</ratings_count>
<text_reviews_count>3</text_reviews_count>
</author>
</authors>
  <published></published>
</book>


      <book>
  <id type="integer">16491469</id>
  <isbn>1410604934</isbn>
  <isbn13>9781410604934</isbn13>
  <text_reviews_count type="integer">0</text_reviews_count>
  <title>Social Psychology</title>
  <title_without_series>Social Psychology</title_without_series>
  <image_url>https://s.gr-assets.com/assets/nophoto/book/111x148-bcc042a9c91a29c1d680899eff700a03.png</image_url>
  <small_image_url>https://s.gr-assets.com/assets/nophoto/book/50x75-a91bf249278a81aabab721ef782c4a74.png</small_image_url>
  <large_image_url/>
  <link>https://www.goodreads.com/book/show/16491469-social-psychology</link>
  <num_pages>661</num_pages>
  <format>ebook</format>
  <edition_information/>
  <publisher>Psychology Press</publisher>
  <publication_day>1</publication_day>
  <publication_year>2001</publication_year>
  <publication_month>7</publication_month>
  <average_rating>0.0</average_rating>
  <ratings_count>0</ratings_count>
  <description>This second edition presents the core fundamentals of the subject in 11 manageable chapters while maintaining the book's scientific integrity. The research methods students need to understand, interpret, and analyze social psychological research are emphasized throughout. The streamlined approach provides an economical textbook for students and a flexible format that allows instructors to cover the entire book in a single semester. A book specific Web site contains a free online study guide and a variety of teaching tools. An Instructor's Manual/Test Bank and a Computerized Test Bank are also available.&lt;br /&gt;</description>
<authors>
<author>
<id>6705402</id>
<name>Kenneth Horowitz</name>
<role></role>
<image_url nophoto='false'>
<![CDATA[https://images.gr-assets.com/authors/1442653462p5/6705402.jpg]]>
</image_url>
<small_image_url nophoto='false'>
<![CDATA[https://images.gr-assets.com/authors/1442653462p2/6705402.jpg]]>
</small_image_url>
<link><![CDATA[https://www.goodreads.com/author/show/6705402.Kenneth_Horowitz]]></link>
<average_rating>2.92</average_rating>
<ratings_count>12</ratings_count>
<text_reviews_count>3</text_reviews_count>
</author>
</authors>
  <published>2001</published>
</book>


    </books>
</author>

</GoodreadsResponse>