<?xml version="1.0" encoding="UTF-8"?>
<GoodreadsResponse>
  <Request>
    <authentication>true</authentication>
      <key><![CDATA[sySok63UyYyWi2Wof1HocA]]></key>
    <method><![CDATA[author_show]]></method>
  </Request>
  <author>
  <id>68032</id>
  <name>Gary Taylor</name>
  <link><![CDATA[https://www.goodreads.com/author/show/68032.Gary_Taylor]]></link>
  <fans_count type="integer">1</fans_count>
  <author_followers_count type="integer">1</author_followers_count>
  <large_image_url><![CDATA[https://s.gr-assets.com/assets/nophoto/user/m_333x500-a9c67bed07ee7e10983a5d5ccc572516.png]]></large_image_url>
  <image_url><![CDATA[https://s.gr-assets.com/assets/nophoto/user/m_200x266-d279b33f8eec0f27b7272477f09806be.png]]></image_url>
  <small_image_url><![CDATA[https://s.gr-assets.com/assets/nophoto/user/m_50x66-82093808bca726cb3249a493fbd3bd0f.png]]></small_image_url>
  <about><![CDATA[Gary Taylor is George Matthew Edgar Professor of English at Florida State University. <br /><br /><i>There is more than one author with this name</i>]]></about>
  <influences></influences>
  <works_count>69</works_count>
  <gender>male</gender>
  <hometown></hometown>
  <born_at></born_at>
  <died_at></died_at>
  <goodreads_author></goodreads_author>

    <books>
      <book>
  <id type="integer">428571</id>
  <isbn>0195066790</isbn>
  <isbn13>9780195066791</isbn13>
  <text_reviews_count type="integer">3</text_reviews_count>
  <title>Reinventing Shakespeare: A Cultural History from the Restoration to the Present</title>
  <title_without_series>Reinventing Shakespeare: A Cultural History from the Restoration to the Present</title_without_series>
  <image_url>https://s.gr-assets.com/assets/nophoto/book/111x148-bcc042a9c91a29c1d680899eff700a03.png</image_url>
  <small_image_url>https://s.gr-assets.com/assets/nophoto/book/50x75-a91bf249278a81aabab721ef782c4a74.png</small_image_url>
  <large_image_url/>
  <link>https://www.goodreads.com/book/show/428571.Reinventing_Shakespeare</link>
  <num_pages>480</num_pages>
  <format>Paperback</format>
  <edition_information/>
  <publisher>Oxford University Press, USA</publisher>
  <publication_day>7</publication_day>
  <publication_year>1991</publication_year>
  <publication_month>3</publication_month>
  <average_rating>4.00</average_rating>
  <ratings_count>39</ratings_count>
  <description>As an actor, William Shakespeare reinvented himself almost every day. At the height of his career, he often performed in six different plays on six consecutive days. He stopped reinventing himself when he died on April 23, 1616, but, as Gary Taylor tells us in this bold, provocative, irreverent history of Shakespeare's reputation through the ages, we have been reinventing him ever since.&lt;br /&gt; Taylor, who sparked a worldwide controversy in 1985 by announcing his discovery of a "new" Shakespeare poem "Shall I die?," presents a brilliantly argued, wryly humorous discussion of the ways in which society "reinvents" Shakespeare--and to some extent all great literature--to suit its own ends. He reveals how Shakespeare's reputation has benefited from such diverse and unpredictable factors as the dearth of new plays after the Restoration; the decline of tragedy in the eighteenth century, when, as Taylor puts it, "Shakespeare was kept on the menu because he was the only serious dish [the repertoire companies] knew how to cook"; the changing social status of women in the nineteenth century; England's longstanding rivalry with France, which turned Shakespeare into the great advocate of conservative British values; and the current trend in academia toward shockingly unorthodox views, which has turned Shakespeare into the great ally of radical Marxist and feminist critics.&lt;br /&gt; Through the centuries, critics have cited the same Shakespeare--often the very same play--as the supporter of a vast array of world views. Examining each period's method of invoking the Bard's "greatness" to support a series of conflicting values, Taylor questions what actually constitutes greatness. He insists on examining the criteria of each epoch on its own terms in order to demonstrate how literary criticism can often become the most telling form of social commentary. Reinventing Shakespeare offers nothing less than a major reevaluation of Shakespeare, his writing, his place in world history, and the very bases of aesthetic judgment.</description>
<authors>
<author>
<id>68032</id>
<name>Gary Taylor</name>
<role></role>
<image_url nophoto='true'>
<![CDATA[https://s.gr-assets.com/assets/nophoto/user/m_200x266-d279b33f8eec0f27b7272477f09806be.png]]>
</image_url>
<small_image_url nophoto='true'>
<![CDATA[https://s.gr-assets.com/assets/nophoto/user/m_50x66-82093808bca726cb3249a493fbd3bd0f.png]]>
</small_image_url>
<link><![CDATA[https://www.goodreads.com/author/show/68032.Gary_Taylor]]></link>
<average_rating>4.12</average_rating>
<ratings_count>1551</ratings_count>
<text_reviews_count>111</text_reviews_count>
</author>
</authors>
  <published>1991</published>
</book>


      <book>
  <id type="integer">6357349</id>
  <isbn nil="true"/>
  <isbn13 nil="true"/>
  <text_reviews_count type="integer">0</text_reviews_count>
  <title>Luggage By Kroger: A True Crime Memoir</title>
  <title_without_series>Luggage By Kroger: A True Crime Memoir</title_without_series>
  <image_url>https://s.gr-assets.com/assets/nophoto/book/111x148-bcc042a9c91a29c1d680899eff700a03.png</image_url>
  <small_image_url>https://s.gr-assets.com/assets/nophoto/book/50x75-a91bf249278a81aabab721ef782c4a74.png</small_image_url>
  <large_image_url/>
  <link>https://www.goodreads.com/book/show/6357349-luggage-by-kroger</link>
  <num_pages></num_pages>
  <format></format>
  <edition_information/>
  <publisher/>
  <publication_day/>
  <publication_year/>
  <publication_month/>
  <average_rating>3.32</average_rating>
  <ratings_count>28</ratings_count>
  <description></description>
<authors>
<author>
<id>68032</id>
<name>Gary Taylor</name>
<role></role>
<image_url nophoto='true'>
<![CDATA[https://s.gr-assets.com/assets/nophoto/user/m_200x266-d279b33f8eec0f27b7272477f09806be.png]]>
</image_url>
<small_image_url nophoto='true'>
<![CDATA[https://s.gr-assets.com/assets/nophoto/user/m_50x66-82093808bca726cb3249a493fbd3bd0f.png]]>
</small_image_url>
<link><![CDATA[https://www.goodreads.com/author/show/68032.Gary_Taylor]]></link>
<average_rating>4.12</average_rating>
<ratings_count>1551</ratings_count>
<text_reviews_count>111</text_reviews_count>
</author>
</authors>
  <published/>
</book>


      <book>
  <id type="integer">754157</id>
  <isbn>0415938813</isbn>
  <isbn13>9780415938815</isbn13>
  <text_reviews_count type="integer">4</text_reviews_count>
  <title>Castration: An Abbreviated History of Western Manhood</title>
  <title_without_series>Castration: An Abbreviated History of Western Manhood</title_without_series>
  <image_url>https://s.gr-assets.com/assets/nophoto/book/111x148-bcc042a9c91a29c1d680899eff700a03.png</image_url>
  <small_image_url>https://s.gr-assets.com/assets/nophoto/book/50x75-a91bf249278a81aabab721ef782c4a74.png</small_image_url>
  <large_image_url/>
  <link>https://www.goodreads.com/book/show/754157.Castration</link>
  <num_pages>307</num_pages>
  <format>Paperback</format>
  <edition_information/>
  <publisher>Routledge</publisher>
  <publication_day>25</publication_day>
  <publication_year>2002</publication_year>
  <publication_month>1</publication_month>
  <average_rating>3.91</average_rating>
  <ratings_count>23</ratings_count>
  <description>&lt;em&gt;Castration&lt;/em&gt; is a lively history of the meaning, function, and act of castration from its place in the early church to its secular reinvention in the Renaissance as a spiritualized form of masculinity in its 20th century position at the core of psychoanalysis.</description>
<authors>
<author>
<id>68032</id>
<name>Gary Taylor</name>
<role></role>
<image_url nophoto='true'>
<![CDATA[https://s.gr-assets.com/assets/nophoto/user/m_200x266-d279b33f8eec0f27b7272477f09806be.png]]>
</image_url>
<small_image_url nophoto='true'>
<![CDATA[https://s.gr-assets.com/assets/nophoto/user/m_50x66-82093808bca726cb3249a493fbd3bd0f.png]]>
</small_image_url>
<link><![CDATA[https://www.goodreads.com/author/show/68032.Gary_Taylor]]></link>
<average_rating>4.12</average_rating>
<ratings_count>1551</ratings_count>
<text_reviews_count>111</text_reviews_count>
</author>
</authors>
  <published>2002</published>
</book>


      <book>
  <id type="integer">7196681</id>
  <isbn>0465044891</isbn>
  <isbn13>9780465044894</isbn13>
  <text_reviews_count type="integer">4</text_reviews_count>
  <title>Cultural Selection: Why Some Achievements Survive The Test Of Time And Others Don't</title>
  <title_without_series>Cultural Selection: Why Some Achievements Survive The Test Of Time And Others Don't</title_without_series>
  <image_url>https://s.gr-assets.com/assets/nophoto/book/111x148-bcc042a9c91a29c1d680899eff700a03.png</image_url>
  <small_image_url>https://s.gr-assets.com/assets/nophoto/book/50x75-a91bf249278a81aabab721ef782c4a74.png</small_image_url>
  <large_image_url/>
  <link>https://www.goodreads.com/book/show/7196681-cultural-selection</link>
  <num_pages>336</num_pages>
  <format>Paperback</format>
  <edition_information/>
  <publisher>Basic Books</publisher>
  <publication_day>3</publication_day>
  <publication_year>1997</publication_year>
  <publication_month>4</publication_month>
  <average_rating>4.23</average_rating>
  <ratings_count>13</ratings_count>
  <description>Acclaimed literary scholar Gary Taylor creates a new paradigm for understanding cultural history. He argues that culture is not what was done, but what is remembered and that the social competition among different memories is as dynamic as the biological struggle for survival. Taylor builds his argument on a broad base of cultural achievements, from Michelangelo to Frankenstein, from Shakespeare to &lt;i&gt;Casablanca,&lt;/i&gt; from Freud to &lt;i&gt;Invisible Man.&lt;/i&gt; He spans the continents to draw upon Japanese literature, Native American history, ancient Greek philosophy, and modern American architecture.</description>
<authors>
<author>
<id>68032</id>
<name>Gary Taylor</name>
<role></role>
<image_url nophoto='true'>
<![CDATA[https://s.gr-assets.com/assets/nophoto/user/m_200x266-d279b33f8eec0f27b7272477f09806be.png]]>
</image_url>
<small_image_url nophoto='true'>
<![CDATA[https://s.gr-assets.com/assets/nophoto/user/m_50x66-82093808bca726cb3249a493fbd3bd0f.png]]>
</small_image_url>
<link><![CDATA[https://www.goodreads.com/author/show/68032.Gary_Taylor]]></link>
<average_rating>4.12</average_rating>
<ratings_count>1551</ratings_count>
<text_reviews_count>111</text_reviews_count>
</author>
</authors>
  <published>1997</published>
</book>


      <book>
  <id type="integer">2425465</id>
  <isbn>0198185693</isbn>
  <isbn13>9780198185697</isbn13>
  <text_reviews_count type="integer">2</text_reviews_count>
  <title>Thomas Middleton: The Collected Works</title>
  <title_without_series>Thomas Middleton: The Collected Works</title_without_series>
  <image_url>https://s.gr-assets.com/assets/nophoto/book/111x148-bcc042a9c91a29c1d680899eff700a03.png</image_url>
  <small_image_url>https://s.gr-assets.com/assets/nophoto/book/50x75-a91bf249278a81aabab721ef782c4a74.png</small_image_url>
  <large_image_url/>
  <link>https://www.goodreads.com/book/show/2425465.Thomas_Middleton</link>
  <num_pages>2016</num_pages>
  <format>Hardcover</format>
  <edition_information/>
  <publisher>Oxford University Press, USA</publisher>
  <publication_day>1</publication_day>
  <publication_year>2008</publication_year>
  <publication_month>1</publication_month>
  <average_rating>4.59</average_rating>
  <ratings_count>34</ratings_count>
  <description>Thomas Middleton (1580-1627) - 'our other Shakespeare' - is the only other Renaissance playwright who created lasting masterpieces of both comedy and tragedy; he also wrote the greatest box-office hit of early modern London, the unique history play &lt;i&gt;A Game at Chess&lt;/i&gt;. His range extends beyond these traditional genres to tragicomedies, masques, pageants, pamphlets, epigrams, and Biblical and political commentaries, written alone or in collaboration with Shakespeare, Webster, Dekker, Ford, Heywood, Rowley, and others. Compared by critics to Aristophanes and Ibsen, Racine and Joe Orton, he has influenced writers as diverse as Aphra Behn and T. S. Eliot. Though repeatedly censored in his own time, he has since come to be particularly admired for his representations of the intertwined pursuits of sex, money, power, and God. &lt;b&gt;The Collected Works&lt;/b&gt; brings together for the first time in a single volume all the works currently attributed to Middleton. It is the first edition of Middleton's works since 1886. The texts are printed in modern spelling and punctuation, with critical introductions and foot-of-the-page commentaries; they are arranged in chronological order, with a special section of Juvenilia. The volume is introduced by essays on Middleton's life and reputation, on early modern London, and on the varied theatres of the English Renaissance. Extensively illustrated, it incorporates much new information on Middleton's life, canon, texts, and contexts. A self-consciously 'federal edition', &lt;b&gt;The Collected Works&lt;/b&gt; applies contemporary theories about the nature of literature and the history of the book to editorial practice.</description>
<authors>
<author>
<id>22584</id>
<name>Thomas Middleton</name>
<role></role>
<image_url nophoto='false'>
<![CDATA[https://images.gr-assets.com/authors/1271614930p5/22584.jpg]]>
</image_url>
<small_image_url nophoto='false'>
<![CDATA[https://images.gr-assets.com/authors/1271614930p2/22584.jpg]]>
</small_image_url>
<link><![CDATA[https://www.goodreads.com/author/show/22584.Thomas_Middleton]]></link>
<average_rating>3.53</average_rating>
<ratings_count>7782</ratings_count>
<text_reviews_count>337</text_reviews_count>
</author>
</authors>
  <published>2008</published>
</book>


      <book>
  <id type="integer">2851626</id>
  <isbn>1599550660</isbn>
  <isbn13>9781599550664</isbn13>
  <text_reviews_count type="integer">2</text_reviews_count>
  <title>Life Is Easy, I Just Decide It's Hard</title>
  <title_without_series>Life Is Easy, I Just Decide It's Hard</title_without_series>
  <image_url>https://s.gr-assets.com/assets/nophoto/book/111x148-bcc042a9c91a29c1d680899eff700a03.png</image_url>
  <small_image_url>https://s.gr-assets.com/assets/nophoto/book/50x75-a91bf249278a81aabab721ef782c4a74.png</small_image_url>
  <large_image_url/>
  <link>https://www.goodreads.com/book/show/2851626-life-is-easy-i-just-decide-it-s-hard</link>
  <num_pages>144</num_pages>
  <format>Paperback</format>
  <edition_information/>
  <publisher>Cedar Fort</publisher>
  <publication_day>5</publication_day>
  <publication_year>2007</publication_year>
  <publication_month>11</publication_month>
  <average_rating>3.71</average_rating>
  <ratings_count>7</ratings_count>
  <description>The scriptures tell us that before we came to this world we shouted for joy at the prospect. Now that we're here, it's sometimes tempting to wonder what we were so happy about. In Life Is Easy, I Just Decide It's hard, Dr. Gary G. Taylor outlines principles found in the scriptures that can help smooth out the inevitable challenges we all face in life. He also provides practical advice to those who suffer from what he calls the garden-variety of emotional health issues: excessive worry, unnecessary guilt, anger, blue days, procrastination, perfectionism, and the like. Dr. Taylor reminds us that although emotional health issues cause turbulence in our ride through life, God has not left us to deal with these problems alone. As we build our emotional foundation on the teachings of Christ, and as we attempt to follow His example, we will find that we are doing those things upon which good emotional health depends.</description>
<authors>
<author>
<id>68032</id>
<name>Gary Taylor</name>
<role></role>
<image_url nophoto='true'>
<![CDATA[https://s.gr-assets.com/assets/nophoto/user/m_200x266-d279b33f8eec0f27b7272477f09806be.png]]>
</image_url>
<small_image_url nophoto='true'>
<![CDATA[https://s.gr-assets.com/assets/nophoto/user/m_50x66-82093808bca726cb3249a493fbd3bd0f.png]]>
</small_image_url>
<link><![CDATA[https://www.goodreads.com/author/show/68032.Gary_Taylor]]></link>
<average_rating>4.12</average_rating>
<ratings_count>1551</ratings_count>
<text_reviews_count>111</text_reviews_count>
</author>
</authors>
  <published>2007</published>
</book>


      <book>
  <id type="integer">7093027</id>
  <isbn>019812256X</isbn>
  <isbn13>9780198122562</isbn13>
  <text_reviews_count type="integer">0</text_reviews_count>
  <title>Shakespeare Reshaped 1606-1623</title>
  <title_without_series>Shakespeare Reshaped 1606-1623</title_without_series>
  <image_url>https://s.gr-assets.com/assets/nophoto/book/111x148-bcc042a9c91a29c1d680899eff700a03.png</image_url>
  <small_image_url>https://s.gr-assets.com/assets/nophoto/book/50x75-a91bf249278a81aabab721ef782c4a74.png</small_image_url>
  <large_image_url/>
  <link>https://www.goodreads.com/book/show/7093027-shakespeare-reshaped-1606-1623</link>
  <num_pages>352</num_pages>
  <format>Hardcover</format>
  <edition_information/>
  <publisher>Clarendon Press</publisher>
  <publication_day>21</publication_day>
  <publication_year>1993</publication_year>
  <publication_month>10</publication_month>
  <average_rating>4.00</average_rating>
  <ratings_count>3</ratings_count>
  <description>John Jowett and Gary Taylor explore the ways in which Shakespeare's texts were reshaped in his lifetime and up until the publication of the First Folio, and the kinds of outside interference to which they were subjected. Political censorship of individual plays has already been studied in some depth: Shakespeare Reshaped concentrates on the forms of interference--expurgation, Act division, interpolation--that can usefully be examined across the whole canon, and that resulted in "late reshaping." These influences were at work between May 1606 and November 1623, and affected the texts years after they were first written. Included is a major central study of Measure for Measure, which underwent posthumous interpolation: the book makes a strong claim for this being at the hands of Thomas Middleton.&lt;br /&gt;</description>
<authors>
<author>
<id>68032</id>
<name>Gary Taylor</name>
<role></role>
<image_url nophoto='true'>
<![CDATA[https://s.gr-assets.com/assets/nophoto/user/m_200x266-d279b33f8eec0f27b7272477f09806be.png]]>
</image_url>
<small_image_url nophoto='true'>
<![CDATA[https://s.gr-assets.com/assets/nophoto/user/m_50x66-82093808bca726cb3249a493fbd3bd0f.png]]>
</small_image_url>
<link><![CDATA[https://www.goodreads.com/author/show/68032.Gary_Taylor]]></link>
<average_rating>4.12</average_rating>
<ratings_count>1551</ratings_count>
<text_reviews_count>111</text_reviews_count>
</author>
</authors>
  <published>1993</published>
</book>


      <book>
  <id type="integer">799257</id>
  <isbn>0198129505</isbn>
  <isbn13>9780198129509</isbn13>
  <text_reviews_count type="integer">0</text_reviews_count>
  <title>The Division of the Kingdoms</title>
  <title_without_series>The Division of the Kingdoms</title_without_series>
  <image_url>https://s.gr-assets.com/assets/nophoto/book/111x148-bcc042a9c91a29c1d680899eff700a03.png</image_url>
  <small_image_url>https://s.gr-assets.com/assets/nophoto/book/50x75-a91bf249278a81aabab721ef782c4a74.png</small_image_url>
  <large_image_url/>
  <link>https://www.goodreads.com/book/show/799257.The_Division_of_the_Kingdoms</link>
  <num_pages>144</num_pages>
  <format>Paperback</format>
  <edition_information/>
  <publisher>Oxford University Press, USA</publisher>
  <publication_day>15</publication_day>
  <publication_year>1987</publication_year>
  <publication_month>1</publication_month>
  <average_rating>4.50</average_rating>
  <ratings_count>2</ratings_count>
  <description>King Lear, widely regarded as Shakespeare's greatest tragedy, survives in two substantially different early texts, the Quarto of 1608 and the First Folio of 1623. Since the 18th century, however, editors have fused these two documents to produce a third, composite text that forms the basis of all modern productions and critical interpretations. Recently scholars have begun to challenge this editorial tradition, arguing that the Quarto and Folio texts represent distinct and coherent versions of the play that should not be combined. These essays, by an international team of scholars, re-examine the early texts from a series of distinct but interlocking perspectives, in a wide-ranging discussion with profound implications for all readers of Shakespeare.</description>
<authors>
<author>
<id>68032</id>
<name>Gary Taylor</name>
<role>Editor</role>
<image_url nophoto='true'>
<![CDATA[https://s.gr-assets.com/assets/nophoto/user/m_200x266-d279b33f8eec0f27b7272477f09806be.png]]>
</image_url>
<small_image_url nophoto='true'>
<![CDATA[https://s.gr-assets.com/assets/nophoto/user/m_50x66-82093808bca726cb3249a493fbd3bd0f.png]]>
</small_image_url>
<link><![CDATA[https://www.goodreads.com/author/show/68032.Gary_Taylor]]></link>
<average_rating>4.12</average_rating>
<ratings_count>1551</ratings_count>
<text_reviews_count>111</text_reviews_count>
</author>
</authors>
  <published>1987</published>
</book>


      <book>
  <id type="integer">794592</id>
  <isbn>1403960712</isbn>
  <isbn13>9781403960719</isbn13>
  <text_reviews_count type="integer">1</text_reviews_count>
  <title>Buying Whiteness: Race, Culture, and Identity from Columbus to Hip-hop</title>
  <title_without_series>Buying Whiteness: Race, Culture, and Identity from Columbus to Hip-hop</title_without_series>
  <image_url>https://images.gr-assets.com/books/1316134728m/794592.jpg</image_url>
  <small_image_url>https://images.gr-assets.com/books/1316134728s/794592.jpg</small_image_url>
  <large_image_url/>
  <link>https://www.goodreads.com/book/show/794592.Buying_Whiteness</link>
  <num_pages>512</num_pages>
  <format>Hardcover</format>
  <edition_information/>
  <publisher>Palgrave Macmillan</publisher>
  <publication_day>1</publication_day>
  <publication_year>2005</publication_year>
  <publication_month>1</publication_month>
  <average_rating>4.50</average_rating>
  <ratings_count>2</ratings_count>
  <description>What does it mean to be white? When and why did men buy the idea that they were "whites," and who sold it to them? The secret history of whiteness is told, for the first time, in this important book by an internationally-acclaimed cultural historian and journalist. Gary Taylor tracks the growth of modern white identity through the history of art, law, literature, science, and sexuality--and through the eyes of black and brown observers. From Columbus to George W. Bush, from Shakespeare to Eminem, from John Bunyan to George Wallace, &lt;i&gt;Buying Whiteness &lt;/i&gt;will transform the way you read our past and present.&lt;br /&gt;</description>
<authors>
<author>
<id>68032</id>
<name>Gary Taylor</name>
<role></role>
<image_url nophoto='true'>
<![CDATA[https://s.gr-assets.com/assets/nophoto/user/m_200x266-d279b33f8eec0f27b7272477f09806be.png]]>
</image_url>
<small_image_url nophoto='true'>
<![CDATA[https://s.gr-assets.com/assets/nophoto/user/m_50x66-82093808bca726cb3249a493fbd3bd0f.png]]>
</small_image_url>
<link><![CDATA[https://www.goodreads.com/author/show/68032.Gary_Taylor]]></link>
<average_rating>4.12</average_rating>
<ratings_count>1551</ratings_count>
<text_reviews_count>111</text_reviews_count>
</author>
</authors>
  <published>2005</published>
</book>


      <book>
  <id type="integer">7093065</id>
  <isbn>0333375513</isbn>
  <isbn13>9780333375518</isbn13>
  <text_reviews_count type="integer">0</text_reviews_count>
  <title>Moment By Moment By Shakespeare</title>
  <title_without_series>Moment By Moment By Shakespeare</title_without_series>
  <image_url>https://images.gr-assets.com/books/1382943980m/7093065.jpg</image_url>
  <small_image_url>https://images.gr-assets.com/books/1382943980s/7093065.jpg</small_image_url>
  <large_image_url/>
  <link>https://www.goodreads.com/book/show/7093065-moment-by-moment-by-shakespeare</link>
  <num_pages>263</num_pages>
  <format>Hardcover</format>
  <edition_information/>
  <publisher>Palgrave MacMillan</publisher>
  <publication_day>11</publication_day>
  <publication_year>1985</publication_year>
  <publication_month>8</publication_month>
  <average_rating>3.50</average_rating>
  <ratings_count>2</ratings_count>
  <description>"Published in the U.S.A. in 1985 under the title To analyze delight"--T.p. verso.</description>
<authors>
<author>
<id>68032</id>
<name>Gary Taylor</name>
<role></role>
<image_url nophoto='true'>
<![CDATA[https://s.gr-assets.com/assets/nophoto/user/m_200x266-d279b33f8eec0f27b7272477f09806be.png]]>
</image_url>
<small_image_url nophoto='true'>
<![CDATA[https://s.gr-assets.com/assets/nophoto/user/m_50x66-82093808bca726cb3249a493fbd3bd0f.png]]>
</small_image_url>
<link><![CDATA[https://www.goodreads.com/author/show/68032.Gary_Taylor]]></link>
<average_rating>4.12</average_rating>
<ratings_count>1551</ratings_count>
<text_reviews_count>111</text_reviews_count>
</author>
</authors>
  <published>1985</published>
</book>


    </books>
</author>

</GoodreadsResponse>