<?xml version="1.0" encoding="UTF-8"?>
<GoodreadsResponse>
  <Request>
    <authentication>true</authentication>
      <key><![CDATA[sySok63UyYyWi2Wof1HocA]]></key>
    <method><![CDATA[author_show]]></method>
  </Request>
  <author>
  <id>6822351</id>
  <name>John E. Moes</name>
  <link><![CDATA[https://www.goodreads.com/author/show/6822351.John_E_Moes]]></link>
  <fans_count type="integer">0</fans_count>
  <author_followers_count type="integer">0</author_followers_count>
  <large_image_url><![CDATA[https://s.gr-assets.com/assets/nophoto/user/m_333x500-a9c67bed07ee7e10983a5d5ccc572516.png]]></large_image_url>
  <image_url><![CDATA[https://s.gr-assets.com/assets/nophoto/user/m_200x266-d279b33f8eec0f27b7272477f09806be.png]]></image_url>
  <small_image_url><![CDATA[https://s.gr-assets.com/assets/nophoto/user/m_50x66-82093808bca726cb3249a493fbd3bd0f.png]]></small_image_url>
  <about></about>
  <influences></influences>
  <works_count>1</works_count>
  <gender>male</gender>
  <hometown></hometown>
  <born_at></born_at>
  <died_at></died_at>
  <goodreads_author></goodreads_author>

    <books>
      <book>
  <id type="integer">17032461</id>
  <isbn>0807874469</isbn>
  <isbn13>9780807874462</isbn13>
  <text_reviews_count type="integer">0</text_reviews_count>
  <title>Local Subsidies for Industry</title>
  <title_without_series>Local Subsidies for Industry</title_without_series>
  <image_url>https://images.gr-assets.com/books/1362346674m/17032461.jpg</image_url>
  <small_image_url>https://images.gr-assets.com/books/1362346674s/17032461.jpg</small_image_url>
  <large_image_url/>
  <link>https://www.goodreads.com/book/show/17032461-local-subsidies-for-industry</link>
  <num_pages>252</num_pages>
  <format>Paperback</format>
  <edition_information/>
  <publisher>University of North Carolina Press</publisher>
  <publication_day>1</publication_day>
  <publication_year>2012</publication_year>
  <publication_month>9</publication_month>
  <average_rating>0.0</average_rating>
  <ratings_count>0</ratings_count>
  <description>Moes defends a subsidization of industry and advocates a bolder approach than that now in vogue. The application of the theoretical approach of this book is worldwide, and even though the setting of this study is America, the suggested advances in this field should prove of especial interest to underdeveloped countries.&lt;br /&gt;&lt;br /&gt;Originally published in 1962.&lt;br /&gt;&lt;br /&gt;A UNC Press Enduring Edition -- UNC Press Enduring Editions use the latest in digital technology to make available again books from our distinguished backlist that were previously out of print. These editions are published unaltered from the original, and are presented in affordable paperback formats, bringing readers both historical and cultural value. &lt;br /&gt;</description>
<authors>
<author>
<id>6822351</id>
<name>John E. Moes</name>
<role></role>
<image_url nophoto='true'>
<![CDATA[https://s.gr-assets.com/assets/nophoto/user/m_200x266-d279b33f8eec0f27b7272477f09806be.png]]>
</image_url>
<small_image_url nophoto='true'>
<![CDATA[https://s.gr-assets.com/assets/nophoto/user/m_50x66-82093808bca726cb3249a493fbd3bd0f.png]]>
</small_image_url>
<link><![CDATA[https://www.goodreads.com/author/show/6822351.John_E_Moes]]></link>
<average_rating>0.0</average_rating>
<ratings_count>0</ratings_count>
<text_reviews_count>0</text_reviews_count>
</author>
</authors>
  <published>2012</published>
</book>


    </books>
</author>

</GoodreadsResponse>