<?xml version="1.0" encoding="UTF-8"?>
<GoodreadsResponse>
  <Request>
    <authentication>true</authentication>
      <key><![CDATA[sySok63UyYyWi2Wof1HocA]]></key>
    <method><![CDATA[author_show]]></method>
  </Request>
  <author>
  <id>6869288</id>
  <name>Ryan Sprague</name>
  <link><![CDATA[https://www.goodreads.com/author/show/6869288.Ryan_Sprague]]></link>
  <fans_count type="integer">4</fans_count>
  <author_followers_count type="integer">4</author_followers_count>
  <large_image_url><![CDATA[https://s.gr-assets.com/assets/nophoto/user/m_333x500-a9c67bed07ee7e10983a5d5ccc572516.png]]></large_image_url>
  <image_url><![CDATA[https://s.gr-assets.com/assets/nophoto/user/m_200x266-d279b33f8eec0f27b7272477f09806be.png]]></image_url>
  <small_image_url><![CDATA[https://s.gr-assets.com/assets/nophoto/user/m_50x66-82093808bca726cb3249a493fbd3bd0f.png]]></small_image_url>
  <about></about>
  <influences></influences>
  <works_count>4</works_count>
  <gender>male</gender>
  <hometown></hometown>
  <born_at></born_at>
  <died_at></died_at>
  <goodreads_author>true</goodreads_author>
    <user>
  <id type="integer">23430665</id>
</user>


    <books>
      <book>
  <id type="integer">32497283</id>
  <isbn nil="true"/>
  <isbn13 nil="true"/>
  <text_reviews_count type="integer">3</text_reviews_count>
  <title>Somewhere in the Skies: A Human Approach to an Alien Phenomenon</title>
  <title_without_series>Somewhere in the Skies: A Human Approach to an Alien Phenomenon</title_without_series>
  <image_url>https://s.gr-assets.com/assets/nophoto/book/111x148-bcc042a9c91a29c1d680899eff700a03.png</image_url>
  <small_image_url>https://s.gr-assets.com/assets/nophoto/book/50x75-a91bf249278a81aabab721ef782c4a74.png</small_image_url>
  <large_image_url/>
  <link>https://www.goodreads.com/book/show/32497283-somewhere-in-the-skies</link>
  <num_pages></num_pages>
  <format></format>
  <edition_information/>
  <publisher></publisher>
  <publication_day></publication_day>
  <publication_year></publication_year>
  <publication_month></publication_month>
  <average_rating>4.06</average_rating>
  <ratings_count>17</ratings_count>
  <description></description>
<authors>
<author>
<id>6869288</id>
<name>Ryan Sprague</name>
<role></role>
<image_url nophoto='true'>
<![CDATA[https://s.gr-assets.com/assets/nophoto/user/m_200x266-d279b33f8eec0f27b7272477f09806be.png]]>
</image_url>
<small_image_url nophoto='true'>
<![CDATA[https://s.gr-assets.com/assets/nophoto/user/m_50x66-82093808bca726cb3249a493fbd3bd0f.png]]>
</small_image_url>
<link><![CDATA[https://www.goodreads.com/author/show/6869288.Ryan_Sprague]]></link>
<average_rating>4.17</average_rating>
<ratings_count>24</ratings_count>
<text_reviews_count>4</text_reviews_count>
</author>
</authors>
  <published></published>
</book>


      <book>
  <id type="integer">18395564</id>
  <isbn nil="true"/>
  <isbn13>9780982876329</isbn13>
  <text_reviews_count type="integer">1</text_reviews_count>
  <title>Seasons: What College Athletes Need to Know About Their Future</title>
  <title_without_series>Seasons: What College Athletes Need to Know About Their Future</title_without_series>
  <image_url>https://images.gr-assets.com/books/1377747369m/18395564.jpg</image_url>
  <small_image_url>https://images.gr-assets.com/books/1377747369s/18395564.jpg</small_image_url>
  <large_image_url/>
  <link>https://www.goodreads.com/book/show/18395564-seasons</link>
  <num_pages>238</num_pages>
  <format>Paperback</format>
  <edition_information/>
  <publisher>441 Communications, LLC</publisher>
  <publication_day>17</publication_day>
  <publication_year>2013</publication_year>
  <publication_month>9</publication_month>
  <average_rating>4.50</average_rating>
  <ratings_count>4</ratings_count>
  <description></description>
<authors>
<author>
<id>6869288</id>
<name>Ryan Sprague</name>
<role></role>
<image_url nophoto='true'>
<![CDATA[https://s.gr-assets.com/assets/nophoto/user/m_200x266-d279b33f8eec0f27b7272477f09806be.png]]>
</image_url>
<small_image_url nophoto='true'>
<![CDATA[https://s.gr-assets.com/assets/nophoto/user/m_50x66-82093808bca726cb3249a493fbd3bd0f.png]]>
</small_image_url>
<link><![CDATA[https://www.goodreads.com/author/show/6869288.Ryan_Sprague]]></link>
<average_rating>4.17</average_rating>
<ratings_count>24</ratings_count>
<text_reviews_count>4</text_reviews_count>
</author>
</authors>
  <published>2013</published>
</book>


      <book>
  <id type="integer">17183676</id>
  <isbn nil="true"/>
  <isbn13>9780982876305</isbn13>
  <text_reviews_count type="integer">0</text_reviews_count>
  <title>Grateful</title>
  <title_without_series>Grateful</title_without_series>
  <image_url>https://images.gr-assets.com/books/1377746772m/17183676.jpg</image_url>
  <small_image_url>https://images.gr-assets.com/books/1377746772s/17183676.jpg</small_image_url>
  <large_image_url/>
  <link>https://www.goodreads.com/book/show/17183676-grateful</link>
  <num_pages>319</num_pages>
  <format>Hardcover</format>
  <edition_information/>
  <publisher>441 Communications, LLC</publisher>
  <publication_day/>
  <publication_year>2010</publication_year>
  <publication_month/>
  <average_rating>4.33</average_rating>
  <ratings_count>3</ratings_count>
  <description></description>
<authors>
<author>
<id>6869288</id>
<name>Ryan Sprague</name>
<role></role>
<image_url nophoto='true'>
<![CDATA[https://s.gr-assets.com/assets/nophoto/user/m_200x266-d279b33f8eec0f27b7272477f09806be.png]]>
</image_url>
<small_image_url nophoto='true'>
<![CDATA[https://s.gr-assets.com/assets/nophoto/user/m_50x66-82093808bca726cb3249a493fbd3bd0f.png]]>
</small_image_url>
<link><![CDATA[https://www.goodreads.com/author/show/6869288.Ryan_Sprague]]></link>
<average_rating>4.17</average_rating>
<ratings_count>24</ratings_count>
<text_reviews_count>4</text_reviews_count>
</author>
</authors>
  <published>2010</published>
</book>


      <book>
  <id type="integer">18788587</id>
  <isbn>0615872409</isbn>
  <isbn13>9780615872407</isbn13>
  <text_reviews_count type="integer">0</text_reviews_count>
  <title>Some Just Do It Naturally</title>
  <title_without_series>Some Just Do It Naturally</title_without_series>
  <image_url>https://images.gr-assets.com/books/1385967102m/18788587.jpg</image_url>
  <small_image_url>https://images.gr-assets.com/books/1385967102s/18788587.jpg</small_image_url>
  <large_image_url/>
  <link>https://www.goodreads.com/book/show/18788587-some-just-do-it-naturally</link>
  <num_pages>76</num_pages>
  <format>Paperback</format>
  <edition_information/>
  <publisher>Black Box Theatre Publishing Company</publisher>
  <publication_day>22</publication_day>
  <publication_year>2013</publication_year>
  <publication_month>8</publication_month>
  <average_rating>0.0</average_rating>
  <ratings_count>0</ratings_count>
  <description>From playwright and screenwriter, Ryan Sprague, comes a new play that puts a whole new spin (albeit dark and gritty) on the term, "Bedroom Farce." Brent and Deirdre continue a clandestine affair with their significant others only a hallway away. A circus of accusations, judgment, love, and sexuality play out with drastic intrigue as the night hurdles down to a shattering and climatic end. Touching on many social, psychological, and sexual issues, this play digs deep in to the core of what makes us good, bad, and most importantly, human. Some Just Do It Naturally won the 2006 Norma Jean Yembrick Playwright Award and placed in the top ten of sixty plays in the 2007 Wonderland Play Festival in NYC. Cast Size: 4 roles Running Time: 60 minutes. Royalty: $50.00 per performance. Appropriate for adult audiences.</description>
<authors>
<author>
<id>6869288</id>
<name>Ryan Sprague</name>
<role></role>
<image_url nophoto='true'>
<![CDATA[https://s.gr-assets.com/assets/nophoto/user/m_200x266-d279b33f8eec0f27b7272477f09806be.png]]>
</image_url>
<small_image_url nophoto='true'>
<![CDATA[https://s.gr-assets.com/assets/nophoto/user/m_50x66-82093808bca726cb3249a493fbd3bd0f.png]]>
</small_image_url>
<link><![CDATA[https://www.goodreads.com/author/show/6869288.Ryan_Sprague]]></link>
<average_rating>4.17</average_rating>
<ratings_count>24</ratings_count>
<text_reviews_count>4</text_reviews_count>
</author>
</authors>
  <published>2013</published>
</book>


    </books>
</author>

</GoodreadsResponse>