<?xml version="1.0" encoding="UTF-8"?>
<GoodreadsResponse>
  <Request>
    <authentication>true</authentication>
      <key><![CDATA[sySok63UyYyWi2Wof1HocA]]></key>
    <method><![CDATA[author_show]]></method>
  </Request>
  <author>
  <id>6886004</id>
  <name>William R. Hirons</name>
  <link><![CDATA[https://www.goodreads.com/author/show/6886004.William_R_Hirons]]></link>
  <fans_count type="integer">2</fans_count>
  <author_followers_count type="integer">2</author_followers_count>
  <large_image_url><![CDATA[https://images.gr-assets.com/authors/1442657113p7/6886004.jpg]]></large_image_url>
  <image_url><![CDATA[https://images.gr-assets.com/authors/1442657113p5/6886004.jpg]]></image_url>
  <small_image_url><![CDATA[https://images.gr-assets.com/authors/1442657113p2/6886004.jpg]]></small_image_url>
  <about></about>
  <influences></influences>
  <works_count>1</works_count>
  <gender>male</gender>
  <hometown></hometown>
  <born_at></born_at>
  <died_at></died_at>
  <goodreads_author>true</goodreads_author>
    <user>
  <id type="integer">3322098</id>
</user>


    <books>
      <book>
  <id type="integer">17231384</id>
  <isbn nil="true"/>
  <isbn13 nil="true"/>
  <text_reviews_count type="integer">1</text_reviews_count>
  <title>Windows to Other Worlds: Essays, Short stories and One Novella</title>
  <title_without_series>Windows to Other Worlds: Essays, Short stories and One Novella</title_without_series>
  <image_url>https://images.gr-assets.com/books/1357834338m/17231384.jpg</image_url>
  <small_image_url>https://images.gr-assets.com/books/1357834338s/17231384.jpg</small_image_url>
  <large_image_url/>
  <link>https://www.goodreads.com/book/show/17231384-windows-to-other-worlds</link>
  <num_pages></num_pages>
  <format>Kindle Edition</format>
  <edition_information/>
  <publisher>self published</publisher>
  <publication_day>9</publication_day>
  <publication_year>2013</publication_year>
  <publication_month>1</publication_month>
  <average_rating>5.00</average_rating>
  <ratings_count>1</ratings_count>
  <description>A collection of short works by a new author. A historical Fiction novella telling the story of a young boy who is searching for the family he was separated from during a great battle that took place during the time of Alexander the Great. Includes a pair of stories featuring a science fiction private eye, an everyman who turns to fighting crime, an account of a Scotsman during the American Westward Expansion amongst others.</description>
<authors>
<author>
<id>6886004</id>
<name>William R. Hirons</name>
<role></role>
<image_url nophoto='false'>
<![CDATA[https://images.gr-assets.com/authors/1442657113p5/6886004.jpg]]>
</image_url>
<small_image_url nophoto='false'>
<![CDATA[https://images.gr-assets.com/authors/1442657113p2/6886004.jpg]]>
</small_image_url>
<link><![CDATA[https://www.goodreads.com/author/show/6886004.William_R_Hirons]]></link>
<average_rating>5.00</average_rating>
<ratings_count>1</ratings_count>
<text_reviews_count>1</text_reviews_count>
</author>
</authors>
  <published>2013</published>
</book>


    </books>
</author>

</GoodreadsResponse>