<?xml version="1.0" encoding="UTF-8"?>
<GoodreadsResponse>
  <Request>
    <authentication>true</authentication>
      <key><![CDATA[sySok63UyYyWi2Wof1HocA]]></key>
    <method><![CDATA[author_show]]></method>
  </Request>
  <author>
  <id>6888104</id>
  <name>Ben Neynens</name>
  <link><![CDATA[https://www.goodreads.com/author/show/6888104.Ben_Neynens]]></link>
  <fans_count type="integer">1</fans_count>
  <author_followers_count type="integer">1</author_followers_count>
  <large_image_url><![CDATA[https://images.gr-assets.com/authors/1442657320p7/6888104.jpg]]></large_image_url>
  <image_url><![CDATA[https://images.gr-assets.com/authors/1442657320p5/6888104.jpg]]></image_url>
  <small_image_url><![CDATA[https://images.gr-assets.com/authors/1442657320p2/6888104.jpg]]></small_image_url>
  <about></about>
  <influences></influences>
  <works_count>1</works_count>
  <gender>male</gender>
  <hometown></hometown>
  <born_at></born_at>
  <died_at></died_at>
  <goodreads_author>true</goodreads_author>
    <user>
  <id type="integer">11373894</id>
</user>


    <books>
      <book>
  <id type="integer">17618675</id>
  <isbn nil="true"/>
  <isbn13>9780473236700</isbn13>
  <text_reviews_count type="integer">1</text_reviews_count>
  <title>Taken Hostage At a Convent: A Journey Through the Middle East</title>
  <title_without_series>Taken Hostage At a Convent: A Journey Through the Middle East</title_without_series>
  <image_url>https://images.gr-assets.com/books/1363421339m/17618675.jpg</image_url>
  <small_image_url>https://images.gr-assets.com/books/1363421339s/17618675.jpg</small_image_url>
  <large_image_url/>
  <link>https://www.goodreads.com/book/show/17618675-taken-hostage-at-a-convent</link>
  <num_pages></num_pages>
  <format>Paperback</format>
  <edition_information/>
  <publisher>Aristocrat Press</publisher>
  <publication_day>24</publication_day>
  <publication_year>2013</publication_year>
  <publication_month>1</publication_month>
  <average_rating>3.17</average_rating>
  <ratings_count>6</ratings_count>
  <description>If Churchill were alive today, his riddle, wrapped in a mystery, inside an enigma, would surely be located somewhere in the Middle East. &lt;br /&gt;&lt;br /&gt;With the region's opacity so contradictory to its global importance, Taken Hostage At a Convent tells of a journey through those forbidding lands on a quest for familiarity. &lt;br /&gt;&lt;br /&gt;From titillating encounters with Syrian convent nuns to sobering reflections on Egyptian museology, the narrative seeks to balance insight with humor, and create an engaging and accessible account of a journey through one of the most complex and intriguing regions on the planet.</description>
<authors>
<author>
<id>6888104</id>
<name>Ben Neynens</name>
<role></role>
<image_url nophoto='false'>
<![CDATA[https://images.gr-assets.com/authors/1442657320p5/6888104.jpg]]>
</image_url>
<small_image_url nophoto='false'>
<![CDATA[https://images.gr-assets.com/authors/1442657320p2/6888104.jpg]]>
</small_image_url>
<link><![CDATA[https://www.goodreads.com/author/show/6888104.Ben_Neynens]]></link>
<average_rating>3.17</average_rating>
<ratings_count>6</ratings_count>
<text_reviews_count>2</text_reviews_count>
</author>
</authors>
  <published>2013</published>
</book>


    </books>
</author>

</GoodreadsResponse>