<?xml version="1.0" encoding="UTF-8"?>
<GoodreadsResponse>
  <Request>
    <authentication>true</authentication>
      <key><![CDATA[sySok63UyYyWi2Wof1HocA]]></key>
    <method><![CDATA[author_show]]></method>
  </Request>
  <author>
  <id>6900190</id>
  <name>Lis Paice</name>
  <link><![CDATA[https://www.goodreads.com/author/show/6900190.Lis_Paice]]></link>
  <fans_count type="integer">10</fans_count>
  <author_followers_count type="integer">10</author_followers_count>
  <large_image_url><![CDATA[https://images.gr-assets.com/authors/1371852342p7/6900190.jpg]]></large_image_url>
  <image_url><![CDATA[https://images.gr-assets.com/authors/1371852342p5/6900190.jpg]]></image_url>
  <small_image_url><![CDATA[https://images.gr-assets.com/authors/1371852342p2/6900190.jpg]]></small_image_url>
  <about></about>
  <influences></influences>
  <works_count>2</works_count>
  <gender>female</gender>
  <hometown>Washington DC</hometown>
  <born_at></born_at>
  <died_at></died_at>
  <goodreads_author>true</goodreads_author>
    <user>
  <id type="integer">16602727</id>
</user>


    <books>
      <book>
  <id type="integer">17269388</id>
  <isbn>0335246885</isbn>
  <isbn13>9780335246885</isbn13>
  <text_reviews_count type="integer">2</text_reviews_count>
  <title>New Coach: Reflections from a Learning Journey</title>
  <title_without_series>New Coach: Reflections from a Learning Journey</title_without_series>
  <image_url>https://images.gr-assets.com/books/1393791987m/17269388.jpg</image_url>
  <small_image_url>https://images.gr-assets.com/books/1393791987s/17269388.jpg</small_image_url>
  <large_image_url/>
  <link>https://www.goodreads.com/book/show/17269388-new-coach</link>
  <num_pages>138</num_pages>
  <format>Paperback</format>
  <edition_information/>
  <publisher>Open University Press</publisher>
  <publication_day>1</publication_day>
  <publication_year>2012</publication_year>
  <publication_month>11</publication_month>
  <average_rating>4.60</average_rating>
  <ratings_count>5</ratings_count>
  <description>The story of how a leader in business became a coach, with case studies and reflections to show how to get the best out of yourself and others.</description>
<authors>
<author>
<id>6900190</id>
<name>Lis Paice</name>
<role></role>
<image_url nophoto='false'>
<![CDATA[https://images.gr-assets.com/authors/1371852342p5/6900190.jpg]]>
</image_url>
<small_image_url nophoto='false'>
<![CDATA[https://images.gr-assets.com/authors/1371852342p2/6900190.jpg]]>
</small_image_url>
<link><![CDATA[https://www.goodreads.com/author/show/6900190.Lis_Paice]]></link>
<average_rating>4.43</average_rating>
<ratings_count>7</ratings_count>
<text_reviews_count>2</text_reviews_count>
</author>
</authors>
  <published>2012</published>
</book>


      <book>
  <id type="integer">21364246</id>
  <isbn>1408193450</isbn>
  <isbn13>9781408193457</isbn13>
  <text_reviews_count type="integer">0</text_reviews_count>
  <title>Grandparent's Survival Guide to Child Care</title>
  <title_without_series>Grandparent's Survival Guide to Child Care</title_without_series>
  <image_url>https://s.gr-assets.com/assets/nophoto/book/111x148-bcc042a9c91a29c1d680899eff700a03.png</image_url>
  <small_image_url>https://s.gr-assets.com/assets/nophoto/book/50x75-a91bf249278a81aabab721ef782c4a74.png</small_image_url>
  <large_image_url/>
  <link>https://www.goodreads.com/book/show/21364246-grandparent-s-survival-guide-to-child-care</link>
  <num_pages></num_pages>
  <format></format>
  <edition_information>1st</edition_information>
  <publisher>Bloomsbury Press</publisher>
  <publication_day></publication_day>
  <publication_year></publication_year>
  <publication_month></publication_month>
  <average_rating>4.00</average_rating>
  <ratings_count>2</ratings_count>
  <description></description>
<authors>
<author>
<id>8015988</id>
<name>Sheila Marlin</name>
<role></role>
<image_url nophoto='false'>
<![CDATA[https://images.gr-assets.com/authors/1449286343p5/8015988.jpg]]>
</image_url>
<small_image_url nophoto='false'>
<![CDATA[https://images.gr-assets.com/authors/1449286343p2/8015988.jpg]]>
</small_image_url>
<link><![CDATA[https://www.goodreads.com/author/show/8015988.Sheila_Marlin]]></link>
<average_rating>4.57</average_rating>
<ratings_count>21</ratings_count>
<text_reviews_count>8</text_reviews_count>
</author>
</authors>
  <published></published>
</book>


    </books>
</author>

</GoodreadsResponse>