<?xml version="1.0" encoding="UTF-8"?>
<GoodreadsResponse>
  <Request>
    <authentication>true</authentication>
      <key><![CDATA[sySok63UyYyWi2Wof1HocA]]></key>
    <method><![CDATA[author_show]]></method>
  </Request>
  <author>
  <id>6909776</id>
  <name>Angela Bell Julien</name>
  <link><![CDATA[https://www.goodreads.com/author/show/6909776.Angela_Bell_Julien]]></link>
  <fans_count type="integer">1</fans_count>
  <author_followers_count type="integer">1</author_followers_count>
  <large_image_url><![CDATA[https://images.gr-assets.com/authors/1388433561p7/6909776.jpg]]></large_image_url>
  <image_url><![CDATA[https://images.gr-assets.com/authors/1388433561p5/6909776.jpg]]></image_url>
  <small_image_url><![CDATA[https://images.gr-assets.com/authors/1388433561p2/6909776.jpg]]></small_image_url>
  <about><![CDATA[Angela Bell Julien, an avid writer and poet who dedicates her life to teaching others the power of words, brings you Blooms and The Bard: Painted Sonnets. Now consulting in Hawaii and other western states, Angela, a native Arizonan, continues a long career of inspiring others to write. Her greatest inspirations come from her family, Shakespeare, and the fields of flowers that have framed her life.<br /><br /><br />]]></about>
  <influences></influences>
  <works_count>2</works_count>
  <gender>female</gender>
  <hometown></hometown>
  <born_at></born_at>
  <died_at></died_at>
  <goodreads_author></goodreads_author>

    <books>
      <book>
  <id type="integer">17295474</id>
  <isbn>1604949201</isbn>
  <isbn13>9781604949209</isbn13>
  <text_reviews_count type="integer">0</text_reviews_count>
  <title>Blooms and the Bard: Painted Sonnets</title>
  <title_without_series>Blooms and the Bard: Painted Sonnets</title_without_series>
  <image_url>https://images.gr-assets.com/books/1359385061m/17295474.jpg</image_url>
  <small_image_url>https://images.gr-assets.com/books/1359385061s/17295474.jpg</small_image_url>
  <large_image_url/>
  <link>https://www.goodreads.com/book/show/17295474-blooms-and-the-bard</link>
  <num_pages>70</num_pages>
  <format>Paperback</format>
  <edition_information/>
  <publisher>Wheatmark</publisher>
  <publication_day>15</publication_day>
  <publication_year>2013</publication_year>
  <publication_month>2</publication_month>
  <average_rating>4.00</average_rating>
  <ratings_count>4</ratings_count>
  <description>In this collection of poetry and painted flowers, Angela Bell Julien explores attributes of the people who make up life's bouquet. As you wind your way through her verses, you may discover elements of yourself or of those you love. Do you recognize the green that allows you to face change with a sense of hope? Can you embrace red, both dangerous and passionate? Appreciate white, so easily overlooked yet so inspiring? Each poem is accompanied by commentary from Angela, as well as a place to write down your own impressions of people you have known. Enjoy celebrating the colorful nuances that make us unique!</description>
<authors>
<author>
<id>6909776</id>
<name>Angela Bell Julien</name>
<role></role>
<image_url nophoto='false'>
<![CDATA[https://images.gr-assets.com/authors/1388433561p5/6909776.jpg]]>
</image_url>
<small_image_url nophoto='false'>
<![CDATA[https://images.gr-assets.com/authors/1388433561p2/6909776.jpg]]>
</small_image_url>
<link><![CDATA[https://www.goodreads.com/author/show/6909776.Angela_Bell_Julien]]></link>
<average_rating>4.00</average_rating>
<ratings_count>4</ratings_count>
<text_reviews_count>0</text_reviews_count>
</author>
</authors>
  <published>2013</published>
</book>


      <book>
  <id type="integer">32665995</id>
  <isbn>1627874437</isbn>
  <isbn13>9781627874434</isbn13>
  <text_reviews_count type="integer">0</text_reviews_count>
  <title>Trees Don't Rush</title>
  <title_without_series>Trees Don't Rush</title_without_series>
  <image_url>https://s.gr-assets.com/assets/nophoto/book/111x148-bcc042a9c91a29c1d680899eff700a03.png</image_url>
  <small_image_url>https://s.gr-assets.com/assets/nophoto/book/50x75-a91bf249278a81aabab721ef782c4a74.png</small_image_url>
  <large_image_url/>
  <link>https://www.goodreads.com/book/show/32665995-trees-don-t-rush</link>
  <num_pages></num_pages>
  <format>Paperback</format>
  <edition_information/>
  <publisher>Wheatmark</publisher>
  <publication_day>12</publication_day>
  <publication_year>2016</publication_year>
  <publication_month>10</publication_month>
  <average_rating>0.0</average_rating>
  <ratings_count>0</ratings_count>
  <description>Time is a valuable commodity. People often say time is what keeps them from doing what they dream of doing, what they need to do, and what they should do. They believe that time is not available to them. The truth? Time is everywhere. It is ours to make, to destroy, to keep, to harbor. Nature teaches us many lessons about time. Nature doesn't hurry; it takes the time necessary to sculpt the greatest canyons and to bloom the most fragile blossom, and the world waits.&lt;br /&gt;&lt;br /&gt;&lt;em&gt;Trees Don't Rush&lt;/em&gt; is a gift to all my fellow moment-missers. It encourages us to be mindful of the present, to take time to breathe, stretch, grow, and to nourish ourselves and others. The poems are meant to be pondered and the paintings contemplated in peace. The journal pages ask you to sit, be mindful, and then record reflections. May each portion of this book lead you to finding great joy in the moments of your life.</description>
<authors>
<author>
<id>6909776</id>
<name>Angela Bell Julien</name>
<role></role>
<image_url nophoto='false'>
<![CDATA[https://images.gr-assets.com/authors/1388433561p5/6909776.jpg]]>
</image_url>
<small_image_url nophoto='false'>
<![CDATA[https://images.gr-assets.com/authors/1388433561p2/6909776.jpg]]>
</small_image_url>
<link><![CDATA[https://www.goodreads.com/author/show/6909776.Angela_Bell_Julien]]></link>
<average_rating>4.00</average_rating>
<ratings_count>4</ratings_count>
<text_reviews_count>0</text_reviews_count>
</author>
</authors>
  <published>2016</published>
</book>


    </books>
</author>

</GoodreadsResponse>