<?xml version="1.0" encoding="UTF-8"?>
<GoodreadsResponse>
  <Request>
    <authentication>true</authentication>
      <key><![CDATA[sySok63UyYyWi2Wof1HocA]]></key>
    <method><![CDATA[author_show]]></method>
  </Request>
  <author>
  <id>6940631</id>
  <name>George D. Morgan</name>
  <link><![CDATA[https://www.goodreads.com/author/show/6940631.George_D_Morgan]]></link>
  <fans_count type="integer">0</fans_count>
  <author_followers_count type="integer">0</author_followers_count>
  <large_image_url><![CDATA[https://s.gr-assets.com/assets/nophoto/user/m_333x500-a9c67bed07ee7e10983a5d5ccc572516.png]]></large_image_url>
  <image_url><![CDATA[https://s.gr-assets.com/assets/nophoto/user/m_200x266-d279b33f8eec0f27b7272477f09806be.png]]></image_url>
  <small_image_url><![CDATA[https://s.gr-assets.com/assets/nophoto/user/m_50x66-82093808bca726cb3249a493fbd3bd0f.png]]></small_image_url>
  <about></about>
  <influences></influences>
  <works_count>6</works_count>
  <gender>male</gender>
  <hometown></hometown>
  <born_at></born_at>
  <died_at></died_at>
  <goodreads_author></goodreads_author>

    <books>
      <book>
  <id type="integer">17247967</id>
  <isbn>1616147393</isbn>
  <isbn13>9781616147396</isbn13>
  <text_reviews_count type="integer">98</text_reviews_count>
  <title>Rocket Girl: The Story of Mary Sherman Morgan, America's First Female Rocket Scientist</title>
  <title_without_series>Rocket Girl: The Story of Mary Sherman Morgan, America's First Female Rocket Scientist</title_without_series>
  <image_url>https://images.gr-assets.com/books/1363265165m/17247967.jpg</image_url>
  <small_image_url>https://images.gr-assets.com/books/1363265165s/17247967.jpg</small_image_url>
  <large_image_url/>
  <link>https://www.goodreads.com/book/show/17247967-rocket-girl</link>
  <num_pages>325</num_pages>
  <format>Paperback</format>
  <edition_information/>
  <publisher>Prometheus Books</publisher>
  <publication_day>9</publication_day>
  <publication_year>2013</publication_year>
  <publication_month>7</publication_month>
  <average_rating>3.79</average_rating>
  <ratings_count>477</ratings_count>
  <description>This is the extraordinary true story of America's first female rocket scientist, told by her son. It describes Mary Sherman Morgan's crucial contribution to launching America's first satellite and the author's labyrinthine journey to uncover his mother's lost legacy - a legacy buried deep under a lifetime of secrets political, technological, and personal. Blending a fascinating personal history with dramatic historical events taking place on the world stage, this compelling narrative brings long-overdue attention to a modest but brilliant woman whose work proved essential for America's early space program. In 1938, a young German rocket enthusiast named Wernher von Braun had dreams of building a rocket that could fly him to the moon. On the opposite side of the world, a young farm girl named Mary Sherman was attending high school in Ray, North Dakota. In an age when girls rarely dreamed of a career in science, Mary wanted to be a chemist. A decade later the dreams of these two disparate individuals would coalesce in ways neither could have imagined. In a vivid narrative, Morgan relates how World War II and the Cold War space race with the Russians changed the fates of both von Braun and his mother. When von Braun and other top engineers could not find a solution to the repeated failures that plagued the nascent US rocket program, North American Aviation, where Mary Sherman Morgan then worked, was given the challenge. Recognizing her talent for chemistry, company management turned the assignment over to young Mary. In the end, America succeeded in launching rockets into space, but only because of the joint efforts of the brilliant farm girl from North Dakota and the famous German scientist. While von Braun went on to become a high-profile figure in NASA's manned space flight, Mary Sherman Morgan and her contributions fell into obscurity.</description>
<authors>
<author>
<id>6940631</id>
<name>George D. Morgan</name>
<role></role>
<image_url nophoto='true'>
<![CDATA[https://s.gr-assets.com/assets/nophoto/user/m_200x266-d279b33f8eec0f27b7272477f09806be.png]]>
</image_url>
<small_image_url nophoto='true'>
<![CDATA[https://s.gr-assets.com/assets/nophoto/user/m_50x66-82093808bca726cb3249a493fbd3bd0f.png]]>
</small_image_url>
<link><![CDATA[https://www.goodreads.com/author/show/6940631.George_D_Morgan]]></link>
<average_rating>3.79</average_rating>
<ratings_count>481</ratings_count>
<text_reviews_count>106</text_reviews_count>
</author>
</authors>
  <published>2013</published>
</book>


      <book>
  <id type="integer">25322402</id>
  <isbn>1502981556</isbn>
  <isbn13>9781502981554</isbn13>
  <text_reviews_count type="integer">2</text_reviews_count>
  <title>MOON HUNTER</title>
  <title_without_series>MOON HUNTER</title_without_series>
  <image_url>https://images.gr-assets.com/books/1436056140m/25322402.jpg</image_url>
  <small_image_url>https://images.gr-assets.com/books/1436056140s/25322402.jpg</small_image_url>
  <large_image_url/>
  <link>https://www.goodreads.com/book/show/25322402-moon-hunter</link>
  <num_pages>394</num_pages>
  <format>Paperback</format>
  <edition_information>First Edition</edition_information>
  <publisher>PONY-X PRESS</publisher>
  <publication_day>30</publication_day>
  <publication_year>2015</publication_year>
  <publication_month>5</publication_month>
  <average_rating>4.33</average_rating>
  <ratings_count>3</ratings_count>
  <description>A murder mystery that takes place on Earth's moon 100 years into the future. Some action-adventure and romantic elements as well.</description>
<authors>
<author>
<id>6940631</id>
<name>George D. Morgan</name>
<role></role>
<image_url nophoto='true'>
<![CDATA[https://s.gr-assets.com/assets/nophoto/user/m_200x266-d279b33f8eec0f27b7272477f09806be.png]]>
</image_url>
<small_image_url nophoto='true'>
<![CDATA[https://s.gr-assets.com/assets/nophoto/user/m_50x66-82093808bca726cb3249a493fbd3bd0f.png]]>
</small_image_url>
<link><![CDATA[https://www.goodreads.com/author/show/6940631.George_D_Morgan]]></link>
<average_rating>3.79</average_rating>
<ratings_count>481</ratings_count>
<text_reviews_count>106</text_reviews_count>
</author>
</authors>
  <published>2015</published>
</book>


      <book>
  <id type="integer">27597819</id>
  <isbn>1503280004</isbn>
  <isbn13>9781503280007</isbn13>
  <text_reviews_count type="integer">0</text_reviews_count>
  <title>Capture the Sun</title>
  <title_without_series>Capture the Sun</title_without_series>
  <image_url>https://s.gr-assets.com/assets/nophoto/book/111x148-bcc042a9c91a29c1d680899eff700a03.png</image_url>
  <small_image_url>https://s.gr-assets.com/assets/nophoto/book/50x75-a91bf249278a81aabab721ef782c4a74.png</small_image_url>
  <large_image_url/>
  <link>https://www.goodreads.com/book/show/27597819-capture-the-sun</link>
  <num_pages>110</num_pages>
  <format>Paperback</format>
  <edition_information/>
  <publisher>Createspace</publisher>
  <publication_day>24</publication_day>
  <publication_year>2014</publication_year>
  <publication_month>12</publication_month>
  <average_rating>0.0</average_rating>
  <ratings_count>0</ratings_count>
  <description>In 1988 a clerk at the United States Department of Energy received a funding request from two scientists working out of the University of Utah-Stanley Pons and Martin Fleischmann. The application requested money to finance their research into chemically induced room temperature fusion. Normal custom required such grant requests to undergo peer review, and the application was sent to another scientist who was quietly working on similar experiments-Steven E. Jones. Ironically, Jones worked at another Utah university-Brigham Young, a mere forty-five minute drive south from Pons and Fleischmann. This fluke of proximity would bring to pass ruinous, unforeseen consequences for all three men. In time, they would be both praised and reviled, accepted and forsaken, famous and infamous. Eventually the hallowed halls of Science would excommunicate all three for committing the unpardonable sin: unbridled hubris. Their "invention" would come to be called "cold fusion." It held the promise of cheap, inexhaustible energy. The whole world paid attention.</description>
<authors>
<author>
<id>6940631</id>
<name>George D. Morgan</name>
<role></role>
<image_url nophoto='true'>
<![CDATA[https://s.gr-assets.com/assets/nophoto/user/m_200x266-d279b33f8eec0f27b7272477f09806be.png]]>
</image_url>
<small_image_url nophoto='true'>
<![CDATA[https://s.gr-assets.com/assets/nophoto/user/m_50x66-82093808bca726cb3249a493fbd3bd0f.png]]>
</small_image_url>
<link><![CDATA[https://www.goodreads.com/author/show/6940631.George_D_Morgan]]></link>
<average_rating>3.79</average_rating>
<ratings_count>481</ratings_count>
<text_reviews_count>106</text_reviews_count>
</author>
</authors>
  <published>2014</published>
</book>


      <book>
  <id type="integer">27592879</id>
  <isbn>1503134938</isbn>
  <isbn13>9781503134935</isbn13>
  <text_reviews_count type="integer">0</text_reviews_count>
  <title>Pasadena Babalon - 6 X 9</title>
  <title_without_series>Pasadena Babalon - 6 X 9</title_without_series>
  <image_url>https://s.gr-assets.com/assets/nophoto/book/111x148-bcc042a9c91a29c1d680899eff700a03.png</image_url>
  <small_image_url>https://s.gr-assets.com/assets/nophoto/book/50x75-a91bf249278a81aabab721ef782c4a74.png</small_image_url>
  <large_image_url/>
  <link>https://www.goodreads.com/book/show/27592879-pasadena-babalon---6-x-9</link>
  <num_pages>110</num_pages>
  <format>Paperback</format>
  <edition_information/>
  <publisher>Createspace</publisher>
  <publication_day>6</publication_day>
  <publication_year>2014</publication_year>
  <publication_month>11</publication_month>
  <average_rating>0.0</average_rating>
  <ratings_count>0</ratings_count>
  <description>Pasadena Bablon is the incredible true story of John "Jack" Whiteside Parsons. Rocket scientist by day, black magic occultist by night, Jack Parsons led a colorful, yet mysterious, existence that brought him in contact with some of the great luminaries of the 30's and 40's: Aleister Crowley, Howard Hughes, Ray Bradbury, Theodore von Karman, and Robert Heinlein, to name a few. He was also friends with a young, little-known science fiction writer by the name of L. Ron Hubbard. Using an eclectic gallery of characters, Pasadena Babalon takes the audience on a bizarre journey through early twentieth century Pasadena; from Jack's boyhood experimentation with magic, to his discovery of an invention that would make space travel possible, to his untimely death from an accidental explosion at the age of 38. As co-founder of both the Jet Propulsion Laboratory and the Aerojet General Corporation, Jack Parsons should have cemented his reputation in history, yet today very few have ever heard of him. Pasadena Babalon examines the limitations of genius, the impermanence of success, the expansion of sexual boundaries, and the unintended consequences of applied brilliance-all against the backdrop of a world ruptured by the advance of new technologies.</description>
<authors>
<author>
<id>6940631</id>
<name>George D. Morgan</name>
<role></role>
<image_url nophoto='true'>
<![CDATA[https://s.gr-assets.com/assets/nophoto/user/m_200x266-d279b33f8eec0f27b7272477f09806be.png]]>
</image_url>
<small_image_url nophoto='true'>
<![CDATA[https://s.gr-assets.com/assets/nophoto/user/m_50x66-82093808bca726cb3249a493fbd3bd0f.png]]>
</small_image_url>
<link><![CDATA[https://www.goodreads.com/author/show/6940631.George_D_Morgan]]></link>
<average_rating>3.79</average_rating>
<ratings_count>481</ratings_count>
<text_reviews_count>106</text_reviews_count>
</author>
</authors>
  <published>2014</published>
</book>


      <book>
  <id type="integer">27575931</id>
  <isbn>1502487071</isbn>
  <isbn13>9781502487070</isbn13>
  <text_reviews_count type="integer">0</text_reviews_count>
  <title>Rocket Girl - The Play ( Size 6 X 9)</title>
  <title_without_series>Rocket Girl - The Play</title_without_series>
  <image_url>https://s.gr-assets.com/assets/nophoto/book/111x148-bcc042a9c91a29c1d680899eff700a03.png</image_url>
  <small_image_url>https://s.gr-assets.com/assets/nophoto/book/50x75-a91bf249278a81aabab721ef782c4a74.png</small_image_url>
  <large_image_url/>
  <link>https://www.goodreads.com/book/show/27575931-rocket-girl---the-play</link>
  <num_pages>98</num_pages>
  <format>Paperback</format>
  <edition_information/>
  <publisher>Createspace Independent Publishing Platform</publisher>
  <publication_day>23</publication_day>
  <publication_year>2014</publication_year>
  <publication_month>9</publication_month>
  <average_rating>0.0</average_rating>
  <ratings_count>0</ratings_count>
  <description>ROCKET GIRL, stage play script. The year is 1957. The Cold War. An undeclared Space Race. The United States and the Soviet Union are locked in a battle to see which country will be the first to place a satellite into orbit. The stakes are high. International prestige, national pride, and the control of a host of emerging technologies are on the line. As America's Vanguard rocket proves itself a disastrous failure, and word leaks out that the Soviets are close to making their first orbital attempt, U.S. politicians have no choice but to abandon the Vanguard program and plead for help. Hat-in-hand, they recruit German expatriate Wernher von Braun. But when von Braun realizes that his rocket, the Redstone/Jupiter C, will not be powerful enough to reach orbit, he seeks out the help of a young woman in California who may hold the key to putting America back in the race. Born on a small farm in Ray, North Dakota, and recruited as a wartime chemist for the U.S. Government after only one year of college, Mary Sherman Morgan suddenly finds herself at the center of a political and technological maelstrom. Rocket Girl is the heretofore untold story of how a poor farm girl with only a high school diploma not only rose to become America's first female rocket scientist, but provided the crucial technology that launched America into the Age of Space.</description>
<authors>
<author>
<id>6940631</id>
<name>George D. Morgan</name>
<role></role>
<image_url nophoto='true'>
<![CDATA[https://s.gr-assets.com/assets/nophoto/user/m_200x266-d279b33f8eec0f27b7272477f09806be.png]]>
</image_url>
<small_image_url nophoto='true'>
<![CDATA[https://s.gr-assets.com/assets/nophoto/user/m_50x66-82093808bca726cb3249a493fbd3bd0f.png]]>
</small_image_url>
<link><![CDATA[https://www.goodreads.com/author/show/6940631.George_D_Morgan]]></link>
<average_rating>3.79</average_rating>
<ratings_count>481</ratings_count>
<text_reviews_count>106</text_reviews_count>
</author>
</authors>
  <published>2014</published>
</book>


      <book>
  <id type="integer">27016235</id>
  <isbn>1500344125</isbn>
  <isbn13>9781500344122</isbn13>
  <text_reviews_count type="integer">0</text_reviews_count>
  <title>Closing Credits: An Evening with Frank Capra</title>
  <title_without_series>Closing Credits: An Evening with Frank Capra</title_without_series>
  <image_url>https://images.gr-assets.com/books/1444885330m/27016235.jpg</image_url>
  <small_image_url>https://images.gr-assets.com/books/1444885330s/27016235.jpg</small_image_url>
  <large_image_url/>
  <link>https://www.goodreads.com/book/show/27016235-closing-credits</link>
  <num_pages>88</num_pages>
  <format>Paperback</format>
  <edition_information/>
  <publisher>Createspace Independent Publishing Platform</publisher>
  <publication_day>27</publication_day>
  <publication_year>2014</publication_year>
  <publication_month>6</publication_month>
  <average_rating>0.0</average_rating>
  <ratings_count>0</ratings_count>
  <description>Promotional materials and complete script for a new stage play -- CLOSING CREDITS: An Evening With Frank Capra</description>
<authors>
<author>
<id>14469700</id>
<name>Loren Marsters</name>
<role></role>
<image_url nophoto='true'>
<![CDATA[https://s.gr-assets.com/assets/nophoto/user/u_200x266-e183445fd1a1b5cc7075bb1cf7043306.png]]>
</image_url>
<small_image_url nophoto='true'>
<![CDATA[https://s.gr-assets.com/assets/nophoto/user/u_50x66-632230dc9882b4352d753eedf9396530.png]]>
</small_image_url>
<link><![CDATA[https://www.goodreads.com/author/show/14469700.Loren_Marsters]]></link>
<average_rating>0.0</average_rating>
<ratings_count>0</ratings_count>
<text_reviews_count>0</text_reviews_count>
</author>
</authors>
  <published>2014</published>
</book>


    </books>
</author>

</GoodreadsResponse>