<?xml version="1.0" encoding="UTF-8"?>
<GoodreadsResponse>
  <Request>
    <authentication>true</authentication>
      <key><![CDATA[sySok63UyYyWi2Wof1HocA]]></key>
    <method><![CDATA[author_show]]></method>
  </Request>
  <author>
  <id>6971965</id>
  <name>Landon Parham</name>
  <link><![CDATA[https://www.goodreads.com/author/show/6971965.Landon_Parham]]></link>
  <fans_count type="integer">54</fans_count>
  <author_followers_count type="integer">54</author_followers_count>
  <large_image_url><![CDATA[https://images.gr-assets.com/authors/1362765597p7/6971965.jpg]]></large_image_url>
  <image_url><![CDATA[https://images.gr-assets.com/authors/1362765597p5/6971965.jpg]]></image_url>
  <small_image_url><![CDATA[https://images.gr-assets.com/authors/1362765597p2/6971965.jpg]]></small_image_url>
  <about><![CDATA[To learn more "like" Landon's facebook page.<br /><a target="_blank" href="https://www.facebook.com/pages/Landon-Parham/417902691633998?fref=ts" rel="nofollow">https://www.facebook.com/pages/Landon...</a><br /><br />Bestselling author, Landon Parham lives in the suburbs of Dallas, Texas. The majestic, rural expanses of America inspire his visions and will continue to show up as integral parts of his work. His passion is raising awareness of everyday issues through fiction. Parham's debut novel, First Night of Summer topped the charts when it hit #2 on Barnes &amp; Noble bestseller list and hit #21 on Amazon. Although controversial, it has garnered attention from FOX News, NBC, numerous law enforcement personnel, social workers, child-care advocates, and parents around the globe, as an emotional and true-to-life story. "If we choose not to recognize the evil in our world, we will never stand up to it."<br /><br />WHAT PEOPLE ARE SAYING: <br />"Thoroughly engaging from start to finish...Overwhelming love, fear, self-doubt, and rage...emotions any parent could relate to. A foe that readers will want to see defeated, abolished, ground to dust." <br /> --Sandra Brown, #1 New York Times bestselling author of LETHAL <br /><br />"FIRST NIGHT OF SUMMER is a wonderfully written tale of secrets, subterfuge and their effects on one family. Landon Parham's debut thriller is a smooth mix of C.J. Box with Harlan Coben in an angst-riddled novel staged in the murky half-light of moral complexity. The book's simple, ironic title belies its fully realized characterizations and multi-layered plot, serving up a superb cat-and-mouse game where very little is what it first appears to be."<br /> --Jon Land, bestselling author of STRONG RAIN FALLING <br /><br />Landon is currently at work on his next suspense novel that will tackle a different, but no less suspenseful issue.<br /><br />Award-winning 2013 Readers' Favorite International Book Awards Finalist- Suspense<br /><br />Sony e-reader and #1 NYT Bestselling Author, Sandra Brown's Debut Author Pick 2013<br /><br />Feel free to friend Landon Parham and expand his reader network or add yourself as a fan on Goodreads.<br />]]></about>
  <influences><![CDATA[<a href="https://www.goodreads.com/author/show/14989.Vince_Flynn" title="Vince Flynn" rel="nofollow">Vince Flynn</a>, <a href="https://www.goodreads.com/author/show/3780.James_Patterson" title="James Patterson" rel="nofollow">James Patterson</a>, <a href="https://www.goodreads.com/author/show/9355.Dean_Koontz" title="Dean Koontz" rel="nofollow">Dean Koontz</a>]]></influences>
  <works_count>1</works_count>
  <gender>male</gender>
  <hometown></hometown>
  <born_at></born_at>
  <died_at></died_at>
  <goodreads_author>true</goodreads_author>
    <user>
  <id type="integer">18112959</id>
</user>


    <books>
      <book>
  <id type="integer">17466895</id>
  <isbn>0988802511</isbn>
  <isbn13>9780988802513</isbn13>
  <text_reviews_count type="integer">62</text_reviews_count>
  <title>First Night of Summer</title>
  <title_without_series>First Night of Summer</title_without_series>
  <image_url>https://images.gr-assets.com/books/1362768321m/17466895.jpg</image_url>
  <small_image_url>https://images.gr-assets.com/books/1362768321s/17466895.jpg</small_image_url>
  <large_image_url/>
  <link>https://www.goodreads.com/book/show/17466895-first-night-of-summer</link>
  <num_pages>328</num_pages>
  <format>Paperback</format>
  <edition_information/>
  <publisher>Valiant Books</publisher>
  <publication_day>1</publication_day>
  <publication_year>2013</publication_year>
  <publication_month>2</publication_month>
  <average_rating>3.92</average_rating>
  <ratings_count>220</ratings_count>
  <description>WHEN TRAGEDY STRIKES, a father discovers that a journey of misfortune is sometimes the path to deliverance. The quaint mountain town of Ruidoso, New Mexico, is the perfect place for Isaac Snow to raise his family. But when eight-year-old daughters, Caroline and Josie, commit an innocent act of heroism, media coverage attracts the wrong kind of attention. Soon, their life unravels, leading them to the crossroads of love and hate, forgiveness and retribution. &lt;br /&gt;&lt;br /&gt;In the dark hours of a drizzly morning, Isaac, an ex-air force pilot, wakes to find a masked intruder cradling one of the twins in his arms. Before he can react, the man in black leaps through the nearest window, plummeting in a tangle of body parts and glass. Isaac charges in pursuit, but is suddenly faced with a new dilemma. Caroline is unconscious, lying facedown in the lawn, cuts from the shattered window saturating her pajamas. If he gives chase, his little girl will surely bleed to death. &lt;br /&gt;&lt;br /&gt;From a secretive loner with a pension for unrestrained violence to the pristine granite peaks of the Rocky Mountains--from laughter filled family dinners to a string of cross-country abductions, LANDON PARHAM'S debut novel relentlessly explores the horrific realities of unnatural lust and obsession. Taken well beyond the investigation and law-enforcement tactics, you'll find yourself steeped in journey of evil and torment, and the power of family that overcomes it all. Suspenseful, bold and meticulously researched; a true psychological thriller that captures the heart.</description>
<authors>
<author>
<id>6971965</id>
<name>Landon Parham</name>
<role></role>
<image_url nophoto='false'>
<![CDATA[https://images.gr-assets.com/authors/1362765597p5/6971965.jpg]]>
</image_url>
<small_image_url nophoto='false'>
<![CDATA[https://images.gr-assets.com/authors/1362765597p2/6971965.jpg]]>
</small_image_url>
<link><![CDATA[https://www.goodreads.com/author/show/6971965.Landon_Parham]]></link>
<average_rating>3.92</average_rating>
<ratings_count>220</ratings_count>
<text_reviews_count>84</text_reviews_count>
</author>
</authors>
  <published>2013</published>
</book>


    </books>
</author>

</GoodreadsResponse>