<?xml version="1.0" encoding="UTF-8"?>
<GoodreadsResponse>
  <Request>
    <authentication>true</authentication>
      <key><![CDATA[sySok63UyYyWi2Wof1HocA]]></key>
    <method><![CDATA[author_show]]></method>
  </Request>
  <author>
  <id>7026892</id>
  <name>Tim Hoch</name>
  <link><![CDATA[https://www.goodreads.com/author/show/7026892.Tim_Hoch]]></link>
  <fans_count type="integer">1</fans_count>
  <author_followers_count type="integer">1</author_followers_count>
  <large_image_url><![CDATA[https://images.gr-assets.com/authors/1368415036p7/7026892.jpg]]></large_image_url>
  <image_url><![CDATA[https://images.gr-assets.com/authors/1368415036p5/7026892.jpg]]></image_url>
  <small_image_url><![CDATA[https://images.gr-assets.com/authors/1368415036p2/7026892.jpg]]></small_image_url>
  <about><![CDATA[TIM HOCH has practiced law in Texas for more than 20 years. He lives in Fort Worth with his wife and three children where he serves as Vice Chair for Catholic Charities-Fort Worth and is on the Board of Directors for Frog Club at Texas Christian University. He is also a volunteer at The Assessment Center and Child Advocates of Tarrant County, two programs that assist abused children. He is working on his next book, 50 Rules for Daughters. ]]></about>
  <influences></influences>
  <works_count>2</works_count>
  <gender>male</gender>
  <hometown></hometown>
  <born_at></born_at>
  <died_at></died_at>
  <goodreads_author></goodreads_author>

    <books>
      <book>
  <id type="integer">23299150</id>
  <isbn nil="true"/>
  <isbn13 nil="true"/>
  <text_reviews_count type="integer">1</text_reviews_count>
  <title>Two Minute Mentor: The Only Life Advice You'll Ever Need</title>
  <title_without_series>Two Minute Mentor: The Only Life Advice You'll Ever Need</title_without_series>
  <image_url>https://s.gr-assets.com/assets/nophoto/book/111x148-bcc042a9c91a29c1d680899eff700a03.png</image_url>
  <small_image_url>https://s.gr-assets.com/assets/nophoto/book/50x75-a91bf249278a81aabab721ef782c4a74.png</small_image_url>
  <large_image_url/>
  <link>https://www.goodreads.com/book/show/23299150-two-minute-mentor</link>
  <num_pages></num_pages>
  <format></format>
  <edition_information/>
  <publisher></publisher>
  <publication_day></publication_day>
  <publication_year></publication_year>
  <publication_month></publication_month>
  <average_rating>4.14</average_rating>
  <ratings_count>7</ratings_count>
  <description></description>
<authors>
<author>
<id>7026892</id>
<name>Tim Hoch</name>
<role></role>
<image_url nophoto='false'>
<![CDATA[https://images.gr-assets.com/authors/1368415036p5/7026892.jpg]]>
</image_url>
<small_image_url nophoto='false'>
<![CDATA[https://images.gr-assets.com/authors/1368415036p2/7026892.jpg]]>
</small_image_url>
<link><![CDATA[https://www.goodreads.com/author/show/7026892.Tim_Hoch]]></link>
<average_rating>3.71</average_rating>
<ratings_count>14</ratings_count>
<text_reviews_count>5</text_reviews_count>
</author>
</authors>
  <published></published>
</book>


      <book>
  <id type="integer">17713972</id>
  <isbn>0984970207</isbn>
  <isbn13>9780984970209</isbn13>
  <text_reviews_count type="integer">4</text_reviews_count>
  <title>50 Rules for Sons</title>
  <title_without_series>50 Rules for Sons</title_without_series>
  <image_url>https://images.gr-assets.com/books/1364845793m/17713972.jpg</image_url>
  <small_image_url>https://images.gr-assets.com/books/1364845793s/17713972.jpg</small_image_url>
  <large_image_url/>
  <link>https://www.goodreads.com/book/show/17713972-50-rules-for-sons</link>
  <num_pages>136</num_pages>
  <format>Paperback</format>
  <edition_information/>
  <publisher>Improvisation, LP</publisher>
  <publication_day>7</publication_day>
  <publication_year>2013</publication_year>
  <publication_month>5</publication_month>
  <average_rating>3.29</average_rating>
  <ratings_count>7</ratings_count>
  <description>Written for his son upon graduation from high school, Tim Hoch's 50 Rules for Sons is an inspiring gift book that shares a father's wisdom with sons who are leaving the nest. Lessons like: Be open to and unashamed of the possibility that you might be wrong. Take stock of where you've been, but don't dwell on it. If you show up to class on time and sit in one of the first three rows, you will succeed. In the first half of the book, the 50 rules are listed quickly, independent of any explanation-a format that appeals to the younger, 140-character generation. At the end, Tim gives the back story to each rule, explaining his personal life experience that makes the rule so relevant. Taken from a lifetime of both failure and success, Tim's words are powerful tools to help sons of all ages and backgrounds grow and mature into their best.</description>
<authors>
<author>
<id>7026892</id>
<name>Tim Hoch</name>
<role></role>
<image_url nophoto='false'>
<![CDATA[https://images.gr-assets.com/authors/1368415036p5/7026892.jpg]]>
</image_url>
<small_image_url nophoto='false'>
<![CDATA[https://images.gr-assets.com/authors/1368415036p2/7026892.jpg]]>
</small_image_url>
<link><![CDATA[https://www.goodreads.com/author/show/7026892.Tim_Hoch]]></link>
<average_rating>3.71</average_rating>
<ratings_count>14</ratings_count>
<text_reviews_count>5</text_reviews_count>
</author>
</authors>
  <published>2013</published>
</book>


    </books>
</author>

</GoodreadsResponse>