<?xml version="1.0" encoding="UTF-8"?>
<GoodreadsResponse>
  <Request>
    <authentication>true</authentication>
      <key><![CDATA[sySok63UyYyWi2Wof1HocA]]></key>
    <method><![CDATA[author_show]]></method>
  </Request>
  <author>
  <id>7092011</id>
  <name>Alex  Cameron</name>
  <link><![CDATA[https://www.goodreads.com/author/show/7092011.Alex_Cameron]]></link>
  <fans_count type="integer">1</fans_count>
  <author_followers_count type="integer">1</author_followers_count>
  <large_image_url><![CDATA[https://images.gr-assets.com/authors/1368648397p7/7092011.jpg]]></large_image_url>
  <image_url><![CDATA[https://images.gr-assets.com/authors/1368648397p5/7092011.jpg]]></image_url>
  <small_image_url><![CDATA[https://images.gr-assets.com/authors/1368648397p2/7092011.jpg]]></small_image_url>
  <about><![CDATA[Alex is a follower of Jesus Christ. He is passionate about the word of God and loves to share the good news of the mercy of God with others. He lives with his wife in Calgary, AB, Canada.<br />]]></about>
  <influences><![CDATA[<a href="https://www.goodreads.com/author/show/4755538.New_English_Translation_The_Holy_Bible" title="New English Translation The Holy Bible" rel="nofollow">New English Translation The Holy Bible</a>, Jesus Christ]]></influences>
  <works_count>1</works_count>
  <gender>male</gender>
  <hometown></hometown>
  <born_at></born_at>
  <died_at></died_at>
  <goodreads_author>true</goodreads_author>
    <user>
  <id type="integer">20364372</id>
</user>


    <books>
      <book>
  <id type="integer">17915302</id>
  <isbn>1484109643</isbn>
  <isbn13>9781484109649</isbn13>
  <text_reviews_count type="integer">0</text_reviews_count>
  <title>Bible Verses for Prayer, Meditation and Memory</title>
  <title_without_series>Bible Verses for Prayer, Meditation and Memory</title_without_series>
  <image_url>https://images.gr-assets.com/books/1368649832m/17915302.jpg</image_url>
  <small_image_url>https://images.gr-assets.com/books/1368649832s/17915302.jpg</small_image_url>
  <large_image_url/>
  <link>https://www.goodreads.com/book/show/17915302-bible-verses-for-prayer-meditation-and-memory</link>
  <num_pages>178</num_pages>
  <format>Paperback</format>
  <edition_information/>
  <publisher>Createspace Independent Publishing Platform</publisher>
  <publication_day>16</publication_day>
  <publication_year>2013</publication_year>
  <publication_month>4</publication_month>
  <average_rating>5.00</average_rating>
  <ratings_count>1</ratings_count>
  <description>What does the Bible say about Jesus?&lt;br /&gt;Who is God and what is he like?&lt;br /&gt;What does the Bible say about itself? &lt;br /&gt; Prayer?&lt;br /&gt; Meditation?&lt;br /&gt; Memorization?&lt;br /&gt;&lt;br /&gt;These are verses and popular passages from the Holy Bible for prayer, meditation and memorization.&lt;br /&gt;&lt;br /&gt;The categories are:&lt;br /&gt;&lt;br /&gt;Ask in Jesus Name&lt;br /&gt;Life in Christ&lt;br /&gt;More Than Conquerors&lt;br /&gt;Create In Me A Clean Heart&lt;br /&gt;God is&lt;br /&gt;God is Love&lt;br /&gt;Psalm 23&lt;br /&gt;Encourage One Another&lt;br /&gt;The Beatitudes&lt;br /&gt;Above all else guard your heart&lt;br /&gt;A Firm Foundation&lt;br /&gt;Psalm 24&lt;br /&gt;The Word&lt;br /&gt;Wait for the Lord</description>
<authors>
<author>
<id>7092011</id>
<name>Alex  Cameron</name>
<role></role>
<image_url nophoto='false'>
<![CDATA[https://images.gr-assets.com/authors/1368648397p5/7092011.jpg]]>
</image_url>
<small_image_url nophoto='false'>
<![CDATA[https://images.gr-assets.com/authors/1368648397p2/7092011.jpg]]>
</small_image_url>
<link><![CDATA[https://www.goodreads.com/author/show/7092011.Alex_Cameron]]></link>
<average_rating>5.00</average_rating>
<ratings_count>1</ratings_count>
<text_reviews_count>0</text_reviews_count>
</author>
</authors>
  <published>2013</published>
</book>


    </books>
</author>

</GoodreadsResponse>