<?xml version="1.0" encoding="UTF-8"?>
<GoodreadsResponse>
  <Request>
    <authentication>true</authentication>
      <key><![CDATA[sySok63UyYyWi2Wof1HocA]]></key>
    <method><![CDATA[author_show]]></method>
  </Request>
  <author>
  <id>7102611</id>
  <name>Shane Ellis</name>
  <link><![CDATA[https://www.goodreads.com/author/show/7102611.Shane_Ellis]]></link>
  <fans_count type="integer">1</fans_count>
  <author_followers_count type="integer">1</author_followers_count>
  <large_image_url><![CDATA[https://images.gr-assets.com/authors/1370599772p7/7102611.jpg]]></large_image_url>
  <image_url><![CDATA[https://images.gr-assets.com/authors/1370599772p5/7102611.jpg]]></image_url>
  <small_image_url><![CDATA[https://images.gr-assets.com/authors/1370599772p2/7102611.jpg]]></small_image_url>
  <about><![CDATA[About the Author<br />Shane Ellis was born in Wrexham, North Wales on September 20th 1989. From a very young age he loved everything astronomical and dreamt of being a writer. At eighteen, he left school to study art and design, but dropped out to work in a care home for the young and disabled. He penned 'Where the Wolf Spiders Sleep' - a novel about the zodiac - after leaving. He lives in Wales with his dog Keela and writes full-time.]]></about>
  <influences><![CDATA[<a href="https://www.goodreads.com/author/show/7113373.H__P__Lovecraft" title="H. P. Lovecraft" rel="nofollow">H. P. Lovecraft</a>]]></influences>
  <works_count>3</works_count>
  <gender>male</gender>
  <hometown></hometown>
  <born_at></born_at>
  <died_at></died_at>
  <goodreads_author>true</goodreads_author>
    <user>
  <id type="integer">20449816</id>
</user>


    <books>
      <book>
  <id type="integer">17971062</id>
  <isbn nil="true"/>
  <isbn13 nil="true"/>
  <text_reviews_count type="integer">1</text_reviews_count>
  <title>Where the Wolf Spiders Sleep (Malek Hollow, Book 1)</title>
  <title_without_series>Where the Wolf Spiders Sleep</title_without_series>
  <image_url>https://images.gr-assets.com/books/1370598677m/17971062.jpg</image_url>
  <small_image_url>https://images.gr-assets.com/books/1370598677s/17971062.jpg</small_image_url>
  <large_image_url/>
  <link>https://www.goodreads.com/book/show/17971062-where-the-wolf-spiders-sleep</link>
  <num_pages></num_pages>
  <format>ebook</format>
  <edition_information>1</edition_information>
  <publisher></publisher>
  <publication_day>14</publication_day>
  <publication_year>2013</publication_year>
  <publication_month>5</publication_month>
  <average_rating>4.00</average_rating>
  <ratings_count>1</ratings_count>
  <description>Where the Wolf Spiders Sleep&lt;br /&gt;&lt;br /&gt;Twelve-year-old Malek Hollow, along with Golgarti (the daughter of constellation Cassiopeia), Greagle (the son of constellation Orion) and Charlton Dean (a chimney sweeper from London), are swept off on a thrilling and dangerous quest to obtain the magical heart of the Grim Reaper. Their quest will see them battling giant space wolves, colossal skeletons, aliens of the deep and gigantic scaled hands in a cave hidden beneath the ocean. They will also meet Pandora - the proprietor of hope, the zodiac and their cousin constellations, a real star (which is actually a hideous worm-like creature) and even a sleeping wormhole beneath the streets of Victorian London - all in the attempts at saving their star sign from a terrible fate written in the stars . . .&lt;br /&gt;&lt;br /&gt;The question remains, dear reader, just how far would you go to save your star sign?&lt;br /&gt;&lt;br /&gt;This is the first book in a thrilling new series. &lt;br /&gt;To find out more about Where the Wolf Spiders Sleep and upcoming works, please visit my blog at &lt;a target="_blank" href="http://shanemaellis.wordpress.com" rel="nofollow"&gt;http://shanemaellis.wordpress.com&lt;/a&gt;. Don't forget to join my mailing list for free chapter samples and up-to-date news. &lt;br /&gt;&lt;br /&gt;&lt;br /&gt;Age: 12+&lt;br /&gt;Word Count: 61,344 words.&lt;br /&gt;Genre: Adventure/Horror/Science fiction/YA</description>
<authors>
<author>
<id>7102611</id>
<name>Shane Ellis</name>
<role></role>
<image_url nophoto='false'>
<![CDATA[https://images.gr-assets.com/authors/1370599772p5/7102611.jpg]]>
</image_url>
<small_image_url nophoto='false'>
<![CDATA[https://images.gr-assets.com/authors/1370599772p2/7102611.jpg]]>
</small_image_url>
<link><![CDATA[https://www.goodreads.com/author/show/7102611.Shane_Ellis]]></link>
<average_rating>4.00</average_rating>
<ratings_count>1</ratings_count>
<text_reviews_count>1</text_reviews_count>
</author>
</authors>
  <published>2013</published>
</book>


      <book>
  <id type="integer">33919759</id>
  <isbn>1542341663</isbn>
  <isbn13>9781542341660</isbn13>
  <text_reviews_count type="integer">0</text_reviews_count>
  <title>The Body Engineer</title>
  <title_without_series>The Body Engineer</title_without_series>
  <image_url>https://s.gr-assets.com/assets/nophoto/book/111x148-bcc042a9c91a29c1d680899eff700a03.png</image_url>
  <small_image_url>https://s.gr-assets.com/assets/nophoto/book/50x75-a91bf249278a81aabab721ef782c4a74.png</small_image_url>
  <large_image_url/>
  <link>https://www.goodreads.com/book/show/33919759-the-body-engineer</link>
  <num_pages></num_pages>
  <format>Paperback</format>
  <edition_information/>
  <publisher>Createspace Independent Publishing Platform</publisher>
  <publication_day>5</publication_day>
  <publication_year>2016</publication_year>
  <publication_month>12</publication_month>
  <average_rating>0.0</average_rating>
  <ratings_count>0</ratings_count>
  <description>THE #1 NO BS NATURAL BODYBUILDING BOOK WITH WORKOUT VIDEOS INCLUDED If you want to build muscle, lose fat, and look great as quickly as possible without the use of steroids, good genetics, or wasting ridiculous amounts of time in the gym and money on supplements...then this book is for YOU. Here's the deal: Do you ever find yourself confused, not believing, or just unmotivated? It's okay, it's not your fault. The market for fitness information is over-saturated with BS information. The truth is, building muscle and burning fat isn't nearly as complicated as the fitness industry wants you to believe. You don't need to spend hundreds of dollars per month on the worthless workout supplements that steroid-fueled bodybuilders "swear by." You don't need to constantly change up your weightlifting exercises to build muscle mass. Muscle building is much simpler than that. You don't need to spend a couple of hours every day doing tons of weight training sets, supersets, drop sets, etc. You don't need to grind out hours of boring cardio to shed ugly belly fat and get a six-pack. You probably don't have to do ANY cardio, actually. Those are just a few of the harmful myths that keep guys like you from ever achieving the ripped, muscular, strong, and healthy body you deserve. And in this book you're going to learn something most people will never know that stop them from getting to the next level... The key to muscle building nutrition and training methods that make putting on 10 to 15 lbs. of chiseled mass with a breeze...and it only takes a few months. 90 days in fact. You know the old saying of knowledge is power? It's true. This book reveals... The biggest muscle building mistakes that keep doers small, weak, and frustrated. How to lose fat and build muscle while eating the worlds most nutrient dense foods that get you feeling like a new YOU. An all-in-one bodybuilding routine that will give you a big, full chest...a wide, tapered back...bulging arms...and thick, powerful legs...in just 3 to 6 hours of exercise per week...doing weight training workouts that you actually wake up and look forward to. A no-BS guide to bodybuilding supplements that will save you from wasting THOUSANDS of dollars each year on bunk science and marketing hype. (This book will pay for itself tenfold. How to master your mind and to develop the self-discipline and motivation you need to engineer the body of your dreams. If you like bodybuilding motivation, this guide is for you! What to eat before and after your workouts to build muscle fast. Your Pre &amp;amp; Post workout meal make bodybuilding diet plans maximally effective. Imagine...in just 90 days from now...having a head turning physique and being constantly asked how the heck you're doing it... Imagine enjoying the added benefits of high energy levels, no aches and pains, more libido, clear thinking, and knowing that you're working towards a better YOU everyday... The bottom line is you CAN achieve that "Hollywood" body without having your whole life revolve around it. It's easy! There are just some things you need to know.. SPECIAL BONUS FOR READERS! With this fitness book you'll also get workout videos that guide you though every single workout, a detailed grocery list with the most nutrient dense foods that you can buy, workout plans, workout result sheets, supplement and nutrition guides to maximize a better YOU in the shortest amount of time! Scroll up, click the "Buy" button now, and begin your journey to feeling better, looking better, getting back in shape, and a much better YOU!</description>
<authors>
<author>
<id>7102611</id>
<name>Shane Ellis</name>
<role></role>
<image_url nophoto='false'>
<![CDATA[https://images.gr-assets.com/authors/1370599772p5/7102611.jpg]]>
</image_url>
<small_image_url nophoto='false'>
<![CDATA[https://images.gr-assets.com/authors/1370599772p2/7102611.jpg]]>
</small_image_url>
<link><![CDATA[https://www.goodreads.com/author/show/7102611.Shane_Ellis]]></link>
<average_rating>4.00</average_rating>
<ratings_count>1</ratings_count>
<text_reviews_count>1</text_reviews_count>
</author>
</authors>
  <published>2016</published>
</book>


      <book>
  <id type="integer">33285230</id>
  <isbn nil="true"/>
  <isbn13 nil="true"/>
  <text_reviews_count type="integer">0</text_reviews_count>
  <title>The Body Engineer (The No BS Guide To Engineering the Ultimate Body (Bodybuilding Books, Building Muscle, Weightlifting, Fitness Training, Weight Book 1)</title>
  <title_without_series>The Body Engineer (The No BS Guide To Engineering the Ultimate Body</title_without_series>
  <image_url>https://s.gr-assets.com/assets/nophoto/book/111x148-bcc042a9c91a29c1d680899eff700a03.png</image_url>
  <small_image_url>https://s.gr-assets.com/assets/nophoto/book/50x75-a91bf249278a81aabab721ef782c4a74.png</small_image_url>
  <large_image_url/>
  <link>https://www.goodreads.com/book/show/33285230-the-body-engineer-the-no-bs-guide-to-engineering-the-ultimate-body</link>
  <num_pages></num_pages>
  <format></format>
  <edition_information/>
  <publisher></publisher>
  <publication_day></publication_day>
  <publication_year></publication_year>
  <publication_month></publication_month>
  <average_rating>0.0</average_rating>
  <ratings_count>0</ratings_count>
  <description></description>
<authors>
<author>
<id>7102611</id>
<name>Shane Ellis</name>
<role></role>
<image_url nophoto='false'>
<![CDATA[https://images.gr-assets.com/authors/1370599772p5/7102611.jpg]]>
</image_url>
<small_image_url nophoto='false'>
<![CDATA[https://images.gr-assets.com/authors/1370599772p2/7102611.jpg]]>
</small_image_url>
<link><![CDATA[https://www.goodreads.com/author/show/7102611.Shane_Ellis]]></link>
<average_rating>4.00</average_rating>
<ratings_count>1</ratings_count>
<text_reviews_count>1</text_reviews_count>
</author>
</authors>
  <published></published>
</book>


    </books>
</author>

</GoodreadsResponse>