<?xml version="1.0" encoding="UTF-8"?>
<GoodreadsResponse>
  <Request>
    <authentication>true</authentication>
      <key><![CDATA[sySok63UyYyWi2Wof1HocA]]></key>
    <method><![CDATA[author_show]]></method>
  </Request>
  <author>
  <id>7108457</id>
  <name>Dale Boynton</name>
  <link><![CDATA[https://www.goodreads.com/author/show/7108457.Dale_Boynton]]></link>
  <fans_count type="integer">0</fans_count>
  <author_followers_count type="integer">0</author_followers_count>
  <large_image_url><![CDATA[https://images.gr-assets.com/authors/1442889796p7/7108457.jpg]]></large_image_url>
  <image_url><![CDATA[https://images.gr-assets.com/authors/1442889796p5/7108457.jpg]]></image_url>
  <small_image_url><![CDATA[https://images.gr-assets.com/authors/1442889796p2/7108457.jpg]]></small_image_url>
  <about></about>
  <influences></influences>
  <works_count>1</works_count>
  <gender>male</gender>
  <hometown></hometown>
  <born_at></born_at>
  <died_at></died_at>
  <goodreads_author>true</goodreads_author>
    <user>
  <id type="integer">21175175</id>
</user>


    <books>
      <book>
  <id type="integer">17990051</id>
  <isbn>1475991304</isbn>
  <isbn13>9781475991307</isbn13>
  <text_reviews_count type="integer">0</text_reviews_count>
  <title>Endlessness of the Stars</title>
  <title_without_series>Endlessness of the Stars</title_without_series>
  <image_url>https://images.gr-assets.com/books/1369821762m/17990051.jpg</image_url>
  <small_image_url>https://images.gr-assets.com/books/1369821762s/17990051.jpg</small_image_url>
  <large_image_url/>
  <link>https://www.goodreads.com/book/show/17990051-endlessness-of-the-stars</link>
  <num_pages>208</num_pages>
  <format>Paperback</format>
  <edition_information/>
  <publisher>iUniverse</publisher>
  <publication_day>24</publication_day>
  <publication_year>2013</publication_year>
  <publication_month>5</publication_month>
  <average_rating>5.00</average_rating>
  <ratings_count>1</ratings_count>
  <description>In a rural farming town in Saskatchewan, two teenagers have been engaged in a dance of flirtation for quite some time. Michelle, a ninth grader, is the epitome of the girl next door. Landon, a senior, is an all-around good guy who also happens to be a star athlete. But just as their relationship moves to the next step, Landon is killed in a tragic car crash.&lt;br /&gt;&lt;br /&gt;As the families and community attempt to deal with the loss of Landon, Michelle seeks solace with a group of her friends. While sharing memories, the teenagers search for answers as to why their seemingly perfect world has suddenly been turned upside down. As Michelle quietly listens to their stories, she wonders how she will ever live without Landon, her protector and friend. Every place she visits and everything she touches reminds her of good times. As she courageously attempts to work through her grief, Landon's family embarks on their own journey through heartache, all while wondering how they too will ever go on.&lt;br /&gt;&lt;br /&gt;Endlessness of the Stars is the poignant story of love, loss and hope as a community is forever altered after one of their own is taken from them forever.</description>
<authors>
<author>
<id>7108457</id>
<name>Dale Boynton</name>
<role></role>
<image_url nophoto='false'>
<![CDATA[https://images.gr-assets.com/authors/1442889796p5/7108457.jpg]]>
</image_url>
<small_image_url nophoto='false'>
<![CDATA[https://images.gr-assets.com/authors/1442889796p2/7108457.jpg]]>
</small_image_url>
<link><![CDATA[https://www.goodreads.com/author/show/7108457.Dale_Boynton]]></link>
<average_rating>5.00</average_rating>
<ratings_count>1</ratings_count>
<text_reviews_count>0</text_reviews_count>
</author>
</authors>
  <published>2013</published>
</book>


    </books>
</author>

</GoodreadsResponse>