<?xml version="1.0" encoding="UTF-8"?>
<GoodreadsResponse>
  <Request>
    <authentication>true</authentication>
      <key><![CDATA[sySok63UyYyWi2Wof1HocA]]></key>
    <method><![CDATA[author_show]]></method>
  </Request>
  <author>
  <id>7112765</id>
  <name>Haydon Murray</name>
  <link><![CDATA[https://www.goodreads.com/author/show/7112765.Haydon_Murray]]></link>
  <fans_count type="integer">8</fans_count>
  <author_followers_count type="integer">8</author_followers_count>
  <large_image_url><![CDATA[https://images.gr-assets.com/authors/1442890139p7/7112765.jpg]]></large_image_url>
  <image_url><![CDATA[https://images.gr-assets.com/authors/1442890139p5/7112765.jpg]]></image_url>
  <small_image_url><![CDATA[https://images.gr-assets.com/authors/1442890139p2/7112765.jpg]]></small_image_url>
  <about></about>
  <influences></influences>
  <works_count>1</works_count>
  <gender>male</gender>
  <hometown></hometown>
  <born_at></born_at>
  <died_at></died_at>
  <goodreads_author>true</goodreads_author>
    <user>
  <id type="integer">19843253</id>
</user>


    <books>
      <book>
  <id type="integer">18001512</id>
  <isbn nil="true"/>
  <isbn13 nil="true"/>
  <text_reviews_count type="integer">0</text_reviews_count>
  <title>Dinosaur</title>
  <title_without_series>Dinosaur</title_without_series>
  <image_url>https://s.gr-assets.com/assets/nophoto/book/111x148-bcc042a9c91a29c1d680899eff700a03.png</image_url>
  <small_image_url>https://s.gr-assets.com/assets/nophoto/book/50x75-a91bf249278a81aabab721ef782c4a74.png</small_image_url>
  <large_image_url/>
  <link>https://www.goodreads.com/book/show/18001512-dinosaur</link>
  <num_pages>400</num_pages>
  <format>ebook</format>
  <edition_information/>
  <publisher>Smashwords</publisher>
  <publication_day>23</publication_day>
  <publication_year>2013</publication_year>
  <publication_month>5</publication_month>
  <average_rating>4.00</average_rating>
  <ratings_count>2</ratings_count>
  <description>Mickey Williams is different. He is an East End Boy thrust into a life he is not prepared for. A victim of his own success his world is torn apart by his inability to compromise. Moving to Dubai, two very different women shape his life leading him into a life fraught with danger where he is pitted against people he doesn't understand with unforeseen and tragic consequences</description>
<authors>
<author>
<id>7112765</id>
<name>Haydon Murray</name>
<role></role>
<image_url nophoto='false'>
<![CDATA[https://images.gr-assets.com/authors/1442890139p5/7112765.jpg]]>
</image_url>
<small_image_url nophoto='false'>
<![CDATA[https://images.gr-assets.com/authors/1442890139p2/7112765.jpg]]>
</small_image_url>
<link><![CDATA[https://www.goodreads.com/author/show/7112765.Haydon_Murray]]></link>
<average_rating>4.00</average_rating>
<ratings_count>2</ratings_count>
<text_reviews_count>0</text_reviews_count>
</author>
</authors>
  <published>2013</published>
</book>


    </books>
</author>

</GoodreadsResponse>