<?xml version="1.0" encoding="UTF-8"?>
<GoodreadsResponse>
  <Request>
    <authentication>true</authentication>
      <key><![CDATA[sySok63UyYyWi2Wof1HocA]]></key>
    <method><![CDATA[author_show]]></method>
  </Request>
  <author>
  <id>7119592</id>
  <name>Henry B. Wolfe</name>
  <link><![CDATA[https://www.goodreads.com/author/show/7119592.Henry_B_Wolfe]]></link>
  <fans_count type="integer">0</fans_count>
  <author_followers_count type="integer">0</author_followers_count>
  <large_image_url><![CDATA[https://s.gr-assets.com/assets/nophoto/user/m_333x500-a9c67bed07ee7e10983a5d5ccc572516.png]]></large_image_url>
  <image_url><![CDATA[https://s.gr-assets.com/assets/nophoto/user/m_200x266-d279b33f8eec0f27b7272477f09806be.png]]></image_url>
  <small_image_url><![CDATA[https://s.gr-assets.com/assets/nophoto/user/m_50x66-82093808bca726cb3249a493fbd3bd0f.png]]></small_image_url>
  <about></about>
  <influences></influences>
  <works_count>1</works_count>
  <gender>male</gender>
  <hometown></hometown>
  <born_at></born_at>
  <died_at></died_at>
  <goodreads_author></goodreads_author>

    <books>
      <book>
  <id type="integer">18018235</id>
  <isbn>3642392172</isbn>
  <isbn13>9783642392177</isbn13>
  <text_reviews_count type="integer">0</text_reviews_count>
  <title>Security and Privacy Protection in Information Processing Systems: 28th Ifip Tc 11 International Conference, SEC 2013, Auckland, New Zealand, July 8-10, 2013, Proceedings</title>
  <title_without_series>Security and Privacy Protection in Information Processing Systems: 28th Ifip Tc 11 International Conference, SEC 2013, Auckland, New Zealand, July 8-10, 2013, Proceedings</title_without_series>
  <image_url>https://images.gr-assets.com/books/1381309390m/18018235.jpg</image_url>
  <small_image_url>https://images.gr-assets.com/books/1381309390s/18018235.jpg</small_image_url>
  <large_image_url/>
  <link>https://www.goodreads.com/book/show/18018235-security-and-privacy-protection-in-information-processing-systems</link>
  <num_pages>436</num_pages>
  <format>Hardcover</format>
  <edition_information/>
  <publisher>Springer</publisher>
  <publication_day>16</publication_day>
  <publication_year>2013</publication_year>
  <publication_month>7</publication_month>
  <average_rating>0.0</average_rating>
  <ratings_count>0</ratings_count>
  <description></description>
<authors>
<author>
<id>4793485</id>
<name>Lech J. Janczewski</name>
<role>Editor</role>
<image_url nophoto='true'>
<![CDATA[https://s.gr-assets.com/assets/nophoto/user/u_200x266-e183445fd1a1b5cc7075bb1cf7043306.png]]>
</image_url>
<small_image_url nophoto='true'>
<![CDATA[https://s.gr-assets.com/assets/nophoto/user/u_50x66-632230dc9882b4352d753eedf9396530.png]]>
</small_image_url>
<link><![CDATA[https://www.goodreads.com/author/show/4793485.Lech_J_Janczewski]]></link>
<average_rating>4.33</average_rating>
<ratings_count>6</ratings_count>
<text_reviews_count>0</text_reviews_count>
</author>
</authors>
  <published>2013</published>
</book>


    </books>
</author>

</GoodreadsResponse>