<?xml version="1.0" encoding="UTF-8"?>
<GoodreadsResponse>
  <Request>
    <authentication>true</authentication>
      <key><![CDATA[sySok63UyYyWi2Wof1HocA]]></key>
    <method><![CDATA[author_show]]></method>
  </Request>
  <author>
  <id>7123385</id>
  <name>Paul Stepusin</name>
  <link><![CDATA[https://www.goodreads.com/author/show/7123385.Paul_Stepusin]]></link>
  <fans_count type="integer">3</fans_count>
  <author_followers_count type="integer">3</author_followers_count>
  <large_image_url><![CDATA[https://images.gr-assets.com/authors/1372067357p7/7123385.jpg]]></large_image_url>
  <image_url><![CDATA[https://images.gr-assets.com/authors/1372067357p5/7123385.jpg]]></image_url>
  <small_image_url><![CDATA[https://images.gr-assets.com/authors/1372067357p2/7123385.jpg]]></small_image_url>
  <about></about>
  <influences></influences>
  <works_count>1</works_count>
  <gender>male</gender>
  <hometown></hometown>
  <born_at></born_at>
  <died_at></died_at>
  <goodreads_author>true</goodreads_author>
    <user>
  <id type="integer">20867200</id>
</user>


    <books>
      <book>
  <id type="integer">18043035</id>
  <isbn nil="true"/>
  <isbn13>9780985212919</isbn13>
  <text_reviews_count type="integer">2</text_reviews_count>
  <title>Rare: My daughter's faithful journey through cancer</title>
  <title_without_series>Rare: My daughter's faithful journey through cancer</title_without_series>
  <image_url>https://images.gr-assets.com/books/1370520007m/18043035.jpg</image_url>
  <small_image_url>https://images.gr-assets.com/books/1370520007s/18043035.jpg</small_image_url>
  <large_image_url/>
  <link>https://www.goodreads.com/book/show/18043035-rare</link>
  <num_pages>470</num_pages>
  <format>Paperback</format>
  <edition_information/>
  <publisher>Paul Christopher Productions</publisher>
  <publication_day/>
  <publication_year>2012</publication_year>
  <publication_month>3</publication_month>
  <average_rating>4.56</average_rating>
  <ratings_count>9</ratings_count>
  <description>"In talking with other families who had cancer appear suddenly in their lives, I found many similarities to our story, and hope those families and others will find insight and a measure of comfort from Rebecca's story.&lt;br /&gt;&lt;br /&gt;We started this book together right after we learned of her cancer diagnosis. We were a father and daughter who loved each other and loved spending time together. It may have been my hands on the keyboard, but I believe it was Rebecca's voice inside me who wrote this story. It's her heart, not mine, that completed this. This book represents the fulfillment of a promise that we would write a book together...and so we did. Go to rarebookspc.com to purchase a copy.</description>
<authors>
<author>
<id>7123385</id>
<name>Paul Stepusin</name>
<role></role>
<image_url nophoto='false'>
<![CDATA[https://images.gr-assets.com/authors/1372067357p5/7123385.jpg]]>
</image_url>
<small_image_url nophoto='false'>
<![CDATA[https://images.gr-assets.com/authors/1372067357p2/7123385.jpg]]>
</small_image_url>
<link><![CDATA[https://www.goodreads.com/author/show/7123385.Paul_Stepusin]]></link>
<average_rating>4.56</average_rating>
<ratings_count>9</ratings_count>
<text_reviews_count>2</text_reviews_count>
</author>
</authors>
  <published>2012</published>
</book>


    </books>
</author>

</GoodreadsResponse>