<?xml version="1.0" encoding="UTF-8"?>
<GoodreadsResponse>
  <Request>
    <authentication>true</authentication>
      <key><![CDATA[sySok63UyYyWi2Wof1HocA]]></key>
    <method><![CDATA[author_show]]></method>
  </Request>
  <author>
  <id>7125563</id>
  <name>Richard C.  Johnson</name>
  <link><![CDATA[https://www.goodreads.com/author/show/7125563.Richard_C_Johnson]]></link>
  <fans_count type="integer">0</fans_count>
  <author_followers_count type="integer">0</author_followers_count>
  <large_image_url><![CDATA[https://s.gr-assets.com/assets/nophoto/user/m_333x500-a9c67bed07ee7e10983a5d5ccc572516.png]]></large_image_url>
  <image_url><![CDATA[https://s.gr-assets.com/assets/nophoto/user/m_200x266-d279b33f8eec0f27b7272477f09806be.png]]></image_url>
  <small_image_url><![CDATA[https://s.gr-assets.com/assets/nophoto/user/m_50x66-82093808bca726cb3249a493fbd3bd0f.png]]></small_image_url>
  <about><![CDATA[Richard C. Johnson (d. January 2003) was a professor of electrical engineering and researcher for Georgia Institute of Technology. He was a world-renouned expert on antenna technology, and the inventor of the Compact Antenna Range.]]></about>
  <influences></influences>
  <works_count>3</works_count>
  <gender>male</gender>
  <hometown></hometown>
  <born_at></born_at>
  <died_at></died_at>
  <goodreads_author></goodreads_author>

    <books>
      <book>
  <id type="integer">89619</id>
  <isbn>007032381X</isbn>
  <isbn13>9780070323810</isbn13>
  <text_reviews_count type="integer">0</text_reviews_count>
  <title>Antenna Engineering Handbook</title>
  <title_without_series>Antenna Engineering Handbook</title_without_series>
  <image_url>https://s.gr-assets.com/assets/nophoto/book/111x148-bcc042a9c91a29c1d680899eff700a03.png</image_url>
  <small_image_url>https://s.gr-assets.com/assets/nophoto/book/50x75-a91bf249278a81aabab721ef782c4a74.png</small_image_url>
  <large_image_url/>
  <link>https://www.goodreads.com/book/show/89619.Antenna_Engineering_Handbook</link>
  <num_pages>24</num_pages>
  <format>Hardcover</format>
  <edition_information/>
  <publisher>McGraw-Hill Professional Publishing</publisher>
  <publication_day>1</publication_day>
  <publication_year>1992</publication_year>
  <publication_month>12</publication_month>
  <average_rating>4.67</average_rating>
  <ratings_count>3</ratings_count>
  <description>Revised and updated, this A-Z reference provides the key principles, methods and data needed to solve the engineering problems that arise in antenna design and application. There are contributions from an array of experts from RCA, Raytheon, Scientific-Atlantic and other major firms.</description>
<authors>
<author>
<id>7125563</id>
<name>Richard C.  Johnson</name>
<role></role>
<image_url nophoto='true'>
<![CDATA[https://s.gr-assets.com/assets/nophoto/user/m_200x266-d279b33f8eec0f27b7272477f09806be.png]]>
</image_url>
<small_image_url nophoto='true'>
<![CDATA[https://s.gr-assets.com/assets/nophoto/user/m_50x66-82093808bca726cb3249a493fbd3bd0f.png]]>
</small_image_url>
<link><![CDATA[https://www.goodreads.com/author/show/7125563.Richard_C_Johnson]]></link>
<average_rating>4.67</average_rating>
<ratings_count>3</ratings_count>
<text_reviews_count>0</text_reviews_count>
</author>
</authors>
  <published>1992</published>
</book>


      <book>
  <id type="integer">5106685</id>
  <isbn>0070322848</isbn>
  <isbn13>9780070322844</isbn13>
  <text_reviews_count type="integer">0</text_reviews_count>
  <title>Antenna Applications Reference Guide</title>
  <title_without_series>Antenna Applications Reference Guide</title_without_series>
  <image_url>https://s.gr-assets.com/assets/nophoto/book/111x148-bcc042a9c91a29c1d680899eff700a03.png</image_url>
  <small_image_url>https://s.gr-assets.com/assets/nophoto/book/50x75-a91bf249278a81aabab721ef782c4a74.png</small_image_url>
  <large_image_url/>
  <link>https://www.goodreads.com/book/show/5106685-antenna-applications-reference-guide</link>
  <num_pages></num_pages>
  <format></format>
  <edition_information/>
  <publisher></publisher>
  <publication_day></publication_day>
  <publication_year></publication_year>
  <publication_month></publication_month>
  <average_rating>0.0</average_rating>
  <ratings_count>0</ratings_count>
  <description></description>
<authors>
<author>
<id>7125563</id>
<name>Richard C.  Johnson</name>
<role></role>
<image_url nophoto='true'>
<![CDATA[https://s.gr-assets.com/assets/nophoto/user/m_200x266-d279b33f8eec0f27b7272477f09806be.png]]>
</image_url>
<small_image_url nophoto='true'>
<![CDATA[https://s.gr-assets.com/assets/nophoto/user/m_50x66-82093808bca726cb3249a493fbd3bd0f.png]]>
</small_image_url>
<link><![CDATA[https://www.goodreads.com/author/show/7125563.Richard_C_Johnson]]></link>
<average_rating>4.67</average_rating>
<ratings_count>3</ratings_count>
<text_reviews_count>0</text_reviews_count>
</author>
</authors>
  <published></published>
</book>


      <book>
  <id type="integer">3665999</id>
  <isbn>0890065217</isbn>
  <isbn13>9780890065211</isbn13>
  <text_reviews_count type="integer">0</text_reviews_count>
  <title>Designer Notes for Microwave Antennas</title>
  <title_without_series>Designer Notes for Microwave Antennas</title_without_series>
  <image_url>https://s.gr-assets.com/assets/nophoto/book/111x148-bcc042a9c91a29c1d680899eff700a03.png</image_url>
  <small_image_url>https://s.gr-assets.com/assets/nophoto/book/50x75-a91bf249278a81aabab721ef782c4a74.png</small_image_url>
  <large_image_url/>
  <link>https://www.goodreads.com/book/show/3665999-designer-notes-for-microwave-antennas</link>
  <num_pages>212</num_pages>
  <format>Hardcover</format>
  <edition_information/>
  <publisher>Artech House Publishers</publisher>
  <publication_day>19</publication_day>
  <publication_year>1991</publication_year>
  <publication_month>4</publication_month>
  <average_rating>0.0</average_rating>
  <ratings_count>0</ratings_count>
  <description>This reference book is designed to be used as a manual to assist in the solving of design problems. The book describes how to use information gathered and presents design data for reference. Large graphs with grid lines make it easier to extract data for specific designs.</description>
<authors>
<author>
<id>7125563</id>
<name>Richard C.  Johnson</name>
<role></role>
<image_url nophoto='true'>
<![CDATA[https://s.gr-assets.com/assets/nophoto/user/m_200x266-d279b33f8eec0f27b7272477f09806be.png]]>
</image_url>
<small_image_url nophoto='true'>
<![CDATA[https://s.gr-assets.com/assets/nophoto/user/m_50x66-82093808bca726cb3249a493fbd3bd0f.png]]>
</small_image_url>
<link><![CDATA[https://www.goodreads.com/author/show/7125563.Richard_C_Johnson]]></link>
<average_rating>4.67</average_rating>
<ratings_count>3</ratings_count>
<text_reviews_count>0</text_reviews_count>
</author>
</authors>
  <published>1991</published>
</book>


    </books>
</author>

</GoodreadsResponse>