<?xml version="1.0" encoding="UTF-8"?>
<GoodreadsResponse>
  <Request>
    <authentication>true</authentication>
      <key><![CDATA[sySok63UyYyWi2Wof1HocA]]></key>
    <method><![CDATA[author_show]]></method>
  </Request>
  <author>
  <id>715586</id>
  <name>Joan Raysor</name>
  <link><![CDATA[https://www.goodreads.com/author/show/715586.Joan_Raysor]]></link>
  <fans_count type="integer">2</fans_count>
  <author_followers_count type="integer">2</author_followers_count>
  <large_image_url><![CDATA[https://s.gr-assets.com/assets/nophoto/user/f_333x500-c8899232290ea51bb160dea14c29470b.png]]></large_image_url>
  <image_url><![CDATA[https://s.gr-assets.com/assets/nophoto/user/f_200x266-3061b784cc8e7f021c6430c9aba94587.png]]></image_url>
  <small_image_url><![CDATA[https://s.gr-assets.com/assets/nophoto/user/f_50x66-6a03a5c12233c941481992b82eea8d23.png]]></small_image_url>
  <about></about>
  <influences></influences>
  <works_count>2</works_count>
  <gender>female</gender>
  <hometown></hometown>
  <born_at></born_at>
  <died_at></died_at>
  <goodreads_author></goodreads_author>

    <books>
      <book>
  <id type="integer">160057</id>
  <isbn>1930900139</isbn>
  <isbn13>9781930900134</isbn13>
  <text_reviews_count type="integer">82</text_reviews_count>
  <title>David and the Phoenix</title>
  <title_without_series>David and the Phoenix</title_without_series>
  <image_url>https://images.gr-assets.com/books/1444678272m/160057.jpg</image_url>
  <small_image_url>https://images.gr-assets.com/books/1444678272s/160057.jpg</small_image_url>
  <large_image_url/>
  <link>https://www.goodreads.com/book/show/160057.David_and_the_Phoenix</link>
  <num_pages>173</num_pages>
  <format>Hardcover</format>
  <edition_information/>
  <publisher>Purple House Press</publisher>
  <publication_day>15</publication_day>
  <publication_year>2001</publication_year>
  <publication_month>7</publication_month>
  <average_rating>4.21</average_rating>
  <ratings_count>536</ratings_count>
  <description>With a tremendous surge of its wings, the Phoenix managed to seize a branch. David's legs slipped from the bird's back, and he dangled over the abyss. &lt;br /&gt; Thus ends the near-disaster of their first flight together. But don't underestimate the Phoenix! Failure only makes David's new-found friend determinded to get into shape so that David's education for Life can proceed. &lt;br /&gt; And get into shape the fabulous bird does just as they conclude their first successful (and very scary) adventure, the Scientist appears. Don't underestimate the Scientist, either. He is just as stubborn as the Phoenix, and is driven by one obsession: to become famous by capturing the mythic bird. And if his traps don't work, he is fully prepared to shoot the Phoenix...</description>
<authors>
<author>
<id>92803</id>
<name>Edward Ormondroyd</name>
<role></role>
<image_url nophoto='false'>
<![CDATA[https://images.gr-assets.com/authors/1310071386p5/92803.jpg]]>
</image_url>
<small_image_url nophoto='false'>
<![CDATA[https://images.gr-assets.com/authors/1310071386p2/92803.jpg]]>
</small_image_url>
<link><![CDATA[https://www.goodreads.com/author/show/92803.Edward_Ormondroyd]]></link>
<average_rating>4.14</average_rating>
<ratings_count>1165</ratings_count>
<text_reviews_count>182</text_reviews_count>
</author>
</authors>
  <published>2001</published>
</book>


      <book>
  <id type="integer">1917961</id>
  <isbn>0670329800</isbn>
  <isbn13>9780670329809</isbn13>
  <text_reviews_count type="integer">0</text_reviews_count>
  <title>Friend Among Strangers</title>
  <title_without_series>Friend Among Strangers</title_without_series>
  <image_url>https://images.gr-assets.com/books/1463071980m/1917961.jpg</image_url>
  <small_image_url>https://images.gr-assets.com/books/1463071980s/1917961.jpg</small_image_url>
  <large_image_url/>
  <link>https://www.goodreads.com/book/show/1917961.Friend_Among_Strangers</link>
  <num_pages></num_pages>
  <format></format>
  <edition_information/>
  <publisher></publisher>
  <publication_day/>
  <publication_year>1958</publication_year>
  <publication_month/>
  <average_rating>4.00</average_rating>
  <ratings_count>1</ratings_count>
  <description></description>
<authors>
<author>
<id>341476</id>
<name>Eleanore M. Jewett</name>
<role></role>
<image_url nophoto='false'>
<![CDATA[https://images.gr-assets.com/authors/1283002731p5/341476.jpg]]>
</image_url>
<small_image_url nophoto='false'>
<![CDATA[https://images.gr-assets.com/authors/1283002731p2/341476.jpg]]>
</small_image_url>
<link><![CDATA[https://www.goodreads.com/author/show/341476.Eleanore_M_Jewett]]></link>
<average_rating>3.85</average_rating>
<ratings_count>622</ratings_count>
<text_reviews_count>43</text_reviews_count>
</author>
</authors>
  <published>1958</published>
</book>


    </books>
</author>

</GoodreadsResponse>