<?xml version="1.0" encoding="UTF-8"?>
<GoodreadsResponse>
  <Request>
    <authentication>true</authentication>
      <key><![CDATA[sySok63UyYyWi2Wof1HocA]]></key>
    <method><![CDATA[author_show]]></method>
  </Request>
  <author>
  <id>7198170</id>
  <name>Paul  Murphy</name>
  <link><![CDATA[https://www.goodreads.com/author/show/7198170.Paul_Murphy]]></link>
  <fans_count type="integer">0</fans_count>
  <author_followers_count type="integer">0</author_followers_count>
  <large_image_url><![CDATA[https://images.gr-assets.com/authors/1375135334p7/7198170.jpg]]></large_image_url>
  <image_url><![CDATA[https://images.gr-assets.com/authors/1375135334p5/7198170.jpg]]></image_url>
  <small_image_url><![CDATA[https://images.gr-assets.com/authors/1375135334p2/7198170.jpg]]></small_image_url>
  <about><![CDATA[Hi. Im an English teacher and a part-time writer/artist for childrens books. Im usually bursting with ideas for books and I usually have a backlog of books to paint. But where to find the time. If you watch this space, there will be more books in future.<br /><br />I write and paint my own books. Kids enjoy them and the pictures and stories can be read with the child and parent together.<br /><br />Visit my website where you can view artwork and contact me.<br /><br />Thanks for reading!]]></about>
  <influences></influences>
  <works_count>2</works_count>
  <gender>male</gender>
  <hometown></hometown>
  <born_at></born_at>
  <died_at></died_at>
  <goodreads_author>true</goodreads_author>
    <user>
  <id type="integer">22617638</id>
</user>


    <books>
      <book>
  <id type="integer">18802088</id>
  <isbn nil="true"/>
  <isbn13 nil="true"/>
  <text_reviews_count type="integer">0</text_reviews_count>
  <title>Patrick and the Moon</title>
  <title_without_series>Patrick and the Moon</title_without_series>
  <image_url>https://images.gr-assets.com/books/1384313636m/18802088.jpg</image_url>
  <small_image_url>https://images.gr-assets.com/books/1384313636s/18802088.jpg</small_image_url>
  <large_image_url/>
  <link>https://www.goodreads.com/book/show/18802088-patrick-and-the-moon</link>
  <num_pages></num_pages>
  <format>Kindle Edition</format>
  <edition_information/>
  <publisher></publisher>
  <publication_day>27</publication_day>
  <publication_year>2013</publication_year>
  <publication_month>5</publication_month>
  <average_rating>3.25</average_rating>
  <ratings_count>4</ratings_count>
  <description>Amazon.com Book Description: &lt;br /&gt;"Patrick was a little boy"...&lt;br /&gt;&lt;br /&gt;...who watched the Moon every night from his bedroom window. So begins the story of Patrick and his very special journey to the Moon in a homemade rocket.&lt;br /&gt;&lt;br /&gt;26 story pages with full-colour paintings (many details to see). Simple English to fire the childs imagination. Best viewed on a colour screen (the larger the better to see picture detail!)&lt;br /&gt;&lt;br /&gt;Watch as owl follows Patrick from beginning to end (adding a "too-hoo" to many pages). Can your child spot owl in the pictures?&lt;br /&gt;&lt;br /&gt;All written and painted by the author.</description>
<authors>
<author>
<id>7198170</id>
<name>Paul  Murphy</name>
<role></role>
<image_url nophoto='false'>
<![CDATA[https://images.gr-assets.com/authors/1375135334p5/7198170.jpg]]>
</image_url>
<small_image_url nophoto='false'>
<![CDATA[https://images.gr-assets.com/authors/1375135334p2/7198170.jpg]]>
</small_image_url>
<link><![CDATA[https://www.goodreads.com/author/show/7198170.Paul_Murphy]]></link>
<average_rating>3.43</average_rating>
<ratings_count>7</ratings_count>
<text_reviews_count>2</text_reviews_count>
</author>
</authors>
  <published>2013</published>
</book>


      <book>
  <id type="integer">18269758</id>
  <isbn nil="true"/>
  <isbn13 nil="true"/>
  <text_reviews_count type="integer">2</text_reviews_count>
  <title>Are you afraid of children?</title>
  <title_without_series>Are you afraid of children?</title_without_series>
  <image_url>https://images.gr-assets.com/books/1375138306m/18269758.jpg</image_url>
  <small_image_url>https://images.gr-assets.com/books/1375138306s/18269758.jpg</small_image_url>
  <large_image_url/>
  <link>https://www.goodreads.com/book/show/18269758-are-you-afraid-of-children</link>
  <num_pages>20</num_pages>
  <format>ebook</format>
  <edition_information/>
  <publisher></publisher>
  <publication_day/>
  <publication_year>2013</publication_year>
  <publication_month>7</publication_month>
  <average_rating>3.67</average_rating>
  <ratings_count>3</ratings_count>
  <description>Are your children afraid of monsters? (20 pages)&lt;br /&gt;&lt;br /&gt;well, sometimes monsters are just as afraid of children.&lt;br /&gt;Children will see that little monster goes to bed and worries about kids. Little monster has a mum who tells him "There`s no such thing as children".&lt;br /&gt;&lt;br /&gt;Read why little monster does not like children ("They like picnics, and fruit, and ice-cream......horrible!!!")&lt;br /&gt;&lt;br /&gt;Read what little monster likes to eat ("spider lollipops and worm sandwich!!!")&lt;br /&gt;&lt;br /&gt;Children will read all about the differences between them and little monster. And maybe, just maybe, they will be less afraid of monsters the next time they sleep.</description>
<authors>
<author>
<id>7198170</id>
<name>Paul  Murphy</name>
<role></role>
<image_url nophoto='false'>
<![CDATA[https://images.gr-assets.com/authors/1375135334p5/7198170.jpg]]>
</image_url>
<small_image_url nophoto='false'>
<![CDATA[https://images.gr-assets.com/authors/1375135334p2/7198170.jpg]]>
</small_image_url>
<link><![CDATA[https://www.goodreads.com/author/show/7198170.Paul_Murphy]]></link>
<average_rating>3.43</average_rating>
<ratings_count>7</ratings_count>
<text_reviews_count>2</text_reviews_count>
</author>
</authors>
  <published>2013</published>
</book>


    </books>
</author>

</GoodreadsResponse>