<?xml version="1.0" encoding="UTF-8"?>
<GoodreadsResponse>
  <Request>
    <authentication>true</authentication>
      <key><![CDATA[sySok63UyYyWi2Wof1HocA]]></key>
    <method><![CDATA[author_show]]></method>
  </Request>
  <author>
  <id>7212820</id>
  <name>Frances O. Thomas</name>
  <link><![CDATA[https://www.goodreads.com/author/show/7212820.Frances_O_Thomas]]></link>
  <fans_count type="integer">3</fans_count>
  <author_followers_count type="integer">3</author_followers_count>
  <large_image_url><![CDATA[https://images.gr-assets.com/authors/1488979318p7/7212820.jpg]]></large_image_url>
  <image_url><![CDATA[https://images.gr-assets.com/authors/1488979318p5/7212820.jpg]]></image_url>
  <small_image_url><![CDATA[https://images.gr-assets.com/authors/1488979318p2/7212820.jpg]]></small_image_url>
  <about></about>
  <influences></influences>
  <works_count>7</works_count>
  <gender>female</gender>
  <hometown>Homestead, PA</hometown>
  <born_at>1949/09/14</born_at>
  <died_at></died_at>
  <goodreads_author>true</goodreads_author>
    <user>
  <id type="integer">7638638</id>
</user>


    <books>
      <book>
  <id type="integer">29405680</id>
  <isbn nil="true"/>
  <isbn13 nil="true"/>
  <text_reviews_count type="integer">1</text_reviews_count>
  <title>Average 2 Awesome: How to Ace Your First Year in College Exercising Your Emotional Intelligence</title>
  <title_without_series>Average 2 Awesome: How to Ace Your First Year in College Exercising Your Emotional Intelligence</title_without_series>
  <image_url>https://s.gr-assets.com/assets/nophoto/book/111x148-bcc042a9c91a29c1d680899eff700a03.png</image_url>
  <small_image_url>https://s.gr-assets.com/assets/nophoto/book/50x75-a91bf249278a81aabab721ef782c4a74.png</small_image_url>
  <large_image_url/>
  <link>https://www.goodreads.com/book/show/29405680-average-2-awesome</link>
  <num_pages></num_pages>
  <format></format>
  <edition_information/>
  <publisher></publisher>
  <publication_day></publication_day>
  <publication_year></publication_year>
  <publication_month></publication_month>
  <average_rating>5.00</average_rating>
  <ratings_count>1</ratings_count>
  <description>If you are starting college or know someone who is, this concise and powerful book will provide the tools every freshman needs. &lt;br /&gt;&lt;br /&gt;Success in the first year of college means more than a high GPA. To be truly successful in college and beyond requires emotional intelligence. &lt;br /&gt;&lt;br /&gt;Average 2 Awesome will guide readers through the four components of emotional intelligence. Learn how to become more self-aware and how to control your emotions. Then discover the importance of empathy and how to increase that valuable "soft skill." Finally, find out what it takes to become a leader. &lt;br /&gt;&lt;br /&gt;Frances O. Thomas coached community college students to thrive in Southwest Florida.</description>
<authors>
<author>
<id>7212820</id>
<name>Frances O. Thomas</name>
<role></role>
<image_url nophoto='false'>
<![CDATA[https://images.gr-assets.com/authors/1488979318p5/7212820.jpg]]>
</image_url>
<small_image_url nophoto='false'>
<![CDATA[https://images.gr-assets.com/authors/1488979318p2/7212820.jpg]]>
</small_image_url>
<link><![CDATA[https://www.goodreads.com/author/show/7212820.Frances_O_Thomas]]></link>
<average_rating>4.33</average_rating>
<ratings_count>3</ratings_count>
<text_reviews_count>2</text_reviews_count>
</author>
</authors>
  <published></published>
</book>


      <book>
  <id type="integer">34659484</id>
  <isbn>1517037719</isbn>
  <isbn13>9781517037710</isbn13>
  <text_reviews_count type="integer">0</text_reviews_count>
  <title>7 Day Cruise Journal and Planner</title>
  <title_without_series>7 Day Cruise Journal and Planner</title_without_series>
  <image_url>https://s.gr-assets.com/assets/nophoto/book/111x148-bcc042a9c91a29c1d680899eff700a03.png</image_url>
  <small_image_url>https://s.gr-assets.com/assets/nophoto/book/50x75-a91bf249278a81aabab721ef782c4a74.png</small_image_url>
  <large_image_url/>
  <link>https://www.goodreads.com/book/show/34659484-7-day-cruise-journal-and-planner</link>
  <num_pages></num_pages>
  <format></format>
  <edition_information/>
  <publisher></publisher>
  <publication_day></publication_day>
  <publication_year></publication_year>
  <publication_month></publication_month>
  <average_rating>0.0</average_rating>
  <ratings_count>0</ratings_count>
  <description></description>
<authors>
<author>
<id>7212820</id>
<name>Frances O. Thomas</name>
<role></role>
<image_url nophoto='false'>
<![CDATA[https://images.gr-assets.com/authors/1488979318p5/7212820.jpg]]>
</image_url>
<small_image_url nophoto='false'>
<![CDATA[https://images.gr-assets.com/authors/1488979318p2/7212820.jpg]]>
</small_image_url>
<link><![CDATA[https://www.goodreads.com/author/show/7212820.Frances_O_Thomas]]></link>
<average_rating>4.33</average_rating>
<ratings_count>3</ratings_count>
<text_reviews_count>2</text_reviews_count>
</author>
</authors>
  <published></published>
</book>


      <book>
  <id type="integer">33124854</id>
  <isbn>1540437469</isbn>
  <isbn13>9781540437464</isbn13>
  <text_reviews_count type="integer">0</text_reviews_count>
  <title>Southern Hospitality (Calusa #2)</title>
  <title_without_series>Southern Hospitality</title_without_series>
  <image_url>https://images.gr-assets.com/books/1481027325m/33124854.jpg</image_url>
  <small_image_url>https://images.gr-assets.com/books/1481027325s/33124854.jpg</small_image_url>
  <large_image_url/>
  <link>https://www.goodreads.com/book/show/33124854-southern-hospitality</link>
  <num_pages>176</num_pages>
  <format>Paperback</format>
  <edition_information/>
  <publisher>CreateSpace Independent Publishing Platform</publisher>
  <publication_day>15</publication_day>
  <publication_year>2016</publication_year>
  <publication_month>11</publication_month>
  <average_rating>0.0</average_rating>
  <ratings_count>0</ratings_count>
  <description>Kate Schubert is a woman on a mission. After working her way to a degree and toiling behind a series of check-in counters, she's on her way from Pittsburgh to a town in Florida. The bad news is nobody she knows has ever heard of Calusa. The good news is she has been hired for her very first management position, one she plans to make a stepping stone to the career she's always dreamed of. Dave Morissey is still friends with every woman he's ever dated--and there have been quite a few. He doesn't believe in permanent relationships, but he's more than willing to add a leggy redhead to his list of temps.</description>
<authors>
<author>
<id>7212820</id>
<name>Frances O. Thomas</name>
<role></role>
<image_url nophoto='false'>
<![CDATA[https://images.gr-assets.com/authors/1488979318p5/7212820.jpg]]>
</image_url>
<small_image_url nophoto='false'>
<![CDATA[https://images.gr-assets.com/authors/1488979318p2/7212820.jpg]]>
</small_image_url>
<link><![CDATA[https://www.goodreads.com/author/show/7212820.Frances_O_Thomas]]></link>
<average_rating>4.33</average_rating>
<ratings_count>3</ratings_count>
<text_reviews_count>2</text_reviews_count>
</author>
</authors>
  <published>2016</published>
</book>


      <book>
  <id type="integer">18308518</id>
  <isbn nil="true"/>
  <isbn13 nil="true"/>
  <text_reviews_count type="integer">0</text_reviews_count>
  <title>Career Finder Workbook for Teens</title>
  <title_without_series>Career Finder Workbook for Teens</title_without_series>
  <image_url>https://images.gr-assets.com/books/1383936838m/18308518.jpg</image_url>
  <small_image_url>https://images.gr-assets.com/books/1383936838s/18308518.jpg</small_image_url>
  <large_image_url/>
  <link>https://www.goodreads.com/book/show/18308518-career-finder-workbook-for-teens</link>
  <num_pages></num_pages>
  <format></format>
  <edition_information/>
  <publisher>Frances O. Thomas</publisher>
  <publication_day></publication_day>
  <publication_year></publication_year>
  <publication_month></publication_month>
  <average_rating>0.0</average_rating>
  <ratings_count>0</ratings_count>
  <description>A concise guide to help middle school age students decide what career path to follow.</description>
<authors>
<author>
<id>7212820</id>
<name>Frances O. Thomas</name>
<role></role>
<image_url nophoto='false'>
<![CDATA[https://images.gr-assets.com/authors/1488979318p5/7212820.jpg]]>
</image_url>
<small_image_url nophoto='false'>
<![CDATA[https://images.gr-assets.com/authors/1488979318p2/7212820.jpg]]>
</small_image_url>
<link><![CDATA[https://www.goodreads.com/author/show/7212820.Frances_O_Thomas]]></link>
<average_rating>4.33</average_rating>
<ratings_count>3</ratings_count>
<text_reviews_count>2</text_reviews_count>
</author>
</authors>
  <published></published>
</book>


      <book>
  <id type="integer">29560098</id>
  <isbn nil="true"/>
  <isbn13 nil="true"/>
  <text_reviews_count type="integer">0</text_reviews_count>
  <title>Discover Pine Island, FL</title>
  <title_without_series>Discover Pine Island, FL</title_without_series>
  <image_url>https://images.gr-assets.com/books/1458491606m/29560098.jpg</image_url>
  <small_image_url>https://images.gr-assets.com/books/1458491606s/29560098.jpg</small_image_url>
  <large_image_url/>
  <link>https://www.goodreads.com/book/show/29560098-discover-pine-island-fl</link>
  <num_pages>26</num_pages>
  <format>ebook</format>
  <edition_information/>
  <publisher>Frances O. Thomas</publisher>
  <publication_day>15</publication_day>
  <publication_year>2015</publication_year>
  <publication_month>12</publication_month>
  <average_rating>0.0</average_rating>
  <ratings_count>0</ratings_count>
  <description>Pine Island is a barrier island off the coast of Southwest Florida. Unlike its neighbor Sanibel, it has no beach to speak of. What it does have is a thriving artist population, lots of local fishermen, and a fascinating history. If you are planning a visit, this guide book will give you all the information you need on where to stay, where to eat, and where to play.</description>
<authors>
<author>
<id>7212820</id>
<name>Frances O. Thomas</name>
<role></role>
<image_url nophoto='false'>
<![CDATA[https://images.gr-assets.com/authors/1488979318p5/7212820.jpg]]>
</image_url>
<small_image_url nophoto='false'>
<![CDATA[https://images.gr-assets.com/authors/1488979318p2/7212820.jpg]]>
</small_image_url>
<link><![CDATA[https://www.goodreads.com/author/show/7212820.Frances_O_Thomas]]></link>
<average_rating>4.33</average_rating>
<ratings_count>3</ratings_count>
<text_reviews_count>2</text_reviews_count>
</author>
</authors>
  <published>2015</published>
</book>


      <book>
  <id type="integer">18303258</id>
  <isbn nil="true"/>
  <isbn13 nil="true"/>
  <text_reviews_count type="integer">0</text_reviews_count>
  <title>I Guess I'll Keep My Day Job</title>
  <title_without_series>I Guess I'll Keep My Day Job</title_without_series>
  <image_url>https://images.gr-assets.com/books/1383936561m/18303258.jpg</image_url>
  <small_image_url>https://images.gr-assets.com/books/1383936561s/18303258.jpg</small_image_url>
  <large_image_url/>
  <link>https://www.goodreads.com/book/show/18303258-i-guess-i-ll-keep-my-day-job</link>
  <num_pages></num_pages>
  <format>Kindle Edition</format>
  <edition_information/>
  <publisher>Frances O. Thomas</publisher>
  <publication_day></publication_day>
  <publication_year></publication_year>
  <publication_month></publication_month>
  <average_rating>0.0</average_rating>
  <ratings_count>0</ratings_count>
  <description></description>
<authors>
<author>
<id>7212820</id>
<name>Frances O. Thomas</name>
<role></role>
<image_url nophoto='false'>
<![CDATA[https://images.gr-assets.com/authors/1488979318p5/7212820.jpg]]>
</image_url>
<small_image_url nophoto='false'>
<![CDATA[https://images.gr-assets.com/authors/1488979318p2/7212820.jpg]]>
</small_image_url>
<link><![CDATA[https://www.goodreads.com/author/show/7212820.Frances_O_Thomas]]></link>
<average_rating>4.33</average_rating>
<ratings_count>3</ratings_count>
<text_reviews_count>2</text_reviews_count>
</author>
</authors>
  <published></published>
</book>


      <book>
  <id type="integer">31117449</id>
  <isbn nil="true"/>
  <isbn13 nil="true"/>
  <text_reviews_count type="integer">1</text_reviews_count>
  <title>The Lady Is a Mayor (Calusa Town Tales #1)</title>
  <title_without_series>The Lady Is a Mayor</title_without_series>
  <image_url>https://s.gr-assets.com/assets/nophoto/book/111x148-bcc042a9c91a29c1d680899eff700a03.png</image_url>
  <small_image_url>https://s.gr-assets.com/assets/nophoto/book/50x75-a91bf249278a81aabab721ef782c4a74.png</small_image_url>
  <large_image_url/>
  <link>https://www.goodreads.com/book/show/31117449-the-lady-is-a-mayor</link>
  <num_pages></num_pages>
  <format></format>
  <edition_information/>
  <publisher></publisher>
  <publication_day></publication_day>
  <publication_year></publication_year>
  <publication_month></publication_month>
  <average_rating>4.00</average_rating>
  <ratings_count>2</ratings_count>
  <description>Geneva Price has her hands full. She just became the new mayor of Calusa, and it's not even an election year. The old mayor is missing. So is the town's bank account. A fancy new hotel would solve the small Florida town's financial crisis, but will the hot shot developer break her heart?</description>
<authors>
<author>
<id>7956997</id>
<name>Fran Thomas</name>
<role></role>
<image_url nophoto='true'>
<![CDATA[https://s.gr-assets.com/assets/nophoto/user/u_200x266-e183445fd1a1b5cc7075bb1cf7043306.png]]>
</image_url>
<small_image_url nophoto='true'>
<![CDATA[https://s.gr-assets.com/assets/nophoto/user/u_50x66-632230dc9882b4352d753eedf9396530.png]]>
</small_image_url>
<link><![CDATA[https://www.goodreads.com/author/show/7956997.Fran_Thomas]]></link>
<average_rating>4.00</average_rating>
<ratings_count>2</ratings_count>
<text_reviews_count>1</text_reviews_count>
</author>
</authors>
  <published></published>
</book>


    </books>
</author>

</GoodreadsResponse>