<?xml version="1.0" encoding="UTF-8"?>
<GoodreadsResponse>
  <Request>
    <authentication>true</authentication>
      <key><![CDATA[sySok63UyYyWi2Wof1HocA]]></key>
    <method><![CDATA[author_show]]></method>
  </Request>
  <author>
  <id>72242</id>
  <name>Amanda Bennett</name>
  <link><![CDATA[https://www.goodreads.com/author/show/72242.Amanda_Bennett]]></link>
  <fans_count type="integer">13</fans_count>
  <author_followers_count type="integer">13</author_followers_count>
  <large_image_url><![CDATA[https://s.gr-assets.com/assets/nophoto/user/f_333x500-c8899232290ea51bb160dea14c29470b.png]]></large_image_url>
  <image_url><![CDATA[https://s.gr-assets.com/assets/nophoto/user/f_200x266-3061b784cc8e7f021c6430c9aba94587.png]]></image_url>
  <small_image_url><![CDATA[https://s.gr-assets.com/assets/nophoto/user/f_50x66-6a03a5c12233c941481992b82eea8d23.png]]></small_image_url>
  <about><![CDATA[<i>There is more than one author with this name</i>]]></about>
  <influences></influences>
  <works_count>55</works_count>
  <gender>female</gender>
  <hometown></hometown>
  <born_at></born_at>
  <died_at></died_at>
  <goodreads_author></goodreads_author>

    <books>
      <book>
  <id type="integer">25044724</id>
  <isbn nil="true"/>
  <isbn13 nil="true"/>
  <text_reviews_count type="integer">6</text_reviews_count>
  <title>Simple Lies (White Lies, # 1)</title>
  <title_without_series>Simple Lies</title_without_series>
  <image_url>https://images.gr-assets.com/books/1430358548m/25044724.jpg</image_url>
  <small_image_url>https://images.gr-assets.com/books/1430358548s/25044724.jpg</small_image_url>
  <large_image_url/>
  <link>https://www.goodreads.com/book/show/25044724-simple-lies</link>
  <num_pages>203</num_pages>
  <format>ebook</format>
  <edition_information/>
  <publisher></publisher>
  <publication_day>23</publication_day>
  <publication_year>2015</publication_year>
  <publication_month>6</publication_month>
  <average_rating>3.59</average_rating>
  <ratings_count>27</ratings_count>
  <description>After meeting a tall, dark and handsome stranger one night at a bar while out with her best friend, Hadley Smith spews out one tiny white lie that would normally never affect her life, but this time is different.&lt;br /&gt;Hadley has been in a three year relationship with Ryan Tate, a successful attorney who would give her the world if he could. She knows it's getting serious, and with an impending engagement on the horizon, Hadley feels on top of the world. That is...until her mysterious stranger shows up at her engagement party. Now her small harmless white lie could ultimately ruin the only good thing she has ever had.&lt;br /&gt;Relationships are tricky, but deciding between a life you have always wanted, and the life you wish you were brave enough to live, can prove to be unbearable.</description>
<authors>
<author>
<id>72242</id>
<name>Amanda Bennett</name>
<role></role>
<image_url nophoto='true'>
<![CDATA[https://s.gr-assets.com/assets/nophoto/user/f_200x266-3061b784cc8e7f021c6430c9aba94587.png]]>
</image_url>
<small_image_url nophoto='true'>
<![CDATA[https://s.gr-assets.com/assets/nophoto/user/f_50x66-6a03a5c12233c941481992b82eea8d23.png]]>
</small_image_url>
<link><![CDATA[https://www.goodreads.com/author/show/72242.Amanda_Bennett]]></link>
<average_rating>3.84</average_rating>
<ratings_count>269</ratings_count>
<text_reviews_count>25</text_reviews_count>
</author>
</authors>
  <published>2015</published>
</book>


      <book>
  <id type="integer">25580083</id>
  <isbn nil="true"/>
  <isbn13 nil="true"/>
  <text_reviews_count type="integer">5</text_reviews_count>
  <title>Call Center Freak</title>
  <title_without_series>Call Center Freak</title_without_series>
  <image_url>https://s.gr-assets.com/assets/nophoto/book/111x148-bcc042a9c91a29c1d680899eff700a03.png</image_url>
  <small_image_url>https://s.gr-assets.com/assets/nophoto/book/50x75-a91bf249278a81aabab721ef782c4a74.png</small_image_url>
  <large_image_url/>
  <link>https://www.goodreads.com/book/show/25580083-call-center-freak</link>
  <num_pages></num_pages>
  <format></format>
  <edition_information/>
  <publisher></publisher>
  <publication_day></publication_day>
  <publication_year></publication_year>
  <publication_month></publication_month>
  <average_rating>3.82</average_rating>
  <ratings_count>17</ratings_count>
  <description></description>
<authors>
<author>
<id>72242</id>
<name>Amanda Bennett</name>
<role></role>
<image_url nophoto='true'>
<![CDATA[https://s.gr-assets.com/assets/nophoto/user/f_200x266-3061b784cc8e7f021c6430c9aba94587.png]]>
</image_url>
<small_image_url nophoto='true'>
<![CDATA[https://s.gr-assets.com/assets/nophoto/user/f_50x66-6a03a5c12233c941481992b82eea8d23.png]]>
</small_image_url>
<link><![CDATA[https://www.goodreads.com/author/show/72242.Amanda_Bennett]]></link>
<average_rating>3.84</average_rating>
<ratings_count>269</ratings_count>
<text_reviews_count>25</text_reviews_count>
</author>
</authors>
  <published></published>
</book>


      <book>
  <id type="integer">31168921</id>
  <isbn nil="true"/>
  <isbn13 nil="true"/>
  <text_reviews_count type="integer">1</text_reviews_count>
  <title>This Obsession of Mine (Raine Series #5)</title>
  <title_without_series>This Obsession of Mine</title_without_series>
  <image_url>https://s.gr-assets.com/assets/nophoto/book/111x148-bcc042a9c91a29c1d680899eff700a03.png</image_url>
  <small_image_url>https://s.gr-assets.com/assets/nophoto/book/50x75-a91bf249278a81aabab721ef782c4a74.png</small_image_url>
  <large_image_url/>
  <link>https://www.goodreads.com/book/show/31168921-this-obsession-of-mine</link>
  <num_pages></num_pages>
  <format></format>
  <edition_information/>
  <publisher></publisher>
  <publication_day></publication_day>
  <publication_year></publication_year>
  <publication_month></publication_month>
  <average_rating>4.00</average_rating>
  <ratings_count>15</ratings_count>
  <description></description>
<authors>
<author>
<id>72242</id>
<name>Amanda Bennett</name>
<role></role>
<image_url nophoto='true'>
<![CDATA[https://s.gr-assets.com/assets/nophoto/user/f_200x266-3061b784cc8e7f021c6430c9aba94587.png]]>
</image_url>
<small_image_url nophoto='true'>
<![CDATA[https://s.gr-assets.com/assets/nophoto/user/f_50x66-6a03a5c12233c941481992b82eea8d23.png]]>
</small_image_url>
<link><![CDATA[https://www.goodreads.com/author/show/72242.Amanda_Bennett]]></link>
<average_rating>3.84</average_rating>
<ratings_count>269</ratings_count>
<text_reviews_count>25</text_reviews_count>
</author>
</authors>
  <published></published>
</book>


      <book>
  <id type="integer">24467139</id>
  <isbn nil="true"/>
  <isbn13 nil="true"/>
  <text_reviews_count type="integer">0</text_reviews_count>
  <title>The Raine Series (Books 1-3)</title>
  <title_without_series>The Raine Series</title_without_series>
  <image_url>https://s.gr-assets.com/assets/nophoto/book/111x148-bcc042a9c91a29c1d680899eff700a03.png</image_url>
  <small_image_url>https://s.gr-assets.com/assets/nophoto/book/50x75-a91bf249278a81aabab721ef782c4a74.png</small_image_url>
  <large_image_url/>
  <link>https://www.goodreads.com/book/show/24467139-the-raine-series</link>
  <num_pages></num_pages>
  <format></format>
  <edition_information/>
  <publisher></publisher>
  <publication_day></publication_day>
  <publication_year></publication_year>
  <publication_month></publication_month>
  <average_rating>4.25</average_rating>
  <ratings_count>8</ratings_count>
  <description></description>
<authors>
<author>
<id>72242</id>
<name>Amanda Bennett</name>
<role></role>
<image_url nophoto='true'>
<![CDATA[https://s.gr-assets.com/assets/nophoto/user/f_200x266-3061b784cc8e7f021c6430c9aba94587.png]]>
</image_url>
<small_image_url nophoto='true'>
<![CDATA[https://s.gr-assets.com/assets/nophoto/user/f_50x66-6a03a5c12233c941481992b82eea8d23.png]]>
</small_image_url>
<link><![CDATA[https://www.goodreads.com/author/show/72242.Amanda_Bennett]]></link>
<average_rating>3.84</average_rating>
<ratings_count>269</ratings_count>
<text_reviews_count>25</text_reviews_count>
</author>
</authors>
  <published></published>
</book>


      <book>
  <id type="integer">28268270</id>
  <isbn nil="true"/>
  <isbn13 nil="true"/>
  <text_reviews_count type="integer">2</text_reviews_count>
  <title>The Secret About Christmas</title>
  <title_without_series>The Secret About Christmas</title_without_series>
  <image_url>https://s.gr-assets.com/assets/nophoto/book/111x148-bcc042a9c91a29c1d680899eff700a03.png</image_url>
  <small_image_url>https://s.gr-assets.com/assets/nophoto/book/50x75-a91bf249278a81aabab721ef782c4a74.png</small_image_url>
  <large_image_url/>
  <link>https://www.goodreads.com/book/show/28268270-the-secret-about-christmas</link>
  <num_pages></num_pages>
  <format></format>
  <edition_information/>
  <publisher></publisher>
  <publication_day></publication_day>
  <publication_year></publication_year>
  <publication_month></publication_month>
  <average_rating>3.88</average_rating>
  <ratings_count>8</ratings_count>
  <description></description>
<authors>
<author>
<id>72242</id>
<name>Amanda Bennett</name>
<role></role>
<image_url nophoto='true'>
<![CDATA[https://s.gr-assets.com/assets/nophoto/user/f_200x266-3061b784cc8e7f021c6430c9aba94587.png]]>
</image_url>
<small_image_url nophoto='true'>
<![CDATA[https://s.gr-assets.com/assets/nophoto/user/f_50x66-6a03a5c12233c941481992b82eea8d23.png]]>
</small_image_url>
<link><![CDATA[https://www.goodreads.com/author/show/72242.Amanda_Bennett]]></link>
<average_rating>3.84</average_rating>
<ratings_count>269</ratings_count>
<text_reviews_count>25</text_reviews_count>
</author>
</authors>
  <published></published>
</book>


      <book>
  <id type="integer">1285004</id>
  <isbn>1888306068</isbn>
  <isbn13>9781888306064</isbn13>
  <text_reviews_count type="integer">0</text_reviews_count>
  <title>Electricity: Science, Energy, And Inventions (Unit Study Adventures Series)</title>
  <title_without_series>Electricity: Science, Energy, And Inventions</title_without_series>
  <image_url>https://s.gr-assets.com/assets/nophoto/book/111x148-bcc042a9c91a29c1d680899eff700a03.png</image_url>
  <small_image_url>https://s.gr-assets.com/assets/nophoto/book/50x75-a91bf249278a81aabab721ef782c4a74.png</small_image_url>
  <large_image_url/>
  <link>https://www.goodreads.com/book/show/1285004.Electricity</link>
  <num_pages/>
  <format></format>
  <edition_information/>
  <publisher></publisher>
  <publication_day></publication_day>
  <publication_year></publication_year>
  <publication_month></publication_month>
  <average_rating>3.67</average_rating>
  <ratings_count>3</ratings_count>
  <description></description>
<authors>
<author>
<id>72242</id>
<name>Amanda Bennett</name>
<role></role>
<image_url nophoto='true'>
<![CDATA[https://s.gr-assets.com/assets/nophoto/user/f_200x266-3061b784cc8e7f021c6430c9aba94587.png]]>
</image_url>
<small_image_url nophoto='true'>
<![CDATA[https://s.gr-assets.com/assets/nophoto/user/f_50x66-6a03a5c12233c941481992b82eea8d23.png]]>
</small_image_url>
<link><![CDATA[https://www.goodreads.com/author/show/72242.Amanda_Bennett]]></link>
<average_rating>3.84</average_rating>
<ratings_count>269</ratings_count>
<text_reviews_count>25</text_reviews_count>
</author>
</authors>
  <published></published>
</book>


      <book>
  <id type="integer">26395511</id>
  <isbn>1516805348</isbn>
  <isbn13>9781516805341</isbn13>
  <text_reviews_count type="integer">0</text_reviews_count>
  <title>This Courage of Mine (Raine Series 4)</title>
  <title_without_series>This Courage of Mine</title_without_series>
  <image_url>https://s.gr-assets.com/assets/nophoto/book/111x148-bcc042a9c91a29c1d680899eff700a03.png</image_url>
  <small_image_url>https://s.gr-assets.com/assets/nophoto/book/50x75-a91bf249278a81aabab721ef782c4a74.png</small_image_url>
  <large_image_url/>
  <link>https://www.goodreads.com/book/show/26395511-this-courage-of-mine</link>
  <num_pages>328</num_pages>
  <format>Paperback</format>
  <edition_information/>
  <publisher>Createspace Independent Publishing Platform</publisher>
  <publication_day>9</publication_day>
  <publication_year>2015</publication_year>
  <publication_month>8</publication_month>
  <average_rating>5.00</average_rating>
  <ratings_count>2</ratings_count>
  <description>*This is the fourth installment in the Raine Series and is primarily Cami and Glenn's story Sometimes there are things that can kill you and sometimes there are things that make you stronger. Meeting Glenn wasn't exactly on my to do list when I went to go visit my best friend in Texas, but that's the funny thing about life. Everything happens when you least expect it. Our love was fast and hard, but it was everything I could've asked for. Life was picture perfect as I started my new married life with Glenn, but sometimes all good things have to come to an end, or so they say. I wasn't willing to let our marriage short out and fizzle the way my parents' had. I was willing to fight every obstacle that came our way, and there were plenty. But was he? Sometimes you have to find the courage to stand and fight, even when it's a fight that wasn't meant to be won.</description>
<authors>
<author>
<id>72242</id>
<name>Amanda Bennett</name>
<role></role>
<image_url nophoto='true'>
<![CDATA[https://s.gr-assets.com/assets/nophoto/user/f_200x266-3061b784cc8e7f021c6430c9aba94587.png]]>
</image_url>
<small_image_url nophoto='true'>
<![CDATA[https://s.gr-assets.com/assets/nophoto/user/f_50x66-6a03a5c12233c941481992b82eea8d23.png]]>
</small_image_url>
<link><![CDATA[https://www.goodreads.com/author/show/72242.Amanda_Bennett]]></link>
<average_rating>3.84</average_rating>
<ratings_count>269</ratings_count>
<text_reviews_count>25</text_reviews_count>
</author>
</authors>
  <published>2015</published>
</book>


      <book>
  <id type="integer">1284991</id>
  <isbn>1888306017</isbn>
  <isbn13>9781888306019</isbn13>
  <text_reviews_count type="integer">1</text_reviews_count>
  <title>Gardens: History, Gardening, &amp; Plant Science</title>
  <title_without_series>Gardens: History, Gardening, &amp; Plant Science</title_without_series>
  <image_url>https://s.gr-assets.com/assets/nophoto/book/111x148-bcc042a9c91a29c1d680899eff700a03.png</image_url>
  <small_image_url>https://s.gr-assets.com/assets/nophoto/book/50x75-a91bf249278a81aabab721ef782c4a74.png</small_image_url>
  <large_image_url/>
  <link>https://www.goodreads.com/book/show/1284991.Gardens</link>
  <num_pages/>
  <format></format>
  <edition_information/>
  <publisher></publisher>
  <publication_day></publication_day>
  <publication_year></publication_year>
  <publication_month></publication_month>
  <average_rating>3.00</average_rating>
  <ratings_count>2</ratings_count>
  <description></description>
<authors>
<author>
<id>72242</id>
<name>Amanda Bennett</name>
<role></role>
<image_url nophoto='true'>
<![CDATA[https://s.gr-assets.com/assets/nophoto/user/f_200x266-3061b784cc8e7f021c6430c9aba94587.png]]>
</image_url>
<small_image_url nophoto='true'>
<![CDATA[https://s.gr-assets.com/assets/nophoto/user/f_50x66-6a03a5c12233c941481992b82eea8d23.png]]>
</small_image_url>
<link><![CDATA[https://www.goodreads.com/author/show/72242.Amanda_Bennett]]></link>
<average_rating>3.84</average_rating>
<ratings_count>269</ratings_count>
<text_reviews_count>25</text_reviews_count>
</author>
</authors>
  <published></published>
</book>


      <book>
  <id type="integer">1285003</id>
  <isbn>1888306122</isbn>
  <isbn13>9781888306125</isbn13>
  <text_reviews_count type="integer">0</text_reviews_count>
  <title>Thanksgiving: Prayer, Pilgrims, Native Americans</title>
  <title_without_series>Thanksgiving: Prayer, Pilgrims, Native Americans</title_without_series>
  <image_url>https://s.gr-assets.com/assets/nophoto/book/111x148-bcc042a9c91a29c1d680899eff700a03.png</image_url>
  <small_image_url>https://s.gr-assets.com/assets/nophoto/book/50x75-a91bf249278a81aabab721ef782c4a74.png</small_image_url>
  <large_image_url/>
  <link>https://www.goodreads.com/book/show/1285003.Thanksgiving</link>
  <num_pages></num_pages>
  <format></format>
  <edition_information/>
  <publisher></publisher>
  <publication_day></publication_day>
  <publication_year></publication_year>
  <publication_month></publication_month>
  <average_rating>5.00</average_rating>
  <ratings_count>1</ratings_count>
  <description></description>
<authors>
<author>
<id>72242</id>
<name>Amanda Bennett</name>
<role></role>
<image_url nophoto='true'>
<![CDATA[https://s.gr-assets.com/assets/nophoto/user/f_200x266-3061b784cc8e7f021c6430c9aba94587.png]]>
</image_url>
<small_image_url nophoto='true'>
<![CDATA[https://s.gr-assets.com/assets/nophoto/user/f_50x66-6a03a5c12233c941481992b82eea8d23.png]]>
</small_image_url>
<link><![CDATA[https://www.goodreads.com/author/show/72242.Amanda_Bennett]]></link>
<average_rating>3.84</average_rating>
<ratings_count>269</ratings_count>
<text_reviews_count>25</text_reviews_count>
</author>
</authors>
  <published></published>
</book>


      <book>
  <id type="integer">25197556</id>
  <isbn>1781915512</isbn>
  <isbn13>9781781915516</isbn13>
  <text_reviews_count type="integer">0</text_reviews_count>
  <title>In Defense of the Fatherless: Redeeming International Adoption &amp; Orphan Care</title>
  <title_without_series>In Defense of the Fatherless: Redeeming International Adoption &amp; Orphan Care</title_without_series>
  <image_url>https://s.gr-assets.com/assets/nophoto/book/111x148-bcc042a9c91a29c1d680899eff700a03.png</image_url>
  <small_image_url>https://s.gr-assets.com/assets/nophoto/book/50x75-a91bf249278a81aabab721ef782c4a74.png</small_image_url>
  <large_image_url/>
  <link>https://www.goodreads.com/book/show/25197556-in-defense-of-the-fatherless</link>
  <num_pages>304</num_pages>
  <format>Paperback</format>
  <edition_information/>
  <publisher>Christian Focus Publications</publisher>
  <publication_day>20</publication_day>
  <publication_year>2015</publication_year>
  <publication_month>1</publication_month>
  <average_rating>4.00</average_rating>
  <ratings_count>1</ratings_count>
  <description>Designed as a practical resource for Christian families and churches, the book empowers and inspires Christians to reform international adoption and orphan care. In Defense of the Fatherless casts a powerful vision for the end of the orphan crisis, inviting Christians to protect and provide for orphans and widows in response to God's mercy.</description>
<authors>
<author>
<id>72242</id>
<name>Amanda Bennett</name>
<role></role>
<image_url nophoto='true'>
<![CDATA[https://s.gr-assets.com/assets/nophoto/user/f_200x266-3061b784cc8e7f021c6430c9aba94587.png]]>
</image_url>
<small_image_url nophoto='true'>
<![CDATA[https://s.gr-assets.com/assets/nophoto/user/f_50x66-6a03a5c12233c941481992b82eea8d23.png]]>
</small_image_url>
<link><![CDATA[https://www.goodreads.com/author/show/72242.Amanda_Bennett]]></link>
<average_rating>3.84</average_rating>
<ratings_count>269</ratings_count>
<text_reviews_count>25</text_reviews_count>
</author>
</authors>
  <published>2015</published>
</book>


    </books>
</author>

</GoodreadsResponse>