<?xml version="1.0" encoding="UTF-8"?>
<GoodreadsResponse>
  <Request>
    <authentication>true</authentication>
      <key><![CDATA[sySok63UyYyWi2Wof1HocA]]></key>
    <method><![CDATA[author_show]]></method>
  </Request>
  <author>
  <id>7230010</id>
  <name>A. Elizabeth Zumchak</name>
  <link><![CDATA[https://www.goodreads.com/author/show/7230010.A_Elizabeth_Zumchak]]></link>
  <fans_count type="integer">0</fans_count>
  <author_followers_count type="integer">0</author_followers_count>
  <large_image_url><![CDATA[https://s.gr-assets.com/assets/nophoto/user/f_333x500-c8899232290ea51bb160dea14c29470b.png]]></large_image_url>
  <image_url><![CDATA[https://s.gr-assets.com/assets/nophoto/user/f_200x266-3061b784cc8e7f021c6430c9aba94587.png]]></image_url>
  <small_image_url><![CDATA[https://s.gr-assets.com/assets/nophoto/user/f_50x66-6a03a5c12233c941481992b82eea8d23.png]]></small_image_url>
  <about></about>
  <influences></influences>
  <works_count>1</works_count>
  <gender>female</gender>
  <hometown></hometown>
  <born_at></born_at>
  <died_at></died_at>
  <goodreads_author>true</goodreads_author>
    <user>
  <id type="integer">52379879</id>
</user>


    <books>
      <book>
  <id type="integer">28792510</id>
  <isbn nil="true"/>
  <isbn13>9781620070901</isbn13>
  <text_reviews_count type="integer">26</text_reviews_count>
  <title>Cast No Shadows</title>
  <title_without_series>Cast No Shadows</title_without_series>
  <image_url>https://images.gr-assets.com/books/1472503878m/28792510.jpg</image_url>
  <small_image_url>https://images.gr-assets.com/books/1472503878s/28792510.jpg</small_image_url>
  <large_image_url/>
  <link>https://www.goodreads.com/book/show/28792510-cast-no-shadows</link>
  <num_pages></num_pages>
  <format>ebook</format>
  <edition_information/>
  <publisher>Curiosity Quills Press</publisher>
  <publication_day>10</publication_day>
  <publication_year>2016</publication_year>
  <publication_month>10</publication_month>
  <average_rating>3.72</average_rating>
  <ratings_count>39</ratings_count>
  <description>Welcome to the shadowed woods, where the trees breathe with ghosts and the wind whispers of the past.&lt;br /&gt;&lt;br /&gt;Twenty-six authors take you through haunted houses and cemeteries with tales that will chill.&lt;br /&gt;&lt;br /&gt;Beware the dark, for the spirits await you.</description>
<authors>
<author>
<id>7343261</id>
<name>Jordan Elizabeth Mierek</name>
<role></role>
<image_url nophoto='true'>
<![CDATA[https://s.gr-assets.com/assets/nophoto/user/f_200x266-3061b784cc8e7f021c6430c9aba94587.png]]>
</image_url>
<small_image_url nophoto='true'>
<![CDATA[https://s.gr-assets.com/assets/nophoto/user/f_50x66-6a03a5c12233c941481992b82eea8d23.png]]>
</small_image_url>
<link><![CDATA[https://www.goodreads.com/author/show/7343261.Jordan_Elizabeth_Mierek]]></link>
<average_rating>4.09</average_rating>
<ratings_count>1571</ratings_count>
<text_reviews_count>1149</text_reviews_count>
</author>
</authors>
  <published>2016</published>
</book>


    </books>
</author>

</GoodreadsResponse>