<?xml version="1.0" encoding="UTF-8"?>
<GoodreadsResponse>
  <Request>
    <authentication>true</authentication>
      <key><![CDATA[sySok63UyYyWi2Wof1HocA]]></key>
    <method><![CDATA[author_show]]></method>
  </Request>
  <author>
  <id>728365</id>
  <name>David W. Packard</name>
  <link><![CDATA[https://www.goodreads.com/author/show/728365.David_W_Packard]]></link>
  <fans_count type="integer">1</fans_count>
  <author_followers_count type="integer">1</author_followers_count>
  <large_image_url><![CDATA[https://s.gr-assets.com/assets/nophoto/user/m_333x500-a9c67bed07ee7e10983a5d5ccc572516.png]]></large_image_url>
  <image_url><![CDATA[https://s.gr-assets.com/assets/nophoto/user/m_200x266-d279b33f8eec0f27b7272477f09806be.png]]></image_url>
  <small_image_url><![CDATA[https://s.gr-assets.com/assets/nophoto/user/m_50x66-82093808bca726cb3249a493fbd3bd0f.png]]></small_image_url>
  <about></about>
  <influences></influences>
  <works_count>3</works_count>
  <gender>male</gender>
  <hometown></hometown>
  <born_at></born_at>
  <died_at></died_at>
  <goodreads_author></goodreads_author>

    <books>
      <book>
  <id type="integer">4448416</id>
  <isbn>0520025806</isbn>
  <isbn13>9780520025806</isbn13>
  <text_reviews_count type="integer">0</text_reviews_count>
  <title>Minoan Linear A</title>
  <title_without_series>Minoan Linear A</title_without_series>
  <image_url>https://images.gr-assets.com/books/1437408941m/4448416.jpg</image_url>
  <small_image_url>https://images.gr-assets.com/books/1437408941s/4448416.jpg</small_image_url>
  <large_image_url/>
  <link>https://www.goodreads.com/book/show/4448416-minoan-linear-a</link>
  <num_pages>272</num_pages>
  <format>Unknown Binding</format>
  <edition_information/>
  <publisher>University of California Press</publisher>
  <publication_day>1</publication_day>
  <publication_year>1974</publication_year>
  <publication_month>1</publication_month>
  <average_rating>5.00</average_rating>
  <ratings_count>1</ratings_count>
  <description></description>
<authors>
<author>
<id>728365</id>
<name>David W. Packard</name>
<role></role>
<image_url nophoto='true'>
<![CDATA[https://s.gr-assets.com/assets/nophoto/user/m_200x266-d279b33f8eec0f27b7272477f09806be.png]]>
</image_url>
<small_image_url nophoto='true'>
<![CDATA[https://s.gr-assets.com/assets/nophoto/user/m_50x66-82093808bca726cb3249a493fbd3bd0f.png]]>
</small_image_url>
<link><![CDATA[https://www.goodreads.com/author/show/728365.David_W_Packard]]></link>
<average_rating>5.00</average_rating>
<ratings_count>1</ratings_count>
<text_reviews_count>0</text_reviews_count>
</author>
</authors>
  <published>1974</published>
</book>


      <book>
  <id type="integer">1566725</id>
  <isbn>0674158903</isbn>
  <isbn13>9780674158900</isbn13>
  <text_reviews_count type="integer">0</text_reviews_count>
  <title>A Concordance to Livy: Vol I: A-D; Vol. II: E-I; Vol III: K-P; Vol. IV: Q-Z</title>
  <title_without_series>A Concordance to Livy: Vol I: A-D; Vol. II: E-I; Vol III: K-P; Vol. IV: Q-Z</title_without_series>
  <image_url>https://s.gr-assets.com/assets/nophoto/book/111x148-bcc042a9c91a29c1d680899eff700a03.png</image_url>
  <small_image_url>https://s.gr-assets.com/assets/nophoto/book/50x75-a91bf249278a81aabab721ef782c4a74.png</small_image_url>
  <large_image_url/>
  <link>https://www.goodreads.com/book/show/1566725.A_Concordance_to_Livy</link>
  <num_pages>5394</num_pages>
  <format>Hardcover</format>
  <edition_information/>
  <publisher>Harvard University Press</publisher>
  <publication_day>1</publication_day>
  <publication_year>1968</publication_year>
  <publication_month>1</publication_month>
  <average_rating>0.0</average_rating>
  <ratings_count>0</ratings_count>
  <description>This concordance to the complete extant works of Livy was compiled at the Harvard Computing Center and contains approximately 500,000 entries. The Oxford Text was used for Books I XXXV, the Teubner for XXXVI XLV. All words, including "el," have been catalogued, and each word is accompanied by about twenty words of its context. Words are alphabetized in the form in which they occur in the text without being organized under normalized dictionary headings; repeated instances of the same word are arranged according to the words that follow in the context, thereby producing an index of phrases as well as words. The concordance was set in type by computerized photocomposition."</description>
<authors>
<author>
<id>728365</id>
<name>David W. Packard</name>
<role></role>
<image_url nophoto='true'>
<![CDATA[https://s.gr-assets.com/assets/nophoto/user/m_200x266-d279b33f8eec0f27b7272477f09806be.png]]>
</image_url>
<small_image_url nophoto='true'>
<![CDATA[https://s.gr-assets.com/assets/nophoto/user/m_50x66-82093808bca726cb3249a493fbd3bd0f.png]]>
</small_image_url>
<link><![CDATA[https://www.goodreads.com/author/show/728365.David_W_Packard]]></link>
<average_rating>5.00</average_rating>
<ratings_count>1</ratings_count>
<text_reviews_count>0</text_reviews_count>
</author>
</authors>
  <published>1968</published>
</book>


      <book>
  <id type="integer">1566726</id>
  <isbn>0890030057</isbn>
  <isbn13>9780890030059</isbn13>
  <text_reviews_count type="integer">0</text_reviews_count>
  <title>A Bibliography Of Homeric Scholarship: Preliminary Edition, 1930 1970</title>
  <title_without_series>A Bibliography Of Homeric Scholarship: Preliminary Edition, 1930 1970</title_without_series>
  <image_url>https://s.gr-assets.com/assets/nophoto/book/111x148-bcc042a9c91a29c1d680899eff700a03.png</image_url>
  <small_image_url>https://s.gr-assets.com/assets/nophoto/book/50x75-a91bf249278a81aabab721ef782c4a74.png</small_image_url>
  <large_image_url/>
  <link>https://www.goodreads.com/book/show/1566726.A_Bibliography_Of_Homeric_Scholarship</link>
  <num_pages/>
  <format></format>
  <edition_information/>
  <publisher></publisher>
  <publication_day></publication_day>
  <publication_year></publication_year>
  <publication_month></publication_month>
  <average_rating>0.0</average_rating>
  <ratings_count>0</ratings_count>
  <description></description>
<authors>
<author>
<id>728365</id>
<name>David W. Packard</name>
<role></role>
<image_url nophoto='true'>
<![CDATA[https://s.gr-assets.com/assets/nophoto/user/m_200x266-d279b33f8eec0f27b7272477f09806be.png]]>
</image_url>
<small_image_url nophoto='true'>
<![CDATA[https://s.gr-assets.com/assets/nophoto/user/m_50x66-82093808bca726cb3249a493fbd3bd0f.png]]>
</small_image_url>
<link><![CDATA[https://www.goodreads.com/author/show/728365.David_W_Packard]]></link>
<average_rating>5.00</average_rating>
<ratings_count>1</ratings_count>
<text_reviews_count>0</text_reviews_count>
</author>
</authors>
  <published></published>
</book>


    </books>
</author>

</GoodreadsResponse>