<?xml version="1.0" encoding="UTF-8"?>
<GoodreadsResponse>
  <Request>
    <authentication>true</authentication>
      <key><![CDATA[sySok63UyYyWi2Wof1HocA]]></key>
    <method><![CDATA[author_show]]></method>
  </Request>
  <author>
  <id>72849</id>
  <name>Jonathan Wylie</name>
  <link><![CDATA[https://www.goodreads.com/author/show/72849.Jonathan_Wylie]]></link>
  <fans_count type="integer">8</fans_count>
  <author_followers_count type="integer">8</author_followers_count>
  <large_image_url><![CDATA[https://s.gr-assets.com/assets/nophoto/user/m_333x500-a9c67bed07ee7e10983a5d5ccc572516.png]]></large_image_url>
  <image_url><![CDATA[https://s.gr-assets.com/assets/nophoto/user/m_200x266-d279b33f8eec0f27b7272477f09806be.png]]></image_url>
  <small_image_url><![CDATA[https://s.gr-assets.com/assets/nophoto/user/m_50x66-82093808bca726cb3249a493fbd3bd0f.png]]></small_image_url>
  <about><![CDATA[Jonathan Wylie is the pseudonym of Mark and Julia Smith, a married couple who live and work in Norfolk. Having met while they were both working for a major London publishing house, they sparked each other into creative life, and began writing as a team a few months after setting up home together. They have been writing full time since 1991. The pen-name they have used most recently is <a href="https://www.goodreads.com/author/show/282752.Julia_Gray" title="Julia Gray" rel="nofollow">Julia Gray</a>, author of Ice Mage, Fire Music, Isle of the Dead and the popular 'Guardian' Cycle.]]></about>
  <influences></influences>
  <works_count>16</works_count>
  <gender>male</gender>
  <hometown></hometown>
  <born_at></born_at>
  <died_at></died_at>
  <goodreads_author></goodreads_author>

    <books>
      <book>
  <id type="integer">1149805</id>
  <isbn>0553269534</isbn>
  <isbn13>9780553269536</isbn13>
  <text_reviews_count type="integer">4</text_reviews_count>
  <title>The First Named (Servants of Ark Trilogy, #1)</title>
  <title_without_series>The First Named</title_without_series>
  <image_url>https://images.gr-assets.com/books/1373069336m/1149805.jpg</image_url>
  <small_image_url>https://images.gr-assets.com/books/1373069336s/1149805.jpg</small_image_url>
  <large_image_url/>
  <link>https://www.goodreads.com/book/show/1149805.The_First_Named</link>
  <num_pages>281</num_pages>
  <format>Paperback</format>
  <edition_information/>
  <publisher>Bantam</publisher>
  <publication_day/>
  <publication_year>1987</publication_year>
  <publication_month>10</publication_month>
  <average_rating>3.38</average_rating>
  <ratings_count>151</ratings_count>
  <description>A powerful warlord and violet-eyed enchantress Amarino usurp King Ather and enslave people of Ark to an ancient power. In the distant forest hideaway of the court wizard, the three princes plot vengeance. An ancient tome prophesies only one prince can triumph. The 200-year old wizard, his young apprentice, and his telepathic cat quest for victory.</description>
<authors>
<author>
<id>72849</id>
<name>Jonathan Wylie</name>
<role></role>
<image_url nophoto='true'>
<![CDATA[https://s.gr-assets.com/assets/nophoto/user/m_200x266-d279b33f8eec0f27b7272477f09806be.png]]>
</image_url>
<small_image_url nophoto='true'>
<![CDATA[https://s.gr-assets.com/assets/nophoto/user/m_50x66-82093808bca726cb3249a493fbd3bd0f.png]]>
</small_image_url>
<link><![CDATA[https://www.goodreads.com/author/show/72849.Jonathan_Wylie]]></link>
<average_rating>3.46</average_rating>
<ratings_count>1005</ratings_count>
<text_reviews_count>39</text_reviews_count>
</author>
</authors>
  <published>1987</published>
</book>


      <book>
  <id type="integer">2030986</id>
  <isbn>055213757X</isbn>
  <isbn13>9780552137577</isbn13>
  <text_reviews_count type="integer">5</text_reviews_count>
  <title>Dream-weaver</title>
  <title_without_series>Dream-weaver</title_without_series>
  <image_url>https://images.gr-assets.com/books/1364019458m/2030986.jpg</image_url>
  <small_image_url>https://images.gr-assets.com/books/1364019458s/2030986.jpg</small_image_url>
  <large_image_url/>
  <link>https://www.goodreads.com/book/show/2030986.Dream_weaver</link>
  <num_pages>592</num_pages>
  <format>Paperback</format>
  <edition_information/>
  <publisher>Corgi</publisher>
  <publication_day>1</publication_day>
  <publication_year>1991</publication_year>
  <publication_month>11</publication_month>
  <average_rating>3.85</average_rating>
  <ratings_count>95</ratings_count>
  <description>As civil war threatens the land of Ahrenia, Rebecca is thrust into a central role in the momentous drama that is engulfing her home. Yet, as the armies of nightmare draw closer, she discovers that war is not the ultimate evil.</description>
<authors>
<author>
<id>72849</id>
<name>Jonathan Wylie</name>
<role></role>
<image_url nophoto='true'>
<![CDATA[https://s.gr-assets.com/assets/nophoto/user/m_200x266-d279b33f8eec0f27b7272477f09806be.png]]>
</image_url>
<small_image_url nophoto='true'>
<![CDATA[https://s.gr-assets.com/assets/nophoto/user/m_50x66-82093808bca726cb3249a493fbd3bd0f.png]]>
</small_image_url>
<link><![CDATA[https://www.goodreads.com/author/show/72849.Jonathan_Wylie]]></link>
<average_rating>3.46</average_rating>
<ratings_count>1005</ratings_count>
<text_reviews_count>39</text_reviews_count>
</author>
</authors>
  <published>1991</published>
</book>


      <book>
  <id type="integer">1332780</id>
  <isbn>0553279742</isbn>
  <isbn13>9780553279740</isbn13>
  <text_reviews_count type="integer">3</text_reviews_count>
  <title>Dreams of Stone (The Unbalanced Earth, #1)</title>
  <title_without_series>Dreams of Stone</title_without_series>
  <image_url>https://images.gr-assets.com/books/1331478034m/1332780.jpg</image_url>
  <small_image_url>https://images.gr-assets.com/books/1331478034s/1332780.jpg</small_image_url>
  <large_image_url/>
  <link>https://www.goodreads.com/book/show/1332780.Dreams_of_Stone</link>
  <num_pages>297</num_pages>
  <format>Mass Market Paperback</format>
  <edition_information/>
  <publisher>Spectra</publisher>
  <publication_day>1</publication_day>
  <publication_year>1989</publication_year>
  <publication_month>2</publication_month>
  <average_rating>3.57</average_rating>
  <ratings_count>113</ratings_count>
  <description></description>
<authors>
<author>
<id>72849</id>
<name>Jonathan Wylie</name>
<role></role>
<image_url nophoto='true'>
<![CDATA[https://s.gr-assets.com/assets/nophoto/user/m_200x266-d279b33f8eec0f27b7272477f09806be.png]]>
</image_url>
<small_image_url nophoto='true'>
<![CDATA[https://s.gr-assets.com/assets/nophoto/user/m_50x66-82093808bca726cb3249a493fbd3bd0f.png]]>
</small_image_url>
<link><![CDATA[https://www.goodreads.com/author/show/72849.Jonathan_Wylie]]></link>
<average_rating>3.46</average_rating>
<ratings_count>1005</ratings_count>
<text_reviews_count>39</text_reviews_count>
</author>
</authors>
  <published>1989</published>
</book>


      <book>
  <id type="integer">1149807</id>
  <isbn>055213161X</isbn>
  <isbn13>9780552131612</isbn13>
  <text_reviews_count type="integer">3</text_reviews_count>
  <title>The Mage-born Child</title>
  <title_without_series>The Mage-born Child</title_without_series>
  <image_url>https://s.gr-assets.com/assets/nophoto/book/111x148-bcc042a9c91a29c1d680899eff700a03.png</image_url>
  <small_image_url>https://s.gr-assets.com/assets/nophoto/book/50x75-a91bf249278a81aabab721ef782c4a74.png</small_image_url>
  <large_image_url/>
  <link>https://www.goodreads.com/book/show/1149807.The_Mage_born_Child</link>
  <num_pages>352</num_pages>
  <format>Paperback</format>
  <edition_information/>
  <publisher>Corgi</publisher>
  <publication_day>1</publication_day>
  <publication_year>1988</publication_year>
  <publication_month>4</publication_month>
  <average_rating>3.44</average_rating>
  <ratings_count>114</ratings_count>
  <description>The Mage-Born Child&lt;br /&gt;The evil wizard Alzedo has risen again and this time he has unleashed the full terror of his awesome powers. Haunted by strange dreams, the young wizard Yve and her invisible dragon journey from a far-off land to help the beleagured King Mark and his son Luke prepare for the final battle. But first Yve must travel to an enchanted cavern deep in the Windchill Mountains to enlist the aid of a centuries-old hermit and a mysterious child. Only then can the Servants of Ark hope to fulfill the ancient prophecy - and shatter the power of the evil Sorcerer once and for all!</description>
<authors>
<author>
<id>72849</id>
<name>Jonathan Wylie</name>
<role></role>
<image_url nophoto='true'>
<![CDATA[https://s.gr-assets.com/assets/nophoto/user/m_200x266-d279b33f8eec0f27b7272477f09806be.png]]>
</image_url>
<small_image_url nophoto='true'>
<![CDATA[https://s.gr-assets.com/assets/nophoto/user/m_50x66-82093808bca726cb3249a493fbd3bd0f.png]]>
</small_image_url>
<link><![CDATA[https://www.goodreads.com/author/show/72849.Jonathan_Wylie]]></link>
<average_rating>3.46</average_rating>
<ratings_count>1005</ratings_count>
<text_reviews_count>39</text_reviews_count>
</author>
</authors>
  <published>1988</published>
</book>


      <book>
  <id type="integer">1149803</id>
  <isbn>0553270567</isbn>
  <isbn13>9780553270563</isbn13>
  <text_reviews_count type="integer">1</text_reviews_count>
  <title>The Center of the Circle</title>
  <title_without_series>The Center of the Circle</title_without_series>
  <image_url>https://s.gr-assets.com/assets/nophoto/book/111x148-bcc042a9c91a29c1d680899eff700a03.png</image_url>
  <small_image_url>https://s.gr-assets.com/assets/nophoto/book/50x75-a91bf249278a81aabab721ef782c4a74.png</small_image_url>
  <large_image_url/>
  <link>https://www.goodreads.com/book/show/1149803.The_Center_of_the_Circle</link>
  <num_pages>336</num_pages>
  <format>Mass Market Paperback</format>
  <edition_information/>
  <publisher>Bantam Books (Mm)</publisher>
  <publication_day>1</publication_day>
  <publication_year>1988</publication_year>
  <publication_month>2</publication_month>
  <average_rating>3.41</average_rating>
  <ratings_count>123</ratings_count>
  <description>An evil wind blows across the Kingdom of Ark. A powerful sorcerer named Alzedo has rallied the forces of darkness and threatens to unleash a whirlpool of destruction upon the land. Only a conclave of the most powerful wizards can thwart his plans - but King Mark is powerless to convince his people of the coming danger. As a murderous fog paralyzes the island, an ancient prophecy decrees that the fate of the kingdom will depend on Mark's son, the young prince Luke. Following in his father's footsteps, Luke must go to the center of the circle of evil - to rescue his people from a dark enchantment and challenge the greatest enemy Ark has ever known.</description>
<authors>
<author>
<id>72849</id>
<name>Jonathan Wylie</name>
<role></role>
<image_url nophoto='true'>
<![CDATA[https://s.gr-assets.com/assets/nophoto/user/m_200x266-d279b33f8eec0f27b7272477f09806be.png]]>
</image_url>
<small_image_url nophoto='true'>
<![CDATA[https://s.gr-assets.com/assets/nophoto/user/m_50x66-82093808bca726cb3249a493fbd3bd0f.png]]>
</small_image_url>
<link><![CDATA[https://www.goodreads.com/author/show/72849.Jonathan_Wylie]]></link>
<average_rating>3.46</average_rating>
<ratings_count>1005</ratings_count>
<text_reviews_count>39</text_reviews_count>
</author>
</authors>
  <published>1988</published>
</book>


      <book>
  <id type="integer">1531190</id>
  <isbn>055213418X</isbn>
  <isbn13>9780552134187</isbn13>
  <text_reviews_count type="integer">2</text_reviews_count>
  <title>The Age of Chaos (The Unbalanced Earth, #3)</title>
  <title_without_series>The Age of Chaos</title_without_series>
  <image_url>https://s.gr-assets.com/assets/nophoto/book/111x148-bcc042a9c91a29c1d680899eff700a03.png</image_url>
  <small_image_url>https://s.gr-assets.com/assets/nophoto/book/50x75-a91bf249278a81aabab721ef782c4a74.png</small_image_url>
  <large_image_url/>
  <link>https://www.goodreads.com/book/show/1531190.The_Age_of_Chaos</link>
  <num_pages>352</num_pages>
  <format>Paperback</format>
  <edition_information/>
  <publisher>Corgi Books</publisher>
  <publication_day>1</publication_day>
  <publication_year>1990</publication_year>
  <publication_month>1</publication_month>
  <average_rating>3.48</average_rating>
  <ratings_count>87</ratings_count>
  <description></description>
<authors>
<author>
<id>72849</id>
<name>Jonathan Wylie</name>
<role></role>
<image_url nophoto='true'>
<![CDATA[https://s.gr-assets.com/assets/nophoto/user/m_200x266-d279b33f8eec0f27b7272477f09806be.png]]>
</image_url>
<small_image_url nophoto='true'>
<![CDATA[https://s.gr-assets.com/assets/nophoto/user/m_50x66-82093808bca726cb3249a493fbd3bd0f.png]]>
</small_image_url>
<link><![CDATA[https://www.goodreads.com/author/show/72849.Jonathan_Wylie]]></link>
<average_rating>3.46</average_rating>
<ratings_count>1005</ratings_count>
<text_reviews_count>39</text_reviews_count>
</author>
</authors>
  <published>1990</published>
</book>


      <book>
  <id type="integer">1332769</id>
  <isbn>055328147X</isbn>
  <isbn13>9780553281477</isbn13>
  <text_reviews_count type="integer">0</text_reviews_count>
  <title>The Lightless Kingdom (The Unbalanced Earth, #2)</title>
  <title_without_series>The Lightless Kingdom</title_without_series>
  <image_url>https://s.gr-assets.com/assets/nophoto/book/111x148-bcc042a9c91a29c1d680899eff700a03.png</image_url>
  <small_image_url>https://s.gr-assets.com/assets/nophoto/book/50x75-a91bf249278a81aabab721ef782c4a74.png</small_image_url>
  <large_image_url/>
  <link>https://www.goodreads.com/book/show/1332769.The_Lightless_Kingdom</link>
  <num_pages></num_pages>
  <format>Mass Market Paperback</format>
  <edition_information/>
  <publisher>Spectra</publisher>
  <publication_day>1</publication_day>
  <publication_year>1989</publication_year>
  <publication_month>8</publication_month>
  <average_rating>3.58</average_rating>
  <ratings_count>90</ratings_count>
  <description></description>
<authors>
<author>
<id>72849</id>
<name>Jonathan Wylie</name>
<role></role>
<image_url nophoto='true'>
<![CDATA[https://s.gr-assets.com/assets/nophoto/user/m_200x266-d279b33f8eec0f27b7272477f09806be.png]]>
</image_url>
<small_image_url nophoto='true'>
<![CDATA[https://s.gr-assets.com/assets/nophoto/user/m_50x66-82093808bca726cb3249a493fbd3bd0f.png]]>
</small_image_url>
<link><![CDATA[https://www.goodreads.com/author/show/72849.Jonathan_Wylie]]></link>
<average_rating>3.46</average_rating>
<ratings_count>1005</ratings_count>
<text_reviews_count>39</text_reviews_count>
</author>
</authors>
  <published>1989</published>
</book>


      <book>
  <id type="integer">2030975</id>
  <isbn>0552139297</isbn>
  <isbn13>9780552139298</isbn13>
  <text_reviews_count type="integer">2</text_reviews_count>
  <title>Shadow Maze</title>
  <title_without_series>Shadow Maze</title_without_series>
  <image_url>https://images.gr-assets.com/books/1419901094m/2030975.jpg</image_url>
  <small_image_url>https://images.gr-assets.com/books/1419901094s/2030975.jpg</small_image_url>
  <large_image_url/>
  <link>https://www.goodreads.com/book/show/2030975.Shadow_Maze</link>
  <num_pages>384</num_pages>
  <format>Paperback</format>
  <edition_information/>
  <publisher>Corgi</publisher>
  <publication_day>1</publication_day>
  <publication_year>1993</publication_year>
  <publication_month>5</publication_month>
  <average_rating>3.62</average_rating>
  <ratings_count>55</ratings_count>
  <description>On what should have been a day of celebration - the day marking their transition from boys to men - Varo and Brostek's lives were changed for ever. Their village was destroyed by the Knifemen of Bari, leaving them homeless, orphaned and alone. By the author of Dream-weaver.</description>
<authors>
<author>
<id>72849</id>
<name>Jonathan Wylie</name>
<role></role>
<image_url nophoto='true'>
<![CDATA[https://s.gr-assets.com/assets/nophoto/user/m_200x266-d279b33f8eec0f27b7272477f09806be.png]]>
</image_url>
<small_image_url nophoto='true'>
<![CDATA[https://s.gr-assets.com/assets/nophoto/user/m_50x66-82093808bca726cb3249a493fbd3bd0f.png]]>
</small_image_url>
<link><![CDATA[https://www.goodreads.com/author/show/72849.Jonathan_Wylie]]></link>
<average_rating>3.46</average_rating>
<ratings_count>1005</ratings_count>
<text_reviews_count>39</text_reviews_count>
</author>
</authors>
  <published>1993</published>
</book>


      <book>
  <id type="integer">2619603</id>
  <isbn>0552139793</isbn>
  <isbn13>9780552139793</isbn13>
  <text_reviews_count type="integer">0</text_reviews_count>
  <title>Echoes of Flame (Island &amp; Empire, #2)</title>
  <title_without_series>Echoes of Flame</title_without_series>
  <image_url>https://s.gr-assets.com/assets/nophoto/book/111x148-bcc042a9c91a29c1d680899eff700a03.png</image_url>
  <small_image_url>https://s.gr-assets.com/assets/nophoto/book/50x75-a91bf249278a81aabab721ef782c4a74.png</small_image_url>
  <large_image_url/>
  <link>https://www.goodreads.com/book/show/2619603-echoes-of-flame</link>
  <num_pages>432</num_pages>
  <format>Paperback</format>
  <edition_information/>
  <publisher>Corgi</publisher>
  <publication_day>1</publication_day>
  <publication_year>1994</publication_year>
  <publication_month>9</publication_month>
  <average_rating>3.16</average_rating>
  <ratings_count>37</ratings_count>
  <description>The islanders of Zalys, temporarily free from the malevolent tyranny of the degenerate Xantic Empire, find that they are now faced with even greater evils. Dsordas and Fen attempt the perilous journey to Xantium</description>
<authors>
<author>
<id>72849</id>
<name>Jonathan Wylie</name>
<role></role>
<image_url nophoto='true'>
<![CDATA[https://s.gr-assets.com/assets/nophoto/user/m_200x266-d279b33f8eec0f27b7272477f09806be.png]]>
</image_url>
<small_image_url nophoto='true'>
<![CDATA[https://s.gr-assets.com/assets/nophoto/user/m_50x66-82093808bca726cb3249a493fbd3bd0f.png]]>
</small_image_url>
<link><![CDATA[https://www.goodreads.com/author/show/72849.Jonathan_Wylie]]></link>
<average_rating>3.46</average_rating>
<ratings_count>1005</ratings_count>
<text_reviews_count>39</text_reviews_count>
</author>
</authors>
  <published>1994</published>
</book>


      <book>
  <id type="integer">2619604</id>
  <isbn>0552139807</isbn>
  <isbn13>9780552139809</isbn13>
  <text_reviews_count type="integer">1</text_reviews_count>
  <title>The Last Augury (Island &amp; Empire, #3)</title>
  <title_without_series>The Last Augury</title_without_series>
  <image_url>https://s.gr-assets.com/assets/nophoto/book/111x148-bcc042a9c91a29c1d680899eff700a03.png</image_url>
  <small_image_url>https://s.gr-assets.com/assets/nophoto/book/50x75-a91bf249278a81aabab721ef782c4a74.png</small_image_url>
  <large_image_url/>
  <link>https://www.goodreads.com/book/show/2619604-the-last-augury</link>
  <num_pages>384</num_pages>
  <format>Paperback</format>
  <edition_information/>
  <publisher>Corgi</publisher>
  <publication_day>1</publication_day>
  <publication_year>1994</publication_year>
  <publication_month>12</publication_month>
  <average_rating>3.08</average_rating>
  <ratings_count>37</ratings_count>
  <description>"I have watched from below the stars, when I was still able to fly and have seen all forms of augury. All but one, it seems. The last will be the most important, yet it will still be the last. Xantium, the once glorious capital of a great empire, is now a burning shell that harbours unimaginable evil. The Empress Ifryn and her family have fled to the southern lands, while Fen, Dsordas and their companions have returned to Zalys, their island home. But even in these remote places they are not safe, and their battle with the usurper, Chancellor Verkho, is far from over. As the gods of the old pantheon threaten to return to the world of men, Ifryn and her distant ally, Fen, prepare for their final, terrifying confrontation with their sorcerous enemy - and for the greatest gamble of their lives.</description>
<authors>
<author>
<id>72849</id>
<name>Jonathan Wylie</name>
<role></role>
<image_url nophoto='true'>
<![CDATA[https://s.gr-assets.com/assets/nophoto/user/m_200x266-d279b33f8eec0f27b7272477f09806be.png]]>
</image_url>
<small_image_url nophoto='true'>
<![CDATA[https://s.gr-assets.com/assets/nophoto/user/m_50x66-82093808bca726cb3249a493fbd3bd0f.png]]>
</small_image_url>
<link><![CDATA[https://www.goodreads.com/author/show/72849.Jonathan_Wylie]]></link>
<average_rating>3.46</average_rating>
<ratings_count>1005</ratings_count>
<text_reviews_count>39</text_reviews_count>
</author>
</authors>
  <published>1994</published>
</book>


    </books>
</author>

</GoodreadsResponse>