<?xml version="1.0" encoding="UTF-8"?>
<GoodreadsResponse>
  <Request>
    <authentication>true</authentication>
      <key><![CDATA[sySok63UyYyWi2Wof1HocA]]></key>
    <method><![CDATA[author_show]]></method>
  </Request>
  <author>
  <id>738893</id>
  <name>Derek Maul</name>
  <link><![CDATA[https://www.goodreads.com/author/show/738893.Derek_Maul]]></link>
  <fans_count type="integer">2</fans_count>
  <author_followers_count type="integer">2</author_followers_count>
  <large_image_url><![CDATA[https://images.gr-assets.com/authors/1450971962p7/738893.jpg]]></large_image_url>
  <image_url><![CDATA[https://images.gr-assets.com/authors/1450971962p5/738893.jpg]]></image_url>
  <small_image_url><![CDATA[https://images.gr-assets.com/authors/1450971962p2/738893.jpg]]></small_image_url>
  <about>coming soon...</about>
  <influences></influences>
  <works_count>11</works_count>
  <gender>male</gender>
  <hometown>Folkestone</hometown>
  <born_at></born_at>
  <died_at></died_at>
  <goodreads_author>true</goodreads_author>
    <user>
  <id type="integer">7753608</id>
</user>


    <books>
      <book>
  <id type="integer">4283488</id>
  <isbn>0835899667</isbn>
  <isbn13>9780835899666</isbn13>
  <text_reviews_count type="integer">1</text_reviews_count>
  <title>In My Heart I Carry a Star: Stories for Advent</title>
  <title_without_series>In My Heart I Carry a Star: Stories for Advent</title_without_series>
  <image_url>https://s.gr-assets.com/assets/nophoto/book/111x148-bcc042a9c91a29c1d680899eff700a03.png</image_url>
  <small_image_url>https://s.gr-assets.com/assets/nophoto/book/50x75-a91bf249278a81aabab721ef782c4a74.png</small_image_url>
  <large_image_url/>
  <link>https://www.goodreads.com/book/show/4283488-in-my-heart-i-carry-a-star</link>
  <num_pages>144</num_pages>
  <format>Paperback</format>
  <edition_information/>
  <publisher>Upper Room Books</publisher>
  <publication_day>1</publication_day>
  <publication_year>2008</publication_year>
  <publication_month>8</publication_month>
  <average_rating>4.42</average_rating>
  <ratings_count>12</ratings_count>
  <description></description>
<authors>
<author>
<id>738893</id>
<name>Derek Maul</name>
<role></role>
<image_url nophoto='false'>
<![CDATA[https://images.gr-assets.com/authors/1450971962p5/738893.jpg]]>
</image_url>
<small_image_url nophoto='false'>
<![CDATA[https://images.gr-assets.com/authors/1450971962p2/738893.jpg]]>
</small_image_url>
<link><![CDATA[https://www.goodreads.com/author/show/738893.Derek_Maul]]></link>
<average_rating>4.11</average_rating>
<ratings_count>47</ratings_count>
<text_reviews_count>3</text_reviews_count>
</author>
</authors>
  <published>2008</published>
</book>


      <book>
  <id type="integer">1592314</id>
  <isbn>083589911X</isbn>
  <isbn13>9780835899116</isbn13>
  <text_reviews_count type="integer">1</text_reviews_count>
  <title>Get Real</title>
  <title_without_series>Get Real</title_without_series>
  <image_url>https://s.gr-assets.com/assets/nophoto/book/111x148-bcc042a9c91a29c1d680899eff700a03.png</image_url>
  <small_image_url>https://s.gr-assets.com/assets/nophoto/book/50x75-a91bf249278a81aabab721ef782c4a74.png</small_image_url>
  <large_image_url/>
  <link>https://www.goodreads.com/book/show/1592314.Get_Real</link>
  <num_pages>144</num_pages>
  <format>Paperback</format>
  <edition_information/>
  <publisher>Upper Room Books</publisher>
  <publication_day>1</publication_day>
  <publication_year>2007</publication_year>
  <publication_month>5</publication_month>
  <average_rating>3.82</average_rating>
  <ratings_count>11</ratings_count>
  <description>When faced with the challenging expectations of being a man in our culture, of being both tough and tender, sensitive and stoic, many men find it easiest to put up a false face for the rest of the world. Behind that barrier men can find safety from the pressure they feel. But the price for that safety can be high. When Derek Maul found himself behind that barrier with his marriage at risk, he realized that to be honest about his feelings, he would need help from other Christian men to stay grounded in reality. He founded a group, called the Men's Room, where he and others covenanted to pray, share, and support one another in their attempts to get--and stay--real. In the Men's Room Maul learned that when men can get real about their spiritual life, they find it possible to share honestly with other men in a way that is authentic, brave, and energizing. Maul shares these insights for men and those who love them in this engaging and enlightening book. Give this book to a man you know who 'needs to get real, ' especially if that man is yourself.</description>
<authors>
<author>
<id>738893</id>
<name>Derek Maul</name>
<role></role>
<image_url nophoto='false'>
<![CDATA[https://images.gr-assets.com/authors/1450971962p5/738893.jpg]]>
</image_url>
<small_image_url nophoto='false'>
<![CDATA[https://images.gr-assets.com/authors/1450971962p2/738893.jpg]]>
</small_image_url>
<link><![CDATA[https://www.goodreads.com/author/show/738893.Derek_Maul]]></link>
<average_rating>4.11</average_rating>
<ratings_count>47</ratings_count>
<text_reviews_count>3</text_reviews_count>
</author>
</authors>
  <published>2007</published>
</book>


      <book>
  <id type="integer">6631332</id>
  <isbn>0835899926</isbn>
  <isbn13>9780835899925</isbn13>
  <text_reviews_count type="integer">0</text_reviews_count>
  <title>The Unmaking of a Part-Time Christian</title>
  <title_without_series>The Unmaking of a Part-Time Christian</title_without_series>
  <image_url>https://s.gr-assets.com/assets/nophoto/book/111x148-bcc042a9c91a29c1d680899eff700a03.png</image_url>
  <small_image_url>https://s.gr-assets.com/assets/nophoto/book/50x75-a91bf249278a81aabab721ef782c4a74.png</small_image_url>
  <large_image_url/>
  <link>https://www.goodreads.com/book/show/6631332-the-unmaking-of-a-part-time-christian</link>
  <num_pages>144</num_pages>
  <format>Paperback</format>
  <edition_information/>
  <publisher>Upper Room Books</publisher>
  <publication_day>1</publication_day>
  <publication_year>2009</publication_year>
  <publication_month>9</publication_month>
  <average_rating>4.00</average_rating>
  <ratings_count>7</ratings_count>
  <description></description>
<authors>
<author>
<id>738893</id>
<name>Derek Maul</name>
<role></role>
<image_url nophoto='false'>
<![CDATA[https://images.gr-assets.com/authors/1450971962p5/738893.jpg]]>
</image_url>
<small_image_url nophoto='false'>
<![CDATA[https://images.gr-assets.com/authors/1450971962p2/738893.jpg]]>
</small_image_url>
<link><![CDATA[https://www.goodreads.com/author/show/738893.Derek_Maul]]></link>
<average_rating>4.11</average_rating>
<ratings_count>47</ratings_count>
<text_reviews_count>3</text_reviews_count>
</author>
</authors>
  <published>2009</published>
</book>


      <book>
  <id type="integer">12994811</id>
  <isbn>0835810615</isbn>
  <isbn13>9780835810616</isbn13>
  <text_reviews_count type="integer">0</text_reviews_count>
  <title>Reaching Toward Easter: Devotions for Lent</title>
  <title_without_series>Reaching Toward Easter: Devotions for Lent</title_without_series>
  <image_url>https://s.gr-assets.com/assets/nophoto/book/111x148-bcc042a9c91a29c1d680899eff700a03.png</image_url>
  <small_image_url>https://s.gr-assets.com/assets/nophoto/book/50x75-a91bf249278a81aabab721ef782c4a74.png</small_image_url>
  <large_image_url/>
  <link>https://www.goodreads.com/book/show/12994811-reaching-toward-easter</link>
  <num_pages>156</num_pages>
  <format>Paperback</format>
  <edition_information/>
  <publisher>Upper Room Books</publisher>
  <publication_day>1</publication_day>
  <publication_year>2011</publication_year>
  <publication_month>11</publication_month>
  <average_rating>4.17</average_rating>
  <ratings_count>6</ratings_count>
  <description>An inviting, easy-to-read Lenten book that draws readers into the Gospel narratives of Jesus' journey to the cross and prepares them to live as "Easter people." REACHING TOWARD EASTER features 49 daily devotions, taking you from Shrove Tuesday through Easter Day and into the "Eighth Day." This 8-week study can be used by individuals or groups; includes a Leader's Guide.</description>
<authors>
<author>
<id>738893</id>
<name>Derek Maul</name>
<role></role>
<image_url nophoto='false'>
<![CDATA[https://images.gr-assets.com/authors/1450971962p5/738893.jpg]]>
</image_url>
<small_image_url nophoto='false'>
<![CDATA[https://images.gr-assets.com/authors/1450971962p2/738893.jpg]]>
</small_image_url>
<link><![CDATA[https://www.goodreads.com/author/show/738893.Derek_Maul]]></link>
<average_rating>4.11</average_rating>
<ratings_count>47</ratings_count>
<text_reviews_count>3</text_reviews_count>
</author>
</authors>
  <published>2011</published>
</book>


      <book>
  <id type="integer">13800944</id>
  <isbn>0835811166</isbn>
  <isbn13>9780835811163</isbn13>
  <text_reviews_count type="integer">0</text_reviews_count>
  <title>10 Life-Charged Words: Real Faith for Men</title>
  <title_without_series>10 Life-Charged Words: Real Faith for Men</title_without_series>
  <image_url>https://s.gr-assets.com/assets/nophoto/book/111x148-bcc042a9c91a29c1d680899eff700a03.png</image_url>
  <small_image_url>https://s.gr-assets.com/assets/nophoto/book/50x75-a91bf249278a81aabab721ef782c4a74.png</small_image_url>
  <large_image_url/>
  <link>https://www.goodreads.com/book/show/13800944-10-life-charged-words</link>
  <num_pages>157</num_pages>
  <format>Paperback</format>
  <edition_information/>
  <publisher>Upper Room Books</publisher>
  <publication_day>1</publication_day>
  <publication_year>2012</publication_year>
  <publication_month>8</publication_month>
  <average_rating>3.71</average_rating>
  <ratings_count>7</ratings_count>
  <description>Men, if you ever have thought church is boring or feel like you're just going through the motions in your spiritual life, Derek Maul has good news for you. God wants your life to be more completely charged! Church was meant to be so much more than just one more social club. Toss aside your preconceived ideas about Christianity and learn how to live a purpose-filled, exciting life in Christ.&lt;br /&gt;&lt;br /&gt;Ideal for a men's study or for individual use.</description>
<authors>
<author>
<id>738893</id>
<name>Derek Maul</name>
<role></role>
<image_url nophoto='false'>
<![CDATA[https://images.gr-assets.com/authors/1450971962p5/738893.jpg]]>
</image_url>
<small_image_url nophoto='false'>
<![CDATA[https://images.gr-assets.com/authors/1450971962p2/738893.jpg]]>
</small_image_url>
<link><![CDATA[https://www.goodreads.com/author/show/738893.Derek_Maul]]></link>
<average_rating>4.11</average_rating>
<ratings_count>47</ratings_count>
<text_reviews_count>3</text_reviews_count>
</author>
</authors>
  <published>2012</published>
</book>


      <book>
  <id type="integer">28297097</id>
  <isbn nil="true"/>
  <isbn13 nil="true"/>
  <text_reviews_count type="integer">0</text_reviews_count>
  <title>Pilgrim in Progress: Notes from the Journey</title>
  <title_without_series>Pilgrim in Progress: Notes from the Journey</title_without_series>
  <image_url>https://images.gr-assets.com/books/1450972549m/28297097.jpg</image_url>
  <small_image_url>https://images.gr-assets.com/books/1450972549s/28297097.jpg</small_image_url>
  <large_image_url/>
  <link>https://www.goodreads.com/book/show/28297097-pilgrim-in-progress</link>
  <num_pages></num_pages>
  <format></format>
  <edition_information/>
  <publisher></publisher>
  <publication_day></publication_day>
  <publication_year></publication_year>
  <publication_month></publication_month>
  <average_rating>5.00</average_rating>
  <ratings_count>3</ratings_count>
  <description>Derek Maul's sixth book finds its voice as an inspirational memoir, chronicling profound meaning in the people and events of everyday life. Pilgrim in Progress features beautiful prose, surprising stories, humor, and cutting edge social commentary. "There's always something more to be said," Maul writes; "there's always something more to look forward to; there's always something more to experience. This is why life is so powerfully dynamic, and why the best relationships are - so beautifully - persistent, insistent, intentional works in progress. We have stories to live, you and I, and we have great exploits to unwrap; sometimes one careful layer at a time, and sometimes plunging over the precipice on a wing and a prayer...." Featuring 99 essays grouped in 11 categories (chapters), award-winning author Derek Maul's latest title takes a candid look at life, death, faith, struggle, joy, heartbreak, travel, and adventure.</description>
<authors>
<author>
<id>738893</id>
<name>Derek Maul</name>
<role></role>
<image_url nophoto='false'>
<![CDATA[https://images.gr-assets.com/authors/1450971962p5/738893.jpg]]>
</image_url>
<small_image_url nophoto='false'>
<![CDATA[https://images.gr-assets.com/authors/1450971962p2/738893.jpg]]>
</small_image_url>
<link><![CDATA[https://www.goodreads.com/author/show/738893.Derek_Maul]]></link>
<average_rating>4.11</average_rating>
<ratings_count>47</ratings_count>
<text_reviews_count>3</text_reviews_count>
</author>
</authors>
  <published></published>
</book>


      <book>
  <id type="integer">34649616</id>
  <isbn nil="true"/>
  <isbn13 nil="true"/>
  <text_reviews_count type="integer">0</text_reviews_count>
  <title>Get Real: A Spiritual Journey yfor Men Leader's Guide</title>
  <title_without_series>Get Real: A Spiritual Journey yfor Men Leader's Guide</title_without_series>
  <image_url>https://s.gr-assets.com/assets/nophoto/book/111x148-bcc042a9c91a29c1d680899eff700a03.png</image_url>
  <small_image_url>https://s.gr-assets.com/assets/nophoto/book/50x75-a91bf249278a81aabab721ef782c4a74.png</small_image_url>
  <large_image_url/>
  <link>https://www.goodreads.com/book/show/34649616-get-real</link>
  <num_pages></num_pages>
  <format></format>
  <edition_information/>
  <publisher></publisher>
  <publication_day></publication_day>
  <publication_year></publication_year>
  <publication_month></publication_month>
  <average_rating>0.0</average_rating>
  <ratings_count>0</ratings_count>
  <description></description>
<authors>
<author>
<id>738893</id>
<name>Derek Maul</name>
<role></role>
<image_url nophoto='false'>
<![CDATA[https://images.gr-assets.com/authors/1450971962p5/738893.jpg]]>
</image_url>
<small_image_url nophoto='false'>
<![CDATA[https://images.gr-assets.com/authors/1450971962p2/738893.jpg]]>
</small_image_url>
<link><![CDATA[https://www.goodreads.com/author/show/738893.Derek_Maul]]></link>
<average_rating>4.11</average_rating>
<ratings_count>47</ratings_count>
<text_reviews_count>3</text_reviews_count>
</author>
</authors>
  <published></published>
</book>


      <book>
  <id type="integer">32162664</id>
  <isbn nil="true"/>
  <isbn13 nil="true"/>
  <text_reviews_count type="integer">0</text_reviews_count>
  <title>In God's Image: What the New Testament teaches about being a man</title>
  <title_without_series>In God's Image: What the New Testament teaches about being a man</title_without_series>
  <image_url>https://s.gr-assets.com/assets/nophoto/book/111x148-bcc042a9c91a29c1d680899eff700a03.png</image_url>
  <small_image_url>https://s.gr-assets.com/assets/nophoto/book/50x75-a91bf249278a81aabab721ef782c4a74.png</small_image_url>
  <large_image_url/>
  <link>https://www.goodreads.com/book/show/32162664-in-god-s-image</link>
  <num_pages></num_pages>
  <format></format>
  <edition_information/>
  <publisher></publisher>
  <publication_day></publication_day>
  <publication_year></publication_year>
  <publication_month></publication_month>
  <average_rating>0.0</average_rating>
  <ratings_count>0</ratings_count>
  <description></description>
<authors>
<author>
<id>738893</id>
<name>Derek Maul</name>
<role></role>
<image_url nophoto='false'>
<![CDATA[https://images.gr-assets.com/authors/1450971962p5/738893.jpg]]>
</image_url>
<small_image_url nophoto='false'>
<![CDATA[https://images.gr-assets.com/authors/1450971962p2/738893.jpg]]>
</small_image_url>
<link><![CDATA[https://www.goodreads.com/author/show/738893.Derek_Maul]]></link>
<average_rating>4.11</average_rating>
<ratings_count>47</ratings_count>
<text_reviews_count>3</text_reviews_count>
</author>
</authors>
  <published></published>
</book>


      <book>
  <id type="integer">30142648</id>
  <isbn>0835812677</isbn>
  <isbn13>9780835812672</isbn13>
  <text_reviews_count type="integer">0</text_reviews_count>
  <title>Get Real: A Spiritual Journey for Men</title>
  <title_without_series>Get Real: A Spiritual Journey for Men</title_without_series>
  <image_url>https://s.gr-assets.com/assets/nophoto/book/111x148-bcc042a9c91a29c1d680899eff700a03.png</image_url>
  <small_image_url>https://s.gr-assets.com/assets/nophoto/book/50x75-a91bf249278a81aabab721ef782c4a74.png</small_image_url>
  <large_image_url/>
  <link>https://www.goodreads.com/book/show/30142648-get-real</link>
  <num_pages>144</num_pages>
  <format>ebook</format>
  <edition_information/>
  <publisher>Upper Room Books</publisher>
  <publication_day>1</publication_day>
  <publication_year>2016</publication_year>
  <publication_month>5</publication_month>
  <average_rating>0.0</average_rating>
  <ratings_count>0</ratings_count>
  <description>When men are faced with the impossible expectations our culture places on them, they often respond by putting on a false face. In bite-sized sections Maul delivers straight talk about faith, family, and the desire men have for God to be in their lives. A perfect 10-week men's study.</description>
<authors>
<author>
<id>738893</id>
<name>Derek Maul</name>
<role></role>
<image_url nophoto='false'>
<![CDATA[https://images.gr-assets.com/authors/1450971962p5/738893.jpg]]>
</image_url>
<small_image_url nophoto='false'>
<![CDATA[https://images.gr-assets.com/authors/1450971962p2/738893.jpg]]>
</small_image_url>
<link><![CDATA[https://www.goodreads.com/author/show/738893.Derek_Maul]]></link>
<average_rating>4.11</average_rating>
<ratings_count>47</ratings_count>
<text_reviews_count>3</text_reviews_count>
</author>
</authors>
  <published>2016</published>
</book>


      <book>
  <id type="integer">30016410</id>
  <isbn>1530231612</isbn>
  <isbn13>9781530231614</isbn13>
  <text_reviews_count type="integer">0</text_reviews_count>
  <title>In God's Image: What the New Testament Teaches about Being a Man</title>
  <title_without_series>In God's Image: What the New Testament Teaches about Being a Man</title_without_series>
  <image_url>https://s.gr-assets.com/assets/nophoto/book/111x148-bcc042a9c91a29c1d680899eff700a03.png</image_url>
  <small_image_url>https://s.gr-assets.com/assets/nophoto/book/50x75-a91bf249278a81aabab721ef782c4a74.png</small_image_url>
  <large_image_url/>
  <link>https://www.goodreads.com/book/show/30016410-in-god-s-image</link>
  <num_pages>88</num_pages>
  <format>Paperback</format>
  <edition_information/>
  <publisher>Createspace Independent Publishing Platform</publisher>
  <publication_day>20</publication_day>
  <publication_year>2016</publication_year>
  <publication_month>4</publication_month>
  <average_rating>0.0</average_rating>
  <ratings_count>0</ratings_count>
  <description>Author/Journalist Derek Maul invites Christian men of all denominations to set aside their assumptions, their presumptions, and their preconceptions, to become better acquainted with God's Word, to get to know the character of Jesus, and to enter into a conversation about what it means to live as beings created in the image of God. "In God's Image" is a ready-to-use 8-week study, designed to pose the following question: "Are you motivated, confident, hesitant, skeptical, convicted, or simply curious? Regardless, we all need to share in this exchange of ideas about faith, and consider our decision to follow Jesus." The study includes inspirational readings, challenging study questions, an easy to follow small-group outline, and a challenge to engage our calling to live as passionate followers of Jesus, as well as to seek the fellowship of other men who are motivated to live beyond the cultural stereotypes that confine our walk and stifle our witness.</description>
<authors>
<author>
<id>738893</id>
<name>Derek Maul</name>
<role></role>
<image_url nophoto='false'>
<![CDATA[https://images.gr-assets.com/authors/1450971962p5/738893.jpg]]>
</image_url>
<small_image_url nophoto='false'>
<![CDATA[https://images.gr-assets.com/authors/1450971962p2/738893.jpg]]>
</small_image_url>
<link><![CDATA[https://www.goodreads.com/author/show/738893.Derek_Maul]]></link>
<average_rating>4.11</average_rating>
<ratings_count>47</ratings_count>
<text_reviews_count>3</text_reviews_count>
</author>
</authors>
  <published>2016</published>
</book>


    </books>
</author>

</GoodreadsResponse>