<?xml version="1.0" encoding="UTF-8"?>
<GoodreadsResponse>
  <Request>
    <authentication>true</authentication>
      <key><![CDATA[sySok63UyYyWi2Wof1HocA]]></key>
    <method><![CDATA[author_show]]></method>
  </Request>
  <author>
  <id>806495</id>
  <name>Sandra Leigh</name>
  <link><![CDATA[https://www.goodreads.com/author/show/806495.Sandra_Leigh]]></link>
  <fans_count type="integer">1</fans_count>
  <author_followers_count type="integer">1</author_followers_count>
  <large_image_url><![CDATA[https://images.gr-assets.com/authors/1442476214p7/806495.jpg]]></large_image_url>
  <image_url><![CDATA[https://images.gr-assets.com/authors/1442476214p5/806495.jpg]]></image_url>
  <small_image_url><![CDATA[https://images.gr-assets.com/authors/1442476214p2/806495.jpg]]></small_image_url>
  <about></about>
  <influences></influences>
  <works_count>8</works_count>
  <gender>female</gender>
  <hometown></hometown>
  <born_at></born_at>
  <died_at></died_at>
  <goodreads_author>true</goodreads_author>
    <user>
  <id type="integer">30524807</id>
</user>


    <books>
      <book>
  <id type="integer">8554386</id>
  <isbn nil="true"/>
  <isbn13>2940000079010</isbn13>
  <text_reviews_count type="integer">1</text_reviews_count>
  <title>Love In Ruins</title>
  <title_without_series>Love In Ruins</title_without_series>
  <image_url>https://s.gr-assets.com/assets/nophoto/book/111x148-bcc042a9c91a29c1d680899eff700a03.png</image_url>
  <small_image_url>https://s.gr-assets.com/assets/nophoto/book/50x75-a91bf249278a81aabab721ef782c4a74.png</small_image_url>
  <large_image_url/>
  <link>https://www.goodreads.com/book/show/8554386-love-in-ruins</link>
  <num_pages></num_pages>
  <format></format>
  <edition_information/>
  <publisher></publisher>
  <publication_day></publication_day>
  <publication_year></publication_year>
  <publication_month></publication_month>
  <average_rating>4.67</average_rating>
  <ratings_count>3</ratings_count>
  <description></description>
<authors>
<author>
<id>806495</id>
<name>Sandra Leigh</name>
<role></role>
<image_url nophoto='false'>
<![CDATA[https://images.gr-assets.com/authors/1442476214p5/806495.jpg]]>
</image_url>
<small_image_url nophoto='false'>
<![CDATA[https://images.gr-assets.com/authors/1442476214p2/806495.jpg]]>
</small_image_url>
<link><![CDATA[https://www.goodreads.com/author/show/806495.Sandra_Leigh]]></link>
<average_rating>4.57</average_rating>
<ratings_count>7</ratings_count>
<text_reviews_count>1</text_reviews_count>
</author>
</authors>
  <published></published>
</book>


      <book>
  <id type="integer">23223491</id>
  <isbn>1495965783</isbn>
  <isbn13>9781495965784</isbn13>
  <text_reviews_count type="integer">0</text_reviews_count>
  <title>Love in Ruins</title>
  <title_without_series>Love in Ruins</title_without_series>
  <image_url>https://images.gr-assets.com/books/1418844860m/23223491.jpg</image_url>
  <small_image_url>https://images.gr-assets.com/books/1418844860s/23223491.jpg</small_image_url>
  <large_image_url/>
  <link>https://www.goodreads.com/book/show/23223491-love-in-ruins</link>
  <num_pages>700</num_pages>
  <format>Paperback</format>
  <edition_information/>
  <publisher>Createspace Independent Publishing Platform</publisher>
  <publication_day>12</publication_day>
  <publication_year>2014</publication_year>
  <publication_month>9</publication_month>
  <average_rating>5.00</average_rating>
  <ratings_count>1</ratings_count>
  <description>When the main character dies in the first ten pages, where can a story go from there? Primarily: to Hell and back again. But there is a price for returning from The Road, for coming back from the dead. Olivia Claria Severus is a patrician woman in Ancient Italy. She is a senator's daughter, a senator's wife, and now, at nineteen, a mother at last. Her troubles begin with her son's birth and her death mere moments later. She finds herself on The Road to the River Styx to await the Ferryman, but before she even has her fare or sees the ripples in the water heralding the approaching boat, she is ripped back to the world of the living and into her weakened body. It is then that she learns the truth about Aeschylus, her aged playwright: He is a vampire, and now, so is she. Unfortunately, something at the river with power saw her, and covets her for its own, and will do ANYTHING to get her. What follows is an unlife in constant flux. Vesuvius erupts, burying her beneath its hot, stony blanket. When Olivia wakes again she is in a museum less than a year from the turning of the second millennium. Surrounded by strange people in a strange time and pursued relentlessly by an unknown presence, she finds herself caught in the midst of a four hundred year old Scottish clan feud, the current epicenter of a bloody triangle. She finds love and comfort in James Alexander MacLeod while being hunted by his rival, Bruce "The Butcher" MacDonald, but is it enough to save her from a creature older than Fair Rome herself who has pursued her for nearly two thousand years?</description>
<authors>
<author>
<id>806495</id>
<name>Sandra Leigh</name>
<role></role>
<image_url nophoto='false'>
<![CDATA[https://images.gr-assets.com/authors/1442476214p5/806495.jpg]]>
</image_url>
<small_image_url nophoto='false'>
<![CDATA[https://images.gr-assets.com/authors/1442476214p2/806495.jpg]]>
</small_image_url>
<link><![CDATA[https://www.goodreads.com/author/show/806495.Sandra_Leigh]]></link>
<average_rating>4.57</average_rating>
<ratings_count>7</ratings_count>
<text_reviews_count>1</text_reviews_count>
</author>
</authors>
  <published>2014</published>
</book>


      <book>
  <id type="integer">5931399</id>
  <isbn nil="true"/>
  <isbn13 nil="true"/>
  <text_reviews_count type="integer">0</text_reviews_count>
  <title>The Speaker</title>
  <title_without_series>The Speaker</title_without_series>
  <image_url>https://s.gr-assets.com/assets/nophoto/book/111x148-bcc042a9c91a29c1d680899eff700a03.png</image_url>
  <small_image_url>https://s.gr-assets.com/assets/nophoto/book/50x75-a91bf249278a81aabab721ef782c4a74.png</small_image_url>
  <large_image_url/>
  <link>https://www.goodreads.com/book/show/5931399-the-speaker</link>
  <num_pages>559</num_pages>
  <format></format>
  <edition_information/>
  <publisher>Double Dragon eBooks</publisher>
  <publication_day>24</publication_day>
  <publication_year>2007</publication_year>
  <publication_month>9</publication_month>
  <average_rating>5.00</average_rating>
  <ratings_count>1</ratings_count>
  <description></description>
<authors>
<author>
<id>806495</id>
<name>Sandra Leigh</name>
<role></role>
<image_url nophoto='false'>
<![CDATA[https://images.gr-assets.com/authors/1442476214p5/806495.jpg]]>
</image_url>
<small_image_url nophoto='false'>
<![CDATA[https://images.gr-assets.com/authors/1442476214p2/806495.jpg]]>
</small_image_url>
<link><![CDATA[https://www.goodreads.com/author/show/806495.Sandra_Leigh]]></link>
<average_rating>4.57</average_rating>
<ratings_count>7</ratings_count>
<text_reviews_count>1</text_reviews_count>
</author>
</authors>
  <published>2007</published>
</book>


      <book>
  <id type="integer">20772722</id>
  <isbn>1495304299</isbn>
  <isbn13>9781495304293</isbn13>
  <text_reviews_count type="integer">0</text_reviews_count>
  <title>Lady of the Mist</title>
  <title_without_series>Lady of the Mist</title_without_series>
  <image_url>https://images.gr-assets.com/books/1404771550m/20772722.jpg</image_url>
  <small_image_url>https://images.gr-assets.com/books/1404771550s/20772722.jpg</small_image_url>
  <large_image_url/>
  <link>https://www.goodreads.com/book/show/20772722-lady-of-the-mist</link>
  <num_pages>386</num_pages>
  <format>Paperback</format>
  <edition_information/>
  <publisher>Createspace</publisher>
  <publication_day>4</publication_day>
  <publication_year>2014</publication_year>
  <publication_month>2</publication_month>
  <average_rating>4.00</average_rating>
  <ratings_count>1</ratings_count>
  <description>The Gentry. The Fair Folk. The Fey. By whatever names we call them, they take people, or bargain with them. For whatever reason they go in most never come home again. And those that do often find that home isn't home anymore, for the strands of time flow differently between the worlds. Whether escaped or released or rescued, those that leave Faery are forever changed by it. A young Irish governess signs on for more than she expected, serving well and happily teaching three royal Fey children who never seem to grow up. Life is pleasant, if occasionally unpredictable. Until one afternoon in the woods changes all that forever and she makes the ultimate sacrifice for the lives of her charges. In the end it is her eyes and not her life she trades for their safety, but either way, her time in the Summerlands is over. The real world that she knew is a hundred years or more in the past, and a frightening place to one who can no longer see. A young Scottish Rugby player, born of an ancient line, is taken for a fey soldier, serving faithfully until war with the Unseelie Northerner brings an end to his service. The King has charged him with the safe transport of the newly blinded governess from the land of the Gryphon King to the worlds of men. It is a charge he takes seriously; but once there, her temper and a pair of striking green eyes make the task more difficult than it should be. Reentering the world at the Griffon's Rest, they find a community of their own kind, other humans out of Faery struggling to make their way in a world they no longer quite fit. But the Unseelie still lurk, if no where else but in the hearts of their faithful and life at the Rest is not always quite... restful.</description>
<authors>
<author>
<id>806495</id>
<name>Sandra Leigh</name>
<role></role>
<image_url nophoto='false'>
<![CDATA[https://images.gr-assets.com/authors/1442476214p5/806495.jpg]]>
</image_url>
<small_image_url nophoto='false'>
<![CDATA[https://images.gr-assets.com/authors/1442476214p2/806495.jpg]]>
</small_image_url>
<link><![CDATA[https://www.goodreads.com/author/show/806495.Sandra_Leigh]]></link>
<average_rating>4.57</average_rating>
<ratings_count>7</ratings_count>
<text_reviews_count>1</text_reviews_count>
</author>
</authors>
  <published>2014</published>
</book>


      <book>
  <id type="integer">7124312</id>
  <isbn nil="true"/>
  <isbn13>2940000084885</isbn13>
  <text_reviews_count type="integer">0</text_reviews_count>
  <title>Mercy's Ransom</title>
  <title_without_series>Mercy's Ransom</title_without_series>
  <image_url>https://s.gr-assets.com/assets/nophoto/book/111x148-bcc042a9c91a29c1d680899eff700a03.png</image_url>
  <small_image_url>https://s.gr-assets.com/assets/nophoto/book/50x75-a91bf249278a81aabab721ef782c4a74.png</small_image_url>
  <large_image_url/>
  <link>https://www.goodreads.com/book/show/7124312-mercy-s-ransom</link>
  <num_pages></num_pages>
  <format></format>
  <edition_information/>
  <publisher></publisher>
  <publication_day></publication_day>
  <publication_year></publication_year>
  <publication_month></publication_month>
  <average_rating>4.00</average_rating>
  <ratings_count>1</ratings_count>
  <description></description>
<authors>
<author>
<id>806495</id>
<name>Sandra Leigh</name>
<role></role>
<image_url nophoto='false'>
<![CDATA[https://images.gr-assets.com/authors/1442476214p5/806495.jpg]]>
</image_url>
<small_image_url nophoto='false'>
<![CDATA[https://images.gr-assets.com/authors/1442476214p2/806495.jpg]]>
</small_image_url>
<link><![CDATA[https://www.goodreads.com/author/show/806495.Sandra_Leigh]]></link>
<average_rating>4.57</average_rating>
<ratings_count>7</ratings_count>
<text_reviews_count>1</text_reviews_count>
</author>
</authors>
  <published></published>
</book>


      <book>
  <id type="integer">27589794</id>
  <isbn>1503045226</isbn>
  <isbn13>9781503045224</isbn13>
  <text_reviews_count type="integer">0</text_reviews_count>
  <title>The Gloaming</title>
  <title_without_series>The Gloaming</title_without_series>
  <image_url>https://s.gr-assets.com/assets/nophoto/book/111x148-bcc042a9c91a29c1d680899eff700a03.png</image_url>
  <small_image_url>https://s.gr-assets.com/assets/nophoto/book/50x75-a91bf249278a81aabab721ef782c4a74.png</small_image_url>
  <large_image_url/>
  <link>https://www.goodreads.com/book/show/27589794-the-gloaming</link>
  <num_pages>406</num_pages>
  <format>Paperback</format>
  <edition_information/>
  <publisher>Createspace</publisher>
  <publication_day>3</publication_day>
  <publication_year>2015</publication_year>
  <publication_month>6</publication_month>
  <average_rating>0.0</average_rating>
  <ratings_count>0</ratings_count>
  <description>As the white raven flies, the journey of the lady of the mist, An Ceobrun continues. The fog-veiled path winds through the usual adventures of life, delightfully and lovingly embroidered with Celtic designs, and the unusual adventures of things fey. Those things most easily seen in the particular light of the gloaming - when the dark of night squeezes the day toward the edge of the earth and finally pushes it over - materialize just as easily in full daylight or blackest night for one who sees truth. An is such a one... Warfare flares between Russian mafia and Irish mafia and their fey counterparts. The concurrent, ongoing conflict between the forces of good and evil play out in the realms of modern man and ancient fey. After the gloaming fades, the mists rise and the night melts into bright day, who emerges victorious? And who are the good guys anyway? Follow the path with An. The answers lie just beyond the mists, in the gloaming...</description>
<authors>
<author>
<id>806495</id>
<name>Sandra Leigh</name>
<role></role>
<image_url nophoto='false'>
<![CDATA[https://images.gr-assets.com/authors/1442476214p5/806495.jpg]]>
</image_url>
<small_image_url nophoto='false'>
<![CDATA[https://images.gr-assets.com/authors/1442476214p2/806495.jpg]]>
</small_image_url>
<link><![CDATA[https://www.goodreads.com/author/show/806495.Sandra_Leigh]]></link>
<average_rating>4.57</average_rating>
<ratings_count>7</ratings_count>
<text_reviews_count>1</text_reviews_count>
</author>
</authors>
  <published>2015</published>
</book>


      <book>
  <id type="integer">27475821</id>
  <isbn>1632201615</isbn>
  <isbn13>9781632201614</isbn13>
  <text_reviews_count type="integer">0</text_reviews_count>
  <title>Two Thousand Minnows: A Young Girl's Story of Separation, Hope, and Forgiveness</title>
  <title_without_series>Two Thousand Minnows: A Young Girl's Story of Separation, Hope, and Forgiveness</title_without_series>
  <image_url>https://s.gr-assets.com/assets/nophoto/book/111x148-bcc042a9c91a29c1d680899eff700a03.png</image_url>
  <small_image_url>https://s.gr-assets.com/assets/nophoto/book/50x75-a91bf249278a81aabab721ef782c4a74.png</small_image_url>
  <large_image_url/>
  <link>https://www.goodreads.com/book/show/27475821-two-thousand-minnows</link>
  <num_pages>550</num_pages>
  <format>ebook</format>
  <edition_information/>
  <publisher>Skyhorse Publishing</publisher>
  <publication_day>7</publication_day>
  <publication_year>2014</publication_year>
  <publication_month>10</publication_month>
  <average_rating>0.0</average_rating>
  <ratings_count>0</ratings_count>
  <description>When Sandra Leigh was seven years old, she fell into the role of protector of her mother and three younger siblings. One winter night, she ushered her mother out of the house during one of her father's tirades, and then snuck her back into the dark home through a window. &lt;br /&gt;Sandra was used to events like these; what she wasn't used to were the mountains and nature surrounding her new home in West Virginia. Raised in the city, it took some time to get used to the long, hot summer days and nights, but she soon found that the forests, rivers, and mountains were more secure and comforting than the house that held her abusive and volatile father. Catching minnows in the gentle river, riding on rope swings, and exploring the outdoors distracted her from what was waiting at home. &lt;br /&gt;But then, her mother became pregnant again, and Sandra's concern for her family and their well-being grew when her mother returned home from the hospital without the baby. &lt;br /&gt;In &lt;i&gt;Two Thousand Minnows&lt;/i&gt;, Sandra reflects on the events of her childhood and adolescence, including the time spent traveling across the country with her anxious, worn out family in a small, cramped car. As Sandra grows older, she realizes that what they're chasing when they move from town to town--the perfect, stable life--cannot exist, at least for her, until she has the answers to all the questions she never asked. As an adult, Sandra decides to stop running from the past and instead revisit it, refusing to give up until she unearths the truth--and finds the sister who never came home.&lt;br /&gt;</description>
<authors>
<author>
<id>806495</id>
<name>Sandra Leigh</name>
<role></role>
<image_url nophoto='false'>
<![CDATA[https://images.gr-assets.com/authors/1442476214p5/806495.jpg]]>
</image_url>
<small_image_url nophoto='false'>
<![CDATA[https://images.gr-assets.com/authors/1442476214p2/806495.jpg]]>
</small_image_url>
<link><![CDATA[https://www.goodreads.com/author/show/806495.Sandra_Leigh]]></link>
<average_rating>4.57</average_rating>
<ratings_count>7</ratings_count>
<text_reviews_count>1</text_reviews_count>
</author>
</authors>
  <published>2014</published>
</book>


      <book>
  <id type="integer">25356933</id>
  <isbn nil="true"/>
  <isbn13 nil="true"/>
  <text_reviews_count type="integer">0</text_reviews_count>
  <title>Lady Of The Mist (The Griffon's Rest Book 1)</title>
  <title_without_series>Lady Of The Mist</title_without_series>
  <image_url>https://s.gr-assets.com/assets/nophoto/book/111x148-bcc042a9c91a29c1d680899eff700a03.png</image_url>
  <small_image_url>https://s.gr-assets.com/assets/nophoto/book/50x75-a91bf249278a81aabab721ef782c4a74.png</small_image_url>
  <large_image_url/>
  <link>https://www.goodreads.com/book/show/25356933-lady-of-the-mist</link>
  <num_pages></num_pages>
  <format></format>
  <edition_information/>
  <publisher></publisher>
  <publication_day></publication_day>
  <publication_year></publication_year>
  <publication_month></publication_month>
  <average_rating>0.0</average_rating>
  <ratings_count>0</ratings_count>
  <description></description>
<authors>
<author>
<id>806495</id>
<name>Sandra Leigh</name>
<role></role>
<image_url nophoto='false'>
<![CDATA[https://images.gr-assets.com/authors/1442476214p5/806495.jpg]]>
</image_url>
<small_image_url nophoto='false'>
<![CDATA[https://images.gr-assets.com/authors/1442476214p2/806495.jpg]]>
</small_image_url>
<link><![CDATA[https://www.goodreads.com/author/show/806495.Sandra_Leigh]]></link>
<average_rating>4.57</average_rating>
<ratings_count>7</ratings_count>
<text_reviews_count>1</text_reviews_count>
</author>
</authors>
  <published></published>
</book>


    </books>
</author>

</GoodreadsResponse>