<?xml version="1.0" encoding="UTF-8"?>
<GoodreadsResponse>
  <Request>
    <authentication>true</authentication>
      <key><![CDATA[sySok63UyYyWi2Wof1HocA]]></key>
    <method><![CDATA[author_show]]></method>
  </Request>
  <author>
  <id>81736</id>
  <name>Joan Minninger</name>
  <link><![CDATA[https://www.goodreads.com/author/show/81736.Joan_Minninger]]></link>
  <fans_count type="integer">0</fans_count>
  <author_followers_count type="integer">0</author_followers_count>
  <large_image_url><![CDATA[https://s.gr-assets.com/assets/nophoto/user/f_333x500-c8899232290ea51bb160dea14c29470b.png]]></large_image_url>
  <image_url><![CDATA[https://s.gr-assets.com/assets/nophoto/user/f_200x266-3061b784cc8e7f021c6430c9aba94587.png]]></image_url>
  <small_image_url><![CDATA[https://s.gr-assets.com/assets/nophoto/user/f_50x66-6a03a5c12233c941481992b82eea8d23.png]]></small_image_url>
  <about></about>
  <influences></influences>
  <works_count>12</works_count>
  <gender>female</gender>
  <hometown></hometown>
  <born_at></born_at>
  <died_at></died_at>
  <goodreads_author></goodreads_author>

    <books>
      <book>
  <id type="integer">141725</id>
  <isbn>159659036X</isbn>
  <isbn13>9781596590366</isbn13>
  <text_reviews_count type="integer">5</text_reviews_count>
  <title>Make Your Mind Work for You: New Mind Power Techniques to Improve Memory, Beat Procrastination and More!</title>
  <title_without_series>Make Your Mind Work for You: New Mind Power Techniques to Improve Memory, Beat Procrastination and More!</title_without_series>
  <image_url>https://s.gr-assets.com/assets/nophoto/book/111x148-bcc042a9c91a29c1d680899eff700a03.png</image_url>
  <small_image_url>https://s.gr-assets.com/assets/nophoto/book/50x75-a91bf249278a81aabab721ef782c4a74.png</small_image_url>
  <large_image_url/>
  <link>https://www.goodreads.com/book/show/141725.Make_Your_Mind_Work_for_You</link>
  <num_pages>0</num_pages>
  <format>Audio CD</format>
  <edition_information/>
  <publisher>Your Coach In A Box</publisher>
  <publication_day>1</publication_day>
  <publication_year>2006</publication_year>
  <publication_month>2</publication_month>
  <average_rating>3.48</average_rating>
  <ratings_count>21</ratings_count>
  <description>MAKE THE MOST OF YOUR MIND! &lt;br /&gt; It's widely known that most of us use only a fraction of our brain's capacity. Imagine how much more you would achieve if you could harness and manage the untapped powers of your mind! Now memory expert Joan Minninger reveals how you can draw on breakthrough neuro-research to maximize your mental potential and MAKE YOUR MIND WORK FOR YOU. &lt;br /&gt; In terms any listener can understand, Dr. Minninger explains that your brain is actually made up of five different minds, each adapted to a specific purpose: the Executive Mind, the Organizing Mind, the Wondering Mind, the Reacting Mind and the Knowing Mind. The better you can recognize and synchronize these different capabilities, the more your mind can achieve. Packed with powerful tips and techniques, this program will will help you put these insights to work for real results in decision making, problem solving, creative endeavors and overcoming lifelong blocks as it trains you to develop: &lt;br /&gt;&lt;br /&gt;a more powerful memory;&lt;br /&gt;&lt;br /&gt;confident decisiveness;&lt;br /&gt;&lt;br /&gt;effective follow-through;&lt;br /&gt;&lt;br /&gt;strategies for eliminating procrastination;&lt;br /&gt;&lt;br /&gt;the mental patterns necessary to change habits;&lt;br /&gt;&lt;br /&gt;greater creativity, problem-solving and analytical skills;&lt;br /&gt;&lt;br /&gt;the ability to come through difficult situations with a positive outlook;&lt;br /&gt;&lt;br /&gt;and much more!&lt;br /&gt;&lt;br /&gt; Turn your mind into a powerful thinking machine. MAKE YOUR MIND WORK FOR YOU-and make the most of your life!</description>
<authors>
<author>
<id>81736</id>
<name>Joan Minninger</name>
<role></role>
<image_url nophoto='true'>
<![CDATA[https://s.gr-assets.com/assets/nophoto/user/f_200x266-3061b784cc8e7f021c6430c9aba94587.png]]>
</image_url>
<small_image_url nophoto='true'>
<![CDATA[https://s.gr-assets.com/assets/nophoto/user/f_50x66-6a03a5c12233c941481992b82eea8d23.png]]>
</small_image_url>
<link><![CDATA[https://www.goodreads.com/author/show/81736.Joan_Minninger]]></link>
<average_rating>3.18</average_rating>
<ratings_count>55</ratings_count>
<text_reviews_count>13</text_reviews_count>
</author>
</authors>
  <published>2006</published>
</book>


      <book>
  <id type="integer">481951</id>
  <isbn>1567310117</isbn>
  <isbn13>9781567310115</isbn13>
  <text_reviews_count type="integer">5</text_reviews_count>
  <title>Total Recall: How to Maximize Your Memory Power</title>
  <title_without_series>Total Recall: How to Maximize Your Memory Power</title_without_series>
  <image_url>https://s.gr-assets.com/assets/nophoto/book/111x148-bcc042a9c91a29c1d680899eff700a03.png</image_url>
  <small_image_url>https://s.gr-assets.com/assets/nophoto/book/50x75-a91bf249278a81aabab721ef782c4a74.png</small_image_url>
  <large_image_url/>
  <link>https://www.goodreads.com/book/show/481951.Total_Recall</link>
  <num_pages></num_pages>
  <format></format>
  <edition_information/>
  <publisher></publisher>
  <publication_day></publication_day>
  <publication_year></publication_year>
  <publication_month></publication_month>
  <average_rating>3.00</average_rating>
  <ratings_count>24</ratings_count>
  <description></description>
<authors>
<author>
<id>81736</id>
<name>Joan Minninger</name>
<role></role>
<image_url nophoto='true'>
<![CDATA[https://s.gr-assets.com/assets/nophoto/user/f_200x266-3061b784cc8e7f021c6430c9aba94587.png]]>
</image_url>
<small_image_url nophoto='true'>
<![CDATA[https://s.gr-assets.com/assets/nophoto/user/f_50x66-6a03a5c12233c941481992b82eea8d23.png]]>
</small_image_url>
<link><![CDATA[https://www.goodreads.com/author/show/81736.Joan_Minninger]]></link>
<average_rating>3.18</average_rating>
<ratings_count>55</ratings_count>
<text_reviews_count>13</text_reviews_count>
</author>
</authors>
  <published></published>
</book>


      <book>
  <id type="integer">16150760</id>
  <isbn nil="true"/>
  <isbn13 nil="true"/>
  <text_reviews_count type="integer">1</text_reviews_count>
  <title>Total Recall</title>
  <title_without_series>Total Recall</title_without_series>
  <image_url>https://images.gr-assets.com/books/1410640418m/16150760.jpg</image_url>
  <small_image_url>https://images.gr-assets.com/books/1410640418s/16150760.jpg</small_image_url>
  <large_image_url/>
  <link>https://www.goodreads.com/book/show/16150760-total-recall</link>
  <num_pages></num_pages>
  <format></format>
  <edition_information/>
  <publisher></publisher>
  <publication_day></publication_day>
  <publication_year></publication_year>
  <publication_month></publication_month>
  <average_rating>2.50</average_rating>
  <ratings_count>4</ratings_count>
  <description></description>
<authors>
<author>
<id>81736</id>
<name>Joan Minninger</name>
<role></role>
<image_url nophoto='true'>
<![CDATA[https://s.gr-assets.com/assets/nophoto/user/f_200x266-3061b784cc8e7f021c6430c9aba94587.png]]>
</image_url>
<small_image_url nophoto='true'>
<![CDATA[https://s.gr-assets.com/assets/nophoto/user/f_50x66-6a03a5c12233c941481992b82eea8d23.png]]>
</small_image_url>
<link><![CDATA[https://www.goodreads.com/author/show/81736.Joan_Minninger]]></link>
<average_rating>3.18</average_rating>
<ratings_count>55</ratings_count>
<text_reviews_count>13</text_reviews_count>
</author>
</authors>
  <published></published>
</book>


      <book>
  <id type="integer">1911592</id>
  <isbn>0385415435</isbn>
  <isbn13>9780385415439</isbn13>
  <text_reviews_count type="integer">0</text_reviews_count>
  <title>Perfect Presentation, The</title>
  <title_without_series>Perfect Presentation, The</title_without_series>
  <image_url>https://s.gr-assets.com/assets/nophoto/book/111x148-bcc042a9c91a29c1d680899eff700a03.png</image_url>
  <small_image_url>https://s.gr-assets.com/assets/nophoto/book/50x75-a91bf249278a81aabab721ef782c4a74.png</small_image_url>
  <large_image_url/>
  <link>https://www.goodreads.com/book/show/1911592.Perfect_Presentation_The</link>
  <num_pages>124</num_pages>
  <format>Paperback</format>
  <edition_information/>
  <publisher>Main Street Books</publisher>
  <publication_day>1</publication_day>
  <publication_year>1991</publication_year>
  <publication_month>5</publication_month>
  <average_rating>4.00</average_rating>
  <ratings_count>2</ratings_count>
  <description></description>
<authors>
<author>
<id>81736</id>
<name>Joan Minninger</name>
<role></role>
<image_url nophoto='true'>
<![CDATA[https://s.gr-assets.com/assets/nophoto/user/f_200x266-3061b784cc8e7f021c6430c9aba94587.png]]>
</image_url>
<small_image_url nophoto='true'>
<![CDATA[https://s.gr-assets.com/assets/nophoto/user/f_50x66-6a03a5c12233c941481992b82eea8d23.png]]>
</small_image_url>
<link><![CDATA[https://www.goodreads.com/author/show/81736.Joan_Minninger]]></link>
<average_rating>3.18</average_rating>
<ratings_count>55</ratings_count>
<text_reviews_count>13</text_reviews_count>
</author>
</authors>
  <published>1991</published>
</book>


      <book>
  <id type="integer">3561641</id>
  <isbn>0399521305</isbn>
  <isbn13>9780399521300</isbn13>
  <text_reviews_count type="integer">0</text_reviews_count>
  <title>Rapid Memory in 7 Days: The Quick-And-Easy Guide to Better Remembering</title>
  <title_without_series>Rapid Memory in 7 Days: The Quick-And-Easy Guide to Better Remembering</title_without_series>
  <image_url>https://s.gr-assets.com/assets/nophoto/book/111x148-bcc042a9c91a29c1d680899eff700a03.png</image_url>
  <small_image_url>https://s.gr-assets.com/assets/nophoto/book/50x75-a91bf249278a81aabab721ef782c4a74.png</small_image_url>
  <large_image_url/>
  <link>https://www.goodreads.com/book/show/3561641-rapid-memory-in-7-days</link>
  <num_pages></num_pages>
  <format>Paperback</format>
  <edition_information/>
  <publisher>Perigee</publisher>
  <publication_day>1</publication_day>
  <publication_year>1994</publication_year>
  <publication_month>9</publication_month>
  <average_rating>2.50</average_rating>
  <ratings_count>2</ratings_count>
  <description></description>
<authors>
<author>
<id>81736</id>
<name>Joan Minninger</name>
<role></role>
<image_url nophoto='true'>
<![CDATA[https://s.gr-assets.com/assets/nophoto/user/f_200x266-3061b784cc8e7f021c6430c9aba94587.png]]>
</image_url>
<small_image_url nophoto='true'>
<![CDATA[https://s.gr-assets.com/assets/nophoto/user/f_50x66-6a03a5c12233c941481992b82eea8d23.png]]>
</small_image_url>
<link><![CDATA[https://www.goodreads.com/author/show/81736.Joan_Minninger]]></link>
<average_rating>3.18</average_rating>
<ratings_count>55</ratings_count>
<text_reviews_count>13</text_reviews_count>
</author>
</authors>
  <published>1994</published>
</book>


      <book>
  <id type="integer">10779978</id>
  <isbn>096040421X</isbn>
  <isbn13>9780960404216</isbn13>
  <text_reviews_count type="integer">0</text_reviews_count>
  <title>Free Yourself to Write</title>
  <title_without_series>Free Yourself to Write</title_without_series>
  <image_url>https://s.gr-assets.com/assets/nophoto/book/111x148-bcc042a9c91a29c1d680899eff700a03.png</image_url>
  <small_image_url>https://s.gr-assets.com/assets/nophoto/book/50x75-a91bf249278a81aabab721ef782c4a74.png</small_image_url>
  <large_image_url/>
  <link>https://www.goodreads.com/book/show/10779978-free-yourself-to-write</link>
  <num_pages></num_pages>
  <format></format>
  <edition_information/>
  <publisher></publisher>
  <publication_day></publication_day>
  <publication_year></publication_year>
  <publication_month></publication_month>
  <average_rating>3.00</average_rating>
  <ratings_count>1</ratings_count>
  <description></description>
<authors>
<author>
<id>81736</id>
<name>Joan Minninger</name>
<role></role>
<image_url nophoto='true'>
<![CDATA[https://s.gr-assets.com/assets/nophoto/user/f_200x266-3061b784cc8e7f021c6430c9aba94587.png]]>
</image_url>
<small_image_url nophoto='true'>
<![CDATA[https://s.gr-assets.com/assets/nophoto/user/f_50x66-6a03a5c12233c941481992b82eea8d23.png]]>
</small_image_url>
<link><![CDATA[https://www.goodreads.com/author/show/81736.Joan_Minninger]]></link>
<average_rating>3.18</average_rating>
<ratings_count>55</ratings_count>
<text_reviews_count>13</text_reviews_count>
</author>
</authors>
  <published></published>
</book>


      <book>
  <id type="integer">13315210</id>
  <isbn>0385419988</isbn>
  <isbn13>9780385419987</isbn13>
  <text_reviews_count type="integer">0</text_reviews_count>
  <title>The Perfect Letter</title>
  <title_without_series>The Perfect Letter</title_without_series>
  <image_url>https://images.gr-assets.com/books/1324897495m/13315210.jpg</image_url>
  <small_image_url>https://images.gr-assets.com/books/1324897495s/13315210.jpg</small_image_url>
  <large_image_url/>
  <link>https://www.goodreads.com/book/show/13315210-the-perfect-letter</link>
  <num_pages>208</num_pages>
  <format>paperback</format>
  <edition_information/>
  <publisher>Random House, Inc.</publisher>
  <publication_day>1</publication_day>
  <publication_year>1991</publication_year>
  <publication_month>12</publication_month>
  <average_rating>0.0</average_rating>
  <ratings_count>0</ratings_count>
  <description>From the author of The Perfect Memo and The Perfect Presentation, a fail-proof, two-step technique that will end weak, ineffectual writing a nd help readers9 real letters presented in their original style and then in corrected, perfect form.</description>
<authors>
<author>
<id>81736</id>
<name>Joan Minninger</name>
<role></role>
<image_url nophoto='true'>
<![CDATA[https://s.gr-assets.com/assets/nophoto/user/f_200x266-3061b784cc8e7f021c6430c9aba94587.png]]>
</image_url>
<small_image_url nophoto='true'>
<![CDATA[https://s.gr-assets.com/assets/nophoto/user/f_50x66-6a03a5c12233c941481992b82eea8d23.png]]>
</small_image_url>
<link><![CDATA[https://www.goodreads.com/author/show/81736.Joan_Minninger]]></link>
<average_rating>3.18</average_rating>
<ratings_count>55</ratings_count>
<text_reviews_count>13</text_reviews_count>
</author>
</authors>
  <published>1991</published>
</book>


      <book>
  <id type="integer">11055944</id>
  <isbn>0960404244</isbn>
  <isbn13>9780960404247</isbn13>
  <text_reviews_count type="integer">0</text_reviews_count>
  <title>Free Yourself to Remember</title>
  <title_without_series>Free Yourself to Remember</title_without_series>
  <image_url>https://s.gr-assets.com/assets/nophoto/book/111x148-bcc042a9c91a29c1d680899eff700a03.png</image_url>
  <small_image_url>https://s.gr-assets.com/assets/nophoto/book/50x75-a91bf249278a81aabab721ef782c4a74.png</small_image_url>
  <large_image_url/>
  <link>https://www.goodreads.com/book/show/11055944-free-yourself-to-remember</link>
  <num_pages></num_pages>
  <format></format>
  <edition_information/>
  <publisher></publisher>
  <publication_day></publication_day>
  <publication_year></publication_year>
  <publication_month></publication_month>
  <average_rating>0.0</average_rating>
  <ratings_count>0</ratings_count>
  <description></description>
<authors>
<author>
<id>81736</id>
<name>Joan Minninger</name>
<role></role>
<image_url nophoto='true'>
<![CDATA[https://s.gr-assets.com/assets/nophoto/user/f_200x266-3061b784cc8e7f021c6430c9aba94587.png]]>
</image_url>
<small_image_url nophoto='true'>
<![CDATA[https://s.gr-assets.com/assets/nophoto/user/f_50x66-6a03a5c12233c941481992b82eea8d23.png]]>
</small_image_url>
<link><![CDATA[https://www.goodreads.com/author/show/81736.Joan_Minninger]]></link>
<average_rating>3.18</average_rating>
<ratings_count>55</ratings_count>
<text_reviews_count>13</text_reviews_count>
</author>
</authors>
  <published></published>
</book>


      <book>
  <id type="integer">3606209</id>
  <isbn>0385267738</isbn>
  <isbn13>9780385267731</isbn13>
  <text_reviews_count type="integer">0</text_reviews_count>
  <title>Perfect Memo, The</title>
  <title_without_series>Perfect Memo, The</title_without_series>
  <image_url>https://s.gr-assets.com/assets/nophoto/book/111x148-bcc042a9c91a29c1d680899eff700a03.png</image_url>
  <small_image_url>https://s.gr-assets.com/assets/nophoto/book/50x75-a91bf249278a81aabab721ef782c4a74.png</small_image_url>
  <large_image_url/>
  <link>https://www.goodreads.com/book/show/3606209-perfect-memo-the</link>
  <num_pages>183</num_pages>
  <format>Paperback</format>
  <edition_information/>
  <publisher>Main Street Books</publisher>
  <publication_day>1</publication_day>
  <publication_year>1990</publication_year>
  <publication_month>6</publication_month>
  <average_rating>0.0</average_rating>
  <ratings_count>0</ratings_count>
  <description></description>
<authors>
<author>
<id>81736</id>
<name>Joan Minninger</name>
<role></role>
<image_url nophoto='true'>
<![CDATA[https://s.gr-assets.com/assets/nophoto/user/f_200x266-3061b784cc8e7f021c6430c9aba94587.png]]>
</image_url>
<small_image_url nophoto='true'>
<![CDATA[https://s.gr-assets.com/assets/nophoto/user/f_50x66-6a03a5c12233c941481992b82eea8d23.png]]>
</small_image_url>
<link><![CDATA[https://www.goodreads.com/author/show/81736.Joan_Minninger]]></link>
<average_rating>3.18</average_rating>
<ratings_count>55</ratings_count>
<text_reviews_count>13</text_reviews_count>
</author>
</authors>
  <published>1990</published>
</book>


      <book>
  <id type="integer">2601053</id>
  <isbn>0960404236</isbn>
  <isbn13>9780960404230</isbn13>
  <text_reviews_count type="integer">0</text_reviews_count>
  <title>Free yourself to read faster</title>
  <title_without_series>Free yourself to read faster</title_without_series>
  <image_url>https://s.gr-assets.com/assets/nophoto/book/111x148-bcc042a9c91a29c1d680899eff700a03.png</image_url>
  <small_image_url>https://s.gr-assets.com/assets/nophoto/book/50x75-a91bf249278a81aabab721ef782c4a74.png</small_image_url>
  <large_image_url/>
  <link>https://www.goodreads.com/book/show/2601053-free-yourself-to-read-faster</link>
  <num_pages></num_pages>
  <format></format>
  <edition_information/>
  <publisher></publisher>
  <publication_day></publication_day>
  <publication_year></publication_year>
  <publication_month></publication_month>
  <average_rating>0.0</average_rating>
  <ratings_count>0</ratings_count>
  <description></description>
<authors>
<author>
<id>81736</id>
<name>Joan Minninger</name>
<role></role>
<image_url nophoto='true'>
<![CDATA[https://s.gr-assets.com/assets/nophoto/user/f_200x266-3061b784cc8e7f021c6430c9aba94587.png]]>
</image_url>
<small_image_url nophoto='true'>
<![CDATA[https://s.gr-assets.com/assets/nophoto/user/f_50x66-6a03a5c12233c941481992b82eea8d23.png]]>
</small_image_url>
<link><![CDATA[https://www.goodreads.com/author/show/81736.Joan_Minninger]]></link>
<average_rating>3.18</average_rating>
<ratings_count>55</ratings_count>
<text_reviews_count>13</text_reviews_count>
</author>
</authors>
  <published></published>
</book>


    </books>
</author>

</GoodreadsResponse>