<?xml version="1.0" encoding="UTF-8"?>
<GoodreadsResponse>
  <Request>
    <authentication>true</authentication>
      <key><![CDATA[sySok63UyYyWi2Wof1HocA]]></key>
    <method><![CDATA[author_show]]></method>
  </Request>
  <author>
  <id>872617</id>
  <name>Debby Amis</name>
  <link><![CDATA[https://www.goodreads.com/author/show/872617.Debby_Amis]]></link>
  <fans_count type="integer">0</fans_count>
  <author_followers_count type="integer">0</author_followers_count>
  <large_image_url><![CDATA[https://s.gr-assets.com/assets/nophoto/user/f_333x500-c8899232290ea51bb160dea14c29470b.png]]></large_image_url>
  <image_url><![CDATA[https://s.gr-assets.com/assets/nophoto/user/f_200x266-3061b784cc8e7f021c6430c9aba94587.png]]></image_url>
  <small_image_url><![CDATA[https://s.gr-assets.com/assets/nophoto/user/f_50x66-6a03a5c12233c941481992b82eea8d23.png]]></small_image_url>
  <about></about>
  <influences></influences>
  <works_count>3</works_count>
  <gender>female</gender>
  <hometown></hometown>
  <born_at></born_at>
  <died_at></died_at>
  <goodreads_author>true</goodreads_author>
    <user>
  <id type="integer">50814367</id>
</user>


    <books>
      <book>
  <id type="integer">9542536</id>
  <isbn>0976975823</isbn>
  <isbn13>9780976975823</isbn13>
  <text_reviews_count type="integer">6</text_reviews_count>
  <title>Prepared Childbirth the Family Way</title>
  <title_without_series>Prepared Childbirth the Family Way</title_without_series>
  <image_url>https://s.gr-assets.com/assets/nophoto/book/111x148-bcc042a9c91a29c1d680899eff700a03.png</image_url>
  <small_image_url>https://s.gr-assets.com/assets/nophoto/book/50x75-a91bf249278a81aabab721ef782c4a74.png</small_image_url>
  <large_image_url/>
  <link>https://www.goodreads.com/book/show/9542536-prepared-childbirth-the-family-way</link>
  <num_pages></num_pages>
  <format></format>
  <edition_information/>
  <publisher></publisher>
  <publication_day></publication_day>
  <publication_year></publication_year>
  <publication_month></publication_month>
  <average_rating>3.90</average_rating>
  <ratings_count>40</ratings_count>
  <description></description>
<authors>
<author>
<id>872617</id>
<name>Debby Amis</name>
<role></role>
<image_url nophoto='true'>
<![CDATA[https://s.gr-assets.com/assets/nophoto/user/f_200x266-3061b784cc8e7f021c6430c9aba94587.png]]>
</image_url>
<small_image_url nophoto='true'>
<![CDATA[https://s.gr-assets.com/assets/nophoto/user/f_50x66-6a03a5c12233c941481992b82eea8d23.png]]>
</small_image_url>
<link><![CDATA[https://www.goodreads.com/author/show/872617.Debby_Amis]]></link>
<average_rating>3.90</average_rating>
<ratings_count>41</ratings_count>
<text_reviews_count>9</text_reviews_count>
</author>
</authors>
  <published></published>
</book>


      <book>
  <id type="integer">14747855</id>
  <isbn>0000531014</isbn>
  <isbn13>9780000531018</isbn13>
  <text_reviews_count type="integer">0</text_reviews_count>
  <title>Prepared Childbirth: The Educator's Guide</title>
  <title_without_series>Prepared Childbirth: The Educator's Guide</title_without_series>
  <image_url>https://s.gr-assets.com/assets/nophoto/book/111x148-bcc042a9c91a29c1d680899eff700a03.png</image_url>
  <small_image_url>https://s.gr-assets.com/assets/nophoto/book/50x75-a91bf249278a81aabab721ef782c4a74.png</small_image_url>
  <large_image_url/>
  <link>https://www.goodreads.com/book/show/14747855-prepared-childbirth</link>
  <num_pages></num_pages>
  <format>Paperback</format>
  <edition_information/>
  <publisher>Family Way Publication</publisher>
  <publication_day></publication_day>
  <publication_year></publication_year>
  <publication_month></publication_month>
  <average_rating>4.00</average_rating>
  <ratings_count>1</ratings_count>
  <description></description>
<authors>
<author>
<id>872617</id>
<name>Debby Amis</name>
<role></role>
<image_url nophoto='true'>
<![CDATA[https://s.gr-assets.com/assets/nophoto/user/f_200x266-3061b784cc8e7f021c6430c9aba94587.png]]>
</image_url>
<small_image_url nophoto='true'>
<![CDATA[https://s.gr-assets.com/assets/nophoto/user/f_50x66-6a03a5c12233c941481992b82eea8d23.png]]>
</small_image_url>
<link><![CDATA[https://www.goodreads.com/author/show/872617.Debby_Amis]]></link>
<average_rating>3.90</average_rating>
<ratings_count>41</ratings_count>
<text_reviews_count>9</text_reviews_count>
</author>
</authors>
  <published></published>
</book>


      <book>
  <id type="integer">29248574</id>
  <isbn>0989033716</isbn>
  <isbn13>9780989033718</isbn13>
  <text_reviews_count type="integer">0</text_reviews_count>
  <title>Prepared Childbirth: The Family Way</title>
  <title_without_series>Prepared Childbirth: The Family Way</title_without_series>
  <image_url>https://s.gr-assets.com/assets/nophoto/book/111x148-bcc042a9c91a29c1d680899eff700a03.png</image_url>
  <small_image_url>https://s.gr-assets.com/assets/nophoto/book/50x75-a91bf249278a81aabab721ef782c4a74.png</small_image_url>
  <large_image_url/>
  <link>https://www.goodreads.com/book/show/29248574-prepared-childbirth</link>
  <num_pages></num_pages>
  <format></format>
  <edition_information/>
  <publisher></publisher>
  <publication_day></publication_day>
  <publication_year></publication_year>
  <publication_month></publication_month>
  <average_rating>0.0</average_rating>
  <ratings_count>0</ratings_count>
  <description></description>
<authors>
<author>
<id>872617</id>
<name>Debby Amis</name>
<role></role>
<image_url nophoto='true'>
<![CDATA[https://s.gr-assets.com/assets/nophoto/user/f_200x266-3061b784cc8e7f021c6430c9aba94587.png]]>
</image_url>
<small_image_url nophoto='true'>
<![CDATA[https://s.gr-assets.com/assets/nophoto/user/f_50x66-6a03a5c12233c941481992b82eea8d23.png]]>
</small_image_url>
<link><![CDATA[https://www.goodreads.com/author/show/872617.Debby_Amis]]></link>
<average_rating>3.90</average_rating>
<ratings_count>41</ratings_count>
<text_reviews_count>9</text_reviews_count>
</author>
</authors>
  <published></published>
</book>


    </books>
</author>

</GoodreadsResponse>