<?xml version="1.0" encoding="UTF-8"?>
<GoodreadsResponse>
  <Request>
    <authentication>true</authentication>
      <key><![CDATA[sySok63UyYyWi2Wof1HocA]]></key>
    <method><![CDATA[author_show]]></method>
  </Request>
  <author>
  <id>897139</id>
  <name>Jean Mead</name>
  <link><![CDATA[https://www.goodreads.com/author/show/897139.Jean_Mead]]></link>
  <fans_count type="integer">22</fans_count>
  <author_followers_count type="integer">22</author_followers_count>
  <large_image_url><![CDATA[https://images.gr-assets.com/authors/1309199056p7/897139.jpg]]></large_image_url>
  <image_url><![CDATA[https://images.gr-assets.com/authors/1309199056p5/897139.jpg]]></image_url>
  <small_image_url><![CDATA[https://images.gr-assets.com/authors/1309199056p2/897139.jpg]]></small_image_url>
  <about></about>
  <influences></influences>
  <works_count>10</works_count>
  <gender>female</gender>
  <hometown></hometown>
  <born_at></born_at>
  <died_at></died_at>
  <goodreads_author>true</goodreads_author>
    <user>
  <id type="integer">15882222</id>
</user>


    <books>
      <book>
  <id type="integer">11753084</id>
  <isbn>1903490693</isbn>
  <isbn13>9781903490693</isbn13>
  <text_reviews_count type="integer">12</text_reviews_count>
  <title>The Widow Makers (The Widow Makers, #1)</title>
  <title_without_series>The Widow Makers</title_without_series>
  <image_url>https://images.gr-assets.com/books/1329303052m/11753084.jpg</image_url>
  <small_image_url>https://images.gr-assets.com/books/1329303052s/11753084.jpg</small_image_url>
  <large_image_url/>
  <link>https://www.goodreads.com/book/show/11753084-the-widow-makers</link>
  <num_pages>296</num_pages>
  <format>Paperback</format>
  <edition_information/>
  <publisher>Pegasus Elliot MacKenzie Publishers</publisher>
  <publication_day>1</publication_day>
  <publication_year>2011</publication_year>
  <publication_month>5</publication_month>
  <average_rating>3.61</average_rating>
  <ratings_count>122</ratings_count>
  <description>The story is set in the quarrylands of North Wales amidst the Snowdonia Mountains, ancient castles, opulent Penrhyn Castle, grand mansions and the straggling cottages of a mountain community in the 19th century. A blend of fact and fiction, it traces the lives of two very different families.&lt;br /&gt;Following a pit disaster in Manchester, Joe Standish takes his wife Emily and tiny son Tommy to live in North Wales where he settles to the hard and dangerous existence as a quarryman. Home life for Emily and Joe is happy but for the small problem of Tommy's increasing wilfulness. As the boy grows, his cleverness comes to the fore and he catches the attention of the quarry owner, Bertram Bellamy, who offers to educate the boy with his own son. &lt;br /&gt;&lt;br /&gt;Growing into manhood, Tommy's life changes drastically, split between his working class family living in a simple cottage and the immensely rich benefactor in the grand mansion, Plas Mawr. &lt;br /&gt;&lt;br /&gt;Unaware of the destructive force hidden behind Tommy's charm and charisma, Bertram Bellamy accepts and encourages him and the destiny and the destruction of the Bellamy family is shaped.</description>
<authors>
<author>
<id>897139</id>
<name>Jean Mead</name>
<role></role>
<image_url nophoto='false'>
<![CDATA[https://images.gr-assets.com/authors/1309199056p5/897139.jpg]]>
</image_url>
<small_image_url nophoto='false'>
<![CDATA[https://images.gr-assets.com/authors/1309199056p2/897139.jpg]]>
</small_image_url>
<link><![CDATA[https://www.goodreads.com/author/show/897139.Jean_Mead]]></link>
<average_rating>3.79</average_rating>
<ratings_count>277</ratings_count>
<text_reviews_count>40</text_reviews_count>
</author>
</authors>
  <published>2011</published>
</book>


      <book>
  <id type="integer">23383383</id>
  <isbn nil="true"/>
  <isbn13 nil="true"/>
  <text_reviews_count type="integer">0</text_reviews_count>
  <title>The Widow Makers: Road's End</title>
  <title_without_series>The Widow Makers: Road's End</title_without_series>
  <image_url>https://s.gr-assets.com/assets/nophoto/book/111x148-bcc042a9c91a29c1d680899eff700a03.png</image_url>
  <small_image_url>https://s.gr-assets.com/assets/nophoto/book/50x75-a91bf249278a81aabab721ef782c4a74.png</small_image_url>
  <large_image_url/>
  <link>https://www.goodreads.com/book/show/23383383-the-widow-makers</link>
  <num_pages></num_pages>
  <format></format>
  <edition_information/>
  <publisher></publisher>
  <publication_day></publication_day>
  <publication_year></publication_year>
  <publication_month></publication_month>
  <average_rating>4.25</average_rating>
  <ratings_count>51</ratings_count>
  <description></description>
<authors>
<author>
<id>897139</id>
<name>Jean Mead</name>
<role></role>
<image_url nophoto='false'>
<![CDATA[https://images.gr-assets.com/authors/1309199056p5/897139.jpg]]>
</image_url>
<small_image_url nophoto='false'>
<![CDATA[https://images.gr-assets.com/authors/1309199056p2/897139.jpg]]>
</small_image_url>
<link><![CDATA[https://www.goodreads.com/author/show/897139.Jean_Mead]]></link>
<average_rating>3.79</average_rating>
<ratings_count>277</ratings_count>
<text_reviews_count>40</text_reviews_count>
</author>
</authors>
  <published></published>
</book>


      <book>
  <id type="integer">19389885</id>
  <isbn nil="true"/>
  <isbn13 nil="true"/>
  <text_reviews_count type="integer">1</text_reviews_count>
  <title>The Widow Makers:Strife</title>
  <title_without_series>The Widow Makers:Strife</title_without_series>
  <image_url>https://s.gr-assets.com/assets/nophoto/book/111x148-bcc042a9c91a29c1d680899eff700a03.png</image_url>
  <small_image_url>https://s.gr-assets.com/assets/nophoto/book/50x75-a91bf249278a81aabab721ef782c4a74.png</small_image_url>
  <large_image_url/>
  <link>https://www.goodreads.com/book/show/19389885-the-widow-makers</link>
  <num_pages></num_pages>
  <format></format>
  <edition_information/>
  <publisher></publisher>
  <publication_day></publication_day>
  <publication_year></publication_year>
  <publication_month></publication_month>
  <average_rating>4.39</average_rating>
  <ratings_count>38</ratings_count>
  <description>Based in the mid-19th century it tells the story of the Standish family, who moved from the coalfields of Lancashire to the slate quarries of North Wales. &lt;br /&gt;The eldest Standish boy, Tommy, was something of a changeling: he desired a different life and ruthlessly went in pursuit of his dream of the grandeur and riches of the landowners' class.&lt;br /&gt;His ambitions realised, Tommy, is intent on higher profits even though it risks the lives of the quarrymen. Joe, his father, fights for a union to secure fairer conditions for the men. &lt;br /&gt;The quarrymen are close to becoming victims as the war between father and son escalates.</description>
<authors>
<author>
<id>897139</id>
<name>Jean Mead</name>
<role></role>
<image_url nophoto='false'>
<![CDATA[https://images.gr-assets.com/authors/1309199056p5/897139.jpg]]>
</image_url>
<small_image_url nophoto='false'>
<![CDATA[https://images.gr-assets.com/authors/1309199056p2/897139.jpg]]>
</small_image_url>
<link><![CDATA[https://www.goodreads.com/author/show/897139.Jean_Mead]]></link>
<average_rating>3.79</average_rating>
<ratings_count>277</ratings_count>
<text_reviews_count>40</text_reviews_count>
</author>
</authors>
  <published></published>
</book>


      <book>
  <id type="integer">13613471</id>
  <isbn>1903490731</isbn>
  <isbn13>9781903490730</isbn13>
  <text_reviews_count type="integer">7</text_reviews_count>
  <title>Freya 800 AD</title>
  <title_without_series>Freya 800 AD</title_without_series>
  <image_url>https://images.gr-assets.com/books/1335278925m/13613471.jpg</image_url>
  <small_image_url>https://images.gr-assets.com/books/1335278925s/13613471.jpg</small_image_url>
  <large_image_url/>
  <link>https://www.goodreads.com/book/show/13613471-freya-800-ad</link>
  <num_pages>267</num_pages>
  <format>Paperback</format>
  <edition_information/>
  <publisher>Pegasus Elliot Mackenzie Publishers</publisher>
  <publication_day>19</publication_day>
  <publication_year>2012</publication_year>
  <publication_month>4</publication_month>
  <average_rating>3.32</average_rating>
  <ratings_count>19</ratings_count>
  <description>Freya lived more than a thousand years ago at the beginning of the Viking raids on Britain.&lt;br /&gt;&lt;br /&gt;Home was a longhouse, one of several in the settlement; a stockade protected the small community from bears and wolves roaming the vast glacial wilderness.&lt;br /&gt;&lt;br /&gt;Freya's husband, Olaf, hungered for wealth. He sailed the longship, Odin's Thunder, across the Norse Sea to wreak havoc the Picts of northern Britain. Freya, haunted by images of her husband's rapine and cruel infidelity, prays to pagan gods for his return. &lt;br /&gt;&lt;br /&gt;With the settlement almost deserted, Knut, a man of the mountains with a warped and cruel mind, crossed the threshold of Freya's longhouse, with devastating consequences.&lt;br /&gt;&lt;br /&gt;In a dreadful twist of fate, Freya is forced to live in isolation. It takes all her willpower to survive a dark and frozen winter with only Brock, her favourite hound, for company.&lt;br /&gt;&lt;br /&gt;When Olaf had been missing for two winter seasons, Freya sailed to the shores of Britain to find him. Betrayal and tragedy lie ahead.</description>
<authors>
<author>
<id>897139</id>
<name>Jean Mead</name>
<role></role>
<image_url nophoto='false'>
<![CDATA[https://images.gr-assets.com/authors/1309199056p5/897139.jpg]]>
</image_url>
<small_image_url nophoto='false'>
<![CDATA[https://images.gr-assets.com/authors/1309199056p2/897139.jpg]]>
</small_image_url>
<link><![CDATA[https://www.goodreads.com/author/show/897139.Jean_Mead]]></link>
<average_rating>3.79</average_rating>
<ratings_count>277</ratings_count>
<text_reviews_count>40</text_reviews_count>
</author>
</authors>
  <published>2012</published>
</book>


      <book>
  <id type="integer">23854353</id>
  <isbn nil="true"/>
  <isbn13 nil="true"/>
  <text_reviews_count type="integer">2</text_reviews_count>
  <title>Freya 800AD: Viking era</title>
  <title_without_series>Freya 800AD: Viking era</title_without_series>
  <image_url>https://s.gr-assets.com/assets/nophoto/book/111x148-bcc042a9c91a29c1d680899eff700a03.png</image_url>
  <small_image_url>https://s.gr-assets.com/assets/nophoto/book/50x75-a91bf249278a81aabab721ef782c4a74.png</small_image_url>
  <large_image_url/>
  <link>https://www.goodreads.com/book/show/23854353-freya-800ad</link>
  <num_pages></num_pages>
  <format></format>
  <edition_information/>
  <publisher></publisher>
  <publication_day></publication_day>
  <publication_year></publication_year>
  <publication_month></publication_month>
  <average_rating>3.47</average_rating>
  <ratings_count>15</ratings_count>
  <description></description>
<authors>
<author>
<id>897139</id>
<name>Jean Mead</name>
<role></role>
<image_url nophoto='false'>
<![CDATA[https://images.gr-assets.com/authors/1309199056p5/897139.jpg]]>
</image_url>
<small_image_url nophoto='false'>
<![CDATA[https://images.gr-assets.com/authors/1309199056p2/897139.jpg]]>
</small_image_url>
<link><![CDATA[https://www.goodreads.com/author/show/897139.Jean_Mead]]></link>
<average_rating>3.79</average_rating>
<ratings_count>277</ratings_count>
<text_reviews_count>40</text_reviews_count>
</author>
</authors>
  <published></published>
</book>


      <book>
  <id type="integer">17560627</id>
  <isbn nil="true"/>
  <isbn13>9780957573000</isbn13>
  <text_reviews_count type="integer">5</text_reviews_count>
  <title>Kate's Secret</title>
  <title_without_series>Kate's Secret</title_without_series>
  <image_url>https://images.gr-assets.com/books/1362592379m/17560627.jpg</image_url>
  <small_image_url>https://images.gr-assets.com/books/1362592379s/17560627.jpg</small_image_url>
  <large_image_url/>
  <link>https://www.goodreads.com/book/show/17560627-kate-s-secret</link>
  <num_pages>240</num_pages>
  <format>Paperback</format>
  <edition_information/>
  <publisher>Novel Publishing</publisher>
  <publication_day>16</publication_day>
  <publication_year>2013</publication_year>
  <publication_month>3</publication_month>
  <average_rating>3.37</average_rating>
  <ratings_count>19</ratings_count>
  <description>Every waking moment Kate endured the torment of her husband's perceived infidelity.&lt;br /&gt;Her obsessive fascination with Adam tips her close to madness when he vanishes without trace. &lt;br /&gt;When she discovers the reason for his disappearance it is beyond her wildest imaginings.&lt;br /&gt;Discovering the truth does not release her from the torment, for she is forced to keep the dreadful secret. Revealing it will wreck her family. Remaining silent may destroy her sanity.</description>
<authors>
<author>
<id>897139</id>
<name>Jean Mead</name>
<role></role>
<image_url nophoto='false'>
<![CDATA[https://images.gr-assets.com/authors/1309199056p5/897139.jpg]]>
</image_url>
<small_image_url nophoto='false'>
<![CDATA[https://images.gr-assets.com/authors/1309199056p2/897139.jpg]]>
</small_image_url>
<link><![CDATA[https://www.goodreads.com/author/show/897139.Jean_Mead]]></link>
<average_rating>3.79</average_rating>
<ratings_count>277</ratings_count>
<text_reviews_count>40</text_reviews_count>
</author>
</authors>
  <published>2013</published>
</book>


      <book>
  <id type="integer">11420521</id>
  <isbn>1907424148</isbn>
  <isbn13>9781907424144</isbn13>
  <text_reviews_count type="integer">4</text_reviews_count>
  <title>Strife (The Widow Makers, #2)</title>
  <title_without_series>Strife</title_without_series>
  <image_url>https://images.gr-assets.com/books/1327547817m/11420521.jpg</image_url>
  <small_image_url>https://images.gr-assets.com/books/1327547817s/11420521.jpg</small_image_url>
  <large_image_url/>
  <link>https://www.goodreads.com/book/show/11420521-strife</link>
  <num_pages/>
  <format>Paperback</format>
  <edition_information/>
  <publisher>Gwasg y Bwthyn</publisher>
  <publication_day/>
  <publication_year>2011</publication_year>
  <publication_month>5</publication_month>
  <average_rating>4.00</average_rating>
  <ratings_count>7</ratings_count>
  <description>Fans of Jean Mead's first novel in the Widow Makers series will love this, the second in the saga of the mining Standish family. Set in the mid-nineteenth century, it continues the tale of the family's fortune in the slate quarries of north Wales.&lt;br /&gt;&lt;br /&gt;The eldest son Tommy Standish is now the hard and ruthless manager of the Garddryn Quarry, while his father Joe and younger brother Frank are quarrymen. The family find themselves pitted against each other as Joe fights for fairer working conditions and pay for his fellow workers, while Tommy is determined to grind every last bit of sweat and toil out of them to further his own ambitions and wealth.&lt;br /&gt;&lt;br /&gt;A nasty character through and through, Tommy treats everyone equally badly - from his depressed and opium-addicted wife Henrietta to his young son Edward and his parents, who remind him of his embarrassingly humble upbringing. You find yourself caught up in the struggles of those he is oppressing, hoping that his scheming will be foiled and that someone will stand up to him, as Jean Mead sweeps you along with her vivid descriptions of nineteenth-century life and the harshness and beauty of Snowdonia. A compelling vivid account that leaves you finishing the last page with regret and hoping for more!&lt;br /&gt;HELENA EARNSHAW REVIEW FOR THE WELSH BOOKS COUNCIL. &lt;a target="_blank" href="http://www.gwales.com" rel="nofollow"&gt;www.gwales.com&lt;/a&gt;</description>
<authors>
<author>
<id>897139</id>
<name>Jean Mead</name>
<role></role>
<image_url nophoto='false'>
<![CDATA[https://images.gr-assets.com/authors/1309199056p5/897139.jpg]]>
</image_url>
<small_image_url nophoto='false'>
<![CDATA[https://images.gr-assets.com/authors/1309199056p2/897139.jpg]]>
</small_image_url>
<link><![CDATA[https://www.goodreads.com/author/show/897139.Jean_Mead]]></link>
<average_rating>3.79</average_rating>
<ratings_count>277</ratings_count>
<text_reviews_count>40</text_reviews_count>
</author>
</authors>
  <published>2011</published>
</book>


      <book>
  <id type="integer">33284633</id>
  <isbn nil="true"/>
  <isbn13 nil="true"/>
  <text_reviews_count type="integer">0</text_reviews_count>
  <title>The Widow Makers Tommy</title>
  <title_without_series>The Widow Makers Tommy</title_without_series>
  <image_url>https://s.gr-assets.com/assets/nophoto/book/111x148-bcc042a9c91a29c1d680899eff700a03.png</image_url>
  <small_image_url>https://s.gr-assets.com/assets/nophoto/book/50x75-a91bf249278a81aabab721ef782c4a74.png</small_image_url>
  <large_image_url/>
  <link>https://www.goodreads.com/book/show/33284633-the-widow-makers-tommy</link>
  <num_pages></num_pages>
  <format></format>
  <edition_information/>
  <publisher></publisher>
  <publication_day></publication_day>
  <publication_year></publication_year>
  <publication_month></publication_month>
  <average_rating>3.67</average_rating>
  <ratings_count>3</ratings_count>
  <description></description>
<authors>
<author>
<id>897139</id>
<name>Jean Mead</name>
<role></role>
<image_url nophoto='false'>
<![CDATA[https://images.gr-assets.com/authors/1309199056p5/897139.jpg]]>
</image_url>
<small_image_url nophoto='false'>
<![CDATA[https://images.gr-assets.com/authors/1309199056p2/897139.jpg]]>
</small_image_url>
<link><![CDATA[https://www.goodreads.com/author/show/897139.Jean_Mead]]></link>
<average_rating>3.79</average_rating>
<ratings_count>277</ratings_count>
<text_reviews_count>40</text_reviews_count>
</author>
</authors>
  <published></published>
</book>


      <book>
  <id type="integer">22072315</id>
  <isbn>0957573014</isbn>
  <isbn13>9780957573017</isbn13>
  <text_reviews_count type="integer">1</text_reviews_count>
  <title>The Widow Makers:Road's End = The Widow Makers 3</title>
  <title_without_series>The Widow Makers:Road's End = The Widow Makers 3</title_without_series>
  <image_url>https://images.gr-assets.com/books/1399914040m/22072315.jpg</image_url>
  <small_image_url>https://images.gr-assets.com/books/1399914040s/22072315.jpg</small_image_url>
  <large_image_url/>
  <link>https://www.goodreads.com/book/show/22072315-the-widow-makers</link>
  <num_pages>270</num_pages>
  <format>Paperback</format>
  <edition_information/>
  <publisher>Novel Publishing</publisher>
  <publication_day>1</publication_day>
  <publication_year>2014</publication_year>
  <publication_month>5</publication_month>
  <average_rating>2.50</average_rating>
  <ratings_count>2</ratings_count>
  <description>The final book in the historical trilogy, The Widow Makers, a saga based in the 19th century. The Standish family are poor but the eldest boy, Tommy, desires wealth and position and will do anything in pursuit of his dream regardless of the misery he causes anyone who dares to step in his way. In this final book, his ambitions realised, a terrible secret threatens his very existence.</description>
<authors>
<author>
<id>897139</id>
<name>Jean Mead</name>
<role></role>
<image_url nophoto='false'>
<![CDATA[https://images.gr-assets.com/authors/1309199056p5/897139.jpg]]>
</image_url>
<small_image_url nophoto='false'>
<![CDATA[https://images.gr-assets.com/authors/1309199056p2/897139.jpg]]>
</small_image_url>
<link><![CDATA[https://www.goodreads.com/author/show/897139.Jean_Mead]]></link>
<average_rating>3.79</average_rating>
<ratings_count>277</ratings_count>
<text_reviews_count>40</text_reviews_count>
</author>
</authors>
  <published>2014</published>
</book>


      <book>
  <id type="integer">22796255</id>
  <isbn>1484809068</isbn>
  <isbn13 nil="true"/>
  <text_reviews_count type="integer">0</text_reviews_count>
  <title>eto, Volume One: a biannual fiction anthology: 1</title>
  <title_without_series>eto, Volume One: a biannual fiction anthology: 1</title_without_series>
  <image_url>https://s.gr-assets.com/assets/nophoto/book/111x148-bcc042a9c91a29c1d680899eff700a03.png</image_url>
  <small_image_url>https://s.gr-assets.com/assets/nophoto/book/50x75-a91bf249278a81aabab721ef782c4a74.png</small_image_url>
  <large_image_url/>
  <link>https://www.goodreads.com/book/show/22796255-eto-volume-one</link>
  <num_pages></num_pages>
  <format></format>
  <edition_information/>
  <publisher></publisher>
  <publication_day></publication_day>
  <publication_year></publication_year>
  <publication_month></publication_month>
  <average_rating>4.00</average_rating>
  <ratings_count>1</ratings_count>
  <description></description>
<authors>
<author>
<id>8409071</id>
<name>Gaabriel D. Becket</name>
<role></role>
<image_url nophoto='true'>
<![CDATA[https://s.gr-assets.com/assets/nophoto/user/u_200x266-e183445fd1a1b5cc7075bb1cf7043306.png]]>
</image_url>
<small_image_url nophoto='true'>
<![CDATA[https://s.gr-assets.com/assets/nophoto/user/u_50x66-632230dc9882b4352d753eedf9396530.png]]>
</small_image_url>
<link><![CDATA[https://www.goodreads.com/author/show/8409071.Gaabriel_D_Becket]]></link>
<average_rating>4.00</average_rating>
<ratings_count>1</ratings_count>
<text_reviews_count>0</text_reviews_count>
</author>
</authors>
  <published></published>
</book>


    </books>
</author>

</GoodreadsResponse>