<?xml version="1.0" encoding="UTF-8"?>
<GoodreadsResponse>
  <Request>
    <authentication>true</authentication>
      <key><![CDATA[sySok63UyYyWi2Wof1HocA]]></key>
    <method><![CDATA[author_show]]></method>
  </Request>
  <author>
  <id>900082</id>
  <name>Dora Russell</name>
  <link><![CDATA[https://www.goodreads.com/author/show/900082.Dora_Russell]]></link>
  <fans_count type="integer">0</fans_count>
  <author_followers_count type="integer">0</author_followers_count>
  <large_image_url><![CDATA[https://images.gr-assets.com/authors/1245203140p7/900082.jpg]]></large_image_url>
  <image_url><![CDATA[https://images.gr-assets.com/authors/1245203140p5/900082.jpg]]></image_url>
  <small_image_url><![CDATA[https://images.gr-assets.com/authors/1245203140p2/900082.jpg]]></small_image_url>
  <about><![CDATA[Dora Black, Lady Russell was a British author, a feminist and socialist campaigner, and the second wife of the eminent philosopher Bertrand Russell. In 1909 she joined the Heretics Society, co-founded by C. K. Ogden. It questioned traditional authorities in general and religious dogma in particular. The society helped her to discard traditional values and develop her own feminist mode of thought.<br /><br />In common with other radical women of her generation she had realized the extent to which the laws regulating marriage contributed to a woman's subjugation. In her view, only parents should be bound by a social contract, and only insofar as their cooperation was required for raising their children. Implicit was her conviction that both men and women were polygamous by nature and should therefore be free, whether married or not, to engage in sexual relationships that were based on mutual love. In this she was as much an early sexual pioneer as in her fight for a woman's right to information about, and free access to, birth control methods. She regarded these as essential for women to gain control over their own lives, and eventually become fully emancipated.<br /><br />In 1924, Russell campaigned passionately for birth control, joining with H. G. Wells and John Maynard Keynes in founding the Workers' Birth Control Group. She also campaigned in the Labour Party for birth control clinics, with only limited success.]]></about>
  <influences></influences>
  <works_count>29</works_count>
  <gender>female</gender>
  <hometown></hometown>
  <born_at>1894/04/03</born_at>
  <died_at>1986/05/31</died_at>
  <goodreads_author></goodreads_author>

    <books>
      <book>
  <id type="integer">3394563</id>
  <isbn>0860680010</isbn>
  <isbn13>9780860680017</isbn13>
  <text_reviews_count type="integer">1</text_reviews_count>
  <title>THE TAMARISK TREE: MY QUEST FOR LIBERTY AND LOVE PT. 1</title>
  <title_without_series>THE TAMARISK TREE: MY QUEST FOR LIBERTY AND LOVE PT. 1</title_without_series>
  <image_url>https://s.gr-assets.com/assets/nophoto/book/111x148-bcc042a9c91a29c1d680899eff700a03.png</image_url>
  <small_image_url>https://s.gr-assets.com/assets/nophoto/book/50x75-a91bf249278a81aabab721ef782c4a74.png</small_image_url>
  <large_image_url/>
  <link>https://www.goodreads.com/book/show/3394563-the-tamarisk-tree</link>
  <num_pages></num_pages>
  <format></format>
  <edition_information/>
  <publisher></publisher>
  <publication_day></publication_day>
  <publication_year></publication_year>
  <publication_month></publication_month>
  <average_rating>4.20</average_rating>
  <ratings_count>5</ratings_count>
  <description></description>
<authors>
<author>
<id>900082</id>
<name>Dora Russell</name>
<role></role>
<image_url nophoto='false'>
<![CDATA[https://images.gr-assets.com/authors/1245203140p5/900082.jpg]]>
</image_url>
<small_image_url nophoto='false'>
<![CDATA[https://images.gr-assets.com/authors/1245203140p2/900082.jpg]]>
</small_image_url>
<link><![CDATA[https://www.goodreads.com/author/show/900082.Dora_Russell]]></link>
<average_rating>3.89</average_rating>
<ratings_count>19</ratings_count>
<text_reviews_count>4</text_reviews_count>
</author>
</authors>
  <published></published>
</book>


      <book>
  <id type="integer">6553579</id>
  <isbn nil="true"/>
  <isbn13 nil="true"/>
  <text_reviews_count type="integer">0</text_reviews_count>
  <title>Hypatia, or, Woman and Knowledge</title>
  <title_without_series>Hypatia, or, Woman and Knowledge</title_without_series>
  <image_url>https://s.gr-assets.com/assets/nophoto/book/111x148-bcc042a9c91a29c1d680899eff700a03.png</image_url>
  <small_image_url>https://s.gr-assets.com/assets/nophoto/book/50x75-a91bf249278a81aabab721ef782c4a74.png</small_image_url>
  <large_image_url/>
  <link>https://www.goodreads.com/book/show/6553579-hypatia-or-woman-and-knowledge</link>
  <num_pages>81</num_pages>
  <format>Hardcover</format>
  <edition_information/>
  <publisher>E.P. Dutton</publisher>
  <publication_day/>
  <publication_year>1925</publication_year>
  <publication_month/>
  <average_rating>4.50</average_rating>
  <ratings_count>2</ratings_count>
  <description></description>
<authors>
<author>
<id>900082</id>
<name>Dora Russell</name>
<role></role>
<image_url nophoto='false'>
<![CDATA[https://images.gr-assets.com/authors/1245203140p5/900082.jpg]]>
</image_url>
<small_image_url nophoto='false'>
<![CDATA[https://images.gr-assets.com/authors/1245203140p2/900082.jpg]]>
</small_image_url>
<link><![CDATA[https://www.goodreads.com/author/show/900082.Dora_Russell]]></link>
<average_rating>3.89</average_rating>
<ratings_count>19</ratings_count>
<text_reviews_count>4</text_reviews_count>
</author>
</authors>
  <published>1925</published>
</book>


      <book>
  <id type="integer">2901188</id>
  <isbn>0860684474</isbn>
  <isbn13>9780860684473</isbn13>
  <text_reviews_count type="integer">1</text_reviews_count>
  <title>The Tamarisk Tree</title>
  <title_without_series>The Tamarisk Tree</title_without_series>
  <image_url>https://s.gr-assets.com/assets/nophoto/book/111x148-bcc042a9c91a29c1d680899eff700a03.png</image_url>
  <small_image_url>https://s.gr-assets.com/assets/nophoto/book/50x75-a91bf249278a81aabab721ef782c4a74.png</small_image_url>
  <large_image_url/>
  <link>https://www.goodreads.com/book/show/2901188-the-tamarisk-tree</link>
  <num_pages></num_pages>
  <format></format>
  <edition_information/>
  <publisher></publisher>
  <publication_day></publication_day>
  <publication_year></publication_year>
  <publication_month></publication_month>
  <average_rating>4.00</average_rating>
  <ratings_count>2</ratings_count>
  <description></description>
<authors>
<author>
<id>900082</id>
<name>Dora Russell</name>
<role></role>
<image_url nophoto='false'>
<![CDATA[https://images.gr-assets.com/authors/1245203140p5/900082.jpg]]>
</image_url>
<small_image_url nophoto='false'>
<![CDATA[https://images.gr-assets.com/authors/1245203140p2/900082.jpg]]>
</small_image_url>
<link><![CDATA[https://www.goodreads.com/author/show/900082.Dora_Russell]]></link>
<average_rating>3.89</average_rating>
<ratings_count>19</ratings_count>
<text_reviews_count>4</text_reviews_count>
</author>
</authors>
  <published></published>
</book>


      <book>
  <id type="integer">13299819</id>
  <isbn nil="true"/>
  <isbn13 nil="true"/>
  <text_reviews_count type="integer">0</text_reviews_count>
  <title>A Country Sweetheart</title>
  <title_without_series>A Country Sweetheart</title_without_series>
  <image_url>https://s.gr-assets.com/assets/nophoto/book/111x148-bcc042a9c91a29c1d680899eff700a03.png</image_url>
  <small_image_url>https://s.gr-assets.com/assets/nophoto/book/50x75-a91bf249278a81aabab721ef782c4a74.png</small_image_url>
  <large_image_url/>
  <link>https://www.goodreads.com/book/show/13299819-a-country-sweetheart</link>
  <num_pages></num_pages>
  <format>Hardcover</format>
  <edition_information/>
  <publisher></publisher>
  <publication_day/>
  <publication_year/>
  <publication_month/>
  <average_rating>4.00</average_rating>
  <ratings_count>1</ratings_count>
  <description>For besides his own large property, he had in his youth married for his first wife the daughter and heiress of Sir Richard Devon, whose estates marched with his own. At her death this lady had left everything she possessed to her husband, and thus Mr. Temple was one of the largest land-owners in the country. The old man sighed when he thought of all this, and covered his face with his hands. He was thinking who would now come after him; thinking of his heir. He knew who it must be. The Woodlea estates had been entailed by his father in the event of his having no children, beyond him. The late Mr. Temple had left two sons, Phillip, the heir, and John, who had gone into the army and died young. But he had married, and left a son, also named John. This John Temple the squire knew was now the heir to Woodlea. He was a man of some thirty years old, and occasionally had visited his uncle, but no great intimacy had existed between them.</description>
<authors>
<author>
<id>900082</id>
<name>Dora Russell</name>
<role></role>
<image_url nophoto='false'>
<![CDATA[https://images.gr-assets.com/authors/1245203140p5/900082.jpg]]>
</image_url>
<small_image_url nophoto='false'>
<![CDATA[https://images.gr-assets.com/authors/1245203140p2/900082.jpg]]>
</small_image_url>
<link><![CDATA[https://www.goodreads.com/author/show/900082.Dora_Russell]]></link>
<average_rating>3.89</average_rating>
<ratings_count>19</ratings_count>
<text_reviews_count>4</text_reviews_count>
</author>
</authors>
  <published/>
</book>


      <book>
  <id type="integer">17984700</id>
  <isbn nil="true"/>
  <isbn13 nil="true"/>
  <text_reviews_count type="integer">0</text_reviews_count>
  <title>Jezebel's friends...</title>
  <title_without_series>Jezebel's friends...</title_without_series>
  <image_url>https://s.gr-assets.com/assets/nophoto/book/111x148-bcc042a9c91a29c1d680899eff700a03.png</image_url>
  <small_image_url>https://s.gr-assets.com/assets/nophoto/book/50x75-a91bf249278a81aabab721ef782c4a74.png</small_image_url>
  <large_image_url/>
  <link>https://www.goodreads.com/book/show/17984700-jezebel-s-friends</link>
  <num_pages>312</num_pages>
  <format>ebook</format>
  <edition_information/>
  <publisher>HathiTrust Digital Library</publisher>
  <publication_day/>
  <publication_year>2010</publication_year>
  <publication_month/>
  <average_rating>3.00</average_rating>
  <ratings_count>1</ratings_count>
  <description></description>
<authors>
<author>
<id>900082</id>
<name>Dora Russell</name>
<role></role>
<image_url nophoto='false'>
<![CDATA[https://images.gr-assets.com/authors/1245203140p5/900082.jpg]]>
</image_url>
<small_image_url nophoto='false'>
<![CDATA[https://images.gr-assets.com/authors/1245203140p2/900082.jpg]]>
</small_image_url>
<link><![CDATA[https://www.goodreads.com/author/show/900082.Dora_Russell]]></link>
<average_rating>3.89</average_rating>
<ratings_count>19</ratings_count>
<text_reviews_count>4</text_reviews_count>
</author>
</authors>
  <published>2010</published>
</book>


      <book>
  <id type="integer">2883691</id>
  <isbn>0863580203</isbn>
  <isbn13>9780863580208</isbn13>
  <text_reviews_count type="integer">1</text_reviews_count>
  <title>The Dora Russell reader: 57 years of writing and journalism, 1925-1982</title>
  <title_without_series>The Dora Russell reader: 57 years of writing and journalism, 1925-1982</title_without_series>
  <image_url>https://s.gr-assets.com/assets/nophoto/book/111x148-bcc042a9c91a29c1d680899eff700a03.png</image_url>
  <small_image_url>https://s.gr-assets.com/assets/nophoto/book/50x75-a91bf249278a81aabab721ef782c4a74.png</small_image_url>
  <large_image_url/>
  <link>https://www.goodreads.com/book/show/2883691-the-dora-russell-reader</link>
  <num_pages></num_pages>
  <format></format>
  <edition_information/>
  <publisher></publisher>
  <publication_day></publication_day>
  <publication_year></publication_year>
  <publication_month></publication_month>
  <average_rating>3.00</average_rating>
  <ratings_count>1</ratings_count>
  <description></description>
<authors>
<author>
<id>900082</id>
<name>Dora Russell</name>
<role></role>
<image_url nophoto='false'>
<![CDATA[https://images.gr-assets.com/authors/1245203140p5/900082.jpg]]>
</image_url>
<small_image_url nophoto='false'>
<![CDATA[https://images.gr-assets.com/authors/1245203140p2/900082.jpg]]>
</small_image_url>
<link><![CDATA[https://www.goodreads.com/author/show/900082.Dora_Russell]]></link>
<average_rating>3.89</average_rating>
<ratings_count>19</ratings_count>
<text_reviews_count>4</text_reviews_count>
</author>
</authors>
  <published></published>
</book>


      <book>
  <id type="integer">2485514</id>
  <isbn>0236310348</isbn>
  <isbn13>9780236310340</isbn13>
  <text_reviews_count type="integer">0</text_reviews_count>
  <title>The tamarisk tree Vol 1 &amp; 2</title>
  <title_without_series>The tamarisk tree Vol 1 &amp; 2</title_without_series>
  <image_url>https://s.gr-assets.com/assets/nophoto/book/111x148-bcc042a9c91a29c1d680899eff700a03.png</image_url>
  <small_image_url>https://s.gr-assets.com/assets/nophoto/book/50x75-a91bf249278a81aabab721ef782c4a74.png</small_image_url>
  <large_image_url/>
  <link>https://www.goodreads.com/book/show/2485514.The_tamarisk_tree_Vol_1_2</link>
  <num_pages></num_pages>
  <format></format>
  <edition_information/>
  <publisher>Elek : Pemberton</publisher>
  <publication_day>1</publication_day>
  <publication_year>1975</publication_year>
  <publication_month>1</publication_month>
  <average_rating>3.00</average_rating>
  <ratings_count>1</ratings_count>
  <description>v. 1. My quest for liberty and love --&lt;br /&gt;v. 2. My school and the years of war.</description>
<authors>
<author>
<id>900082</id>
<name>Dora Russell</name>
<role></role>
<image_url nophoto='false'>
<![CDATA[https://images.gr-assets.com/authors/1245203140p5/900082.jpg]]>
</image_url>
<small_image_url nophoto='false'>
<![CDATA[https://images.gr-assets.com/authors/1245203140p2/900082.jpg]]>
</small_image_url>
<link><![CDATA[https://www.goodreads.com/author/show/900082.Dora_Russell]]></link>
<average_rating>3.89</average_rating>
<ratings_count>19</ratings_count>
<text_reviews_count>4</text_reviews_count>
</author>
</authors>
  <published>1975</published>
</book>


      <book>
  <id type="integer">31953883</id>
  <isbn>1333527128</isbn>
  <isbn13>9781333527129</isbn13>
  <text_reviews_count type="integer">0</text_reviews_count>
  <title>A Hidden Chain</title>
  <title_without_series>A Hidden Chain</title_without_series>
  <image_url>https://s.gr-assets.com/assets/nophoto/book/111x148-bcc042a9c91a29c1d680899eff700a03.png</image_url>
  <small_image_url>https://s.gr-assets.com/assets/nophoto/book/50x75-a91bf249278a81aabab721ef782c4a74.png</small_image_url>
  <large_image_url/>
  <link>https://www.goodreads.com/book/show/31953883-a-hidden-chain</link>
  <num_pages>362</num_pages>
  <format>Paperback</format>
  <edition_information/>
  <publisher>Forgotten Books</publisher>
  <publication_day>9</publication_day>
  <publication_year>2016</publication_year>
  <publication_month>9</publication_month>
  <average_rating>0.0</average_rating>
  <ratings_count>0</ratings_count>
  <description>Excerpt from A Hidden Chain &lt;br /&gt;The speakers were a pair standing arm in arm on the green and wide-spreading sward of Kilmore Park, just as the soft August twilight began to steal around. The man was tall, middle - aged, somewhat rough-featured, but the expression of his face was dignified and kindly; while the woman was still in her lovely prime. She looked up at him as she spoke, and her eyes were shining with joy and love. &lt;br /&gt;About the Publisher &lt;br /&gt;Forgotten Books publishes hundreds of thousands of rare and classic books. Find more at &lt;a target="_blank" href="http://www.forgottenbooks.com" rel="nofollow"&gt;www.forgottenbooks.com&lt;/a&gt; &lt;br /&gt;This book is a reproduction of an important historical work. Forgotten Books uses state-of-the-art technology to digitally reconstruct the work, preserving the original format whilst repairing imperfections present in the aged copy. In rare cases, an imperfection in the original, such as a blemish or missing page, may be replicated in our edition. We do, however, repair the vast majority of imperfections successfully; any imperfections that remain are intentionally left to preserve the state of such historical works.</description>
<authors>
<author>
<id>900082</id>
<name>Dora Russell</name>
<role></role>
<image_url nophoto='false'>
<![CDATA[https://images.gr-assets.com/authors/1245203140p5/900082.jpg]]>
</image_url>
<small_image_url nophoto='false'>
<![CDATA[https://images.gr-assets.com/authors/1245203140p2/900082.jpg]]>
</small_image_url>
<link><![CDATA[https://www.goodreads.com/author/show/900082.Dora_Russell]]></link>
<average_rating>3.89</average_rating>
<ratings_count>19</ratings_count>
<text_reviews_count>4</text_reviews_count>
</author>
</authors>
  <published>2016</published>
</book>


      <book>
  <id type="integer">27494963</id>
  <isbn>1342779835</isbn>
  <isbn13>9781342779830</isbn13>
  <text_reviews_count type="integer">0</text_reviews_count>
  <title>On Golden Hinges</title>
  <title_without_series>On Golden Hinges</title_without_series>
  <image_url>https://s.gr-assets.com/assets/nophoto/book/111x148-bcc042a9c91a29c1d680899eff700a03.png</image_url>
  <small_image_url>https://s.gr-assets.com/assets/nophoto/book/50x75-a91bf249278a81aabab721ef782c4a74.png</small_image_url>
  <large_image_url/>
  <link>https://www.goodreads.com/book/show/27494963-on-golden-hinges</link>
  <num_pages>262</num_pages>
  <format>Hardcover</format>
  <edition_information/>
  <publisher>Palala Press</publisher>
  <publication_day>16</publication_day>
  <publication_year>2015</publication_year>
  <publication_month>9</publication_month>
  <average_rating>0.0</average_rating>
  <ratings_count>0</ratings_count>
  <description>This work has been selected by scholars as being culturally important, and is part of the knowledge base of civilization as we know it. This work was reproduced from the original artifact, and remains as true to the original work as possible. Therefore, you will see the original copyright references, library stamps (as most of these works have been housed in our most important libraries around the world), and other notations in the work. This work is in the public domain in the United States of America, and possibly other nations. Within the United States, you may freely copy and distribute this work, as no entity (individual or corporate) has a copyright on the body of the work.As a reproduction of a historical artifact, this work may contain missing or blurred pages, poor pictures, errant marks, etc. Scholars believe, and we concur, that this work is important enough to be preserved, reproduced, and made generally available to the public. We appreciate your support of the preservation process, and thank you for being an important part of keeping this knowledge alive and relevant.</description>
<authors>
<author>
<id>900082</id>
<name>Dora Russell</name>
<role></role>
<image_url nophoto='false'>
<![CDATA[https://images.gr-assets.com/authors/1245203140p5/900082.jpg]]>
</image_url>
<small_image_url nophoto='false'>
<![CDATA[https://images.gr-assets.com/authors/1245203140p2/900082.jpg]]>
</small_image_url>
<link><![CDATA[https://www.goodreads.com/author/show/900082.Dora_Russell]]></link>
<average_rating>3.89</average_rating>
<ratings_count>19</ratings_count>
<text_reviews_count>4</text_reviews_count>
</author>
</authors>
  <published>2015</published>
</book>


      <book>
  <id type="integer">31783530</id>
  <isbn>1358776717</isbn>
  <isbn13>9781358776717</isbn13>
  <text_reviews_count type="integer">0</text_reviews_count>
  <title>The Vicar's Governess</title>
  <title_without_series>The Vicar's Governess</title_without_series>
  <image_url>https://s.gr-assets.com/assets/nophoto/book/111x148-bcc042a9c91a29c1d680899eff700a03.png</image_url>
  <small_image_url>https://s.gr-assets.com/assets/nophoto/book/50x75-a91bf249278a81aabab721ef782c4a74.png</small_image_url>
  <large_image_url/>
  <link>https://www.goodreads.com/book/show/31783530-the-vicar-s-governess</link>
  <num_pages>350</num_pages>
  <format>Hardcover</format>
  <edition_information/>
  <publisher>Palala Press</publisher>
  <publication_day>23</publication_day>
  <publication_year>2016</publication_year>
  <publication_month>5</publication_month>
  <average_rating>0.0</average_rating>
  <ratings_count>0</ratings_count>
  <description>This work has been selected by scholars as being culturally important, and is part of the knowledge base of civilization as we know it. This work was reproduced from the original artifact, and remains as true to the original work as possible. Therefore, you will see the original copyright references, library stamps (as most of these works have been housed in our most important libraries around the world), and other notations in the work.&lt;br /&gt;&lt;br /&gt;This work is in the public domain in the United States of America, and possibly other nations. Within the United States, you may freely copy and distribute this work, as no entity (individual or corporate) has a copyright on the body of the work.&lt;br /&gt;&lt;br /&gt;As a reproduction of a historical artifact, this work may contain missing or blurred pages, poor pictures, errant marks, etc. Scholars believe, and we concur, that this work is important enough to be preserved, reproduced, and made generally available to the public. We appreciate your support of the preservation process, and thank you for being an important part of keeping this knowledge alive and relevant.</description>
<authors>
<author>
<id>900082</id>
<name>Dora Russell</name>
<role></role>
<image_url nophoto='false'>
<![CDATA[https://images.gr-assets.com/authors/1245203140p5/900082.jpg]]>
</image_url>
<small_image_url nophoto='false'>
<![CDATA[https://images.gr-assets.com/authors/1245203140p2/900082.jpg]]>
</small_image_url>
<link><![CDATA[https://www.goodreads.com/author/show/900082.Dora_Russell]]></link>
<average_rating>3.89</average_rating>
<ratings_count>19</ratings_count>
<text_reviews_count>4</text_reviews_count>
</author>
</authors>
  <published>2016</published>
</book>


    </books>
</author>

</GoodreadsResponse>