<?xml version="1.0" encoding="UTF-8"?>
<GoodreadsResponse>
  <Request>
    <authentication>true</authentication>
      <key><![CDATA[sySok63UyYyWi2Wof1HocA]]></key>
    <method><![CDATA[author_show]]></method>
  </Request>
  <author>
  <id>923246</id>
  <name>Stuart B. Kaufman</name>
  <link><![CDATA[https://www.goodreads.com/author/show/923246.Stuart_B_Kaufman]]></link>
  <fans_count type="integer">0</fans_count>
  <author_followers_count type="integer">0</author_followers_count>
  <large_image_url><![CDATA[https://s.gr-assets.com/assets/nophoto/user/m_333x500-a9c67bed07ee7e10983a5d5ccc572516.png]]></large_image_url>
  <image_url><![CDATA[https://s.gr-assets.com/assets/nophoto/user/m_200x266-d279b33f8eec0f27b7272477f09806be.png]]></image_url>
  <small_image_url><![CDATA[https://s.gr-assets.com/assets/nophoto/user/m_50x66-82093808bca726cb3249a493fbd3bd0f.png]]></small_image_url>
  <about><![CDATA[Stuart B. Kaufman was a University of Maryland professor, author and expert on the U.S. labor movement. He edited the papers of labor leader Samuel Gompers, who helped establish the American Federation of Labor (AFL) in 1886 and was its president for 37 years. He also wrote a book about Gompers and the federation's origins.<br /><br />Stuart Bruce Kaufman was born in New York City on Feb. 15, 1942. He grew up in North Miami Beach. He received his bachelor's degree (1963) and then a master's degree (1964) in American history, both from University of Florida. He earned his doctorate in American history from Emory University in Atlanta in 1971.<br /><br />Mr. Kaufman taught history at Morris Brown College in Atlanta from 1965 to 1967 and at Texas A&amp;M University from 1967 to 1969. In 1969 he joined the history department of the University of Maryland, becoming a full professor in 1992.<br /><br />He served as acting historian of the United States Department of Labor in 1974 and was assistant director for archival work at the George Meany Center from 1986 to 1988.<br /><br />He died at age 54 of a heart attack in Garrett Park, Montgomery County, Maryland. <br /><br />His obituary appeared in the NY Times: <a target="_blank" href="http://www.nytimes.com/1997/01/24/us/stuart-kaufman-54-expert-on-history-of-labor-in-us.html" rel="nofollow">http://www.nytimes.com/1997/01/24/us/...</a>]]></about>
  <influences></influences>
  <works_count>8</works_count>
  <gender>male</gender>
  <hometown></hometown>
  <born_at>1942/02/15</born_at>
  <died_at>1997/01/19</died_at>
  <goodreads_author></goodreads_author>

    <books>
      <book>
  <id type="integer">2029667</id>
  <isbn>0252014219</isbn>
  <isbn13>9780252014215</isbn13>
  <text_reviews_count type="integer">0</text_reviews_count>
  <title>CHALLENGE &amp; CHANGE: The History of the Tobacco Workers International Union</title>
  <title_without_series>CHALLENGE &amp; CHANGE: The History of the Tobacco Workers International Union</title_without_series>
  <image_url>https://s.gr-assets.com/assets/nophoto/book/111x148-bcc042a9c91a29c1d680899eff700a03.png</image_url>
  <small_image_url>https://s.gr-assets.com/assets/nophoto/book/50x75-a91bf249278a81aabab721ef782c4a74.png</small_image_url>
  <large_image_url/>
  <link>https://www.goodreads.com/book/show/2029667.CHALLENGE_CHANGE</link>
  <num_pages>176</num_pages>
  <format>Paperback</format>
  <edition_information/>
  <publisher>University of Illinois Press</publisher>
  <publication_day>1</publication_day>
  <publication_year>1987</publication_year>
  <publication_month>3</publication_month>
  <average_rating>0.0</average_rating>
  <ratings_count>0</ratings_count>
  <description></description>
<authors>
<author>
<id>923246</id>
<name>Stuart B. Kaufman</name>
<role></role>
<image_url nophoto='true'>
<![CDATA[https://s.gr-assets.com/assets/nophoto/user/m_200x266-d279b33f8eec0f27b7272477f09806be.png]]>
</image_url>
<small_image_url nophoto='true'>
<![CDATA[https://s.gr-assets.com/assets/nophoto/user/m_50x66-82093808bca726cb3249a493fbd3bd0f.png]]>
</small_image_url>
<link><![CDATA[https://www.goodreads.com/author/show/923246.Stuart_B_Kaufman]]></link>
<average_rating>0.0</average_rating>
<ratings_count>0</ratings_count>
<text_reviews_count>0</text_reviews_count>
</author>
</authors>
  <published>1987</published>
</book>


      <book>
  <id type="integer">4406373</id>
  <isbn>0252014227</isbn>
  <isbn13>9780252014222</isbn13>
  <text_reviews_count type="integer">0</text_reviews_count>
  <title>Vision of Unity: The History of the Bakery and Confectionery Workers International Union</title>
  <title_without_series>Vision of Unity: The History of the Bakery and Confectionery Workers International Union</title_without_series>
  <image_url>https://s.gr-assets.com/assets/nophoto/book/111x148-bcc042a9c91a29c1d680899eff700a03.png</image_url>
  <small_image_url>https://s.gr-assets.com/assets/nophoto/book/50x75-a91bf249278a81aabab721ef782c4a74.png</small_image_url>
  <large_image_url/>
  <link>https://www.goodreads.com/book/show/4406373-vision-of-unity</link>
  <num_pages>192</num_pages>
  <format>Hardcover</format>
  <edition_information/>
  <publisher>University of Illinois Press</publisher>
  <publication_day>1</publication_day>
  <publication_year>1987</publication_year>
  <publication_month>6</publication_month>
  <average_rating>0.0</average_rating>
  <ratings_count>0</ratings_count>
  <description></description>
<authors>
<author>
<id>923246</id>
<name>Stuart B. Kaufman</name>
<role></role>
<image_url nophoto='true'>
<![CDATA[https://s.gr-assets.com/assets/nophoto/user/m_200x266-d279b33f8eec0f27b7272477f09806be.png]]>
</image_url>
<small_image_url nophoto='true'>
<![CDATA[https://s.gr-assets.com/assets/nophoto/user/m_50x66-82093808bca726cb3249a493fbd3bd0f.png]]>
</small_image_url>
<link><![CDATA[https://www.goodreads.com/author/show/923246.Stuart_B_Kaufman]]></link>
<average_rating>0.0</average_rating>
<ratings_count>0</ratings_count>
<text_reviews_count>0</text_reviews_count>
</author>
</authors>
  <published>1987</published>
</book>


      <book>
  <id type="integer">3094922</id>
  <isbn>0837162777</isbn>
  <isbn13>9780837162775</isbn13>
  <text_reviews_count type="integer">0</text_reviews_count>
  <title>Samuel Gompers and the Origins of the American Federation of Labor, 1848-1896.</title>
  <title_without_series>Samuel Gompers and the Origins of the American Federation of Labor, 1848-1896.</title_without_series>
  <image_url>https://images.gr-assets.com/books/1384017154m/3094922.jpg</image_url>
  <small_image_url>https://images.gr-assets.com/books/1384017154s/3094922.jpg</small_image_url>
  <large_image_url/>
  <link>https://www.goodreads.com/book/show/3094922-samuel-gompers-and-the-origins-of-the-american-federation-of-labor-1848</link>
  <num_pages>274</num_pages>
  <format>Hardcover</format>
  <edition_information/>
  <publisher>Greenwood</publisher>
  <publication_day>4</publication_day>
  <publication_year>1973</publication_year>
  <publication_month>10</publication_month>
  <average_rating>0.0</average_rating>
  <ratings_count>0</ratings_count>
  <description></description>
<authors>
<author>
<id>923246</id>
<name>Stuart B. Kaufman</name>
<role></role>
<image_url nophoto='true'>
<![CDATA[https://s.gr-assets.com/assets/nophoto/user/m_200x266-d279b33f8eec0f27b7272477f09806be.png]]>
</image_url>
<small_image_url nophoto='true'>
<![CDATA[https://s.gr-assets.com/assets/nophoto/user/m_50x66-82093808bca726cb3249a493fbd3bd0f.png]]>
</small_image_url>
<link><![CDATA[https://www.goodreads.com/author/show/923246.Stuart_B_Kaufman]]></link>
<average_rating>0.0</average_rating>
<ratings_count>0</ratings_count>
<text_reviews_count>0</text_reviews_count>
</author>
</authors>
  <published>1973</published>
</book>


      <book>
  <id type="integer">467456</id>
  <isbn>0252002431</isbn>
  <isbn13>9780252002434</isbn13>
  <text_reviews_count type="integer">0</text_reviews_count>
  <title>The Booker T. Washington Papers, Volume 2: 1860-89</title>
  <title_without_series>The Booker T. Washington Papers, Volume 2: 1860-89</title_without_series>
  <image_url>https://images.gr-assets.com/books/1328830600m/467456.jpg</image_url>
  <small_image_url>https://images.gr-assets.com/books/1328830600s/467456.jpg</small_image_url>
  <large_image_url/>
  <link>https://www.goodreads.com/book/show/467456.The_Booker_T_Washington_Papers_Volume_2</link>
  <num_pages>597</num_pages>
  <format>Hardcover</format>
  <edition_information/>
  <publisher>University of Illinois Press</publisher>
  <publication_day>1</publication_day>
  <publication_year>1972</publication_year>
  <publication_month>10</publication_month>
  <average_rating>0.0</average_rating>
  <ratings_count>0</ratings_count>
  <description>In his lifetime Washington was the most influential African American in the United States. In this volume the editors hope to convey the shaping forces of his early life. They have gathered and annotated more than 400 documents, including letters, speeches, articles, and other writings from shortly after Washington's birth in 1856 to the death of his second wife in 1889. Much of the material relates to the founding of Tuskegee Normal and Industrial Institute. Washington's life became so interwoven with his school that to illustrate his career is also to tell the story of the institution.</description>
<authors>
<author>
<id>84278</id>
<name>Booker T. Washington</name>
<role></role>
<image_url nophoto='false'>
<![CDATA[https://images.gr-assets.com/authors/1249439345p5/84278.jpg]]>
</image_url>
<small_image_url nophoto='false'>
<![CDATA[https://images.gr-assets.com/authors/1249439345p2/84278.jpg]]>
</small_image_url>
<link><![CDATA[https://www.goodreads.com/author/show/84278.Booker_T_Washington]]></link>
<average_rating>4.10</average_rating>
<ratings_count>21135</ratings_count>
<text_reviews_count>1105</text_reviews_count>
</author>
</authors>
  <published>1972</published>
</book>


      <book>
  <id type="integer">1554710</id>
  <isbn>0252005295</isbn>
  <isbn13>9780252005299</isbn13>
  <text_reviews_count type="integer">0</text_reviews_count>
  <title>Booker T. Washington Papers 4: 1895-98</title>
  <title_without_series>Booker T. Washington Papers 4: 1895-98</title_without_series>
  <image_url>https://images.gr-assets.com/books/1328830602m/1554710.jpg</image_url>
  <small_image_url>https://images.gr-assets.com/books/1328830602s/1554710.jpg</small_image_url>
  <large_image_url/>
  <link>https://www.goodreads.com/book/show/1554710.Booker_T_Washington_Papers_4</link>
  <num_pages>623</num_pages>
  <format>Hardcover</format>
  <edition_information/>
  <publisher>University of Illinois Press</publisher>
  <publication_day>1</publication_day>
  <publication_year>1975</publication_year>
  <publication_month>10</publication_month>
  <average_rating>0.0</average_rating>
  <ratings_count>0</ratings_count>
  <description></description>
<authors>
<author>
<id>84278</id>
<name>Booker T. Washington</name>
<role></role>
<image_url nophoto='false'>
<![CDATA[https://images.gr-assets.com/authors/1249439345p5/84278.jpg]]>
</image_url>
<small_image_url nophoto='false'>
<![CDATA[https://images.gr-assets.com/authors/1249439345p2/84278.jpg]]>
</small_image_url>
<link><![CDATA[https://www.goodreads.com/author/show/84278.Booker_T_Washington]]></link>
<average_rating>4.10</average_rating>
<ratings_count>21135</ratings_count>
<text_reviews_count>1105</text_reviews_count>
</author>
</authors>
  <published>1975</published>
</book>


      <book>
  <id type="integer">1554708</id>
  <isbn>025202303X</isbn>
  <isbn13>9780252023033</isbn13>
  <text_reviews_count type="integer">0</text_reviews_count>
  <title>The Samuel Gompers Papers, Vol. 6: The American Federation of Labor and the Rise of Progressivism, 1902-6</title>
  <title_without_series>The Samuel Gompers Papers, Vol. 6: The American Federation of Labor and the Rise of Progressivism, 1902-6</title_without_series>
  <image_url>https://s.gr-assets.com/assets/nophoto/book/111x148-bcc042a9c91a29c1d680899eff700a03.png</image_url>
  <small_image_url>https://s.gr-assets.com/assets/nophoto/book/50x75-a91bf249278a81aabab721ef782c4a74.png</small_image_url>
  <large_image_url/>
  <link>https://www.goodreads.com/book/show/1554708.The_Samuel_Gompers_Papers_Vol_6</link>
  <num_pages>664</num_pages>
  <format>Hardcover</format>
  <edition_information/>
  <publisher>University of Illinois Press</publisher>
  <publication_day>1</publication_day>
  <publication_year>1997</publication_year>
  <publication_month>7</publication_month>
  <average_rating>0.0</average_rating>
  <ratings_count>0</ratings_count>
  <description></description>
<authors>
<author>
<id>723638</id>
<name>Samuel Gompers</name>
<role></role>
<image_url nophoto='true'>
<![CDATA[https://s.gr-assets.com/assets/nophoto/user/u_200x266-e183445fd1a1b5cc7075bb1cf7043306.png]]>
</image_url>
<small_image_url nophoto='true'>
<![CDATA[https://s.gr-assets.com/assets/nophoto/user/u_50x66-632230dc9882b4352d753eedf9396530.png]]>
</small_image_url>
<link><![CDATA[https://www.goodreads.com/author/show/723638.Samuel_Gompers]]></link>
<average_rating>3.00</average_rating>
<ratings_count>6</ratings_count>
<text_reviews_count>1</text_reviews_count>
</author>
</authors>
  <published>1997</published>
</book>


      <book>
  <id type="integer">1554707</id>
  <isbn>0252023803</isbn>
  <isbn13>9780252023804</isbn13>
  <text_reviews_count type="integer">0</text_reviews_count>
  <title>The Samuel Gompers Papers, Vol. 7: The American Federation of Labor under Siege, 1906-9</title>
  <title_without_series>The Samuel Gompers Papers, Vol. 7: The American Federation of Labor under Siege, 1906-9</title_without_series>
  <image_url>https://s.gr-assets.com/assets/nophoto/book/111x148-bcc042a9c91a29c1d680899eff700a03.png</image_url>
  <small_image_url>https://s.gr-assets.com/assets/nophoto/book/50x75-a91bf249278a81aabab721ef782c4a74.png</small_image_url>
  <large_image_url/>
  <link>https://www.goodreads.com/book/show/1554707.The_Samuel_Gompers_Papers_Vol_7</link>
  <num_pages>624</num_pages>
  <format>Hardcover</format>
  <edition_information/>
  <publisher>University of Illinois Press</publisher>
  <publication_day>25</publication_day>
  <publication_year>1999</publication_year>
  <publication_month>5</publication_month>
  <average_rating>0.0</average_rating>
  <ratings_count>0</ratings_count>
  <description>Looking around him in 1906, Samuel Gompers saw a labor movement beset by opponents who, he said, "represent neither conscience nor humanity, but rather greed and avarice". This installment in the multivolume documentary history of the nation's premier labor leader spotlights a pivotal period in the AFL's development.</description>
<authors>
<author>
<id>723638</id>
<name>Samuel Gompers</name>
<role></role>
<image_url nophoto='true'>
<![CDATA[https://s.gr-assets.com/assets/nophoto/user/u_200x266-e183445fd1a1b5cc7075bb1cf7043306.png]]>
</image_url>
<small_image_url nophoto='true'>
<![CDATA[https://s.gr-assets.com/assets/nophoto/user/u_50x66-632230dc9882b4352d753eedf9396530.png]]>
</small_image_url>
<link><![CDATA[https://www.goodreads.com/author/show/723638.Samuel_Gompers]]></link>
<average_rating>3.00</average_rating>
<ratings_count>6</ratings_count>
<text_reviews_count>1</text_reviews_count>
</author>
</authors>
  <published>1999</published>
</book>


      <book>
  <id type="integer">1554709</id>
  <isbn>0252004108</isbn>
  <isbn13>9780252004100</isbn13>
  <text_reviews_count type="integer">0</text_reviews_count>
  <title>Booker T. Washington Papers 3: 1889-95</title>
  <title_without_series>Booker T. Washington Papers 3: 1889-95</title_without_series>
  <image_url>https://images.gr-assets.com/books/1328830601m/1554709.jpg</image_url>
  <small_image_url>https://images.gr-assets.com/books/1328830601s/1554709.jpg</small_image_url>
  <large_image_url/>
  <link>https://www.goodreads.com/book/show/1554709.Booker_T_Washington_Papers_3</link>
  <num_pages>648</num_pages>
  <format>Hardcover</format>
  <edition_information/>
  <publisher>University of Illinois Press</publisher>
  <publication_day>1</publication_day>
  <publication_year>1974</publication_year>
  <publication_month>4</publication_month>
  <average_rating>0.0</average_rating>
  <ratings_count>0</ratings_count>
  <description></description>
<authors>
<author>
<id>84278</id>
<name>Booker T. Washington</name>
<role></role>
<image_url nophoto='false'>
<![CDATA[https://images.gr-assets.com/authors/1249439345p5/84278.jpg]]>
</image_url>
<small_image_url nophoto='false'>
<![CDATA[https://images.gr-assets.com/authors/1249439345p2/84278.jpg]]>
</small_image_url>
<link><![CDATA[https://www.goodreads.com/author/show/84278.Booker_T_Washington]]></link>
<average_rating>4.10</average_rating>
<ratings_count>21135</ratings_count>
<text_reviews_count>1105</text_reviews_count>
</author>
</authors>
  <published>1974</published>
</book>


    </books>
</author>

</GoodreadsResponse>