<?xml version="1.0" encoding="UTF-8"?>
<GoodreadsResponse>
  <Request>
    <authentication>true</authentication>
      <key><![CDATA[sySok63UyYyWi2Wof1HocA]]></key>
    <method><![CDATA[author_show]]></method>
  </Request>
  <author>
  <id>93490</id>
  <name>Lucy Pinney</name>
  <link><![CDATA[https://www.goodreads.com/author/show/93490.Lucy_Pinney]]></link>
  <fans_count type="integer">0</fans_count>
  <author_followers_count type="integer">0</author_followers_count>
  <large_image_url><![CDATA[https://s.gr-assets.com/assets/nophoto/user/f_333x500-c8899232290ea51bb160dea14c29470b.png]]></large_image_url>
  <image_url><![CDATA[https://s.gr-assets.com/assets/nophoto/user/f_200x266-3061b784cc8e7f021c6430c9aba94587.png]]></image_url>
  <small_image_url><![CDATA[https://s.gr-assets.com/assets/nophoto/user/f_50x66-6a03a5c12233c941481992b82eea8d23.png]]></small_image_url>
  <about><![CDATA[Lucy Pinney wrote an extremely popular column for The Times, called Country Life, for over four years. With style and wit, Lucy chronicled life in the Devoncountryside - from diversifying wives and errant husbands, to lambing seasons and pet foxes - as well as life inside her own, less than perfect, farmhouse kitchen. Now a full-time author, Lucy has previously published two novels. She lives in Devon with her new partner Ian and three children Nat, Sam and Kathy.<br /><br />]]></about>
  <influences></influences>
  <works_count>3</works_count>
  <gender>female</gender>
  <hometown></hometown>
  <born_at></born_at>
  <died_at></died_at>
  <goodreads_author></goodreads_author>

    <books>
      <book>
  <id type="integer">161325</id>
  <isbn>0091891868</isbn>
  <isbn13>9780091891862</isbn13>
  <text_reviews_count type="integer">2</text_reviews_count>
  <title>A Country Wife</title>
  <title_without_series>A Country Wife</title_without_series>
  <image_url>https://images.gr-assets.com/books/1328833980m/161325.jpg</image_url>
  <small_image_url>https://images.gr-assets.com/books/1328833980s/161325.jpg</small_image_url>
  <large_image_url/>
  <link>https://www.goodreads.com/book/show/161325.A_Country_Wife</link>
  <num_pages>352</num_pages>
  <format>Paperback</format>
  <edition_information/>
  <publisher>Ebury Press</publisher>
  <publication_day>7</publication_day>
  <publication_year>2005</publication_year>
  <publication_month>7</publication_month>
  <average_rating>3.42</average_rating>
  <ratings_count>33</ratings_count>
  <description>Twenty years ago a young Londoner named Lucy arrived in the Dorset countryside as a rather bemused bride. She knew nothing of the great outdoors and blithely agreed to spend her honeymoon harvesting. Her rural education was to be a fast and frantic one.&lt;br /&gt;&lt;br /&gt;This is the story of a woman who began rural life in romance, raised a family in the farmyard, was left by her husband just as her name was being made as a columnist for the countryside, and found a whole new life for herself in the hills and valleys she had come to love.&lt;br /&gt;&lt;br /&gt;Inspired by Lucy Pinney's popular columns for &lt;i&gt;The Times&lt;/i&gt;, this bewitching bucolic romp is a glorious combination of &lt;i&gt;Bridget Jones&lt;/i&gt;,&lt;i&gt; I Don't Know How She Does It&lt;/i&gt; and Gervase Phinn.&lt;br /&gt;&lt;br /&gt;She became a farmer's wife for love of the farmer, but can Lucy's relationship with the countryside survive two decades, divorce and more mud than she ever dreamed possible?</description>
<authors>
<author>
<id>93490</id>
<name>Lucy Pinney</name>
<role></role>
<image_url nophoto='true'>
<![CDATA[https://s.gr-assets.com/assets/nophoto/user/f_200x266-3061b784cc8e7f021c6430c9aba94587.png]]>
</image_url>
<small_image_url nophoto='true'>
<![CDATA[https://s.gr-assets.com/assets/nophoto/user/f_50x66-6a03a5c12233c941481992b82eea8d23.png]]>
</small_image_url>
<link><![CDATA[https://www.goodreads.com/author/show/93490.Lucy_Pinney]]></link>
<average_rating>3.43</average_rating>
<ratings_count>37</ratings_count>
<text_reviews_count>3</text_reviews_count>
</author>
</authors>
  <published>2005</published>
</book>


      <book>
  <id type="integer">4149180</id>
  <isbn>0340423676</isbn>
  <isbn13>9780340423677</isbn13>
  <text_reviews_count type="integer">0</text_reviews_count>
  <title>The Pink Stallion</title>
  <title_without_series>The Pink Stallion</title_without_series>
  <image_url>https://s.gr-assets.com/assets/nophoto/book/111x148-bcc042a9c91a29c1d680899eff700a03.png</image_url>
  <small_image_url>https://s.gr-assets.com/assets/nophoto/book/50x75-a91bf249278a81aabab721ef782c4a74.png</small_image_url>
  <large_image_url/>
  <link>https://www.goodreads.com/book/show/4149180-the-pink-stallion</link>
  <num_pages>288</num_pages>
  <format>Hardcover</format>
  <edition_information/>
  <publisher>Hodder &amp; Stoughton Ltd</publisher>
  <publication_day>1</publication_day>
  <publication_year>1988</publication_year>
  <publication_month>5</publication_month>
  <average_rating>3.50</average_rating>
  <ratings_count>4</ratings_count>
  <description>Kitty runs away from a disastrous love affair at university, and goes to work in Devon. She meets Jack, and through him gains a new understanding of life.</description>
<authors>
<author>
<id>93490</id>
<name>Lucy Pinney</name>
<role></role>
<image_url nophoto='true'>
<![CDATA[https://s.gr-assets.com/assets/nophoto/user/f_200x266-3061b784cc8e7f021c6430c9aba94587.png]]>
</image_url>
<small_image_url nophoto='true'>
<![CDATA[https://s.gr-assets.com/assets/nophoto/user/f_50x66-6a03a5c12233c941481992b82eea8d23.png]]>
</small_image_url>
<link><![CDATA[https://www.goodreads.com/author/show/93490.Lucy_Pinney]]></link>
<average_rating>3.43</average_rating>
<ratings_count>37</ratings_count>
<text_reviews_count>3</text_reviews_count>
</author>
</authors>
  <published>1988</published>
</book>


      <book>
  <id type="integer">10241298</id>
  <isbn>0708933963</isbn>
  <isbn13>9780708933961</isbn13>
  <text_reviews_count type="integer">0</text_reviews_count>
  <title>Tender Moth</title>
  <title_without_series>Tender Moth</title_without_series>
  <image_url>https://s.gr-assets.com/assets/nophoto/book/111x148-bcc042a9c91a29c1d680899eff700a03.png</image_url>
  <small_image_url>https://s.gr-assets.com/assets/nophoto/book/50x75-a91bf249278a81aabab721ef782c4a74.png</small_image_url>
  <large_image_url/>
  <link>https://www.goodreads.com/book/show/10241298-tender-moth</link>
  <num_pages></num_pages>
  <format></format>
  <edition_information/>
  <publisher></publisher>
  <publication_day></publication_day>
  <publication_year></publication_year>
  <publication_month></publication_month>
  <average_rating>0.0</average_rating>
  <ratings_count>0</ratings_count>
  <description></description>
<authors>
<author>
<id>93490</id>
<name>Lucy Pinney</name>
<role></role>
<image_url nophoto='true'>
<![CDATA[https://s.gr-assets.com/assets/nophoto/user/f_200x266-3061b784cc8e7f021c6430c9aba94587.png]]>
</image_url>
<small_image_url nophoto='true'>
<![CDATA[https://s.gr-assets.com/assets/nophoto/user/f_50x66-6a03a5c12233c941481992b82eea8d23.png]]>
</small_image_url>
<link><![CDATA[https://www.goodreads.com/author/show/93490.Lucy_Pinney]]></link>
<average_rating>3.43</average_rating>
<ratings_count>37</ratings_count>
<text_reviews_count>3</text_reviews_count>
</author>
</authors>
  <published></published>
</book>


    </books>
</author>

</GoodreadsResponse>