<?xml version="1.0" encoding="UTF-8"?>
<GoodreadsResponse>
  <Request>
    <authentication>true</authentication>
      <key><![CDATA[sySok63UyYyWi2Wof1HocA]]></key>
    <method><![CDATA[author_show]]></method>
  </Request>
  <author>
  <id>946363</id>
  <name>Ernest J. Wilson III</name>
  <link><![CDATA[https://www.goodreads.com/author/show/946363.Ernest_J_Wilson_III]]></link>
  <fans_count type="integer">2</fans_count>
  <author_followers_count type="integer">2</author_followers_count>
  <large_image_url><![CDATA[https://s.gr-assets.com/assets/nophoto/user/m_333x500-a9c67bed07ee7e10983a5d5ccc572516.png]]></large_image_url>
  <image_url><![CDATA[https://s.gr-assets.com/assets/nophoto/user/m_200x266-d279b33f8eec0f27b7272477f09806be.png]]></image_url>
  <small_image_url><![CDATA[https://s.gr-assets.com/assets/nophoto/user/m_50x66-82093808bca726cb3249a493fbd3bd0f.png]]></small_image_url>
  <about></about>
  <influences></influences>
  <works_count>7</works_count>
  <gender>male</gender>
  <hometown></hometown>
  <born_at></born_at>
  <died_at></died_at>
  <goodreads_author></goodreads_author>

    <books>
      <book>
  <id type="integer">2085408</id>
  <isbn>0262731789</isbn>
  <isbn13>9780262731782</isbn13>
  <text_reviews_count type="integer">1</text_reviews_count>
  <title>The Information Revolution and Developing Countries</title>
  <title_without_series>The Information Revolution and Developing Countries</title_without_series>
  <image_url>https://s.gr-assets.com/assets/nophoto/book/111x148-bcc042a9c91a29c1d680899eff700a03.png</image_url>
  <small_image_url>https://s.gr-assets.com/assets/nophoto/book/50x75-a91bf249278a81aabab721ef782c4a74.png</small_image_url>
  <large_image_url/>
  <link>https://www.goodreads.com/book/show/2085408.The_Information_Revolution_and_Developing_Countries</link>
  <num_pages>456</num_pages>
  <format>Paperback</format>
  <edition_information/>
  <publisher>Mit Press</publisher>
  <publication_day>20</publication_day>
  <publication_year>2006</publication_year>
  <publication_month>1</publication_month>
  <average_rating>3.88</average_rating>
  <ratings_count>8</ratings_count>
  <description>In this book Ernest Wilson provides a clear, nuanced analysis of the major transformations resulting from the global information revolution. He shows that the information revolution is rooted in societal dynamics, political interests, and social structure. Using the innovative Strategic ReStructuring (SRS) model, he uncovers links between the big changes taking place around the world and the local initiatives of individual information activists, especially in developing countries. Indeed, Wilson shows that many of the structural changes of the information revolution, such as shifts from public to private ownership or from monopoly to competition, are driven by activists struggling individually and collectively to overcome local apathy and entrenched opposition to reform.Wilson applies his SRS model to the politics of Internet expansion in Brazil, China, and Ghana to illustrate the real-world challenges facing policy-makers and practitioners. Examples of such challenges include starting Internet companies, reforming regulatory laws, and formulating NGO strategies for dealing with the digital divide. Wilson identifies the tremendous possibilities for innovation and advancement in developing countries while acknowledging the structural, institutional, and cultural constraints that work against their realization.</description>
<authors>
<author>
<id>946363</id>
<name>Ernest J. Wilson III</name>
<role></role>
<image_url nophoto='true'>
<![CDATA[https://s.gr-assets.com/assets/nophoto/user/m_200x266-d279b33f8eec0f27b7272477f09806be.png]]>
</image_url>
<small_image_url nophoto='true'>
<![CDATA[https://s.gr-assets.com/assets/nophoto/user/m_50x66-82093808bca726cb3249a493fbd3bd0f.png]]>
</small_image_url>
<link><![CDATA[https://www.goodreads.com/author/show/946363.Ernest_J_Wilson_III]]></link>
<average_rating>3.78</average_rating>
<ratings_count>9</ratings_count>
<text_reviews_count>1</text_reviews_count>
</author>
</authors>
  <published>2006</published>
</book>


      <book>
  <id type="integer">9595753</id>
  <isbn>0415928842</isbn>
  <isbn13>9780415928847</isbn13>
  <text_reviews_count type="integer">0</text_reviews_count>
  <title>Diversity and U.S. Foreign Policy: A Reader</title>
  <title_without_series>Diversity and U.S. Foreign Policy: A Reader</title_without_series>
  <image_url>https://s.gr-assets.com/assets/nophoto/book/111x148-bcc042a9c91a29c1d680899eff700a03.png</image_url>
  <small_image_url>https://s.gr-assets.com/assets/nophoto/book/50x75-a91bf249278a81aabab721ef782c4a74.png</small_image_url>
  <large_image_url/>
  <link>https://www.goodreads.com/book/show/9595753-diversity-and-u-s-foreign-policy</link>
  <num_pages>398</num_pages>
  <format>Paperback</format>
  <edition_information/>
  <publisher>Routledge</publisher>
  <publication_day>1</publication_day>
  <publication_year>2003</publication_year>
  <publication_month>1</publication_month>
  <average_rating>3.00</average_rating>
  <ratings_count>1</ratings_count>
  <description>As the public face of American has changed, so has the face of its foreign policy. &lt;em&gt;Diversity and U.S. Foreign&lt;/em&gt; &lt;em&gt;Policy&lt;/em&gt;, goes beyond the traditional texts that focus on foreign policy only as a contest between super-powers to grapple with multiculturalism in America and multipolarism on the international state.</description>
<authors>
<author>
<id>946363</id>
<name>Ernest J. Wilson III</name>
<role>Editor</role>
<image_url nophoto='true'>
<![CDATA[https://s.gr-assets.com/assets/nophoto/user/m_200x266-d279b33f8eec0f27b7272477f09806be.png]]>
</image_url>
<small_image_url nophoto='true'>
<![CDATA[https://s.gr-assets.com/assets/nophoto/user/m_50x66-82093808bca726cb3249a493fbd3bd0f.png]]>
</small_image_url>
<link><![CDATA[https://www.goodreads.com/author/show/946363.Ernest_J_Wilson_III]]></link>
<average_rating>3.78</average_rating>
<ratings_count>9</ratings_count>
<text_reviews_count>1</text_reviews_count>
</author>
</authors>
  <published>2003</published>
</book>


      <book>
  <id type="integer">6172786</id>
  <isbn>1588264211</isbn>
  <isbn13>9781588264213</isbn13>
  <text_reviews_count type="integer">0</text_reviews_count>
  <title>Negotiating the Net in Africa: The Politics of Internet Diffusion</title>
  <title_without_series>Negotiating the Net in Africa: The Politics of Internet Diffusion</title_without_series>
  <image_url>https://s.gr-assets.com/assets/nophoto/book/111x148-bcc042a9c91a29c1d680899eff700a03.png</image_url>
  <small_image_url>https://s.gr-assets.com/assets/nophoto/book/50x75-a91bf249278a81aabab721ef782c4a74.png</small_image_url>
  <large_image_url/>
  <link>https://www.goodreads.com/book/show/6172786-negotiating-the-net-in-africa</link>
  <num_pages>237</num_pages>
  <format>Hardcover</format>
  <edition_information/>
  <publisher>Lynne Rienner Publishers</publisher>
  <publication_day>1</publication_day>
  <publication_year>2006</publication_year>
  <publication_month>10</publication_month>
  <average_rating>0.0</average_rating>
  <ratings_count>0</ratings_count>
  <description></description>
<authors>
<author>
<id>946363</id>
<name>Ernest J. Wilson III</name>
<role>Contributor</role>
<image_url nophoto='true'>
<![CDATA[https://s.gr-assets.com/assets/nophoto/user/m_200x266-d279b33f8eec0f27b7272477f09806be.png]]>
</image_url>
<small_image_url nophoto='true'>
<![CDATA[https://s.gr-assets.com/assets/nophoto/user/m_50x66-82093808bca726cb3249a493fbd3bd0f.png]]>
</small_image_url>
<link><![CDATA[https://www.goodreads.com/author/show/946363.Ernest_J_Wilson_III]]></link>
<average_rating>3.78</average_rating>
<ratings_count>9</ratings_count>
<text_reviews_count>1</text_reviews_count>
</author>
</authors>
  <published>2006</published>
</book>


      <book>
  <id type="integer">2232309</id>
  <isbn>0262611252</isbn>
  <isbn13>9780262611251</isbn13>
  <text_reviews_count type="integer">0</text_reviews_count>
  <title>National Information Infrastructure Initiatives</title>
  <title_without_series>National Information Infrastructure Initiatives</title_without_series>
  <image_url>https://s.gr-assets.com/assets/nophoto/book/111x148-bcc042a9c91a29c1d680899eff700a03.png</image_url>
  <small_image_url>https://s.gr-assets.com/assets/nophoto/book/50x75-a91bf249278a81aabab721ef782c4a74.png</small_image_url>
  <large_image_url/>
  <link>https://www.goodreads.com/book/show/2232309.National_Information_Infrastructure_Initiatives</link>
  <num_pages>663</num_pages>
  <format>Paperback</format>
  <edition_information/>
  <publisher>Mit Press</publisher>
  <publication_day>2</publication_day>
  <publication_year>1996</publication_year>
  <publication_month>12</publication_month>
  <average_rating>0.0</average_rating>
  <ratings_count>0</ratings_count>
  <description>Despite the global nature of the Information Revolution, most policies for information infrastructure are developed at the national level. These national policies reflect local economic, social, historical, and political circumstances and exhibit remarkable differences in vision, policy design, and implementation strategy. In general, they reflect the reality that private sector will play the leading role in developing the new infrastructure. "National Information Infrastructure Initiatives" includes a dozen case studies analyzing how national-level policy initiatives address the challenge of information technology, interactive content, and new applications, as well as the "information superhighway." These contributions examine the interplay of issues in different sectors, including telecommunications, broadcasting, publishing, and information technology. The national cases are supplemented with studies of regional and international initiatives that push and pull on national policies.</description>
<authors>
<author>
<id>1008928</id>
<name>Brian Kahin</name>
<role>Editor</role>
<image_url nophoto='true'>
<![CDATA[https://s.gr-assets.com/assets/nophoto/user/u_200x266-e183445fd1a1b5cc7075bb1cf7043306.png]]>
</image_url>
<small_image_url nophoto='true'>
<![CDATA[https://s.gr-assets.com/assets/nophoto/user/u_50x66-632230dc9882b4352d753eedf9396530.png]]>
</small_image_url>
<link><![CDATA[https://www.goodreads.com/author/show/1008928.Brian_Kahin]]></link>
<average_rating>3.27</average_rating>
<ratings_count>11</ratings_count>
<text_reviews_count>1</text_reviews_count>
</author>
</authors>
  <published>1996</published>
</book>


      <book>
  <id type="integer">6153573</id>
  <isbn>0262042517</isbn>
  <isbn13>9780262042512</isbn13>
  <text_reviews_count type="integer">0</text_reviews_count>
  <title>Governing Global Electronic Networks: International Perspectives on Policy and Power</title>
  <title_without_series>Governing Global Electronic Networks: International Perspectives on Policy and Power</title_without_series>
  <image_url>https://images.gr-assets.com/books/1367779872m/6153573.jpg</image_url>
  <small_image_url>https://images.gr-assets.com/books/1367779872s/6153573.jpg</small_image_url>
  <large_image_url/>
  <link>https://www.goodreads.com/book/show/6153573-governing-global-electronic-networks</link>
  <num_pages>664</num_pages>
  <format>Hardcover</format>
  <edition_information/>
  <publisher>MIT Press (MA)</publisher>
  <publication_day>1</publication_day>
  <publication_year>2008</publication_year>
  <publication_month>12</publication_month>
  <average_rating>0.0</average_rating>
  <ratings_count>0</ratings_count>
  <description>The burgeoning use and transformative impact of global electronic networks are widely recognized to be defining features of contemporary world affairs. Less often noted has been the increasing importance of global governance arrangements in managing the many issues raised in such networks. This volume helps fill the gap by assessing some of the key international institutions pertaining to global telecommunications regulation and standardization, radio frequency spectrum, satellite systems, trade in services, electronic commerce, intellectual property, traditional mass media and Internet content, Internet names and numbers, cybercrime, privacy protection, and development. Eschewing technocratic approaches, the contributors offer empirically rich studies of the international power dynamics shaping these institutions. They devote particular attention to the roles and concerns of nondominant stakeholders, such as developing countries and civil society, and find that global governance often reinforces wider power disparities between and within nation-states. But at the same time, the contributors note, governance arrangements often provide nondominant stakeholders with the policy space needed to advance their interests more effectively. Each chapter concludes with a set of policy recommendations for the promotion of an open, dynamic, and more equitable networld order.ContributorsPeng Hwa Ang, Jonathan D. Aronson, Byung-il Choi, Tracy Cohen, Peter F. Cowhey, William J. Drake, Henry Farrell, Rob Frieden, Alison Gillwald, Boutheina Guermazi, Cees J. Hamelink, Ian Hosein, Wolfgang Kleinwaechter, Don MacLean, Christopher May, Milton Mueller, John Richards, David Souter, Ernest Wilson III, Jisuk Woo.</description>
<authors>
<author>
<id>2119487</id>
<name>William J. Drake</name>
<role>Editor</role>
<image_url nophoto='true'>
<![CDATA[https://s.gr-assets.com/assets/nophoto/user/u_200x266-e183445fd1a1b5cc7075bb1cf7043306.png]]>
</image_url>
<small_image_url nophoto='true'>
<![CDATA[https://s.gr-assets.com/assets/nophoto/user/u_50x66-632230dc9882b4352d753eedf9396530.png]]>
</small_image_url>
<link><![CDATA[https://www.goodreads.com/author/show/2119487.William_J_Drake]]></link>
<average_rating>3.50</average_rating>
<ratings_count>2</ratings_count>
<text_reviews_count>1</text_reviews_count>
</author>
</authors>
  <published>2008</published>
</book>


      <book>
  <id type="integer">14859732</id>
  <isbn>0275912051</isbn>
  <isbn13>9780275912055</isbn13>
  <text_reviews_count type="integer">0</text_reviews_count>
  <title>The Decade of Energy Policy: Policy Analysis in Oil Importing Countries</title>
  <title_without_series>The Decade of Energy Policy: Policy Analysis in Oil Importing Countries</title_without_series>
  <image_url>https://images.gr-assets.com/books/1356449907m/14859732.jpg</image_url>
  <small_image_url>https://images.gr-assets.com/books/1356449907s/14859732.jpg</small_image_url>
  <large_image_url/>
  <link>https://www.goodreads.com/book/show/14859732-the-decade-of-energy-policy</link>
  <num_pages>271</num_pages>
  <format>Hardcover</format>
  <edition_information/>
  <publisher>Praeger</publisher>
  <publication_day>15</publication_day>
  <publication_year>1984</publication_year>
  <publication_month>10</publication_month>
  <average_rating>0.0</average_rating>
  <ratings_count>0</ratings_count>
  <description>This volume offers a policy-by-policy perspective on national energy management in the major oil-importing countries of the world. Relying on a political economy perspective, the authors identify and explain the principle kinds of energy which have been implemented in industrialized and underdeveloped countries. The book provides a comparative analysis of these policy areas, drawing materials from Europe, North and South America, Africa and Asia to illustrate the dilemmas and opportunities for energy policies in the 1980's.</description>
<authors>
<author>
<id>1907256</id>
<name>Paul Kemezis</name>
<role></role>
<image_url nophoto='true'>
<![CDATA[https://s.gr-assets.com/assets/nophoto/user/u_200x266-e183445fd1a1b5cc7075bb1cf7043306.png]]>
</image_url>
<small_image_url nophoto='true'>
<![CDATA[https://s.gr-assets.com/assets/nophoto/user/u_50x66-632230dc9882b4352d753eedf9396530.png]]>
</small_image_url>
<link><![CDATA[https://www.goodreads.com/author/show/1907256.Paul_Kemezis]]></link>
<average_rating>0.0</average_rating>
<ratings_count>0</ratings_count>
<text_reviews_count>0</text_reviews_count>
</author>
</authors>
  <published>1984</published>
</book>


      <book>
  <id type="integer">22899470</id>
  <isbn>0262276879</isbn>
  <isbn13>9780262276870</isbn13>
  <text_reviews_count type="integer">0</text_reviews_count>
  <title>Biomedical Platforms: Realigning the Normal and the Pathological in Late-Twentieth-Century Medicine</title>
  <title_without_series>Biomedical Platforms: Realigning the Normal and the Pathological in Late-Twentieth-Century Medicine</title_without_series>
  <image_url>https://s.gr-assets.com/assets/nophoto/book/111x148-bcc042a9c91a29c1d680899eff700a03.png</image_url>
  <small_image_url>https://s.gr-assets.com/assets/nophoto/book/50x75-a91bf249278a81aabab721ef782c4a74.png</small_image_url>
  <large_image_url/>
  <link>https://www.goodreads.com/book/show/22899470-biomedical-platforms</link>
  <num_pages>561</num_pages>
  <format>Unknown Binding</format>
  <edition_information/>
  <publisher>MIT Press (MA)</publisher>
  <publication_day>14</publication_day>
  <publication_year>2014</publication_year>
  <publication_month>5</publication_month>
  <average_rating>2.00</average_rating>
  <ratings_count>1</ratings_count>
  <description>Since the end of World War II, biology and medicine have merged in remarkably productive ways. In this book Peter Keating and Alberto Cambrosio analyze the transformation of medicine into biomedicine and its consequences, ranging from the recasting of hospital architecture to the redefinition of the human body, disease, and therapeutic practices. To describe this new alignment between the normal and the pathological, the authors introduce the notion of the biomedical platform. Defined as a specific configuration of instruments, individuals, and programs, biomedical platforms generate routines, entities, and activities, held together by standard reagents and protocols. Biological entities such as cell surface markers, oncogenes, and DNA profiles now exist as both normal biological components of the organism and as pathological signs -- that is, as biomedical substances. The notion of a biomedical platform allows researchers interested in the development of contemporary medicine to describe events and processes overlooked by other approaches.The authors focus on a specific biomedical platform known as immunophenotyping. They describe its emergence as an experimental system with roots in biology (immunology) and pathology (oncology). They recount how this experimental system was transformed into a biomedical platform initially for the diagnosis of leukemia and subsequently for other diseases such as AIDS. Through this case study, they show that a biomedical platform is the bench upon which conventions concerning the biological or normal are connected with conventions concerning the medical or pathological. They observe that new platforms are often aligned with existing ones and integrated into an expanding set of clinical-biological strategies.</description>
<authors>
<author>
<id>152838</id>
<name>Peter Keating</name>
<role></role>
<image_url nophoto='true'>
<![CDATA[https://s.gr-assets.com/assets/nophoto/user/u_200x266-e183445fd1a1b5cc7075bb1cf7043306.png]]>
</image_url>
<small_image_url nophoto='true'>
<![CDATA[https://s.gr-assets.com/assets/nophoto/user/u_50x66-632230dc9882b4352d753eedf9396530.png]]>
</small_image_url>
<link><![CDATA[https://www.goodreads.com/author/show/152838.Peter_Keating]]></link>
<average_rating>3.84</average_rating>
<ratings_count>50</ratings_count>
<text_reviews_count>6</text_reviews_count>
</author>
</authors>
  <published>2014</published>
</book>


    </books>
</author>

</GoodreadsResponse>